-0.01523,-2.950653,0.747884,0.016194,0.005664,0.240429,0.970515,-0.271959,0.132831,-0.273759,0.317892,-0.05864,-0.163712,-0.007823,-0.407872,-0.449189,0.651302,-0.416231,0.176708,0.607271,-0.052644,-0.065949,-0.742547,0.779618,0.230874,-0.343341,-0.437451,-0.170239,0.938795,-1.698044,-0.320062,1.096518,0.313695,-0.113503,0.065659,-0.792653
-0.010495,-2.963833,0.744267,0.016698,0.006179,0.243104,0.969837,-0.286385,0.148703,-0.277192,0.32811,-0.048346,-0.177259,-0.018302,-0.391789,-0.448429,0.679878,-0.46015,0.17225,0.619571,-0.046896,-0.057941,-0.760824,0.727863,0.233674,-0.329425,-0.399289,-0.194758,1.052092,-1.716318,-0.323956,1.102096,0.316537,-0.128541,0.064537,-0.766099
-0.005679,-2.975406,0.741701,0.017606,0.005093,0.246858,0.968878,-0.31531,0.15925,-0.268118,0.372911,-0.03385,-0.180618,-0.018925,-0.375768,-0.453012,0.697671,-0.495657,0.163535,0.636346,-0.041748,-0.044247,-0.777758,0.685686,0.232046,-0.327477,-0.35696,-0.19783,1.144946,-1.735214,-0.335006,1.100703,0.317696,-0.141746,0.068665,-0.749474
-0.000749,-2.984399,0.740048,0.018107,0.002188,0.25312,0.967263,-0.36448,0.175762,-0.216757,0.454754,-0.002893,-0.192767,-0.005948,-0.361319,-0.468279,0.701471,-0.5222,0.158574,0.647687,-0.03273,-0.02939,-0.785254,0.654031,0.23076,-0.336296,-0.312647,-0.199105,1.201356,-1.755847,-0.347827,1.09948,0.318499,-0.15676,0.07669,-0.738334
0.00432,-2.99102,0.738327,0.017373,-0.001565,0.26105,0.965168,-0.42681,0.209323,-0.129321,0.55683,0.030944,-0.209297,0.015093,-0.348277,-0.492893,0.696934,-0.541736,0.157952,0.655775,-0.018959,-0.016986,-0.782236,0.631581,0.230858,-0.351415,-0.272924,-0.206685,1.222693,-1.780658,-0.36278,1.102655,0.320248,-0.172103,0.091378,-0.73171
0.010182,-2.995433,0.736162,0.015055,-0.004258,0.265743,0.963917,-0.487631,0.250019,-0.045425,0.653153,0.038902,-0.207008,0.034126,-0.333776,-0.513951,0.69,-0.554873,0.155225,0.663058,-0.001048,-0.007472,-0.770106,0.615165,0.235619,-0.367335,-0.247326,-0.216905,1.221847,-1.803594,-0.376287,1.104994,0.324579,-0.184144,0.110333,-0.724379
0.0164,-2.996586,0.734008,0.012626,-0.005739,0.261246,0.965173,-0.530134,0.256845,-0.018922,0.698932,0.010068,-0.228197,0.045629,-0.323205,-0.520721,0.686231,-0.567798,0.1577,0.674276,0.017928,-0.000054,-0.749614,0.61086,0.24429,-0.37834,-0.23961,-0.222386,1.210881,-1.816304,-0.386342,1.103777,0.326027,-0.194947,0.122221,-0.715575
0.022949,-2.994671,0.731474,0.009801,-0.008067,0.247239,0.968871,-0.560919,0.237981,-0.039264,0.699324,-0.007699,-0.257097,0.051953,-0.312638,-0.506532,0.686112,-0.577558,0.160743,0.686874,0.040281,0.01135,-0.720484,0.61459,0.261153,-0.389344,-0.24063,-0.223556,1.192297,-1.821746,-0.392732,1.100501,0.318196,-0.206555,0.128511,-0.70551
0.030131,-2.990176,0.729487,0.007778,-0.009843,0.229141,0.973312,-0.580721,0.211486,-0.080131,0.654453,-0.01337,-0.260262,0.055128,-0.306304,-0.48086,0.686366,-0.585367,0.171022,0.692698,0.06268,0.02784,-0.674706,0.624389,0.289543,-0.405531,-0.253244,-0.21775,1.163623,-1.82242,-0.397808,1.100944,0.297135,-0.218113,0.133149,-0.696188
0.039103,-2.983196,0.728029,0.007869,-0.01016,0.210891,0.977425,-0.592356,0.189462,-0.125812,0.581244,-0.013877,-0.228707,0.062453,-0.311478,-0.459074,0.683949,-0.583532,0.191396,0.690845,0.079023,0.042638,-0.618801,0.634599,0.318676,-0.420926,-0.271712,-0.20507,1.133815,-1.811481,-0.398937,1.107862,0.276701,-0.222527,0.138256,-0.687557
0.04888,-2.973882,0.72665,0.008355,-0.008839,0.192284,0.981264,-0.604026,0.182353,-0.152559,0.503159,-0.01494,-0.173642,0.071875,-0.324458,-0.442092,0.674675,-0.575335,0.219128,0.679836,0.091906,0.056721,-0.548208,0.636202,0.339892,-0.436662,-0.300313,-0.188134,1.096829,-1.794241,-0.39659,1.119195,0.260331,-0.225772,0.141021,-0.675041
0.059268,-2.96299,0.724422,0.007731,-0.005475,0.170903,0.985242,-0.617434,0.195443,-0.158047,0.428599,-0.020049,-0.141438,0.077503,-0.342172,-0.426516,0.662212,-0.564888,0.260472,0.659308,0.103804,0.075434,-0.462934,0.634278,0.361351,-0.45269,-0.326044,-0.171698,1.057892,-1.774856,-0.386393,1.126913,0.253242,-0.227974,0.140249,-0.651633
0.071401,-2.95536,0.722011,0.004314,-0.000877,0.144378,0.989513,-0.628922,0.23131,-0.168125,0.359042,-0.033391,-0.130783,0.06882,-0.326646,-0.386071,0.646139,-0.560071,0.2618,0.630316,0.113667,0.09716,-0.363835,0.623017,0.375808,-0.467834,-0.339309,-0.164826,1.022571,-1.74958,-0.364728,1.12497,0.255929,-0.233963,0.128989,-0.611486
0.083852,-2.943801,0.71828,-0.003199,0.00486,0.111735,0.993721,-0.640063,0.281865,-0.188604,0.30823,-0.06383,-0.116046,0.051701,-0.304114,-0.322651,0.630639,-0.557035,0.2618,0.595371,0.123788,0.118449,-0.260018,0.597698,0.366767,-0.481308,-0.337785,-0.182118,0.979819,-1.717826,-0.342009,1.109908,0.261316,-0.24582,0.107027,-0.554576
0.096326,-2.927685,0.713954,-0.014306,0.011474,0.075035,0.997012,-0.649732,0.341867,-0.204303,0.284262,-0.101073,-0.105702,0.028454,-0.283455,-0.251635,0.618469,-0.547631,0.2618,0.548643,0.130806,0.145033,-0.149971,0.562784,0.324437,-0.488336,-0.305569,-0.249681,0.918824,-1.684017,-0.329992,1.083123,0.26616,-0.264504,0.084491,-0.489971
0.109067,-2.905815,0.707563,-0.027092,0.017763,0.035937,0.998829,-0.651353,0.401946,-0.212043,0.288577,-0.134493,-0.116965,0.000345,-0.276303,-0.181261,0.617156,-0.533439,0.2618,0.481759,0.122604,0.170324,-0.103774,0.495842,0.262322,-0.492653,-0.269618,-0.360395,0.865057,-1.630684,-0.339056,1.04318,0.257432,-0.285573,0.071824,-0.423094
0.121925,-2.878984,0.69861,-0.039087,0.021718,-0.000374,0.999,-0.646233,0.460318,-0.177137,0.31911,-0.076023,-0.244089,-0.030884,-0.282755,-0.112119,0.631471,-0.515444,0.2618,0.387905,0.102943,0.215855,-0.084509,0.409432,0.163454,-0.470934,-0.25222,-0.512335,0.8066,-1.55044,-0.389483,0.997191,0.219106,-0.306583,0.085357,-0.362792
0.129472,-2.838841,0.691392,-0.038628,0.037393,-0.020686,0.998339,-0.67072,0.417304,-0.107642,0.338499,0.025752,-0.2618,-0.092187,-0.33673,-0.063936,0.638664,-0.466556,0.2618,0.268212,0.048518,0.245301,-0.128654,0.289847,0.043817,-0.402554,-0.324772,-0.649706,0.732013,-1.427739,-0.486446,0.954243,0.164966,-0.331311,0.142733,-0.33185
0.136835,-2.806537,0.68294,-0.024486,0.053377,-0.025767,0.997942,-0.740766,0.344234,-0.048238,0.432676,0.074481,-0.2618,-0.16357,-0.410526,-0.012282,0.680979,-0.423699,0.2618,0.133333,-0.059942,0.273257,-0.303428,0.107957,-0.006766,-0.216991,-0.516726,-0.635165,0.562346,-1.311751,-0.616141,0.936093,0.080737,-0.357389,0.249172,-0.318687
0.145004,-2.786222,0.673692,-0.035958,0.070659,-0.03351,0.996289,-0.863464,0.350386,-0.071204,0.595484,0.045297,-0.2618,-0.23442,-0.404807,0.019806,0.727613,-0.374541,0.2618,0.017153,-0.126638,0.286613,-0.429201,0.133369,-0.079038,0.094209,-0.750491,-0.426901,0.425294,-1.235955,-0.708017,0.97601,-0.013181,-0.329042,0.420109,-0.319743
0.152927,-2.77257,0.667269,-0.062378,0.091319,-0.05076,0.992569,-0.997185,0.394933,-0.147736,0.754292,0.003022,-0.2618,-0.298942,-0.350309,0.024965,0.743599,-0.321316,0.2618,-0.05117,-0.149712,0.26564,-0.631403,0.133958,-0.040881,0.453885,-0.905347,-0.189809,0.418426,-1.095801,-0.712869,0.945855,-0.059345,-0.229893,0.596714,-0.327211
0.160246,-2.758819,0.662617,-0.065907,0.105446,-0.072872,0.989559,-1.085621,0.410871,-0.185241,0.89527,-0.034575,-0.2618,-0.357292,-0.354487,0.029815,0.754574,-0.273839,0.2618,-0.118434,-0.187783,0.262858,-0.87328,0.181604,0.024481,0.840911,-0.960623,0.001009,0.469587,-0.993788,-0.706902,0.883644,-0.071387,-0.169706,0.693575,-0.300641
0.162931,-2.746692,0.662893,-0.075069,0.121733,-0.108716,0.983731,-1.15162,0.460376,-0.211748,0.976386,-0.042663,-0.2618,-0.430849,-0.344333,-0.009238,0.742435,-0.207052,0.2618,-0.168831,-0.219969,0.26935,-1.040413,0.255854,0.033976,1.072974,-0.975459,0.061349,0.451964,-0.976443,-0.709149,0.838646,-0.071941,-0.200075,0.71484,-0.234435
0.16466,-2.733758,0.663021,-0.076897,0.137375,-0.148299,0.976331,-1.203037,0.513982,-0.207742,1.042856,-0.055477,-0.2618,-0.493938,-0.334506,-0.033554,0.718917,-0.147862,0.2618,-0.18246,-0.262863,0.268066,-1.145585,0.27611,0.105893,1.160965,-0.967743,0.021075,0.385474,-0.992139,-0.729473,0.814162,-0.061541,-0.275328,0.710048,-0.167633
0.16717,-2.716338,0.659522,-0.07449,0.151592,-0.189624,0.96722,-1.244158,0.570864,-0.182573,1.100368,-0.077399,-0.2618,-0.552275,-0.355935,-0.062378,0.694412,-0.089184,0.2618,-0.16736,-0.293128,0.262569,-1.198975,0.279049,0.156339,1.158605,-0.928772,-0.045363,0.296024,-1.01953,-0.753897,0.817436,-0.057249,-0.337296,0.69852,-0.134792
0.17201,-2.699242,0.653647,-0.06361,0.168144,-0.22195,0.958342,-1.281979,0.610378,-0.136598,1.151294,-0.108496,-0.2618,-0.595061,-0.398922,-0.072348,0.639346,-0.085662,0.2618,-0.15402,-0.307619,0.253661,-1.206902,0.267784,0.162921,1.108096,-0.868287,-0.105836,0.195983,-1.055668,-0.770977,0.819972,-0.066204,-0.371558,0.685971,-0.137035
0.174385,-2.692261,0.652179,-0.057879,0.181891,-0.232938,0.953575,-1.311537,0.620522,-0.11741,1.168897,-0.124195,-0.2618,-0.610439,-0.402104,-0.07158,0.577991,-0.068507,0.2618,-0.157416,-0.302573,0.247241,-1.187595,0.258168,0.144255,1.051209,-0.817757,-0.136224,0.132952,-1.081167,-0.779872,0.812476,-0.074929,-0.375701,0.679544,-0.174169
0.175438,-2.690782,0.652202,-0.053052,0.191633,-0.233065,0.951915,-1.333836,0.615461,-0.111208,1.179774,-0.138746,-0.2618,-0.603977,-0.396449,-0.07822,0.517295,-0.029507,0.2618,-0.164986,-0.291556,0.245048,-1.155601,0.242784,0.129206,0.998414,-0.77802,-0.145082,0.100469,-1.10175,-0.796107,0.803551,-0.072747,-0.361776,0.671459,-0.236063
0.179493,-2.68803,0.650826,-0.055178,0.197627,-0.231735,0.950893,-1.348422,0.613685,-0.122602,1.184818,-0.151232,-0.2618,-0.598325,-0.396935,-0.084634,0.491068,-0.005021,0.2618,-0.163286,-0.264242,0.248207,-1.137696,0.231531,0.123132,0.977006,-0.763299,-0.136143,0.097617,-1.114408,-0.813896,0.802336,-0.064927,-0.349508,0.660756,-0.290226
0.184231,-2.684659,0.650004,-0.057902,0.201343,-0.229606,0.950468,-1.353018,0.611278,-0.13129,1.185605,-0.16968,-0.2618,-0.595054,-0.403036,-0.084911,0.481065,0.016122,0.2618,-0.16039,-0.232315,0.255275,-1.128616,0.216079,0.12595,0.967796,-0.765002,-0.129535,0.109485,-1.120704,-0.828354,0.806081,-0.05391,-0.329119,0.64637,-0.331375
0.186759,-2.681965,0.650274,-0.059649,0.204305,-0.228439,0.950009,-1.35265,0.611602,-0.128603,1.17945,-0.185866,-0.2618,-0.595334,-0.405057,-0.082254,0.474237,0.033492,0.2618,-0.157166,-0.20571,0.260883,-1.123329,0.201875,0.12763,0.964283,-0.777196,-0.13179,0.130298,-1.131364,-0.845748,0.815653,-0.039307,-0.31619,0.627469,-0.355394
0.187695,-2.680459,0.650823,-0.059683,0.206671,-0.228149,0.949565,-1.350129,0.613253,-0.118255,1.170673,-0.195603,-0.2618,-0.596208,-0.405582,-0.079847,0.466276,0.04504,0.2618,-0.152264,-0.185601,0.261394,-1.126927,0.185897,0.142285,0.970708,-0.795582,-0.136631,0.164586,-1.140415,-0.859496,0.825389,-0.020968,-0.30889,0.605828,-0.362727
0.187596,-2.680898,0.651808,-0.058156,0.208635,-0.228192,0.94922,-1.345286,0.61507,-0.105301,1.159364,-0.200381,-0.2618,-0.596177,-0.404827,-0.081966,0.456313,0.052351,0.2618,-0.148039,-0.168925,0.258668,-1.134627,0.170988,0.155829,0.979813,-0.811666,-0.143042,0.200643,-1.149789,-0.869605,0.833947,-0.001938,-0.301367,0.57818,-0.354386
0.187168,-2.682044,0.652995,-0.055807,0.209298,-0.228529,0.949133,-1.341812,0.615648,-0.095951,1.153456,-0.190689,-0.2618,-0.595056,-0.405,-0.08625,0.447038,0.056872,0.2618,-0.145049,-0.153517,0.256774,-1.142609,0.151291,0.17356,0.981865,-0.824621,-0.154212,0.23388,-1.157365,-0.874654,0.833813,0.019016,-0.290291,0.539441,-0.329869
0.187479,-2.683647,0.654579,-0.050752,0.208381,-0.227711,0.949815,-1.330369,0.610528,-0.084829,1.148315,-0.183286,-0.2618,-0.591035,-0.413853,-0.087706,0.439074,0.059227,0.2618,-0.145264,-0.14277,0.254777,-1.150601,0.118207,0.204892,0.973024,-0.830331,-0.170051,0.272428,-1.167409,-0.882208,0.825034,0.044597,-0.284786,0.479224,-0.281836
0.187601,-2.684389,0.655927,-0.049891,0.208923,-0.228732,0.949497,-1.323039,0.61271,-0.079653,1.136598,-0.174441,-0.2618,-0.593106,-0.414731,-0.086565,0.43659,0.061694,0.2618,-0.140968,-0.128943,0.250262,-1.154497,0.092823,0.233129,0.960282,-0.825558,-0.180704,0.30109,-1.185545,-0.895458,0.812392,0.067756,-0.29226,0.42917,-0.238404
0.187317,-2.685707,0.657678,-0.047673,0.209001,-0.229224,0.949475,-1.314667,0.612796,-0.070233,1.125169,-0.161002,-0.2618,-0.594993,-0.418068,-0.082592,0.435538,0.060552,0.2618,-0.139075,-0.120464,0.245661,-1.153706,0.064296,0.255253,0.936626,-0.809429,-0.190964,0.318675,-1.223407,-0.921505,0.808851,0.086271,-0.317879,0.380948,-0.200473
0.186832,-2.68687,0.658949,-0.045157,0.208875,-0.229061,0.949665,-1.306223,0.610585,-0.062168,1.11464,-0.152244,-0.2618,-0.596669,-0.421256,-0.080481,0.435263,0.05916,0.2618,-0.138232,-0.108373,0.242525,-1.149201,0.034388,0.281564,0.912997,-0.794437,-0.201473,0.331325,-1.261962,-0.94263,0.808494,0.099823,-0.339931,0.340455,-0.168978
0.185798,-2.688996,0.661442,-0.042143,0.208144,-0.227547,0.950327,-1.292763,0.605507,-0.050642,1.095939,-0.137962,-0.2618,-0.595287,-0.426152,-0.081028,0.434731,0.056912,0.2618,-0.144164,-0.094443,0.24112,-1.142018,0.005769,0.297626,0.884829,-0.777681,-0.210532,0.337982,-1.299613,-0.962932,0.812819,0.10503,-0.363936,0.299857,-0.13498
0.185362,-2.690932,0.664211,-0.039371,0.206973,-0.224808,0.951353,-1.275602,0.598845,-0.037594,1.072895,-0.12198,-0.2618,-0.591697,-0.433081,-0.081614,0.435178,0.054955,0.2618,-0.153222,-0.082136,0.241905,-1.130528,-0.019919,0.314328,0.860535,-0.774319,-0.221419,0.347445,-1.326213,-0.977479,0.81651,0.106383,-0.387014,0.269056,-0.096298
0.184587,-2.693458,0.667396,-0.036655,0.204421,-0.220916,0.952924,-1.253105,0.590418,-0.025646,1.044449,-0.103321,-0.2618,-0.587421,-0.440996,-0.080167,0.441098,0.054737,0.2618,-0.162268,-0.070529,0.243638,-1.121265,-0.028607,0.322279,0.856185,-0.780468,-0.224104,0.353745,-1.334465,-0.982316,0.820856,0.106148,-0.405605,0.255539,-0.052756
0.1834,-2.696619,0.67093,-0.033883,0.20003,-0.217561,0.954729,-1.22314,0.58322,-0.013658,1.010456,-0.084629,-0.2618,-0.584601,-0.44966,-0.071655,0.453356,0.057171,0.2618,-0.16986,-0.06654,0.247101,-1.123442,-0.02442,0.336356,0.872078,-0.802882,-0.223846,0.338277,-1.320829,-0.967423,0.81816,0.107159,-0.417009,0.266258,-0.007039
0.180354,-2.69998,0.674662,-0.029582,0.192575,-0.214777,0.957032,-1.184582,0.574975,0.005411,0.972866,-0.065087,-0.2618,-0.584129,-0.460419,-0.060259,0.474161,0.055279,0.2618,-0.181333,-0.071955,0.253178,-1.136115,0.008588,0.353707,0.918424,-0.839393,-0.225356,0.292049,-1.290129,-0.927544,0.804678,0.11081,-0.429893,0.302999,0.047598
0.175767,-2.704389,0.678041,-0.025418,0.183506,-0.213957,0.959115,-1.143858,0.571191,0.024606,0.935363,-0.04348,-0.2618,-0.587274,-0.467006,-0.046564,0.502603,0.05212,0.2618,-0.199346,-0.088887,0.259479,-1.160796,0.089255,0.366973,1.011267,-0.888815,-0.207114,0.20268,-1.251937,-0.858078,0.778493,0.12028,-0.459218,0.363466,0.111636
0.170102,-2.709171,0.681094,-0.022104,0.177541,-0.21731,0.959566,-1.112785,0.574704,0.040639,0.901737,-0.025471,-0.2618,-0.597602,-0.463599,-0.030843,0.52183,0.055167,0.2618,-0.217443,-0.11257,0.261979,-1.190857,0.2083,0.354885,1.127346,-0.933465,-0.161303,0.086917,-1.234811,-0.780283,0.767601,0.140692,-0.510374,0.425741,0.172262
0.163362,-2.714187,0.683557,-0.020339,0.174708,-0.225438,0.958249,-1.090195,0.590966,0.053659,0.870062,-0.00675,-0.2618,-0.613648,-0.44829,-0.017608,0.531681,0.058603,0.2618,-0.228138,-0.135535,0.262483,-1.221728,0.331565,0.323931,1.236329,-0.964235,-0.112577,-0.027941,-1.244649,-0.712106,0.787356,0.173804,-0.56442,0.480335,0.210305
0.156541,-2.718854,0.684895,-0.019127,0.175209,-0.235715,0.955706,-1.078168,0.612713,0.065393,0.846063,0.003286,-0.2618,-0.630458,-0.428628,-0.011771,0.530072,0.058109,0.2618,-0.225659,-0.148931,0.262626,-1.24072,0.4161,0.292293,1.301144,-0.976515,-0.080482,-0.109092,-1.26012,-0.663597,0.822012,0.207954,-0.586763,0.520527,0.205258
0.150666,-2.722057,0.685659,-0.017834,0.17693,-0.244269,0.953263,-1.073129,0.631936,0.077262,0.829426,0.013117,-0.2618,-0.645005,-0.412729,-0.010774,0.523902,0.057471,0.2618,-0.213432,-0.15429,0.26598,-1.250603,0.463371,0.281838,1.339903,-0.982609,-0.077301,-0.157098,-1.263159,-0.624612,0.856318,0.238384,-0.57283,0.548503,0.155827
0.147969,-2.722736,0.686261,-0.015088,0.178429,-0.248256,0.952,-1.069355,0.635993,0.087116,0.818265,0.021015,-0.2618,-0.651223,-0.410165,-0.008207,0.511428,0.056386,0.2618,-0.195785,-0.151485,0.271876,-1.244843,0.471922,0.295949,1.362731,-0.975943,-0.110902,-0.157545,-1.250546,-0.59897,0.891901,0.272652,-0.527695,0.554432,0.050799
0.148954,-2.721259,0.686751,-0.010584,0.174011,-0.243657,0.954065,-1.056411,0.619926,0.095432,0.818222,0.019365,-0.2618,-0.635152,-0.430957,-0.010298,0.501579,0.048743,0.2618,-0.182098,-0.138639,0.28449,-1.194547,0.403772,0.310089,1.316952,-0.907318,-0.206525,-0.07156,-1.216601,-0.587552,0.94933,0.352567,-0.40891,0.490718,-0.185145
0.152687,-2.718819,0.687678,-0.008927,0.167813,-0.233955,0.957614,-1.037247,0.596647,0.098085,0.812896,0.0162,-0.2618,-0.604985,-0.455728,-0.019848,0.494019,0.037208,0.2618,-0.175017,-0.113475,0.303792,-1.075404,0.244079,0.309506,1.100745,-0.769667,-0.319201,0.126037,-1.162359,-0.571699,0.999255,0.469673,-0.293128,0.340914,-0.450551
0.157904,-2.716747,0.688657,-0.008683,0.161018,-0.224433,0.961055,-1.016225,0.575467,0.097839,0.808962,0.013321,-0.2618,-0.569431,-0.478297,-0.030164,0.487215,0.024093,0.2618,-0.177309,-0.084353,0.317699,-0.90768,0.103229,0.254848,0.82765,-0.581843,-0.363043,0.400408,-1.086234,-0.529072,1.030147,0.576301,-0.23974,0.182147,-0.660356
0.162192,-2.716997,0.689734,-0.007362,0.151973,-0.215377,0.964605,-0.988401,0.554623,0.098285,0.802734,0.011748,-0.2618,-0.528967,-0.499044,-0.044768,0.484719,-0.006856,0.2618,-0.171615,-0.06164,0.32131,-0.746484,0.002263,0.174691,0.574956,-0.423141,-0.322086,0.670219,-1.006028,-0.47672,1.061561,0.647819,-0.210359,0.062635,-0.819835
0.164691,-2.72035,0.690178,-0.005271,0.142065,-0.207016,0.967953,-0.961689,0.537636,0.096883,0.797882,0.014121,-0.2618,-0.490428,-0.515887,-0.057587,0.493461,-0.066629,0.2618,-0.145219,-0.033956,0.32115,-0.646441,-0.035726,0.116074,0.404914,-0.301867,-0.292187,0.846428,-0.935374,-0.443051,1.072673,0.662942,-0.202122,-0.027688,-0.911869
0.165371,-2.726217,0.690042,-0.002849,0.130346,-0.196792,0.971738,-0.932355,0.518908,0.091323,0.788301,0.021385,-0.2618,-0.454864,-0.521831,-0.048446,0.518325,-0.159498,0.2618,-0.104061,0.001076,0.318274,-0.59344,-0.029659,0.074705,0.276284,-0.2391,-0.264112,0.927881,-0.888973,-0.423357,1.059294,0.637897,-0.21206,-0.102459,-0.973157
0.163577,-2.735242,0.689521,-0.00135,0.117352,-0.185925,0.97553,-0.901961,0.503587,0.082416,0.772941,0.034335,-0.2618,-0.430686,-0.512808,-0.036576,0.569591,-0.260407,0.2618,-0.05237,0.040663,0.306525,-0.574535,0.007957,0.050016,0.178911,-0.211968,-0.251596,0.933477,-0.874998,-0.396605,1.030056,0.608399,-0.234997,-0.162282,-1.015925
0.160297,-2.745953,0.687277,0.002748,0.101001,-0.173291,0.979674,-0.867337,0.483319,0.075109,0.757476,0.047731,-0.2618,-0.417764,-0.515106,-0.025009,0.647993,-0.34116,0.2618,-0.000645,0.072784,0.286408,-0.580244,0.069262,0.039333,0.106617,-0.220335,-0.230769,0.919452,-0.897227,-0.359505,0.997721,0.590879,-0.269897,-0.209823,-1.049478
0.154707,-2.760148,0.684094,0.007842,0.085119,-0.161932,0.983093,-0.831568,0.467546,0.068899,0.732952,0.063415,-0.2618,-0.40933,-0.523928,-0.033509,0.722198,-0.387869,0.2618,0.051508,0.097506,0.255083,-0.609675,0.150047,0.048477,0.067477,-0.255292,-0.197946,0.910527,-0.949983,-0.311434,0.968596,0.585482,-0.29616,-0.241105,-1.067587
0.147661,-2.777875,0.680612,0.012382,0.069788,-0.149321,0.986245,-0.796038,0.455143,0.060637,0.69866,0.085175,-0.2618,-0.397117,-0.534782,-0.058996,0.796102,-0.437998,0.2618,0.104986,0.117487,0.214999,-0.660809,0.223887,0.071854,0.057806,-0.330431,-0.150537,0.899506,-1.020824,-0.265349,0.943039,0.589618,-0.309274,-0.252726,-1.077497
0.140713,-2.798616,0.677046,0.01833,0.0507,-0.13223,0.989752,-0.750741,0.434703,0.042436,0.653584,0.116697,-0.2618,-0.372087,-0.551413,-0.088147,0.879962,-0.492011,0.2618,0.153019,0.128371,0.184602,-0.729675,0.29307,0.096646,0.068719,-0.427451,-0.095074,0.900025,-1.109085,-0.232014,0.928882,0.602198,-0.301441,-0.250492,-1.065386
0.135733,-2.821312,0.674745,0.022666,0.033699,-0.114437,0.9926,-0.696433,0.418001,0.009092,0.585337,0.145774,-0.2618,-0.334498,-0.560087,-0.120238,0.946086,-0.539393,0.2618,0.201965,0.142162,0.153915,-0.781513,0.357331,0.110409,0.072826,-0.483525,-0.073781,0.890667,-1.198213,-0.221829,0.933756,0.605247,-0.267456,-0.235009,-1.019908
0.133151,-2.846306,0.674284,0.021847,0.018828,-0.099113,0.994658,-0.625273,0.424847,-0.033326,0.490209,0.133942,-0.2618,-0.281952,-0.550067,-0.160091,0.988517,-0.57784,0.2618,0.254962,0.161813,0.118062,-0.81446,0.405583,0.118334,0.068604,-0.520645,-0.07367,0.868763,-1.290881,-0.229484,0.962803,0.601454,-0.217443,-0.196096,-0.947306
0.131969,-2.867035,0.677059,0.021234,0.006052,-0.083032,0.996302,-0.551886,0.4372,-0.033957,0.398433,0.036641,-0.215258,-0.220053,-0.540044,-0.206064,0.999354,-0.596623,0.2618,0.305554,0.181506,0.079244,-0.834816,0.445057,0.125459,0.057182,-0.534147,-0.092801,0.847666,-1.387444,-0.250947,1.006062,0.59283,-0.168305,-0.130598,-0.853677
0.130057,-2.882656,0.681643,0.024704,-0.000041,-0.069571,0.997271,-0.512102,0.438143,-0.01278,0.35294,-0.08661,-0.158707,-0.181065,-0.538198,-0.239358,0.997131,-0.601554,0.2618,0.354639,0.189646,0.03934,-0.85344,0.489606,0.133159,0.04227,-0.53522,-0.107268,0.837725,-1.457965,-0.256042,1.026801,0.578348,-0.147882,-0.093239,-0.804479
0.127168,-2.896419,0.687659,0.033548,-0.003468,-0.054993,0.997917,-0.48444,0.421811,0.011317,0.326056,-0.231024,-0.080425,-0.150427,-0.550924,-0.270376,0.988364,-0.604351,0.2618,0.396702,0.181672,0.005501,-0.874226,0.539652,0.138751,0.032907,-0.534022,-0.121695,0.834051,-1.526724,-0.256176,1.035913,0.569408,-0.13085,-0.055787,-0.756902
0.12449,-2.909657,0.695058,0.042202,-0.004764,-0.039239,0.998327,-0.471943,0.401102,0.028525,0.317851,-0.334742,-0.007425,-0.119843,-0.560084,-0.307782,0.971298,-0.600994,0.2618,0.429698,0.168068,-0.018796,-0.897513,0.588509,0.141329,0.01868,-0.533126,-0.139499,0.832018,-1.597608,-0.258612,1.03428,0.56366,-0.123901,-0.016349,-0.711102
0.122515,-2.920864,0.702904,0.049139,-0.005388,-0.020576,0.998565,-0.478931,0.375213,0.03494,0.335054,-0.374691,0.070909,-0.083371,-0.560559,-0.34253,0.943145,-0.58976,0.2618,0.456796,0.15594,-0.034748,-0.921277,0.634433,0.144864,0.001145,-0.53337,-0.155815,0.837751,-1.666658,-0.266716,1.029396,0.557205,-0.128403,0.018838,-0.668852
0.121768,-2.92722,0.710302,0.056606,-0.007671,0.002422,0.998364,-0.498408,0.338288,0.040574,0.38209,-0.3239,0.025276,-0.039851,-0.560072,-0.368229,0.908702,-0.574037,0.2618,0.476133,0.144593,-0.035256,-0.951732,0.675068,0.150961,-0.018052,-0.534371,-0.170324,0.855674,-1.733645,-0.278622,1.018151,0.542763,-0.136978,0.050134,-0.621671
0.122175,-2.931686,0.715258,0.056676,-0.008806,0.020641,0.99814,-0.500547,0.301723,0.0084,0.397675,-0.278199,-0.013241,-0.002822,-0.539838,-0.390982,0.874366,-0.556458,0.254169,0.506522,0.14424,-0.039893,-0.978025,0.709385,0.155601,-0.041539,-0.532122,-0.185391,0.865857,-1.783804,-0.294712,1.002105,0.520938,-0.146776,0.067692,-0.591313
0.123576,-2.935671,0.720285,0.055187,-0.007056,0.038845,0.997695,-0.50429,0.266682,-0.011804,0.405221,-0.275749,-0.029846,0.028945,-0.513463,-0.415015,0.836668,-0.540122,0.238224,0.539349,0.143572,-0.051758,-0.991535,0.734876,0.155105,-0.064381,-0.528242,-0.205031,0.856669,-1.817895,-0.310328,0.993652,0.499898,-0.153304,0.075811,-0.578363
0.125612,-2.937899,0.724752,0.051425,-0.005373,0.055334,0.997128,-0.50884,0.240997,-0.029542,0.399619,-0.28267,-0.032463,0.057671,-0.482385,-0.433814,0.796131,-0.519326,0.223471,0.572174,0.142671,-0.05667,-0.984981,0.760901,0.147109,-0.09705,-0.519112,-0.247273,0.810699,-1.850009,-0.332087,0.992279,0.469692,-0.15023,0.086342,-0.56841
0.129288,-2.938487,0.727701,0.047869,-0.002375,0.069048,0.996461,-0.509553,0.220684,-0.042803,0.371499,-0.30187,-0.029056,0.080226,-0.45633,-0.447153,0.761872,-0.501115,0.210816,0.606587,0.138655,-0.059841,-0.948173,0.794313,0.144083,-0.140655,-0.507216,-0.303378,0.756311,-1.877313,-0.356483,1.000787,0.435161,-0.143758,0.091298,-0.568187
0.133629,-2.937459,0.729098,0.045737,0.001654,0.079928,0.995749,-0.511924,0.1995,-0.055862,0.338748,-0.321117,-0.044284,0.097374,-0.437533,-0.456733,0.730291,-0.487371,0.190383,0.636934,0.130679,-0.059121,-0.892187,0.826546,0.15878,-0.190191,-0.495689,-0.351943,0.730434,-1.901533,-0.382186,1.012873,0.396025,-0.137307,0.090509,-0.580068
0.138743,-2.934758,0.728221,0.044521,0.006055,0.08504,0.995364,-0.514704,0.16985,-0.10178,0.315759,-0.318132,-0.082828,0.110229,-0.424742,-0.457397,0.704817,-0.490968,0.180009,0.666358,0.122915,-0.057118,-0.83011,0.849779,0.18765,-0.239019,-0.478931,-0.384753,0.73672,-1.921732,-0.404478,1.024653,0.356096,-0.132004,0.08704,-0.602853
0.145053,-2.930366,0.72534,0.042397,0.011072,0.085388,0.995384,-0.515987,0.128511,-0.193627,0.30043,-0.298296,-0.120443,0.117824,-0.413701,-0.447299,0.687878,-0.502248,0.177166,0.692009,0.117278,-0.056957,-0.773039,0.855262,0.22189,-0.28498,-0.459159,-0.400065,0.765412,-1.940615,-0.420116,1.03841,0.323653,-0.12855,0.085424,-0.632128
0.151578,-2.923302,0.721564,0.038019,0.01476,0.089768,0.995127,-0.532386,0.096051,-0.249349,0.305326,-0.227659,-0.172082,0.128588,-0.404259,-0.444474,0.679083,-0.508409,0.1793,0.706125,0.120391,-0.057934,-0.7275,0.841821,0.252564,-0.329848,-0.431308,-0.407443,0.805423,-1.954789,-0.428947,1.04788,0.302587,-0.129108,0.084344,-0.663175
0.158817,-2.91287,0.715899,0.031621,0.01749,0.094712,0.994849,-0.550381,0.083265,-0.266649,0.31486,-0.147855,-0.23817,0.141523,-0.399161,-0.446468,0.676021,-0.513752,0.186117,0.71588,0.128738,-0.060078,-0.694752,0.815133,0.276483,-0.370529,-0.398006,-0.409542,0.847225,-1.962324,-0.431157,1.055459,0.293896,-0.136263,0.082446,-0.690313
0.165514,-2.895122,0.711151,0.026533,0.020302,0.096123,0.994809,-0.568509,0.060858,-0.244399,0.337949,-0.073821,-0.2618,0.155478,-0.408984,-0.445402,0.665638,-0.511822,0.204238,0.723328,0.138013,-0.059124,-0.670782,0.783146,0.289503,-0.404334,-0.362516,-0.409513,0.881681,-1.963563,-0.428617,1.062551,0.295655,-0.148334,0.080268,-0.707672
0.173328,-2.877098,0.706833,0.02405,0.023515,0.092438,0.99515,-0.59069,0.046146,-0.199147,0.378831,-0.022919,-0.2618,0.170542,-0.427716,-0.443653,0.64647,-0.504601,0.225663,0.727636,0.143554,-0.049435,-0.652561,0.749381,0.293943,-0.429597,-0.335557,-0.406069,0.902468,-1.957909,-0.423221,1.070328,0.303343,-0.159766,0.079098,-0.712056
0.182525,-2.862438,0.704079,0.023848,0.028341,0.081433,0.99599,-0.614245,0.043656,-0.168307,0.432898,-0.007992,-0.2618,0.179944,-0.451735,-0.444477,0.620284,-0.48846,0.242773,0.728157,0.141763,-0.030159,-0.635389,0.720383,0.295505,-0.444014,-0.325882,-0.401058,0.906707,-1.947053,-0.419008,1.080177,0.310812,-0.16794,0.078763,-0.703052
0.19292,-2.853135,0.703061,0.020049,0.03569,0.056893,0.997541,-0.648187,0.073632,-0.14907,0.514458,-0.032697,-0.2618,0.174453,-0.461876,-0.434144,0.579429,-0.456646,0.257648,0.722996,0.13994,-0.000916,-0.60572,0.696787,0.304814,-0.462639,-0.323899,-0.392385,0.895108,-1.93563,-0.41344,1.089445,0.310282,-0.175541,0.077083,-0.683868
0.202878,-2.847398,0.704423,0.010007,0.045872,0.024182,0.998604,-0.678681,0.131518,-0.136807,0.588157,-0.065098,-0.261686,0.15263,-0.452963,-0.420891,0.531129,-0.402618,0.2618,0.703145,0.136351,0.030757,-0.567491,0.683029,0.319126,-0.482047,-0.332078,-0.385695,0.869989,-1.915655,-0.407722,1.08986,0.302904,-0.181924,0.075278,-0.658508
0.209567,-2.839264,0.708234,-0.002369,0.059296,-0.015601,0.998116,-0.708145,0.198779,-0.113544,0.64689,-0.081907,-0.261398,0.112326,-0.439505,-0.399626,0.473289,-0.332837,0.2618,0.664302,0.125672,0.07079,-0.528325,0.667228,0.338029,-0.498702,-0.342192,-0.380969,0.838164,-1.88765,-0.397018,1.077312,0.296257,-0.192012,0.070949,-0.623075
0.213163,-2.831298,0.713591,-0.014565,0.074647,-0.057935,0.995419,-0.736458,0.269311,-0.085056,0.689745,-0.081811,-0.261795,0.055906,-0.41813,-0.368136,0.417352,-0.256795,0.2618,0.60156,0.100001,0.118407,-0.509041,0.63725,0.341215,-0.505427,-0.359184,-0.372736,0.80481,-1.848023,-0.379195,1.058834,0.301176,-0.202489,0.064634,-0.571258
0.214966,-2.822189,0.718678,-0.027019,0.089775,-0.099134,0.990648,-0.761272,0.338899,-0.054883,0.720917,-0.077601,-0.2618,-0.018571,-0.387934,-0.299193,0.389599,-0.18096,0.2618,0.518461,0.059512,0.167599,-0.526376,0.604509,0.329355,-0.487982,-0.365092,-0.368406,0.777208,-1.780532,-0.357198,1.023444,0.320383,-0.206512,0.054616,-0.50916
0.215455,-2.809246,0.721159,-0.036414,0.104013,-0.139905,0.984013,-0.787815,0.400829,-0.019651,0.75556,-0.080165,-0.2618,-0.110546,-0.369814,-0.211175,0.395078,-0.1076,0.2618,0.414148,-0.004695,0.218593,-0.581545,0.559,0.296065,-0.43069,-0.387731,-0.352086,0.750699,-1.669931,-0.34035,0.961434,0.3212,-0.197723,0.047756,-0.453952
0.213989,-2.795848,0.721172,-0.044212,0.119812,-0.176395,0.976,-0.82856,0.455857,0.010222,0.795795,-0.086857,-0.2618,-0.219243,-0.346196,-0.120154,0.426792,-0.043566,0.2618,0.293828,-0.093149,0.25767,-0.680656,0.501259,0.255993,-0.302639,-0.455008,-0.314092,0.693454,-1.522697,-0.361569,0.887999,0.249244,-0.200695,0.074008,-0.457744
0.211176,-2.784139,0.718609,-0.053657,0.138251,-0.197725,0.968975,-0.893937,0.495513,0.012963,0.83757,-0.096155,-0.2618,-0.320076,-0.310451,-0.047906,0.469664,0.003013,0.2618,0.181517,-0.172283,0.269462,-0.800728,0.403638,0.203174,-0.042288,-0.603305,-0.246432,0.539598,-1.377298,-0.450461,0.852537,0.121944,-0.20827,0.204933,-0.51085
0.208519,-2.775908,0.714621,-0.064165,0.152681,-0.19896,0.965912,-0.965438,0.504481,-0.020119,0.877485,-0.097683,-0.2618,-0.371954,-0.282823,-0.032724,0.495167,0.029339,0.2618,0.094237,-0.20113,0.276614,-0.833287,0.308548,0.129588,0.281377,-0.76072,-0.128565,0.408056,-1.279263,-0.534712,0.867382,0.07625,-0.174933,0.409397,-0.518027
0.206732,-2.771716,0.71063,-0.074914,0.163718,-0.193726,0.964393,-1.031816,0.502655,-0.072357,0.914499,-0.091087,-0.2618,-0.387801,-0.262899,-0.063803,0.493994,0.036949,0.2618,0.015072,-0.195357,0.285158,-0.854039,0.339406,0.038426,0.611582,-0.885433,0.02726,0.380334,-1.1919,-0.56333,0.887774,0.063474,-0.10064,0.592088,-0.498236
0.205946,-2.769572,0.706532,-0.083857,0.170637,-0.198919,0.961396,-1.081488,0.515972,-0.121705,0.956893,-0.09413,-0.2618,-0.396114,-0.248091,-0.110504,0.477716,0.041501,0.2618,-0.04994,-0.199238,0.30117,-0.91407,0.386545,-0.033651,0.854533,-0.972751,0.077475,0.376279,-1.130953,-0.560561,0.888117,0.050466,-0.061534,0.685279,-0.45923
0.207872,-2.762436,0.703316,-0.089362,0.176368,-0.216684,0.956011,-1.110202,0.543378,-0.134049,0.993098,-0.113406,-0.250986,-0.413685,-0.243507,-0.128072,0.454908,0.065526,0.2618,-0.076571,-0.218042,0.313293,-0.974881,0.379403,0.000401,0.940444,-1.008582,0.039944,0.359791,-1.110838,-0.571192,0.860822,0.050577,-0.087847,0.695608,-0.424104
0.212808,-2.752451,0.700691,-0.085337,0.183458,-0.240804,0.949249,-1.12159,0.573684,-0.10215,1.025221,-0.15123,-0.24248,-0.446069,-0.252983,-0.106627,0.429624,0.102581,0.2618,-0.07751,-0.250446,0.321662,-1.038316,0.340307,0.11151,0.925673,-0.976515,-0.074166,0.307982,-1.134908,-0.603468,0.829787,0.047667,-0.181688,0.663292,-0.379747
0.216769,-2.743832,0.697617,-0.078947,0.190643,-0.263395,0.942362,-1.131199,0.602541,-0.065916,1.053112,-0.183789,-0.243987,-0.485223,-0.258038,-0.06216,0.410895,0.131256,0.2618,-0.061863,-0.262794,0.320963,-1.073019,0.322885,0.171949,0.880982,-0.9223,-0.151781,0.249575,-1.176414,-0.629648,0.829194,0.049096,-0.259465,0.641557,-0.34788
0.219098,-2.738367,0.695385,-0.071786,0.19918,-0.27574,0.937625,-1.14523,0.616659,-0.035744,1.066434,-0.196585,-0.246468,-0.518302,-0.263565,-0.023088,0.39499,0.14996,0.2618,-0.045318,-0.252014,0.315735,-1.078211,0.332181,0.163942,0.846802,-0.868784,-0.177754,0.195643,-1.214167,-0.646626,0.837997,0.039197,-0.294161,0.634889,-0.341118
0.219962,-2.736808,0.69448,-0.065594,0.208472,-0.277877,0.935426,-1.166972,0.616996,-0.01959,1.07042,-0.191428,-0.237702,-0.535395,-0.269832,-0.016667,0.374392,0.157189,0.2618,-0.03653,-0.233517,0.308839,-1.07664,0.337179,0.134876,0.821901,-0.830718,-0.17243,0.13335,-1.231297,-0.659015,0.832288,0.028655,-0.297258,0.641426,-0.351172
0.22014,-2.73818,0.693894,-0.063461,0.215403,-0.272676,0.935533,-1.191022,0.609546,-0.020984,1.073088,-0.179666,-0.214871,-0.531686,-0.275146,-0.04459,0.352542,0.151203,0.2618,-0.03395,-0.213274,0.301282,-1.08268,0.329575,0.121114,0.817475,-0.818453,-0.160465,0.08581,-1.224462,-0.668142,0.816374,0.025947,-0.286941,0.650717,-0.36686
0.220609,-2.740683,0.694014,-0.064537,0.219683,-0.263638,0.937053,-1.207562,0.596814,-0.030163,1.069979,-0.172831,-0.189336,-0.515845,-0.277114,-0.079633,0.335396,0.144101,0.2618,-0.037581,-0.193292,0.294788,-1.095257,0.31963,0.116144,0.831326,-0.818076,-0.15119,0.062217,-1.211076,-0.679609,0.804987,0.026337,-0.27791,0.653719,-0.379578
0.221508,-2.74426,0.694819,-0.066545,0.221711,-0.256232,0.938489,-1.21226,0.587216,-0.041887,1.061669,-0.169423,-0.181103,-0.499807,-0.274418,-0.102707,0.325497,0.140377,0.2618,-0.042486,-0.177712,0.291074,-1.11151,0.311572,0.118912,0.850994,-0.82192,-0.148959,0.055337,-1.199419,-0.689927,0.794701,0.025568,-0.271943,0.652793,-0.387341
0.221772,-2.747908,0.695754,-0.068288,0.222272,-0.252573,0.939223,-1.209405,0.585868,-0.049403,1.050704,-0.16822,-0.18841,-0.492547,-0.268221,-0.110338,0.325932,0.139996,0.2618,-0.045205,-0.168647,0.290841,-1.128526,0.304931,0.125642,0.869847,-0.832267,-0.151363,0.059024,-1.191946,-0.698114,0.784104,0.022177,-0.270144,0.650507,-0.387759
0.221525,-2.750626,0.696719,-0.069073,0.222328,-0.252034,0.939297,-1.203177,0.589967,-0.050677,1.039929,-0.168279,-0.20326,-0.495654,-0.262989,-0.106477,0.335836,0.141017,0.2618,-0.044922,-0.16545,0.291362,-1.144996,0.300019,0.137021,0.886677,-0.847034,-0.155066,0.067655,-1.189243,-0.704784,0.774334,0.018317,-0.273437,0.649175,-0.379107
0.220996,-2.752093,0.69747,-0.069058,0.222195,-0.252499,0.939204,-1.197569,0.595154,-0.046758,1.030493,-0.164013,-0.217848,-0.504153,-0.261237,-0.099609,0.35045,0.139822,0.2618,-0.045012,-0.165305,0.292096,-1.161897,0.294413,0.151626,0.900473,-0.862109,-0.159628,0.071854,-1.191325,-0.71277,0.766222,0.014449,-0.282904,0.647018,-0.361692
0.220116,-2.752692,0.697861,-0.068729,0.221931,-0.252154,0.939384,-1.196615,0.596959,-0.04384,1.025962,-0.153897,-0.226365,-0.51329,-0.261928,-0.095827,0.366418,0.135554,0.2618,-0.049072,-0.164887,0.294529,-1.177514,0.290965,0.163811,0.912756,-0.872934,-0.165779,0.067861,-1.196328,-0.724339,0.75836,0.01172,-0.297047,0.644554,-0.338121
0.218675,-2.753653,0.698164,-0.068628,0.22217,-0.249538,0.940033,-1.20089,0.594316,-0.04556,1.023196,-0.143424,-0.225491,-0.520355,-0.261674,-0.096277,0.381119,0.129131,0.2618,-0.057441,-0.162001,0.298058,-1.191451,0.286431,0.173086,0.927075,-0.880589,-0.166246,0.059012,-1.199821,-0.738784,0.746585,0.013533,-0.31455,0.637333,-0.311747
0.21714,-2.754232,0.698034,-0.068871,0.223284,-0.245887,0.940713,-1.208428,0.588912,-0.049521,1.020575,-0.137013,-0.219348,-0.525888,-0.261867,-0.100141,0.391945,0.120731,0.2618,-0.06698,-0.15572,0.302397,-1.203443,0.282062,0.176998,0.943944,-0.885102,-0.156401,0.04889,-1.196262,-0.748929,0.730051,0.018001,-0.329047,0.61886,-0.283579
0.216214,-2.754468,0.69741,-0.068939,0.22473,-0.242706,0.941189,-1.21587,0.586041,-0.049382,1.020184,-0.136584,-0.212308,-0.529402,-0.264066,-0.105333,0.398404,0.110306,0.2618,-0.074418,-0.149641,0.306522,-1.212897,0.280635,0.176184,0.966895,-0.891268,-0.14235,0.036587,-1.184123,-0.749506,0.71647,0.021523,-0.33719,0.596461,-0.253785
0.215753,-2.753643,0.69616,-0.068462,0.225461,-0.241253,0.941423,-1.22257,0.586136,-0.043648,1.025675,-0.141085,-0.203926,-0.53149,-0.269599,-0.110642,0.401752,0.099209,0.2618,-0.076551,-0.144813,0.311367,-1.218456,0.282958,0.167979,0.991791,-0.9023,-0.123748,0.015297,-1.169949,-0.744142,0.708754,0.025128,-0.343267,0.58501,-0.227561
0.215934,-2.751349,0.694445,-0.066896,0.224893,-0.241815,0.941527,-1.228816,0.585353,-0.036417,1.040344,-0.144908,-0.191026,-0.532765,-0.278633,-0.112499,0.402742,0.089682,0.2618,-0.070724,-0.139383,0.317709,-1.222227,0.297401,0.154863,1.022295,-0.908794,-0.094344,-0.006802,-1.154795,-0.735577,0.704146,0.028088,-0.351745,0.596726,-0.210917
0.216335,-2.747927,0.692423,-0.064684,0.223368,-0.245004,0.94122,-1.231128,0.583763,-0.030309,1.056244,-0.152389,-0.179552,-0.535013,-0.289306,-0.110608,0.401903,0.083097,0.2618,-0.057671,-0.137934,0.325051,-1.231678,0.319294,0.148557,1.05572,-0.91162,-0.063598,-0.021997,-1.139023,-0.722161,0.707592,0.023512,-0.365847,0.636164,-0.208141
0.217415,-2.744212,0.690434,-0.060426,0.220415,-0.249105,0.941123,-1.223893,0.581132,-0.018868,1.07038,-0.168257,-0.173561,-0.535817,-0.304288,-0.10338,0.399869,0.076492,0.2618,-0.04317,-0.138633,0.333221,-1.243354,0.355008,0.141922,1.097844,-0.899942,-0.022144,-0.023252,-1.116419,-0.688559,0.719987,0.012861,-0.36476,0.698634,-0.20899
0.218724,-2.740287,0.688561,-0.058798,0.219828,-0.254159,0.940011,-1.217976,0.585983,-0.006299,1.077145,-0.189415,-0.173683,-0.53854,-0.311389,-0.096769,0.393606,0.075278,0.2618,-0.031615,-0.13798,0.336255,-1.251383,0.389385,0.138594,1.124579,-0.881955,0.007975,-0.021901,-1.101744,-0.652341,0.735237,0.002168,-0.356113,0.741264,-0.219495
0.219929,-2.737053,0.68729,-0.057343,0.220107,-0.257507,0.939124,-1.21438,0.588204,0.004332,1.082064,-0.205449,-0.17777,-0.540644,-0.31589,-0.08972,0.38548,0.081425,0.2618,-0.027305,-0.139763,0.337227,-1.249514,0.416087,0.127834,1.130646,-0.859462,0.029257,-0.024429,-1.103516,-0.629985,0.746402,-0.006756,-0.344423,0.760682,-0.239864
0.219979,-2.734304,0.68657,-0.056842,0.221087,-0.258404,0.938678,-1.218219,0.585704,0.006214,1.086683,-0.208362,-0.181857,-0.541188,-0.317186,-0.087415,0.375941,0.090749,0.2618,-0.027461,-0.143415,0.338582,-1.241988,0.421249,0.128259,1.112306,-0.842577,0.031318,-0.005458,-1.111437,-0.623998,0.741192,-0.005798,-0.324711,0.749662,-0.262717
0.21935,-2.732576,0.686459,-0.057746,0.222876,-0.256124,0.938825,-1.229584,0.580095,0.000941,1.091559,-0.20353,-0.177129,-0.538848,-0.315418,-0.092292,0.36627,0.102114,0.2618,-0.030671,-0.143267,0.339998,-1.227483,0.402494,0.135643,1.069357,-0.825191,0.014384,0.036873,-1.120418,-0.634394,0.730125,0.011131,-0.301685,0.694586,-0.275556
0.218814,-2.730818,0.686482,-0.057904,0.224259,-0.251485,0.93974,-1.239492,0.568113,-0.005555,1.093958,-0.194391,-0.174636,-0.532136,-0.318127,-0.101342,0.353964,0.113711,0.2618,-0.034532,-0.144032,0.339969,-1.208508,0.348375,0.161777,0.995072,-0.803344,-0.025173,0.128281,-1.124676,-0.654981,0.720149,0.048907,-0.27639,0.585579,-0.269586
0.218644,-2.729708,0.687194,-0.058253,0.225346,-0.246382,0.940809,-1.241949,0.55706,-0.008564,1.087466,-0.18582,-0.177065,-0.522509,-0.320391,-0.111788,0.340241,0.126198,0.2618,-0.0379,-0.140063,0.338549,-1.176931,0.271888,0.177988,0.894582,-0.767868,-0.072412,0.242263,-1.128691,-0.687639,0.717969,0.092311,-0.260665,0.458447,-0.250481
0.218344,-2.728727,0.688266,-0.059926,0.226,-0.245853,0.940685,-1.241025,0.55708,-0.009397,1.079966,-0.17949,-0.177079,-0.516512,-0.315827,-0.115593,0.325977,0.138543,0.2618,-0.03565,-0.137801,0.33319,-1.143393,0.210503,0.180146,0.818845,-0.743836,-0.112671,0.313873,-1.13182,-0.717095,0.718256,0.122129,-0.256464,0.367976,-0.230489
0.217556,-2.728928,0.690052,-0.062196,0.225391,-0.248912,0.939879,-1.234024,0.565952,-0.008917,1.069007,-0.172987,-0.180991,-0.512613,-0.306444,-0.113141,0.314999,0.149967,0.2618,-0.028731,-0.141428,0.324383,-1.11639,0.16286,0.174789,0.770459,-0.740073,-0.159292,0.320587,-1.130826,-0.733172,0.718875,0.146306,-0.254116,0.317905,-0.215438
0.216025,-2.730665,0.692141,-0.063832,0.222686,-0.253028,0.939315,-1.220602,0.57811,-0.006591,1.056908,-0.168787,-0.186645,-0.507104,-0.295413,-0.104054,0.307401,0.154635,0.2618,-0.020222,-0.150603,0.313369,-1.099822,0.118689,0.187412,0.748265,-0.768607,-0.254428,0.262185,-1.12424,-0.730949,0.718768,0.168495,-0.250492,0.301043,-0.201613
0.213456,-2.733585,0.694053,-0.063852,0.215304,-0.257062,0.939939,-1.194912,0.58889,-0.000566,1.043582,-0.162027,-0.192525,-0.497292,-0.289164,-0.086328,0.309525,0.14304,0.2618,-0.008745,-0.158912,0.301004,-1.08888,0.116471,0.188274,0.777191,-0.826763,-0.321562,0.14279,-1.117154,-0.717927,0.734592,0.188443,-0.253353,0.317577,-0.190004
0.20968,-2.737793,0.695902,-0.063334,0.201797,-0.26043,0.942042,-1.154874,0.597097,0.006227,1.030362,-0.158347,-0.188906,-0.48446,-0.287355,-0.063779,0.33491,0.106007,0.2618,-0.002637,-0.169935,0.291796,-1.094324,0.169516,0.18473,0.870756,-0.90511,-0.311316,-0.031628,-1.115593,-0.689364,0.764989,0.19829,-0.269504,0.373368,-0.191929
0.204623,-2.743534,0.696923,-0.062055,0.18486,-0.26248,0.945029,-1.112013,0.603242,0.011914,1.022037,-0.148566,-0.188774,-0.474057,-0.28906,-0.040765,0.384244,0.041857,0.2618,-0.004283,-0.179095,0.285648,-1.117934,0.270268,0.169164,1.011654,-0.946425,-0.220719,-0.184941,-1.128652,-0.6583,0.807257,0.19774,-0.299809,0.46528,-0.213743
0.198314,-2.751268,0.697348,-0.060758,0.168618,-0.262762,0.948068,-1.069682,0.607627,0.014576,1.006335,-0.130922,-0.199298,-0.467874,-0.288629,-0.024621,0.445073,-0.032743,0.2618,-0.006894,-0.178639,0.279183,-1.145269,0.369944,0.133507,1.146028,-0.92899,-0.10161,-0.251479,-1.147684,-0.633773,0.845624,0.194781,-0.331885,0.555395,-0.248776
0.190454,-2.761659,0.697722,-0.058841,0.152445,-0.260507,0.951543,-1.028372,0.609094,0.013524,0.985754,-0.107131,-0.214694,-0.463831,-0.289668,-0.026973,0.514773,-0.105869,0.2618,-0.00374,-0.165853,0.276915,-1.164165,0.440596,0.087462,1.247888,-0.877456,0.037309,-0.203649,-1.13859,-0.604345,0.854086,0.197552,-0.336706,0.603764,-0.28262
0.181415,-2.774124,0.697641,-0.055455,0.134617,-0.255187,0.955868,-0.982056,0.603192,0.00958,0.957471,-0.080004,-0.229929,-0.456703,-0.297166,-0.038917,0.587678,-0.176266,0.2618,0.001835,-0.154825,0.283467,-1.163466,0.472245,0.061041,1.282145,-0.837045,0.170576,-0.032237,-1.080359,-0.566617,0.818572,0.1871,-0.309407,0.582594,-0.311478
0.172664,-2.78772,0.69702,-0.048424,0.115267,-0.248206,0.960605,-0.930641,0.590246,0.012122,0.929317,-0.055047,-0.240858,-0.443894,-0.315628,-0.05167,0.655,-0.247404,0.2618,0.005284,-0.161693,0.289032,-1.107613,0.452768,0.079592,1.204022,-0.85752,0.203855,0.25613,-1.022474,-0.551388,0.792975,0.142144,-0.298825,0.517306,-0.318183
0.164429,-2.802301,0.696471,-0.039254,0.097554,-0.239028,0.965302,-0.875992,0.571987,0.018683,0.889728,-0.032408,-0.255723,-0.428362,-0.338507,-0.065254,0.714196,-0.314146,0.2618,0.007699,-0.163484,0.285128,-0.987825,0.376186,0.124962,1.005562,-0.8807,0.140724,0.56187,-0.994488,-0.563293,0.793832,0.113183,-0.318414,0.458871,-0.284398
0.155867,-2.817115,0.696195,-0.029613,0.081649,-0.228931,0.96956,-0.822245,0.550441,0.027035,0.840368,-0.008059,-0.2618,-0.410049,-0.360828,-0.079225,0.761236,-0.371634,0.2618,0.018858,-0.152667,0.272621,-0.866277,0.296308,0.149367,0.791931,-0.852016,0.073445,0.777229,-0.983858,-0.575921,0.803189,0.116119,-0.333188,0.389192,-0.237429
0.147495,-2.831513,0.696277,-0.019578,0.065031,-0.215046,0.97424,-0.766757,0.521794,0.03638,0.782769,0.02032,-0.2618,-0.388804,-0.386054,-0.090802,0.811374,-0.417601,0.2618,0.038781,-0.136248,0.256791,-0.778175,0.223418,0.161926,0.618086,-0.819922,0.037347,0.893902,-0.996406,-0.590102,0.81992,0.12815,-0.34147,0.316881,-0.201597
0.139281,-2.846467,0.696076,-0.009768,0.048509,-0.199639,0.978619,-0.710374,0.491736,0.037808,0.718036,0.04896,-0.2618,-0.364996,-0.411319,-0.105655,0.859813,-0.455812,0.2618,0.070257,-0.113254,0.239549,-0.719322,0.169488,0.16176,0.489101,-0.793445,0.014718,0.93582,-1.036837,-0.607055,0.843351,0.144533,-0.347596,0.25819,-0.186387
0.131301,-2.861899,0.69566,-0.002348,0.033236,-0.184576,0.982253,-0.657609,0.46751,0.026933,0.651124,0.07639,-0.2618,-0.338814,-0.429972,-0.1234,0.904665,-0.490175,0.2618,0.108831,-0.081094,0.220894,-0.678467,0.139091,0.155106,0.387922,-0.765425,-0.009501,0.937726,-1.089636,-0.612516,0.863515,0.164273,-0.343383,0.205081,-0.180319
0.123789,-2.877071,0.694721,0.002892,0.019351,-0.168798,0.985456,-0.600598,0.448399,0.015409,0.5708,0.081856,-0.2618,-0.309068,-0.442808,-0.148553,0.942824,-0.522555,0.2618,0.146503,-0.042737,0.201232,-0.644067,0.118639,0.14511,0.297678,-0.743549,-0.036801,0.927317,-1.15768,-0.608078,0.888409,0.185658,-0.333315,0.152201,-0.175152
0.116674,-2.890912,0.694193,0.006808,0.007556,-0.153666,0.988071,-0.54718,0.434481,0.009855,0.492197,0.061335,-0.25915,-0.279681,-0.451559,-0.178608,0.972339,-0.548988,0.2618,0.185371,-0.000252,0.178583,-0.616776,0.112597,0.139602,0.225072,-0.725166,-0.067108,0.926527,-1.234147,-0.595156,0.912731,0.21081,-0.322977,0.115849,-0.177588
0.110714,-2.903077,0.694178,0.009078,-0.000875,-0.140503,0.990038,-0.50791,0.427572,0.008362,0.430878,0.025304,-0.247968,-0.253572,-0.454495,-0.207564,0.991677,-0.567218,0.2618,0.230236,0.042536,0.150735,-0.59573,0.12659,0.137294,0.168841,-0.704599,-0.099045,0.931761,-1.29891,-0.572483,0.928127,0.230233,-0.31218,0.091331,-0.181249
0.105863,-2.915121,0.694917,0.011666,-0.010525,-0.127945,0.991657,-0.462498,0.42249,0.013302,0.368057,-0.013217,-0.239349,-0.222081,-0.456326,-0.23615,1.004337,-0.583783,0.2618,0.275352,0.085671,0.131242,-0.562833,0.148087,0.130215,0.107695,-0.674814,-0.13852,0.949587,-1.365166,-0.537918,0.944567,0.258546,-0.288375,0.064626,-0.1771
0.102388,-2.925769,0.696245,0.013051,-0.018729,-0.115438,0.993052,-0.424757,0.419689,0.015703,0.315406,-0.053636,-0.224667,-0.187436,-0.456101,-0.266241,1.006941,-0.593596,0.2618,0.321393,0.125253,0.111057,-0.522976,0.186592,0.121972,0.050967,-0.64301,-0.176467,0.964525,-1.419012,-0.500247,0.951876,0.279726,-0.263012,0.045395,-0.169025
0.100208,-2.934933,0.698444,0.014269,-0.025408,-0.102631,0.994293,-0.39291,0.414813,0.016461,0.271166,-0.103616,-0.195794,-0.150344,-0.455831,-0.297951,0.997842,-0.598692,0.2618,0.364925,0.15576,0.090594,-0.475803,0.237883,0.117391,-0.006498,-0.611617,-0.217678,0.96806,-1.465345,-0.464333,0.953516,0.290229,-0.242536,0.034787,-0.162826
0.099213,-2.942199,0.701464,0.016569,-0.03097,-0.088762,0.995433,-0.368216,0.404268,0.01477,0.238977,-0.16494,-0.159481,-0.112209,-0.460053,-0.328054,0.982437,-0.598888,0.2618,0.404773,0.17565,0.070697,-0.425784,0.294854,0.122243,-0.061131,-0.581934,-0.261527,0.967783,-1.509467,-0.433625,0.952646,0.294333,-0.23381,0.035948,-0.165605
0.098372,-2.948471,0.705695,0.020327,-0.035439,-0.075018,0.996345,-0.35332,0.387621,0.009444,0.224015,-0.226024,-0.121335,-0.074264,-0.463832,-0.35937,0.956022,-0.595878,0.2618,0.444185,0.187024,0.053994,-0.381029,0.350014,0.139935,-0.114633,-0.555331,-0.307253,0.964064,-1.548302,-0.402223,0.946307,0.295913,-0.231733,0.045576,-0.177719
0.097742,-2.954028,0.710831,0.024706,-0.039391,-0.060076,0.99711,-0.352432,0.366674,0.001069,0.233057,-0.271247,-0.083003,-0.035655,-0.46552,-0.387188,0.925921,-0.590823,0.260583,0.482853,0.192379,0.040739,-0.345648,0.395763,0.167128,-0.163385,-0.538864,-0.347097,0.962494,-1.5822,-0.369109,0.937479,0.296736,-0.231317,0.054459,-0.193909
0.097403,-2.958923,0.71599,0.030629,-0.043067,-0.042585,0.997694,-0.367198,0.339902,-0.008354,0.267649,-0.29343,-0.041594,-0.000067,-0.461705,-0.403485,0.895924,-0.585613,0.245195,0.521787,0.196131,0.033371,-0.312627,0.448701,0.204176,-0.202782,-0.522631,-0.36879,0.969522,-1.616285,-0.341343,0.93286,0.295543,-0.232597,0.062071,-0.216273
0.09722,-2.961469,0.720119,0.036488,-0.045917,-0.024477,0.997978,-0.396684,0.312224,-0.008993,0.320935,-0.278408,-0.047805,0.03103,-0.460285,-0.42212,0.86919,-0.580526,0.232119,0.556064,0.195679,0.027929,-0.29029,0.497746,0.245438,-0.235051,-0.512052,-0.373328,0.985892,-1.656052,-0.325137,0.937504,0.284186,-0.239795,0.077436,-0.262799
0.098281,-2.961034,0.721558,0.039511,-0.045924,-0.010403,0.998109,-0.418544,0.28898,-0.030754,0.342294,-0.268943,-0.077931,0.051547,-0.458705,-0.43597,0.84967,-0.578467,0.224101,0.594612,0.193838,0.016967,-0.273934,0.542805,0.290225,-0.261226,-0.491676,-0.372892,1.008991,-1.708377,-0.32587,0.956074,0.266965,-0.253269,0.114436,-0.350841
0.100474,-2.959322,0.722323,0.040358,-0.043168,-0.000362,0.998252,-0.43132,0.26663,-0.068207,0.329866,-0.290447,-0.07357,0.062088,-0.453919,-0.44306,0.834401,-0.575524,0.214458,0.634574,0.192848,0.002679,-0.266696,0.574927,0.331151,-0.288086,-0.468117,-0.370328,1.031481,-1.76028,-0.326196,0.976642,0.254102,-0.253831,0.162401,-0.462642
0.103879,-2.956361,0.723601,0.041441,-0.038962,0.007254,0.998355,-0.443587,0.245348,-0.100943,0.312647,-0.322789,-0.062133,0.068943,-0.450862,-0.445612,0.817337,-0.570381,0.204544,0.669179,0.189342,-0.008314,-0.264772,0.596493,0.367068,-0.320801,-0.443923,-0.368977,1.045998,-1.802507,-0.320564,0.998689,0.24164,-0.238582,0.198418,-0.575655
0.108768,-2.952315,0.724899,0.043781,-0.034628,0.011695,0.998372,-0.455425,0.221509,-0.140258,0.309753,-0.343472,-0.061651,0.074699,-0.451302,-0.440694,0.799551,-0.563887,0.197767,0.695906,0.18352,-0.011307,-0.260934,0.61069,0.398603,-0.359281,-0.421517,-0.368775,1.050829,-1.831986,-0.313659,1.016563,0.229485,-0.217483,0.214441,-0.67559
0.115238,-2.946537,0.724642,0.04393,-0.03075,0.015705,0.998438,-0.46235,0.197152,-0.17471,0.320325,-0.351253,-0.067415,0.083609,-0.452671,-0.439564,0.786512,-0.556909,0.198123,0.71523,0.179802,-0.014602,-0.255046,0.623996,0.423125,-0.395001,-0.40271,-0.369381,1.049217,-1.845712,-0.310548,1.030515,0.221279,-0.202878,0.214908,-0.737968
0.122765,-2.938286,0.722432,0.03815,-0.025414,0.022308,0.9987,-0.466394,0.188424,-0.16748,0.329663,-0.355873,-0.09438,0.092694,-0.447288,-0.447285,0.775991,-0.548888,0.205814,0.715994,0.179669,-0.019083,-0.248026,0.636429,0.441355,-0.433459,-0.378121,-0.371886,1.04158,-1.851049,-0.314409,1.045042,0.21822,-0.195888,0.208216,-0.777348
0.130552,-2.928958,0.721255,0.034226,-0.021458,0.02321,0.998914,-0.486627,0.199933,-0.134034,0.355921,-0.30251,-0.147006,0.101557,-0.4477,-0.44747,0.759842,-0.53428,0.218291,0.704828,0.179849,-0.009783,-0.239903,0.637282,0.456456,-0.476839,-0.341333,-0.373398,1.034493,-1.844993,-0.316194,1.053458,0.219983,-0.193087,0.196492,-0.79369
0.13923,-2.917642,0.718239,0.027705,-0.017801,0.017696,0.999301,-0.497834,0.223186,-0.113434,0.362006,-0.24531,-0.19718,0.107141,-0.447908,-0.442673,0.745445,-0.519152,0.233565,0.69072,0.184203,0.000684,-0.236965,0.63299,0.459213,-0.512005,-0.310076,-0.369102,1.030184,-1.832888,-0.316692,1.060077,0.23125,-0.203639,0.18413,-0.781348
0.147949,-2.905819,0.717078,0.022011,-0.012419,0.002951,0.999676,-0.505154,0.24172,-0.111126,0.37525,-0.196848,-0.23257,0.104305,-0.451513,-0.430576,0.720545,-0.494073,0.252651,0.670901,0.186445,0.016766,-0.241432,0.623701,0.453169,-0.534882,-0.287042,-0.355786,1.028937,-1.811614,-0.31254,1.062402,0.250722,-0.218393,0.170073,-0.750507
0.156456,-2.895084,0.717508,0.012475,-0.004619,-0.020593,0.999699,-0.517187,0.269412,-0.104635,0.400605,-0.155401,-0.25072,0.09298,-0.439944,-0.418536,0.679173,-0.460583,0.2618,0.64268,0.18637,0.038231,-0.253166,0.612645,0.445778,-0.54606,-0.280328,-0.332777,1.029276,-1.783566,-0.304645,1.054017,0.268031,-0.235781,0.147414,-0.704909
0.164217,-2.884724,0.719728,-0.002538,0.007408,-0.055238,0.998443,-0.532884,0.320231,-0.088516,0.428207,-0.125408,-0.261466,0.068495,-0.40854,-0.404947,0.617386,-0.410325,0.2618,0.607838,0.180181,0.063882,-0.264005,0.612139,0.450688,-0.545928,-0.287288,-0.303426,1.027388,-1.745984,-0.292931,1.028691,0.273253,-0.252082,0.11352,-0.647364
0.172,-2.872318,0.723616,-0.019147,0.024216,-0.097985,0.994709,-0.548873,0.380582,-0.060648,0.45436,-0.102896,-0.2618,0.032944,-0.37053,-0.381695,0.537165,-0.330882,0.2618,0.560387,0.158225,0.091881,-0.280017,0.618798,0.462373,-0.539842,-0.31285,-0.273525,1.016564,-1.703072,-0.278988,0.990985,0.263891,-0.265678,0.079045,-0.588823
0.179965,-2.857306,0.727804,-0.032642,0.044533,-0.143051,0.988174,-0.567115,0.440647,-0.014743,0.480793,-0.083052,-0.2618,-0.011471,-0.335267,-0.317375,0.447049,-0.241206,0.2618,0.504337,0.113541,0.120803,-0.317665,0.6255,0.46463,-0.522621,-0.355881,-0.248557,0.988333,-1.663534,-0.269809,0.958972,0.247781,-0.277175,0.060851,-0.535018
0.18808,-2.838009,0.731024,-0.038063,0.06243,-0.190529,0.978955,-0.581451,0.485964,0.037708,0.51932,-0.06591,-0.2618,-0.077807,-0.328183,-0.2246,0.391261,-0.147275,0.2618,0.442932,0.040804,0.160024,-0.387395,0.624634,0.451168,-0.485303,-0.406643,-0.229137,0.948973,-1.617481,-0.273941,0.936868,0.225503,-0.275134,0.075178,-0.496459
0.19526,-2.818184,0.731895,-0.037506,0.078177,-0.237654,0.967472,-0.603342,0.526274,0.099544,0.576583,-0.061199,-0.2618,-0.168847,-0.334708,-0.119605,0.373988,-0.067567,0.2618,0.367765,-0.061977,0.207167,-0.506047,0.604249,0.409261,-0.397625,-0.475289,-0.201275,0.902718,-1.557998,-0.294311,0.908902,0.180425,-0.25986,0.129796,-0.479102
0.199052,-2.797821,0.730638,-0.040119,0.090278,-0.272579,0.957048,-0.644618,0.561602,0.142041,0.649546,-0.066091,-0.2618,-0.267925,-0.330942,-0.057849,0.405529,-0.014033,0.257797,0.269609,-0.164814,0.241069,-0.651832,0.547043,0.352261,-0.230125,-0.5732,-0.150034,0.847541,-1.478798,-0.33628,0.868653,0.13281,-0.257911,0.227379,-0.476757
0.199652,-2.780973,0.726869,-0.046179,0.104009,-0.278284,0.953733,-0.734145,0.569205,0.122719,0.732747,-0.064089,-0.2618,-0.337487,-0.306775,-0.011306,0.447317,0.000075,0.2618,0.161812,-0.236597,0.247022,-0.797081,0.457715,0.293115,0.085914,-0.712054,-0.05594,0.759255,-1.376501,-0.398285,0.838872,0.097677,-0.26948,0.369455,-0.455535
0.20107,-2.768524,0.720716,-0.054156,0.11899,-0.259229,0.956927,-0.851092,0.542186,0.045316,0.81652,-0.047329,-0.2618,-0.376571,-0.290185,-0.007326,0.497766,-0.011402,0.2618,0.066526,-0.24304,0.250339,-0.844471,0.436938,0.166143,0.470264,-0.836843,0.068506,0.692426,-1.26778,-0.439178,0.870195,0.128756,-0.236899,0.538826,-0.394901
0.200586,-2.762693,0.713261,-0.069703,0.132733,-0.242689,0.958449,-0.966117,0.525973,-0.064745,0.898735,-0.026908,-0.2618,-0.393053,-0.265422,-0.066586,0.529589,-0.015137,0.2618,-0.027464,-0.219893,0.259531,-0.90595,0.533132,-0.035949,0.84546,-0.928201,0.183723,0.649116,-1.156406,-0.437303,0.924423,0.127885,-0.135324,0.641808,-0.357458
0.201449,-2.758914,0.704772,-0.085346,0.142277,-0.237792,0.957042,-1.052501,0.523037,-0.163051,0.975253,-0.031084,-0.2618,-0.386912,-0.240542,-0.10348,0.514269,-0.00923,0.2618,-0.091944,-0.211015,0.279682,-1.001925,0.567484,-0.195923,1.080259,-0.993582,0.2247,0.583463,-1.075247,-0.435856,0.941745,0.103851,-0.057411,0.670441,-0.326306
0.205958,-2.750253,0.698352,-0.09153,0.150622,-0.249095,0.952306,-1.102258,0.539941,-0.190685,1.034609,-0.06312,-0.248919,-0.391887,-0.238048,-0.110774,0.471743,0.012446,0.2618,-0.105901,-0.221029,0.290679,-1.093743,0.539715,-0.17776,1.185779,-1.010286,0.168952,0.525671,-1.046532,-0.461329,0.915792,0.089242,-0.076831,0.66302,-0.281585
0.213148,-2.737296,0.692859,-0.087856,0.160378,-0.269455,0.945492,-1.128277,0.565472,-0.157579,1.076673,-0.113793,-0.230245,-0.415414,-0.255407,-0.092899,0.427864,0.035371,0.2618,-0.083099,-0.240386,0.29323,-1.180985,0.507267,-0.064604,1.229234,-0.97168,0.050805,0.485892,-1.058451,-0.50592,0.892189,0.089543,-0.159232,0.651751,-0.235389
0.218716,-2.725403,0.687987,-0.079554,0.169943,-0.290528,0.938288,-1.1423,0.590627,-0.109695,1.104418,-0.165443,-0.234769,-0.454526,-0.276445,-0.066123,0.401961,0.053545,0.2618,-0.053228,-0.251667,0.294676,-1.217049,0.484567,0.025861,1.209615,-0.910297,-0.053046,0.458636,-1.099971,-0.543605,0.884779,0.087634,-0.232318,0.640918,-0.222911
0.220869,-2.717372,0.685006,-0.072978,0.17922,-0.299999,0.934106,-1.156258,0.60199,-0.074321,1.112122,-0.198645,-0.245662,-0.488056,-0.286286,-0.042346,0.388679,0.071605,0.2618,-0.040122,-0.244531,0.296428,-1.206619,0.466688,0.050846,1.156816,-0.851275,-0.106081,0.439578,-1.142543,-0.572268,0.876832,0.075205,-0.269081,0.635418,-0.248167
0.219974,-2.714577,0.683739,-0.069831,0.187343,-0.300784,0.932499,-1.172615,0.605093,-0.059584,1.10841,-0.213943,-0.246987,-0.50253,-0.284358,-0.043665,0.370041,0.077776,0.2618,-0.038394,-0.229613,0.294302,-1.173654,0.443282,0.049315,1.088136,-0.810625,-0.111911,0.423979,-1.167969,-0.594238,0.860817,0.062944,-0.275096,0.635646,-0.295488
0.217552,-2.715887,0.682995,-0.071699,0.191605,-0.296785,0.932773,-1.189921,0.603391,-0.069824,1.107068,-0.215497,-0.239339,-0.495049,-0.273711,-0.067413,0.351212,0.075389,0.2618,-0.039327,-0.209344,0.2885,-1.135901,0.422736,0.040979,1.030104,-0.788701,-0.086848,0.418767,-1.172734,-0.610375,0.851627,0.058254,-0.262453,0.634022,-0.3466
0.216394,-2.718763,0.682103,-0.074938,0.19317,-0.290903,0.934048,-1.202358,0.597488,-0.087986,1.108545,-0.217292,-0.226086,-0.472632,-0.265255,-0.09183,0.328968,0.063676,0.2618,-0.039813,-0.191295,0.27947,-1.111059,0.39939,0.039782,0.989517,-0.778615,-0.050045,0.416132,-1.162027,-0.621282,0.847651,0.060538,-0.242055,0.626341,-0.389917
0.216592,-2.721792,0.682234,-0.077472,0.192968,-0.286283,0.935309,-1.202161,0.59382,-0.097592,1.103866,-0.221423,-0.222849,-0.4542,-0.260596,-0.107365,0.316195,0.056025,0.2618,-0.037935,-0.177122,0.272874,-1.096232,0.382877,0.035378,0.967671,-0.770068,-0.019299,0.414973,-1.148519,-0.635213,0.844773,0.063334,-0.227619,0.614973,-0.418952
0.216586,-2.724273,0.682911,-0.078815,0.191501,-0.285356,0.935782,-1.189896,0.597512,-0.097732,1.090314,-0.225131,-0.23942,-0.446831,-0.257858,-0.109925,0.316884,0.05285,0.2618,-0.031684,-0.170814,0.270446,-1.089527,0.37066,0.02949,0.95316,-0.766065,-0.003113,0.406568,-1.135675,-0.647018,0.839541,0.066639,-0.223528,0.603474,-0.425683
0.215988,-2.726243,0.684185,-0.082107,0.190634,-0.287263,0.935092,-1.179278,0.609822,-0.096818,1.074274,-0.222946,-0.248107,-0.446831,-0.249031,-0.107656,0.32268,0.051027,0.2618,-0.02285,-0.162398,0.267605,-1.087741,0.366092,0.028616,0.950916,-0.767704,0.003611,0.400823,-1.126233,-0.650205,0.833903,0.070084,-0.225078,0.59656,-0.421653
0.215597,-2.727547,0.685206,-0.079879,0.187137,-0.288638,0.935568,-1.163353,0.612706,-0.085804,1.068407,-0.221151,-0.250934,-0.448715,-0.253348,-0.09715,0.335072,0.046399,0.2618,-0.020286,-0.164269,0.264741,-1.086349,0.360013,0.042308,0.95606,-0.780137,-0.000639,0.401461,-1.123316,-0.650757,0.827303,0.071109,-0.231597,0.591369,-0.397954
0.213957,-2.729519,0.686897,-0.078177,0.18366,-0.289412,0.936161,-1.147237,0.614559,-0.077962,1.056833,-0.213428,-0.258224,-0.450665,-0.255149,-0.090469,0.347463,0.040936,0.2618,-0.021457,-0.163767,0.261918,-1.088589,0.357491,0.061276,0.964676,-0.798127,-0.00531,0.390883,-1.124958,-0.646663,0.818249,0.068765,-0.246852,0.589967,-0.359805
0.212488,-2.731765,0.687933,-0.077082,0.180673,-0.290449,0.936512,-1.134139,0.617889,-0.071611,1.047456,-0.206019,-0.2618,-0.449075,-0.254208,-0.088771,0.353632,0.032459,0.2618,-0.024205,-0.161026,0.2574,-1.093213,0.363621,0.081882,0.981228,-0.818318,-0.008806,0.362242,-1.130722,-0.637519,0.807898,0.066906,-0.269901,0.593645,-0.307001
0.21112,-2.733688,0.688659,-0.076414,0.17811,-0.292066,0.936555,-1.123791,0.621472,-0.066312,1.041245,-0.201841,-0.2618,-0.446161,-0.251874,-0.088766,0.355077,0.027187,0.2618,-0.027116,-0.156197,0.250771,-1.103545,0.376334,0.108697,1.014455,-0.844271,-0.007895,0.312991,-1.138023,-0.621511,0.793325,0.068069,-0.301669,0.599264,-0.242694
0.21019,-2.735463,0.689288,-0.073678,0.174939,-0.293189,0.937021,-1.11165,0.621758,-0.057204,1.038285,-0.199198,-0.2618,-0.440751,-0.255457,-0.08682,0.353217,0.02167,0.2618,-0.030419,-0.154623,0.246472,-1.117426,0.39351,0.133039,1.060911,-0.87787,-0.004645,0.234386,-1.153765,-0.608331,0.779363,0.071538,-0.353306,0.607437,-0.158221
0.20949,-2.736556,0.689717,-0.07257,0.172731,-0.294878,0.936987,-1.10204,0.624943,-0.051271,1.034304,-0.1993,-0.2618,-0.437471,-0.256708,-0.084544,0.351695,0.017937,0.2618,-0.031587,-0.149016,0.24662,-1.133149,0.412843,0.150744,1.110981,-0.908561,0.008823,0.165444,-1.165302,-0.600491,0.756719,0.072165,-0.410725,0.612939,-0.076418
0.208904,-2.737272,0.689997,-0.072466,0.171742,-0.296355,0.936711,-1.097367,0.629492,-0.049931,1.03124,-0.198176,-0.2618,-0.43544,-0.255581,-0.082144,0.34871,0.016493,0.2618,-0.035879,-0.148735,0.253135,-1.149059,0.420761,0.169538,1.142026,-0.943254,0.011174,0.082015,-1.17222,-0.604122,0.725594,0.059452,-0.476015,0.617301,-0.002571
0.208413,-2.737332,0.69019,-0.071738,0.171007,-0.296284,0.936924,-1.095339,0.628242,-0.051118,1.030817,-0.200783,-0.259054,-0.43227,-0.257829,-0.081822,0.343857,0.016758,0.2618,-0.043903,-0.150243,0.265595,-1.157841,0.421816,0.181592,1.156959,-0.98585,-0.00524,-0.042527,-1.163325,-0.601714,0.697692,0.0338,-0.536946,0.629749,0.092738
0.208303,-2.736461,0.690385,-0.071596,0.171374,-0.294495,0.937431,-1.100324,0.622634,-0.054306,1.033756,-0.19596,-0.256736,-0.428488,-0.260518,-0.084735,0.336939,0.017208,0.2618,-0.053852,-0.149702,0.27364,-1.160061,0.429548,0.173005,1.17322,-1.015666,-0.034554,-0.164542,-1.146472,-0.600399,0.684413,0.014483,-0.596904,0.651443,0.182284
0.208543,-2.73491,0.690111,-0.072965,0.173204,-0.291855,0.937815,-1.108553,0.617119,-0.060061,1.033402,-0.191498,-0.256351,-0.426624,-0.261793,-0.090909,0.331606,0.01922,0.2618,-0.063407,-0.145024,0.277543,-1.165132,0.439688,0.154147,1.193122,-1.029236,-0.059391,-0.270053,-1.122165,-0.594507,0.681956,0.001104,-0.643557,0.674286,0.24303
0.209436,-2.732825,0.689675,-0.073262,0.175207,-0.287227,0.938848,-1.11744,0.605379,-0.065899,1.035032,-0.190925,-0.257648,-0.423341,-0.267534,-0.099524,0.326364,0.020865,0.2618,-0.073552,-0.142986,0.280369,-1.171685,0.446042,0.137377,1.220844,-1.037916,-0.073068,-0.362231,-1.092149,-0.589406,0.681368,-0.014153,-0.680018,0.703232,0.278154
0.211222,-2.730676,0.688865,-0.074921,0.177924,-0.28321,0.939426,-1.129795,0.597571,-0.072728,1.041405,-0.19252,-0.255192,-0.42106,-0.270918,-0.110368,0.323095,0.022756,0.2618,-0.080501,-0.136816,0.284227,-1.17614,0.449905,0.116219,1.245462,-1.030406,-0.073237,-0.418812,-1.06032,-0.587954,0.679426,-0.027678,-0.695863,0.729053,0.280736
0.213681,-2.728038,0.687487,-0.074891,0.180572,-0.278052,0.940464,-1.143073,0.584897,-0.077005,1.052233,-0.194268,-0.257104,-0.420363,-0.280446,-0.12387,0.323081,0.028076,0.2618,-0.085596,-0.135244,0.28807,-1.179449,0.445695,0.100027,1.266149,-1.013692,-0.074023,-0.444844,-1.02444,-0.594005,0.674001,-0.044327,-0.691802,0.74865,0.253194
0.217068,-2.724763,0.68573,-0.072152,0.183168,-0.27046,0.942388,-1.153323,0.564164,-0.074007,1.062707,-0.203466,-0.253353,-0.419646,-0.29976,-0.136734,0.325552,0.036379,0.2618,-0.09196,-0.141169,0.288756,-1.181815,0.432465,0.092442,1.278504,-0.991127,-0.085036,-0.437334,-0.986437,-0.608291,0.668334,-0.062006,-0.660032,0.759218,0.18596
0.221146,-2.720612,0.684207,-0.070639,0.185612,-0.26487,0.943611,-1.160041,0.547758,-0.069526,1.0709,-0.215926,-0.244722,-0.422071,-0.317774,-0.145865,0.330671,0.053621,0.2618,-0.094216,-0.14412,0.287818,-1.178395,0.419981,0.090707,1.278821,-0.968747,-0.101492,-0.400404,-0.959006,-0.61848,0.670463,-0.066601,-0.607365,0.755927,0.089302
0.22599,-2.715829,0.683648,-0.068353,0.187087,-0.260253,0.944772,-1.160436,0.533279,-0.055661,1.078388,-0.229417,-0.231465,-0.425128,-0.33716,-0.150764,0.335167,0.081718,0.2618,-0.094941,-0.144536,0.283371,-1.167523,0.41435,0.09009,1.275246,-0.943959,-0.117126,-0.346824,-0.946679,-0.619797,0.684407,-0.043992,-0.527287,0.739074,-0.042623
0.23064,-2.711041,0.684273,-0.067316,0.187308,-0.260737,0.944669,-1.153337,0.528332,-0.04228,1.080601,-0.235668,-0.220882,-0.4311,-0.353183,-0.165,0.339347,0.117389,0.2618,-0.087165,-0.139598,0.276209,-1.157178,0.426654,0.085788,1.281857,-0.927646,-0.1223,-0.31777,-0.95425,-0.596564,0.720295,-0.004049,-0.433532,0.714856,-0.174156
0.234238,-2.707174,0.685834,-0.067114,0.186338,-0.26467,0.943782,-1.141648,0.531667,-0.027053,1.078633,-0.23929,-0.21079,-0.437962,-0.367903,-0.194139,0.344978,0.151553,0.2618,-0.071957,-0.131399,0.265571,-1.147047,0.452342,0.076615,1.301566,-0.924929,-0.115532,-0.319564,-0.994614,-0.576095,0.773534,0.024643,-0.372928,0.698956,-0.27189
0.236476,-2.704594,0.68865,-0.065902,0.183581,-0.269722,0.942977,-1.122901,0.535857,-0.010964,1.07078,-0.232898,-0.205667,-0.442717,-0.383529,-0.229143,0.352796,0.180982,0.2618,-0.054873,-0.12288,0.25596,-1.13926,0.481842,0.074753,1.325613,-0.933155,-0.09439,-0.344674,-1.047469,-0.550876,0.816097,0.055692,-0.325681,0.708903,-0.329999
0.237441,-2.703996,0.692201,-0.065077,0.180215,-0.27487,0.942196,-1.100001,0.542456,0.00316,1.055759,-0.220716,-0.205885,-0.445326,-0.394843,-0.264039,0.365197,0.196105,0.2618,-0.034463,-0.110927,0.247623,-1.13295,0.512347,0.068196,1.348751,-0.939095,-0.059809,-0.364469,-1.093316,-0.528432,0.844988,0.079483,-0.303344,0.73159,-0.331173
0.236431,-2.706555,0.696478,-0.064603,0.176329,-0.274299,0.94313,-1.077637,0.54196,0.00901,1.03358,-0.199226,-0.206655,-0.43487,-0.387021,-0.257527,0.371647,0.176046,0.2618,-0.018295,-0.100011,0.239569,-1.128848,0.535903,0.061817,1.366704,-0.945127,-0.012165,-0.37704,-1.136809,-0.51323,0.867937,0.099727,-0.306111,0.758178,-0.293156
0.23557,-2.710279,0.700686,-0.063541,0.169296,-0.268653,0.946111,-1.047925,0.531338,0.011044,1.008303,-0.176855,-0.207156,-0.415194,-0.36836,-0.203665,0.385552,0.113609,0.2618,-0.006767,-0.088636,0.234515,-1.128083,0.550846,0.078517,1.378914,-0.960578,0.037916,-0.367644,-1.169797,-0.501506,0.877131,0.113397,-0.33376,0.776781,-0.21685
