0.878379,-2.719252,0.778162,0.006917,-0.02101,-0.026001,0.999417,-0.057049,0.016261,0.105192,0.286393,-0.219723,0.009352,-0.051874,-0.034229,-0.05472,0.314791,-0.252944,0.002335,0.059725,-0.029867,-0.035068,-0.071712,0.317096,-0.918778,0.246698,-0.260369,0.24707,-0.430866,-0.281334,-0.215275,0.977112,0.378703,0.28867,0.105023,0.411794
0.878341,-2.719243,0.778129,0.006821,-0.020693,-0.025896,0.999427,-0.058132,0.016472,0.105195,0.287017,-0.219815,0.009366,-0.052867,-0.034048,-0.054962,0.315296,-0.253007,0.002188,0.059666,-0.029658,-0.03456,-0.077747,0.321526,-0.923752,0.250069,-0.254812,0.241035,-0.465308,-0.285305,-0.218054,0.977466,0.380989,0.285205,0.099638,0.456939
0.878343,-2.719211,0.778129,0.006781,-0.02029,-0.025968,0.999434,-0.059501,0.01658,0.105133,0.287951,-0.22006,0.009415,-0.054211,-0.034122,-0.055155,0.316113,-0.25319,0.002213,0.060191,-0.029472,-0.034901,-0.083941,0.326523,-0.924416,0.253178,-0.240091,0.231018,-0.515686,-0.287346,-0.220132,0.97626,0.38258,0.281164,0.095815,0.495008
0.878383,-2.719144,0.778086,0.006834,-0.019512,-0.026199,0.999443,-0.06215,0.016686,0.105629,0.290029,-0.221106,0.009547,-0.05741,-0.034099,-0.054405,0.318906,-0.25377,0.00211,0.060993,-0.029594,-0.036015,-0.087903,0.331504,-0.922195,0.251071,-0.22875,0.222254,-0.564889,-0.2888,-0.223116,0.974814,0.381383,0.28058,0.094743,0.519823
0.878504,-2.719117,0.778024,0.006855,-0.018922,-0.026199,0.999454,-0.063849,0.016675,0.105686,0.291104,-0.221301,0.009674,-0.059251,-0.034179,-0.054249,0.320224,-0.254293,0.002096,0.061353,-0.029682,-0.03746,-0.089282,0.333266,-0.91771,0.251804,-0.215556,0.213292,-0.6105,-0.288018,-0.223828,0.972858,0.38119,0.278195,0.094361,0.531862
0.878675,-2.719081,0.778013,0.006959,-0.018473,-0.026128,0.999464,-0.064937,0.016409,0.105669,0.291655,-0.221676,0.009653,-0.060153,-0.034434,-0.054175,0.320551,-0.255036,0.002248,0.061607,-0.02996,-0.038839,-0.089277,0.333305,-0.91284,0.253595,-0.204397,0.206496,-0.645007,-0.286378,-0.223552,0.971191,0.381144,0.27657,0.094816,0.53207
0.878945,-2.719043,0.77803,0.00705,-0.018211,-0.026104,0.999468,-0.065178,0.016219,0.106227,0.291847,-0.221698,0.009418,-0.060431,-0.034747,-0.054222,0.320743,-0.255461,0.00199,0.061777,-0.030168,-0.039852,-0.088269,0.332237,-0.908557,0.255416,-0.196971,0.202829,-0.664814,-0.284697,-0.222978,0.970673,0.380915,0.275897,0.096098,0.523888
0.879216,-2.719021,0.778045,0.007201,-0.018089,-0.026143,0.999469,-0.064858,0.015708,0.105817,0.29127,-0.221433,0.009847,-0.060189,-0.035141,-0.053997,0.320481,-0.255858,0.002078,0.062068,-0.030535,-0.0404,-0.087128,0.331148,-0.906247,0.256626,-0.19356,0.202094,-0.670586,-0.283301,-0.222462,0.970985,0.380442,0.276593,0.097451,0.511576
0.879542,-2.718978,0.778105,0.007227,-0.018025,-0.026041,0.999472,-0.064113,0.015548,0.1061,0.29045,-0.221137,0.00996,-0.059613,-0.035366,-0.054348,0.32013,-0.25616,0.002237,0.061676,-0.030613,-0.040754,-0.086066,0.330476,-0.905916,0.257214,-0.193707,0.203419,-0.664457,-0.282606,-0.222312,0.972393,0.380247,0.278123,0.098319,0.498893
0.879816,-2.718958,0.778133,0.007233,-0.018031,-0.025893,0.999476,-0.063591,0.015428,0.106303,0.290197,-0.220866,0.010023,-0.059102,-0.035535,-0.054617,0.320032,-0.255933,0.00203,0.061194,-0.030614,-0.040701,-0.085324,0.329899,-0.906994,0.25756,-0.19655,0.206668,-0.651023,-0.282194,-0.222154,0.974007,0.379855,0.280467,0.098664,0.488221
0.880088,-2.718934,0.778138,0.007205,-0.018027,-0.025851,0.999477,-0.063292,0.015421,0.106035,0.290319,-0.221208,0.009853,-0.058656,-0.035514,-0.054548,0.319974,-0.256098,0.001962,0.060989,-0.030593,-0.040628,-0.085686,0.329957,-0.909628,0.257643,-0.200646,0.20981,-0.634398,-0.282332,-0.222434,0.975828,0.379945,0.282705,0.098653,0.480383
0.88034,-2.718937,0.77812,0.007122,-0.018008,-0.025935,0.999476,-0.063069,0.01557,0.105602,0.290592,-0.222062,0.010153,-0.058507,-0.035332,-0.054644,0.320267,-0.256122,0.002326,0.060842,-0.030472,-0.04027,-0.086123,0.330532,-0.91239,0.257403,-0.205704,0.211628,-0.617545,-0.282787,-0.222749,0.977375,0.379896,0.284669,0.098507,0.476071
0.880614,-2.718934,0.778097,0.006976,-0.01785,-0.025968,0.999479,-0.063123,0.016013,0.106171,0.290962,-0.222546,0.00985,-0.058475,-0.034888,-0.054379,0.320288,-0.256112,0.001974,0.060507,-0.030341,-0.040319,-0.08494,0.328824,-0.911871,0.256928,-0.21387,0.212567,-0.603713,-0.283474,-0.223375,0.978917,0.379674,0.286139,0.097472,0.474408
0.880843,-2.718914,0.778149,0.006872,-0.01767,-0.026028,0.999481,-0.063253,0.016304,0.106316,0.291177,-0.222911,0.009685,-0.058601,-0.034719,-0.054545,0.320319,-0.256095,0.001902,0.060405,-0.030197,-0.04035,-0.083897,0.327754,-0.912541,0.256991,-0.219233,0.214895,-0.594745,-0.284402,-0.224237,0.980493,0.380031,0.286807,0.096547,0.475416
0.881065,-2.718923,0.778137,0.006872,-0.017468,-0.026189,0.999481,-0.063327,0.016303,0.106395,0.291213,-0.223169,0.010138,-0.058708,-0.034697,-0.054364,0.320163,-0.256315,0.002127,0.060358,-0.03032,-0.040223,-0.082155,0.32625,-0.911548,0.256181,-0.22391,0.216592,-0.590492,-0.284529,-0.224468,0.981034,0.379871,0.287257,0.095873,0.478037
0.881247,-2.718941,0.778156,0.00691,-0.017303,-0.026337,0.999479,-0.063357,0.016312,0.106289,0.29101,-0.223154,0.010141,-0.058936,-0.034586,-0.053923,0.320256,-0.256301,0.002103,0.06031,-0.030385,-0.040113,-0.082299,0.326459,-0.913326,0.257119,-0.22369,0.219255,-0.590443,-0.284489,-0.224562,0.981277,0.380087,0.287325,0.09588,0.480817
0.881389,-2.71898,0.778162,0.006913,-0.017189,-0.026448,0.999478,-0.063223,0.016371,0.106325,0.290641,-0.223062,0.010059,-0.059166,-0.0345,-0.053698,0.320523,-0.256334,0.001816,0.060455,-0.030283,-0.040317,-0.085082,0.329863,-0.918339,0.257548,-0.218833,0.219312,-0.593684,-0.283981,-0.224679,0.98117,0.380171,0.287248,0.096057,0.48276
0.88154,-2.719032,0.778187,0.006969,-0.017052,-0.026529,0.999478,-0.06317,0.016407,0.107063,0.290609,-0.222777,0.010191,-0.059217,-0.034468,-0.05351,0.320345,-0.256346,0.001853,0.060524,-0.030399,-0.040658,-0.087321,0.331884,-0.919593,0.25732,-0.214921,0.216409,-0.599624,-0.283216,-0.224421,0.980653,0.380589,0.286679,0.097059,0.484015
0.881667,-2.719087,0.778208,0.007068,-0.016927,-0.026661,0.999476,-0.063399,0.016395,0.107487,0.290904,-0.222603,0.010131,-0.059266,-0.034537,-0.053207,0.320162,-0.256452,0.001801,0.060505,-0.030607,-0.040959,-0.088619,0.332847,-0.919428,0.257557,-0.213142,0.211932,-0.606545,-0.282681,-0.22423,0.980088,0.380867,0.286263,0.097875,0.484451
0.881751,-2.719152,0.778194,0.007156,-0.016733,-0.026799,0.999475,-0.063469,0.016271,0.10746,0.290353,-0.222446,0.010285,-0.059545,-0.034598,-0.053027,0.319991,-0.256713,0.001798,0.060552,-0.030784,-0.041133,-0.088672,0.332567,-0.91784,0.258086,-0.212785,0.208247,-0.613155,-0.282138,-0.224053,0.979288,0.381197,0.286182,0.098307,0.48456
0.881884,-2.719214,0.7782,0.007184,-0.016553,-0.027071,0.999471,-0.063489,0.016376,0.107533,0.290077,-0.222451,0.010509,-0.059998,-0.034438,-0.0526,0.320221,-0.25669,0.001571,0.0607,-0.030929,-0.041109,-0.086217,0.329107,-0.912978,0.259117,-0.215512,0.208188,-0.61799,-0.281815,-0.223667,0.978607,0.38162,0.286042,0.098344,0.484722
0.881968,-2.71929,0.778212,0.007259,-0.016349,-0.027137,0.999472,-0.063457,0.016436,0.108238,0.289556,-0.222276,0.009893,-0.060254,-0.034348,-0.052153,0.320116,-0.256947,0.001256,0.060387,-0.031212,-0.041104,-0.083884,0.326268,-0.90999,0.259829,-0.217148,0.210736,-0.620451,-0.282037,-0.223491,0.978203,0.381883,0.285683,0.098083,0.485354
0.882066,-2.719362,0.778204,0.00737,-0.016209,-0.027328,0.999468,-0.063422,0.016269,0.10805,0.289086,-0.222263,0.01022,-0.06047,-0.034427,-0.051943,0.319981,-0.2571,0.001467,0.060258,-0.031365,-0.041023,-0.082688,0.324709,-0.908462,0.260156,-0.217356,0.214035,-0.619872,-0.282165,-0.223204,0.977705,0.381989,0.28522,0.097904,0.486541
0.88217,-2.719427,0.778206,0.007351,-0.016086,-0.027518,0.999465,-0.063231,0.016448,0.108104,0.288603,-0.222404,0.010095,-0.060736,-0.034217,-0.051715,0.320158,-0.25715,0.001366,0.060088,-0.03113,-0.040922,-0.08202,0.324235,-0.908181,0.260068,-0.217293,0.216037,-0.617095,-0.282147,-0.222992,0.977246,0.382042,0.284443,0.098629,0.48885
0.882268,-2.719491,0.778179,0.007338,-0.016013,-0.027685,0.999462,-0.063062,0.016684,0.108805,0.288438,-0.222118,0.01,-0.060883,-0.033958,-0.051262,0.32028,-0.257092,0.001089,0.059614,-0.030658,-0.040867,-0.081877,0.324055,-0.907808,0.259403,-0.217518,0.216597,-0.613497,-0.282697,-0.222919,0.976642,0.382164,0.283547,0.098918,0.490361
0.882339,-2.719547,0.778211,0.007369,-0.015957,-0.027978,0.999454,-0.062942,0.016943,0.109611,0.288464,-0.222462,0.009667,-0.061192,-0.033855,-0.050915,0.320627,-0.257133,0.001241,0.059043,-0.030026,-0.040599,-0.081489,0.323861,-0.90739,0.258562,-0.218599,0.216193,-0.610003,-0.283488,-0.222991,0.976528,0.38234,0.282705,0.098887,0.491305
0.882408,-2.719594,0.77818,0.007396,-0.015874,-0.028321,0.999445,-0.062909,0.017104,0.109882,0.288437,-0.222738,0.009433,-0.061568,-0.033668,-0.050337,0.320946,-0.257252,0.001285,0.058622,-0.029005,-0.040449,-0.081289,0.32367,-0.907174,0.257935,-0.219581,0.215541,-0.607027,-0.283831,-0.22287,0.975907,0.382789,0.282532,0.098695,0.491657
0.882492,-2.719666,0.778155,0.007408,-0.015774,-0.028638,0.999438,-0.062904,0.017293,0.110233,0.2884,-0.222506,0.00993,-0.061876,-0.033459,-0.049726,0.321206,-0.257328,0.001111,0.057986,-0.027871,-0.04039,-0.08105,0.32353,-0.906864,0.257319,-0.220394,0.214899,-0.604958,-0.284097,-0.222585,0.97538,0.383271,0.282555,0.098374,0.491544
0.882575,-2.71972,0.778188,0.007413,-0.015644,-0.028902,0.999432,-0.062795,0.017628,0.111186,0.288365,-0.223058,0.009261,-0.062205,-0.033096,-0.049092,0.321237,-0.256951,0.001144,0.057355,-0.026671,-0.040418,-0.081139,0.323535,-0.906701,0.257153,-0.220827,0.214456,-0.604078,-0.283863,-0.222095,0.97468,0.383307,0.282635,0.09869,0.491238
0.882665,-2.719773,0.778108,0.007345,-0.015601,-0.029132,0.999427,-0.063475,0.018228,0.111968,0.290104,-0.223852,0.008228,-0.062182,-0.032815,-0.048975,0.32117,-0.257546,0.000824,0.056859,-0.025178,-0.040166,-0.081697,0.323503,-0.906157,0.256841,-0.220218,0.214406,-0.605735,-0.283625,-0.221712,0.974013,0.38366,0.282497,0.099682,0.490411
0.882702,-2.719849,0.778045,0.007244,-0.01552,-0.029198,0.999427,-0.064276,0.018661,0.111804,0.291598,-0.225141,0.008382,-0.062362,-0.032366,-0.048672,0.32127,-0.257887,0.000716,0.056255,-0.023787,-0.039899,-0.080788,0.322524,-0.904704,0.256819,-0.220827,0.213897,-0.606891,-0.283818,-0.221329,0.97337,0.383873,0.281922,0.101003,0.489753
0.882746,-2.719947,0.778024,0.007287,-0.015386,-0.02924,0.999427,-0.065106,0.018673,0.111274,0.29281,-0.226153,0.008803,-0.062687,-0.032319,-0.048726,0.321435,-0.258323,0.001078,0.055782,-0.022805,-0.039813,-0.080989,0.322671,-0.904934,0.257414,-0.219993,0.214089,-0.607425,-0.284507,-0.221553,0.973118,0.384048,0.281106,0.101545,0.489105
0.8828,-2.720073,0.777988,0.007358,-0.015285,-0.029123,0.999432,-0.065524,0.018661,0.111071,0.293283,-0.226159,0.008725,-0.062857,-0.032422,-0.049049,0.321648,-0.258911,0.000998,0.055568,-0.021742,-0.03956,-0.083307,0.324806,-0.907332,0.257344,-0.216245,0.213581,-0.607168,-0.284874,-0.221741,0.972421,0.384037,0.280711,0.100686,0.489186
0.882859,-2.72019,0.777987,0.007435,-0.015171,-0.028957,0.999438,-0.065784,0.018508,0.110388,0.293249,-0.226153,0.00862,-0.063112,-0.032436,-0.049171,0.321957,-0.259095,0.001042,0.055505,-0.021136,-0.039007,-0.083572,0.324594,-0.905919,0.256509,-0.216818,0.21148,-0.606368,-0.28534,-0.221772,0.971745,0.384125,0.279962,0.100195,0.490436
0.882924,-2.720339,0.778006,0.007493,-0.015131,-0.02853,0.99945,-0.065953,0.018608,0.110983,0.29347,-0.225242,0.008403,-0.06302,-0.032715,-0.050189,0.322159,-0.259498,0.000973,0.05546,-0.020437,-0.038575,-0.085693,0.326766,-0.908643,0.256821,-0.214826,0.210037,-0.605921,-0.285523,-0.221759,0.971535,0.384626,0.279401,0.100068,0.491968
0.882983,-2.720501,0.778018,0.00764,-0.01499,-0.028087,0.999464,-0.066192,0.018162,0.109765,0.292958,-0.224982,0.008448,-0.062905,-0.032906,-0.050589,0.321755,-0.259504,0.000937,0.056206,-0.020431,-0.038477,-0.087525,0.326441,-0.906735,0.256211,-0.214936,0.210003,-0.610605,-0.285126,-0.221497,0.970779,0.385213,0.27929,0.100158,0.493047
0.883091,-2.72068,0.778053,0.007622,-0.014878,-0.027533,0.999481,-0.066134,0.018176,0.108726,0.292141,-0.224319,0.008507,-0.062702,-0.032959,-0.051866,0.321686,-0.259653,0.000533,0.057341,-0.020169,-0.038407,-0.087347,0.325557,-0.905913,0.256404,-0.214483,0.210528,-0.620174,-0.284913,-0.221308,0.969885,0.385346,0.279295,0.100301,0.493208
0.883205,-2.720871,0.778075,0.007838,-0.014864,-0.026985,0.999495,-0.065745,0.017381,0.107242,0.290926,-0.223476,0.009367,-0.062327,-0.033418,-0.052645,0.321595,-0.259434,0.000473,0.058572,-0.020578,-0.038204,-0.085513,0.323615,-0.904081,0.257462,-0.215111,0.211033,-0.626298,-0.28507,-0.221397,0.968878,0.38479,0.27919,0.100183,0.492596
0.883317,-2.721034,0.778106,0.007908,-0.015006,-0.026357,0.999509,-0.065148,0.017056,0.105787,0.290076,-0.223132,0.009537,-0.061791,-0.033664,-0.053608,0.322038,-0.259619,0.00039,0.059577,-0.020708,-0.037963,-0.086328,0.3243,-0.904974,0.258307,-0.212659,0.211084,-0.628324,-0.285271,-0.221715,0.968629,0.384291,0.278721,0.100551,0.491367
0.883419,-2.721186,0.778118,0.007929,-0.015128,-0.025879,0.999519,-0.06479,0.016938,0.104776,0.289882,-0.222686,0.009164,-0.061192,-0.033845,-0.054595,0.322107,-0.259908,0.00032,0.060523,-0.021007,-0.037444,-0.085691,0.322735,-0.901605,0.257589,-0.213045,0.210706,-0.626943,-0.285456,-0.222001,0.968569,0.383653,0.278038,0.101159,0.489479
0.883484,-2.721293,0.778152,0.007996,-0.01526,-0.025225,0.999533,-0.065015,0.01682,0.104994,0.290873,-0.222293,0.00874,-0.060571,-0.034249,-0.055933,0.322129,-0.259873,0.000325,0.060535,-0.021229,-0.036768,-0.083914,0.320854,-0.899788,0.257344,-0.215853,0.21011,-0.621509,-0.285274,-0.221876,0.968693,0.382914,0.278392,0.101455,0.487431
0.883535,-2.721433,0.778131,0.008017,-0.015242,-0.024871,0.999542,-0.0654,0.01679,0.103768,0.291275,-0.222283,0.00869,-0.060324,-0.034167,-0.056462,0.321992,-0.259752,0.000407,0.060864,-0.02124,-0.036477,-0.08334,0.320551,-0.900197,0.257158,-0.217484,0.211178,-0.614496,-0.284999,-0.221753,0.968713,0.382713,0.278761,0.102252,0.48575
0.883564,-2.721572,0.778122,0.008013,-0.015103,-0.024641,0.99955,-0.065889,0.016761,0.102815,0.291381,-0.222255,0.009167,-0.06034,-0.034156,-0.057088,0.321668,-0.259908,0.000128,0.061083,-0.02138,-0.03627,-0.083101,0.320618,-0.901175,0.256602,-0.219179,0.212617,-0.607871,-0.284711,-0.221512,0.968326,0.382314,0.279105,0.102626,0.484668
0.883581,-2.721669,0.778143,0.008046,-0.014927,-0.024518,0.999556,-0.066169,0.016803,0.102519,0.291135,-0.22214,0.008612,-0.06054,-0.034037,-0.05714,0.321521,-0.259793,0.000028,0.061176,-0.021523,-0.036363,-0.083215,0.321041,-0.902627,0.256073,-0.220312,0.214266,-0.60223,-0.284692,-0.221575,0.968316,0.382044,0.279021,0.102974,0.484225
0.883606,-2.721772,0.778134,0.008075,-0.014729,-0.024626,0.999556,-0.066318,0.016836,0.102412,0.290623,-0.221743,0.008611,-0.060898,-0.033986,-0.057217,0.321187,-0.259898,-0.000169,0.061262,-0.021651,-0.036459,-0.083145,0.321357,-0.903511,0.255486,-0.22197,0.214774,-0.598827,-0.284913,-0.221747,0.968529,0.381616,0.278723,0.103165,0.484211
0.883647,-2.721829,0.778173,0.008065,-0.014573,-0.024724,0.999556,-0.066274,0.017079,0.103223,0.290167,-0.221407,0.008706,-0.061168,-0.033841,-0.057129,0.321209,-0.259931,-0.00021,0.061141,-0.021426,-0.036679,-0.083201,0.321543,-0.904253,0.25521,-0.222848,0.214983,-0.597696,-0.284883,-0.222077,0.968622,0.381407,0.278748,0.102842,0.484779
0.883631,-2.721881,0.778169,0.008146,-0.014529,-0.024887,0.999551,-0.066227,0.017083,0.103581,0.289919,-0.221403,0.008333,-0.061547,-0.03379,-0.056612,0.321562,-0.259919,-0.000048,0.060995,-0.021301,-0.036632,-0.083769,0.321628,-0.904456,0.255394,-0.222992,0.214598,-0.597283,-0.284826,-0.222352,0.968479,0.381242,0.278734,0.102464,0.485575
0.883612,-2.721937,0.77812,0.008319,-0.014571,-0.025137,0.999543,-0.066317,0.016834,0.103603,0.290055,-0.221107,0.00902,-0.061658,-0.034019,-0.056163,0.321776,-0.260265,0.000083,0.060913,-0.021336,-0.036398,-0.084044,0.321767,-0.904685,0.255949,-0.222462,0.214501,-0.597642,-0.284967,-0.222834,0.968701,0.380903,0.278232,0.101934,0.486148
0.883633,-2.721925,0.778123,0.008318,-0.014586,-0.025429,0.999536,-0.066033,0.016834,0.103126,0.28972,-0.221802,0.009199,-0.061824,-0.033868,-0.055521,0.32207,-0.260515,-0.0001,0.060749,-0.020922,-0.036307,-0.084153,0.321831,-0.904963,0.256417,-0.221411,0.214515,-0.598757,-0.284725,-0.222838,0.968467,0.38074,0.277984,0.10193,0.486343
0.883635,-2.721976,0.778124,0.008327,-0.014644,-0.025585,0.999531,-0.065712,0.016934,0.103714,0.289726,-0.221522,0.00904,-0.061739,-0.033702,-0.055209,0.322035,-0.260411,-0.000205,0.060355,-0.020457,-0.036301,-0.085626,0.324033,-0.90747,0.256477,-0.218179,0.213645,-0.600304,-0.284569,-0.222882,0.968757,0.380482,0.277608,0.102119,0.486529
0.88366,-2.721977,0.778105,0.008363,-0.01471,-0.025814,0.999524,-0.065457,0.016927,0.103621,0.28973,-0.222192,0.008697,-0.061587,-0.033733,-0.054951,0.321966,-0.260819,-0.000302,0.060258,-0.020187,-0.036437,-0.086007,0.324315,-0.906396,0.256037,-0.21776,0.211754,-0.60144,-0.284149,-0.22257,0.968328,0.380481,0.277376,0.102906,0.486754
0.883691,-2.721979,0.778119,0.008488,-0.014778,-0.025831,0.999521,-0.065511,0.016866,0.104848,0.29027,-0.221786,0.008751,-0.061276,-0.033992,-0.055043,0.321683,-0.26083,-0.000299,0.059533,-0.020201,-0.036321,-0.08506,0.323657,-0.905748,0.256384,-0.21912,0.210913,-0.60293,-0.284386,-0.222331,0.968289,0.380372,0.276979,0.103668,0.486836
0.8837,-2.722018,0.778097,0.008505,-0.01491,-0.025898,0.999517,-0.065281,0.016854,0.104642,0.290578,-0.221901,0.008671,-0.060993,-0.034002,-0.054819,0.321803,-0.26118,-0.000258,0.059447,-0.019988,-0.036509,-0.088132,0.326415,-0.908746,0.256519,-0.214917,0.21003,-0.604543,-0.284025,-0.222235,0.967988,0.380314,0.276919,0.104104,0.486753
0.883691,-2.722026,0.778065,0.008588,-0.014983,-0.026058,0.999511,-0.06516,0.016592,0.10382,0.290493,-0.222557,0.009115,-0.060965,-0.034,-0.054383,0.321935,-0.261223,-0.000098,0.059562,-0.020046,-0.036428,-0.088919,0.327066,-0.908638,0.256243,-0.213205,0.208563,-0.607256,-0.284044,-0.222268,0.967465,0.380056,0.276469,0.104532,0.486334
0.883709,-2.722071,0.778099,0.008541,-0.01508,-0.02594,0.999513,-0.065117,0.01702,0.105381,0.291108,-0.221688,0.00874,-0.060835,-0.033956,-0.054837,0.322214,-0.26099,-0.000146,0.059115,-0.019951,-0.03641,-0.088552,0.327229,-0.908373,0.256302,-0.21293,0.206951,-0.609269,-0.283872,-0.222123,0.96738,0.379957,0.2763,0.104737,0.486158
0.883708,-2.722061,0.778067,0.008536,-0.015063,-0.026017,0.999512,-0.065161,0.017057,0.105197,0.291201,-0.222031,0.008097,-0.06083,-0.03393,-0.054578,0.32198,-0.261049,-0.000291,0.059361,-0.02001,-0.036566,-0.088379,0.327165,-0.90813,0.256602,-0.212909,0.206398,-0.610156,-0.283706,-0.222029,0.967154,0.37999,0.276314,0.104824,0.486036
0.883735,-2.722079,0.778072,0.008615,-0.015052,-0.02618,0.999507,-0.065108,0.016686,0.103937,0.290972,-0.222381,0.008817,-0.060757,-0.033932,-0.05421,0.321743,-0.261188,-0.000164,0.059737,-0.020362,-0.036818,-0.087877,0.326853,-0.90806,0.256855,-0.213434,0.20654,-0.609309,-0.283819,-0.222053,0.967461,0.380029,0.276283,0.104854,0.485986
0.883769,-2.722091,0.778091,0.008502,-0.015071,-0.02601,0.999512,-0.064829,0.017014,0.104765,0.290814,-0.221882,0.009125,-0.060581,-0.033792,-0.054609,0.321686,-0.260795,-0.000136,0.05962,-0.02039,-0.037081,-0.087431,0.326586,-0.908158,0.257147,-0.213647,0.207898,-0.607726,-0.284001,-0.222303,0.967809,0.380151,0.276339,0.10475,0.48564
0.883769,-2.722089,0.778138,0.008449,-0.015172,-0.02593,0.999513,-0.064674,0.017214,0.105447,0.290885,-0.221542,0.008854,-0.060314,-0.033704,-0.054686,0.321652,-0.26055,-0.000693,0.059606,-0.020655,-0.037306,-0.08737,0.326044,-0.908105,0.256942,-0.213645,0.209639,-0.606833,-0.284366,-0.222726,0.968582,0.380244,0.27687,0.104306,0.485277
0.883776,-2.722121,0.778118,0.008455,-0.015292,-0.025998,0.999509,-0.06447,0.017305,0.105246,0.290912,-0.221824,0.008821,-0.060002,-0.033656,-0.054756,0.321539,-0.260623,-0.000408,0.059742,-0.020982,-0.037722,-0.088344,0.326883,-0.909102,0.256711,-0.212705,0.21067,-0.606997,-0.284905,-0.223149,0.969779,0.380456,0.277572,0.103843,0.484767
0.883762,-2.722123,0.778083,0.00846,-0.015459,-0.026042,0.999505,-0.064207,0.017131,0.104357,0.290987,-0.222261,0.00895,-0.059712,-0.033642,-0.054556,0.321623,-0.260725,-0.000571,0.060108,-0.021188,-0.038053,-0.088753,0.327232,-0.909167,0.256251,-0.211517,0.210954,-0.609485,-0.285374,-0.223442,0.970365,0.380541,0.278059,0.103701,0.484104
0.883717,-2.722109,0.778074,0.008388,-0.015608,-0.026001,0.999505,-0.063841,0.017138,0.103583,0.290741,-0.222621,0.009152,-0.059468,-0.03345,-0.054538,0.321703,-0.260662,-0.000456,0.06014,-0.021131,-0.038316,-0.087807,0.326788,-0.90806,0.255945,-0.21266,0.209325,-0.61009,-0.285794,-0.223338,0.970613,0.380507,0.278262,0.103641,0.483534
0.883671,-2.722026,0.778082,0.00832,-0.01575,-0.025719,0.999511,-0.063518,0.017165,0.104258,0.290807,-0.222369,0.008633,-0.058896,-0.033651,-0.055281,0.321315,-0.260784,-0.000245,0.059891,-0.020766,-0.038744,-0.087574,0.327051,-0.907931,0.256366,-0.213309,0.20825,-0.609141,-0.285641,-0.223057,0.970587,0.380651,0.278465,0.103521,0.483155
0.883604,-2.721971,0.778082,0.008328,-0.015966,-0.025327,0.999517,-0.063435,0.016968,0.104139,0.291161,-0.222114,0.008788,-0.058327,-0.033925,-0.055775,0.321255,-0.260837,-0.000375,0.059983,-0.020653,-0.039113,-0.087107,0.326928,-0.907828,0.257031,-0.214103,0.208375,-0.607605,-0.284593,-0.222461,0.970038,0.380966,0.278791,0.103535,0.483069
0.883488,-2.721941,0.778059,0.008509,-0.016135,-0.024913,0.999523,-0.063601,0.01636,0.10364,0.291428,-0.22191,0.008705,-0.057755,-0.034604,-0.056527,0.320846,-0.260979,0.000106,0.060544,-0.021315,-0.039696,-0.086428,0.326502,-0.908034,0.257532,-0.215749,0.208419,-0.60624,-0.282941,-0.221655,0.969759,0.381194,0.279395,0.103758,0.483418
0.88339,-2.721868,0.77804,0.008523,-0.016253,-0.024579,0.999529,-0.063466,0.015851,0.102198,0.291043,-0.222063,0.009234,-0.057355,-0.034982,-0.057203,0.320619,-0.261339,0.000493,0.061598,-0.021975,-0.040863,-0.08605,0.326147,-0.908381,0.258618,-0.216275,0.209753,-0.605175,-0.281869,-0.221429,0.969798,0.381037,0.279771,0.104136,0.483791
0.883292,-2.721797,0.778061,0.008501,-0.016376,-0.024255,0.999536,-0.063183,0.015566,0.101594,0.290665,-0.222053,0.00865,-0.05709,-0.03519,-0.057687,0.320565,-0.260955,0.000357,0.062288,-0.023235,-0.041934,-0.08445,0.323716,-0.905764,0.258457,-0.218317,0.211451,-0.604421,-0.28256,-0.222161,0.970553,0.380526,0.278671,0.104463,0.484438
0.88312,-2.72181,0.778053,0.008331,-0.016656,-0.023826,0.999543,-0.062897,0.015761,0.101264,0.290671,-0.221543,0.008509,-0.056592,-0.035077,-0.058629,0.320752,-0.260916,0.000443,0.062591,-0.024574,-0.042577,-0.085616,0.32536,-0.907934,0.258514,-0.214944,0.213718,-0.60453,-0.283095,-0.222783,0.971154,0.379639,0.277761,0.104127,0.485506
0.882937,-2.721828,0.778057,0.008328,-0.017085,-0.023383,0.999546,-0.062895,0.015529,0.099659,0.291397,-0.221891,0.009326,-0.05591,-0.035223,-0.059397,0.32114,-0.260556,0.000484,0.063478,-0.026869,-0.042743,-0.086662,0.326466,-0.908554,0.257951,-0.210973,0.215908,-0.606059,-0.282581,-0.222779,0.970666,0.379673,0.277179,0.10408,0.487
0.882759,-2.721851,0.778069,0.008224,-0.017502,-0.02285,0.999552,-0.062879,0.01577,0.100019,0.292695,-0.221434,0.007997,-0.055066,-0.035238,-0.060383,0.321282,-0.260283,-0.000013,0.0642,-0.029296,-0.04278,-0.086719,0.326865,-0.90801,0.257145,-0.208727,0.216364,-0.608443,-0.281135,-0.222135,0.969466,0.379488,0.277194,0.103714,0.488341
0.882542,-2.721868,0.778064,0.008013,-0.017867,-0.022649,0.999552,-0.062717,0.016068,0.098976,0.293177,-0.221901,0.008343,-0.054404,-0.03486,-0.060951,0.321158,-0.259826,0.000069,0.065391,-0.031673,-0.043125,-0.086856,0.327905,-0.90879,0.257448,-0.207443,0.216149,-0.610903,-0.279713,-0.221308,0.96809,0.37919,0.277705,0.102929,0.488841
0.882306,-2.721887,0.778049,0.007841,-0.018142,-0.022526,0.999551,-0.062671,0.016329,0.097804,0.29353,-0.222538,0.008836,-0.05382,-0.034526,-0.061409,0.320634,-0.25989,0.000038,0.067025,-0.034315,-0.043503,-0.087415,0.328911,-0.910157,0.258059,-0.206076,0.216366,-0.613432,-0.278705,-0.220562,0.966005,0.378733,0.27756,0.10284,0.488206
0.882045,-2.721904,0.778005,0.00753,-0.018389,-0.022379,0.999552,-0.062735,0.017137,0.098624,0.294238,-0.222146,0.007632,-0.053322,-0.033799,-0.061587,0.320178,-0.259519,-0.000084,0.067957,-0.036731,-0.043797,-0.087994,0.329395,-0.91053,0.258433,-0.205327,0.216689,-0.61538,-0.277385,-0.21945,0.963631,0.377749,0.27769,0.103122,0.486412
0.881772,-2.721836,0.777991,0.007452,-0.018657,-0.022539,0.999544,-0.062756,0.017566,0.099272,0.294922,-0.222883,0.007258,-0.053007,-0.033593,-0.061501,0.319872,-0.259378,-0.000008,0.06866,-0.039365,-0.043975,-0.088813,0.329817,-0.910899,0.25887,-0.204201,0.21777,-0.61655,-0.276986,-0.219043,0.962396,0.377371,0.277923,0.103482,0.485149
0.881486,-2.721728,0.777975,0.007323,-0.01904,-0.023015,0.999527,-0.062376,0.017905,0.099561,0.295425,-0.223472,0.007486,-0.052854,-0.033241,-0.060696,0.32016,-0.259213,-0.000308,0.068734,-0.041504,-0.043737,-0.088613,0.329238,-0.909389,0.258692,-0.204572,0.218594,-0.616831,-0.276739,-0.219123,0.962311,0.376485,0.278777,0.102578,0.485783
0.881265,-2.721585,0.777916,0.007234,-0.019386,-0.023653,0.999506,-0.061499,0.018152,0.100479,0.295153,-0.224066,0.007313,-0.052695,-0.032857,-0.059452,0.32033,-0.25945,-0.000737,0.068201,-0.043506,-0.043146,-0.086,0.327028,-0.905515,0.257947,-0.20916,0.218743,-0.61567,-0.277479,-0.220048,0.963839,0.375866,0.279024,0.101628,0.48688
0.88105,-2.721433,0.777897,0.007154,-0.019774,-0.024371,0.999482,-0.060163,0.018509,0.101867,0.294422,-0.224569,0.007159,-0.052297,-0.032539,-0.058302,0.320208,-0.259754,-0.000397,0.067353,-0.044874,-0.042961,-0.085399,0.325674,-0.90455,0.25842,-0.209814,0.222389,-0.613974,-0.277728,-0.220711,0.965183,0.375225,0.279514,0.100625,0.487351
0.880848,-2.721317,0.777855,0.007089,-0.020223,-0.024941,0.999459,-0.059077,0.018794,0.103194,0.294168,-0.224946,0.007184,-0.051552,-0.032307,-0.057342,0.319736,-0.259803,-0.000027,0.066366,-0.046113,-0.042573,-0.084392,0.324852,-0.903215,0.256938,-0.211072,0.224319,-0.612528,-0.278389,-0.221612,0.966112,0.374911,0.279583,0.099536,0.486964
0.880676,-2.721193,0.777841,0.006971,-0.020689,-0.025568,0.999435,-0.058126,0.019279,0.104529,0.294395,-0.225389,0.00715,-0.050742,-0.031851,-0.056204,0.319318,-0.259293,0.00012,0.065007,-0.046744,-0.042383,-0.084058,0.32547,-0.902704,0.255607,-0.212181,0.223622,-0.610499,-0.278774,-0.221343,0.966902,0.375667,0.279404,0.099861,0.486592
0.880499,-2.721113,0.777835,0.006817,-0.021134,-0.026287,0.999408,-0.057348,0.019825,0.105312,0.294952,-0.226418,0.007281,-0.05015,-0.031295,-0.055068,0.319115,-0.259006,0.000129,0.063722,-0.046806,-0.042451,-0.084291,0.326908,-0.903737,0.255282,-0.212346,0.223158,-0.609048,-0.278469,-0.220004,0.966783,0.376291,0.280041,0.100582,0.485967
0.880387,-2.721011,0.777785,0.006565,-0.021481,-0.026986,0.999383,-0.056455,0.020604,0.106466,0.29529,-0.227391,0.007173,-0.049714,-0.03046,-0.053689,0.318956,-0.258704,0.000304,0.062809,-0.046429,-0.042921,-0.08418,0.327483,-0.904229,0.255268,-0.212675,0.223334,-0.607876,-0.278424,-0.218976,0.966266,0.376789,0.280349,0.101309,0.485361
0.880303,-2.720916,0.777769,0.006356,-0.021904,-0.027566,0.99936,-0.055607,0.021404,0.107814,0.295901,-0.22805,0.006848,-0.049305,-0.029852,-0.052783,0.319404,-0.258532,0.000015,0.061806,-0.046007,-0.043391,-0.083953,0.328088,-0.90461,0.255172,-0.213594,0.222739,-0.606536,-0.278085,-0.217908,0.965462,0.376942,0.280396,0.101717,0.485148
0.880281,-2.720809,0.777744,0.006221,-0.022333,-0.027997,0.999339,-0.054687,0.021708,0.108386,0.296464,-0.228934,0.006963,-0.048699,-0.029532,-0.052118,0.319739,-0.258487,0.000111,0.061021,-0.045436,-0.044058,-0.083353,0.327985,-0.904464,0.255649,-0.214156,0.223302,-0.605378,-0.277934,-0.21708,0.964807,0.37722,0.279838,0.102169,0.485705
0.880276,-2.72071,0.777733,0.0061,-0.022854,-0.028176,0.999323,-0.053872,0.021929,0.108405,0.297285,-0.229443,0.007141,-0.048023,-0.02925,-0.051478,0.320617,-0.258116,0.000234,0.060193,-0.045057,-0.044375,-0.082897,0.327774,-0.904089,0.255903,-0.215246,0.222924,-0.60388,-0.277877,-0.216626,0.964411,0.3772,0.279092,0.10222,0.486738
0.880255,-2.720621,0.777707,0.006057,-0.023363,-0.028193,0.999311,-0.053067,0.022018,0.109017,0.298202,-0.229705,0.006889,-0.047269,-0.02938,-0.051605,0.321403,-0.258595,0.000096,0.059448,-0.044877,-0.044441,-0.082571,0.327955,-0.903572,0.255351,-0.216224,0.221563,-0.602575,-0.277871,-0.216468,0.964209,0.377127,0.278555,0.102084,0.487677
0.880215,-2.720495,0.777665,0.006123,-0.023864,-0.028137,0.9993,-0.052361,0.021573,0.108371,0.298725,-0.230353,0.007131,-0.046607,-0.029827,-0.051689,0.322442,-0.25959,-0.000136,0.058918,-0.044738,-0.044137,-0.082587,0.327684,-0.903646,0.255823,-0.216035,0.22192,-0.602062,-0.278467,-0.216837,0.964813,0.377163,0.277795,0.102542,0.488259
0.880147,-2.720404,0.777625,0.006161,-0.024242,-0.028109,0.999292,-0.051496,0.021202,0.108075,0.298607,-0.23043,0.007334,-0.046182,-0.03002,-0.051509,0.323175,-0.259973,-0.000089,0.058913,-0.044539,-0.04369,-0.082042,0.327016,-0.902838,0.25564,-0.215755,0.222771,-0.602271,-0.27952,-0.21771,0.965987,0.377499,0.277093,0.102664,0.488379
0.88007,-2.720344,0.777596,0.006205,-0.024642,-0.027983,0.999285,-0.051685,0.02113,0.108511,0.300626,-0.230856,0.007225,-0.045412,-0.030332,-0.051752,0.323354,-0.260382,0.000311,0.059259,-0.044419,-0.042963,-0.081406,0.326064,-0.901782,0.255116,-0.215353,0.223804,-0.603024,-0.279859,-0.218306,0.966858,0.377719,0.27735,0.102041,0.488121
0.879971,-2.720293,0.777598,0.006057,-0.024888,-0.027817,0.999285,-0.05255,0.02153,0.10835,0.303266,-0.232117,0.007103,-0.044946,-0.030217,-0.052191,0.323496,-0.260464,0.000257,0.059751,-0.044052,-0.042329,-0.080811,0.325405,-0.900763,0.254496,-0.215167,0.224359,-0.603369,-0.280419,-0.218845,0.967739,0.377866,0.277355,0.101646,0.487943
0.879852,-2.720303,0.777557,0.005923,-0.024905,-0.02765,0.99929,-0.053778,0.021834,0.107727,0.305332,-0.232833,0.007205,-0.044857,-0.029892,-0.052518,0.323074,-0.259819,0.000148,0.060487,-0.043848,-0.042003,-0.080285,0.324828,-0.900109,0.254234,-0.214935,0.225376,-0.603639,-0.280589,-0.218837,0.967832,0.378084,0.27768,0.10142,0.487853
0.87977,-2.720339,0.777549,0.005754,-0.0247,-0.027495,0.9993,-0.054868,0.022171,0.106947,0.306161,-0.233142,0.007366,-0.045057,-0.029579,-0.052974,0.322297,-0.259501,0.000492,0.061167,-0.043673,-0.042151,-0.080061,0.324369,-0.899808,0.254345,-0.215388,0.225862,-0.603185,-0.280918,-0.218835,0.967809,0.378122,0.277748,0.101259,0.487625
0.879701,-2.720367,0.777614,0.005656,-0.024399,-0.027274,0.999314,-0.055569,0.022311,0.106424,0.305908,-0.232848,0.007306,-0.045471,-0.029263,-0.053178,0.321577,-0.258731,0.000511,0.06138,-0.043713,-0.042505,-0.080267,0.324513,-0.900262,0.254632,-0.215498,0.226298,-0.60233,-0.281165,-0.218752,0.967698,0.378118,0.277751,0.10143,0.487526
0.879641,-2.720415,0.777645,0.005832,-0.024096,-0.026982,0.999328,-0.055738,0.021805,0.106402,0.304184,-0.231418,0.007533,-0.045884,-0.029739,-0.053721,0.320973,-0.258515,0.000223,0.061208,-0.044355,-0.04292,-0.080647,0.324874,-0.900907,0.254645,-0.21571,0.226296,-0.601374,-0.281176,-0.218715,0.967824,0.378023,0.277971,0.101477,0.487445
0.879618,-2.720426,0.777706,0.006014,-0.023896,-0.026747,0.999338,-0.055385,0.02127,0.106514,0.302056,-0.22974,0.007597,-0.046309,-0.030258,-0.053898,0.320949,-0.258447,0.000414,0.061033,-0.044998,-0.043074,-0.081395,0.325816,-0.902397,0.25482,-0.21588,0.225904,-0.600655,-0.281473,-0.21915,0.968766,0.378048,0.277896,0.101569,0.487495
0.879588,-2.720435,0.777748,0.006189,-0.023822,-0.026708,0.99934,-0.055129,0.020706,0.105871,0.300808,-0.228867,0.007744,-0.046576,-0.030699,-0.05398,0.321091,-0.258619,0.000096,0.061301,-0.045421,-0.042886,-0.082153,0.32656,-0.903908,0.255088,-0.2169,0.224804,-0.60029,-0.281686,-0.219658,0.969585,0.377932,0.278116,0.101224,0.487477
0.879529,-2.72044,0.777743,0.006159,-0.023739,-0.026622,0.999345,-0.055077,0.020675,0.105585,0.300163,-0.22849,0.007887,-0.046775,-0.030704,-0.054247,0.320964,-0.258426,0.000219,0.061515,-0.04531,-0.042541,-0.082939,0.327203,-0.905233,0.255489,-0.218008,0.223417,-0.599928,-0.281907,-0.220189,0.970147,0.377763,0.278649,0.100453,0.487358
0.879444,-2.720447,0.777794,0.006205,-0.023714,-0.026513,0.999348,-0.055534,0.020748,0.10634,0.300702,-0.22805,0.007536,-0.046911,-0.030837,-0.05445,0.320829,-0.257984,0.000602,0.061516,-0.045279,-0.042005,-0.083188,0.327488,-0.905831,0.255652,-0.218615,0.222568,-0.600018,-0.282012,-0.220431,0.970325,0.377643,0.279156,0.09985,0.487447
0.879333,-2.72044,0.777802,0.006241,-0.02367,-0.026603,0.999346,-0.056196,0.020592,0.105925,0.301313,-0.228116,0.008129,-0.047224,-0.030864,-0.054128,0.320883,-0.257466,0.00051,0.061682,-0.04504,-0.041585,-0.083423,0.327835,-0.906268,0.255901,-0.218962,0.221785,-0.599928,-0.282053,-0.220584,0.970569,0.377654,0.279726,0.099415,0.487579
0.879214,-2.720403,0.777794,0.006253,-0.023512,-0.026731,0.999347,-0.056728,0.020539,0.105761,0.301304,-0.228007,0.008318,-0.047702,-0.030734,-0.053676,0.320572,-0.257107,0.000223,0.061838,-0.044731,-0.041514,-0.083347,0.327616,-0.906246,0.255972,-0.219293,0.221401,-0.600049,-0.282166,-0.220852,0.9709,0.377528,0.280126,0.099262,0.487879
0.879109,-2.720374,0.777833,0.006194,-0.023334,-0.026893,0.999347,-0.057065,0.020691,0.105954,0.301144,-0.227864,0.008206,-0.048269,-0.030609,-0.053581,0.32043,-0.256982,0.000177,0.061959,-0.044158,-0.041695,-0.083481,0.327475,-0.906416,0.256133,-0.219588,0.220959,-0.600029,-0.282185,-0.221194,0.971193,0.377441,0.280446,0.099292,0.488174
0.878999,-2.720321,0.777818,0.0063,-0.023244,-0.026959,0.999346,-0.057598,0.020519,0.106596,0.301371,-0.227487,0.008221,-0.048681,-0.030936,-0.053567,0.320448,-0.256905,0.000361,0.061773,-0.043797,-0.041816,-0.083754,0.327458,-0.906623,0.256483,-0.219118,0.221293,-0.600328,-0.282165,-0.221533,0.971536,0.377483,0.280765,0.099413,0.488222
0.878912,-2.720267,0.777805,0.006382,-0.023124,-0.027125,0.999344,-0.057803,0.020222,0.106122,0.300947,-0.227486,0.008344,-0.049229,-0.031062,-0.05329,0.320622,-0.256958,0.000191,0.061572,-0.043441,-0.041983,-0.083872,0.327369,-0.90662,0.256695,-0.219086,0.221169,-0.600963,-0.282335,-0.221684,0.971785,0.377571,0.28095,0.099604,0.48846
0.878843,-2.72023,0.777825,0.006374,-0.023026,-0.027206,0.999344,-0.057827,0.020156,0.10614,0.300454,-0.227227,0.008378,-0.049673,-0.031031,-0.05307,0.320763,-0.25679,0.00039,0.061217,-0.04292,-0.04209,-0.083999,0.327467,-0.906719,0.25684,-0.219061,0.220882,-0.601885,-0.282204,-0.221604,0.971812,0.377604,0.281281,0.0995,0.488387
0.878783,-2.720217,0.777826,0.006403,-0.022991,-0.027229,0.999344,-0.058009,0.020294,0.107012,0.300466,-0.226778,0.007797,-0.049957,-0.031157,-0.053161,0.321002,-0.256857,0.000368,0.060795,-0.042483,-0.041977,-0.083822,0.327536,-0.906517,0.256975,-0.218853,0.220798,-0.602669,-0.282035,-0.221364,0.971729,0.377692,0.281329,0.099639,0.488209
0.878668,-2.720203,0.777844,0.006413,-0.02293,-0.027292,0.999344,-0.05825,0.020196,0.106748,0.300313,-0.226793,0.008015,-0.050377,-0.031147,-0.052932,0.321105,-0.256625,0.000398,0.06056,-0.041787,-0.041749,-0.083661,0.327645,-0.90682,0.257483,-0.218811,0.220421,-0.603042,-0.281987,-0.221058,0.971635,0.377922,0.281129,0.100008,0.487912
0.878594,-2.720197,0.777845,0.006429,-0.022804,-0.027296,0.999347,-0.058563,0.020162,0.10691,0.3002,-0.226633,0.008169,-0.050673,-0.031173,-0.052915,0.320884,-0.256308,0.000607,0.06045,-0.041038,-0.041624,-0.083692,0.328124,-0.907937,0.258227,-0.218767,0.220154,-0.603302,-0.281884,-0.220767,0.971466,0.378329,0.280641,0.10057,0.487027
0.878512,-2.720182,0.777842,0.006397,-0.022624,-0.027359,0.999349,-0.058851,0.020187,0.106622,0.299751,-0.226623,0.007945,-0.051038,-0.031104,-0.052854,0.320498,-0.256374,0.000524,0.060652,-0.040262,-0.041655,-0.083987,0.32797,-0.908133,0.258372,-0.219399,0.219337,-0.603012,-0.281645,-0.220457,0.971104,0.378567,0.280644,0.100721,0.485873
0.878437,-2.720201,0.777835,0.006528,-0.022494,-0.02734,0.999352,-0.059332,0.020006,0.10718,0.299825,-0.226163,0.008022,-0.051313,-0.031313,-0.052742,0.320214,-0.256185,0.00065,0.060685,-0.039575,-0.041505,-0.084899,0.329449,-0.910678,0.259126,-0.218418,0.21832,-0.602909,-0.281782,-0.220487,0.971186,0.378693,0.280636,0.100798,0.485317
0.878377,-2.720199,0.777869,0.006655,-0.022312,-0.027399,0.999353,-0.059822,0.019718,0.106867,0.299597,-0.225923,0.008203,-0.051809,-0.031621,-0.052769,0.320146,-0.256191,0.000548,0.060986,-0.03897,-0.041421,-0.0844,0.327915,-0.908397,0.258347,-0.220685,0.216888,-0.602192,-0.281935,-0.220592,0.970925,0.378724,0.280315,0.101059,0.485472
0.878331,-2.720238,0.777863,0.006701,-0.022049,-0.027369,0.99936,-0.060055,0.019519,0.106504,0.298814,-0.2254,0.008277,-0.052322,-0.031581,-0.052655,0.319821,-0.256058,0.000664,0.060835,-0.038138,-0.041513,-0.083448,0.327029,-0.907649,0.258789,-0.221138,0.218133,-0.602346,-0.282202,-0.220689,0.971047,0.378682,0.280022,0.101217,0.486292
0.878322,-2.720296,0.777876,0.006791,-0.021875,-0.027325,0.999364,-0.060388,0.019345,0.106547,0.298474,-0.225038,0.008505,-0.052683,-0.031822,-0.052849,0.319806,-0.25625,0.000359,0.060814,-0.037488,-0.041516,-0.08252,0.325731,-0.906514,0.258879,-0.221178,0.2198,-0.602877,-0.282189,-0.220653,0.970802,0.378715,0.279657,0.101122,0.487463
0.878342,-2.720385,0.777906,0.006975,-0.021764,-0.027219,0.999368,-0.060779,0.019144,0.106932,0.298738,-0.224467,0.008375,-0.052966,-0.032071,-0.052947,0.319994,-0.256191,0.000231,0.060791,-0.037076,-0.04147,-0.081888,0.324696,-0.905369,0.258974,-0.221143,0.22072,-0.603143,-0.281933,-0.220464,0.970131,0.378867,0.279232,0.101047,0.488752
0.87838,-2.720487,0.777868,0.007026,-0.02164,-0.027244,0.99937,-0.060968,0.019137,0.106735,0.298744,-0.224455,0.008172,-0.053177,-0.032004,-0.052833,0.319974,-0.256309,0.000224,0.06089,-0.036344,-0.04156,-0.081597,0.324208,-0.904826,0.258982,-0.221298,0.2208,-0.60344,-0.281676,-0.220341,0.969689,0.378954,0.278883,0.101062,0.489946
0.878438,-2.720612,0.777879,0.007111,-0.021644,-0.027185,0.999371,-0.061296,0.019256,0.107084,0.299454,-0.224395,0.008066,-0.053244,-0.032108,-0.052914,0.320295,-0.256435,0.000791,0.060706,-0.035638,-0.04152,-0.081521,0.324018,-0.90468,0.259258,-0.220617,0.221343,-0.604073,-0.281656,-0.220254,0.969602,0.379214,0.278483,0.101289,0.491023
0.878505,-2.720732,0.777872,0.007259,-0.021615,-0.027242,0.999369,-0.06145,0.019135,0.107022,0.299788,-0.224408,0.00796,-0.053242,-0.032238,-0.052798,0.320373,-0.256755,0.000554,0.060819,-0.034993,-0.04189,-0.08136,0.32351,-0.904102,0.259143,-0.220318,0.221454,-0.604922,-0.281778,-0.220391,0.969531,0.379487,0.278176,0.101337,0.492013
0.878627,-2.720864,0.777847,0.007275,-0.021532,-0.027306,0.999369,-0.061179,0.019178,0.106745,0.299422,-0.224595,0.007943,-0.053264,-0.032049,-0.052658,0.320361,-0.257152,0.000443,0.060676,-0.033951,-0.042476,-0.081133,0.323318,-0.903648,0.259075,-0.220383,0.220983,-0.605128,-0.281852,-0.220316,0.969327,0.37967,0.277985,0.101668,0.492708
0.878722,-2.721008,0.777862,0.007375,-0.021541,-0.027302,0.999368,-0.060977,0.019148,0.106615,0.299223,-0.224516,0.007984,-0.053194,-0.032126,-0.052816,0.320637,-0.257444,0.000372,0.060408,-0.032881,-0.042969,-0.080855,0.323144,-0.903451,0.259112,-0.220162,0.220977,-0.605232,-0.282095,-0.220366,0.96947,0.379878,0.277636,0.102261,0.492977
0.878839,-2.72118,0.777854,0.007612,-0.021588,-0.027147,0.999369,-0.060909,0.018871,0.106968,0.299421,-0.224016,0.007903,-0.052937,-0.032475,-0.052953,0.320773,-0.25774,0.000234,0.059773,-0.031913,-0.043388,-0.080563,0.323064,-0.90354,0.259144,-0.220055,0.220936,-0.605309,-0.282214,-0.22033,0.969869,0.380186,0.27744,0.102748,0.492775
0.878936,-2.721327,0.77785,0.007688,-0.021567,-0.02709,0.999371,-0.060539,0.018914,0.10691,0.29886,-0.22391,0.007431,-0.052834,-0.032457,-0.053044,0.320879,-0.258102,-0.000076,0.059376,-0.030779,-0.043661,-0.080051,0.322696,-0.902763,0.258832,-0.220069,0.220674,-0.605135,-0.282208,-0.2203,0.969996,0.38037,0.277221,0.103193,0.49255
0.879015,-2.721492,0.777847,0.007799,-0.021562,-0.027077,0.99937,-0.060261,0.018725,0.106182,0.298429,-0.223874,0.007722,-0.052759,-0.03247,-0.053031,0.320969,-0.258078,0.000256,0.059096,-0.029664,-0.043534,-0.079505,0.322333,-0.901874,0.258521,-0.219775,0.220496,-0.605299,-0.282091,-0.220311,0.970421,0.380633,0.276936,0.10362,0.492603
0.879055,-2.721653,0.777864,0.00779,-0.02146,-0.027003,0.999375,-0.060051,0.018823,0.105829,0.297769,-0.223474,0.007544,-0.052812,-0.032273,-0.053163,0.320812,-0.258278,-0.000213,0.058842,-0.028481,-0.043152,-0.078725,0.321733,-0.900729,0.258116,-0.218956,0.220944,-0.606158,-0.281793,-0.220264,0.970636,0.380833,0.276864,0.103771,0.492323
0.879038,-2.721829,0.777886,0.007851,-0.021339,-0.026831,0.999381,-0.060337,0.019001,0.106002,0.297555,-0.223194,0.007161,-0.052979,-0.03215,-0.053416,0.320707,-0.258054,-0.000395,0.058879,-0.027814,-0.042441,-0.077932,0.320981,-0.899503,0.257662,-0.218455,0.221121,-0.607233,-0.281452,-0.220267,0.970877,0.381221,0.277014,0.103574,0.491901
0.878995,-2.72201,0.777892,0.007964,-0.021158,-0.026609,0.99939,-0.061101,0.01902,0.106166,0.298035,-0.222724,0.007113,-0.053312,-0.03231,-0.053904,0.320583,-0.258076,-0.00015,0.059293,-0.027383,-0.041579,-0.077049,0.320288,-0.899097,0.257607,-0.218213,0.221708,-0.608387,-0.280587,-0.220046,0.971263,0.381574,0.277832,0.103451,0.49171
0.878913,-2.72221,0.777852,0.008018,-0.02076,-0.026429,0.999403,-0.062054,0.019043,0.105153,0.297525,-0.222582,0.006806,-0.054028,-0.032119,-0.054179,0.320159,-0.258061,-0.000447,0.059903,-0.027073,-0.041054,-0.075782,0.319491,-0.89867,0.257247,-0.218315,0.222425,-0.6097,-0.280368,-0.220189,0.971528,0.381748,0.27822,0.103551,0.491434
0.878885,-2.722387,0.77789,0.007962,-0.020241,-0.026136,0.999422,-0.063053,0.019256,0.104638,0.297046,-0.222257,0.006356,-0.054891,-0.031783,-0.054637,0.319617,-0.257726,-0.000463,0.060477,-0.026752,-0.040988,-0.07507,0.318754,-0.898628,0.257359,-0.218617,0.223333,-0.610302,-0.279793,-0.219879,0.9716,0.382115,0.278838,0.103604,0.49078
0.878853,-2.722586,0.77791,0.007906,-0.019842,-0.025713,0.999441,-0.064259,0.019473,0.103864,0.297213,-0.222073,0.006224,-0.055676,-0.031611,-0.055519,0.319527,-0.257248,-0.000777,0.060822,-0.026476,-0.041121,-0.076315,0.321167,-0.903148,0.258296,-0.215219,0.224699,-0.61094,-0.279528,-0.219612,0.971766,0.382633,0.279416,0.103366,0.489637
0.878843,-2.722731,0.77791,0.007943,-0.019532,-0.02508,0.999463,-0.065391,0.019392,0.102836,0.297454,-0.221762,0.006092,-0.056021,-0.031783,-0.056711,0.319289,-0.257585,-0.000966,0.06133,-0.026678,-0.041831,-0.079014,0.323987,-0.906404,0.257787,-0.211146,0.223592,-0.610852,-0.279501,-0.219812,0.971991,0.382738,0.279243,0.103328,0.488572
0.878862,-2.722895,0.777883,0.008081,-0.019365,-0.024481,0.99948,-0.066374,0.019059,0.101929,0.297982,-0.221553,0.006304,-0.056037,-0.032212,-0.057941,0.319182,-0.258152,-0.000934,0.0617,-0.027141,-0.042356,-0.080127,0.325537,-0.907481,0.25739,-0.210502,0.220843,-0.610784,-0.279642,-0.219832,0.971894,0.382552,0.279278,0.103076,0.4874
0.878941,-2.723024,0.777861,0.008029,-0.019256,-0.024113,0.999492,-0.066302,0.018856,0.100077,0.297597,-0.221945,0.006687,-0.056095,-0.032061,-0.058469,0.319364,-0.258504,-0.00067,0.06235,-0.02743,-0.043055,-0.080953,0.326353,-0.908103,0.25732,-0.210355,0.218555,-0.611037,-0.279651,-0.219962,0.971729,0.382283,0.279526,0.102584,0.48628
0.879016,-2.72317,0.777833,0.008119,-0.01932,-0.023597,0.999502,-0.06639,0.01866,0.099538,0.297784,-0.221889,0.006488,-0.055665,-0.032333,-0.059491,0.319489,-0.259051,-0.00075,0.062598,-0.028111,-0.043327,-0.08102,0.326351,-0.907788,0.257376,-0.210428,0.217506,-0.611457,-0.279367,-0.219907,0.971417,0.38223,0.279517,0.102926,0.485261
0.879128,-2.723317,0.777837,0.008154,-0.019513,-0.023168,0.999508,-0.066313,0.018748,0.099436,0.298418,-0.221575,0.006195,-0.055052,-0.032536,-0.06029,0.319911,-0.259467,-0.000749,0.062868,-0.028735,-0.043498,-0.080678,0.326084,-0.907313,0.25741,-0.210166,0.217438,-0.612189,-0.278859,-0.219739,0.971336,0.382245,0.279972,0.103114,0.48339
0.879202,-2.723415,0.777867,0.008215,-0.019703,-0.022966,0.999508,-0.066024,0.018596,0.09893,0.298839,-0.221738,0.006102,-0.054572,-0.032634,-0.060635,0.320223,-0.259491,-0.001046,0.063378,-0.029272,-0.043676,-0.080256,0.325488,-0.906555,0.257248,-0.209738,0.218172,-0.613081,-0.279017,-0.219886,0.971529,0.382503,0.28018,0.103455,0.481539
0.879272,-2.723473,0.777835,0.00814,-0.019764,-0.022972,0.999508,-0.065516,0.018769,0.098561,0.298481,-0.22171,0.005975,-0.05424,-0.032308,-0.060589,0.32009,-0.259436,-0.001251,0.063908,-0.029411,-0.043848,-0.077439,0.321898,-0.901965,0.25685,-0.213212,0.219893,-0.613585,-0.279546,-0.220077,0.97143,0.382466,0.280036,0.103422,0.48012
0.879329,-2.723508,0.777861,0.008067,-0.019795,-0.022925,0.999509,-0.065245,0.018959,0.098487,0.298234,-0.221854,0.005802,-0.053889,-0.032139,-0.060621,0.319718,-0.259643,-0.001256,0.064083,-0.029469,-0.043813,-0.074983,0.318894,-0.899333,0.256543,-0.216539,0.223143,-0.613602,-0.280014,-0.220199,0.971679,0.38246,0.279949,0.103255,0.479735
0.87935,-2.723527,0.777876,0.00812,-0.01986,-0.022837,0.999509,-0.065235,0.019073,0.099293,0.298449,-0.221567,0.005258,-0.053455,-0.03233,-0.06099,0.319337,-0.259783,-0.001298,0.063945,-0.029513,-0.04371,-0.074277,0.318309,-0.900018,0.25748,-0.216895,0.226879,-0.612413,-0.280255,-0.220136,0.972008,0.382391,0.279933,0.103083,0.480214
0.879268,-2.723529,0.777837,0.008196,-0.019849,-0.022936,0.999506,-0.065132,0.018753,0.098831,0.297955,-0.221653,0.005784,-0.053479,-0.032465,-0.060901,0.318993,-0.259687,-0.001009,0.064017,-0.029594,-0.04369,-0.07381,0.317366,-0.898988,0.256692,-0.21804,0.228694,-0.610289,-0.280295,-0.219967,0.971668,0.382297,0.279607,0.103215,0.481072
0.87923,-2.723485,0.777866,0.00813,-0.019804,-0.022997,0.999506,-0.064918,0.0188,0.098646,0.297297,-0.22158,0.00586,-0.053597,-0.032236,-0.060585,0.318778,-0.259325,-0.001009,0.063704,-0.02913,-0.043712,-0.073753,0.317481,-0.899217,0.256269,-0.219094,0.22864,-0.607758,-0.280218,-0.219861,0.971483,0.382212,0.279231,0.103314,0.482077
0.879166,-2.723408,0.77787,0.00816,-0.019864,-0.023034,0.999504,-0.064935,0.018763,0.099464,0.297433,-0.221262,0.005697,-0.053672,-0.032478,-0.060567,0.31895,-0.259336,-0.001136,0.063167,-0.02874,-0.043452,-0.073252,0.317164,-0.899089,0.255106,-0.222426,0.225079,-0.605477,-0.279966,-0.219718,0.971214,0.3822,0.279025,0.10326,0.483129
0.879025,-2.723341,0.777859,0.008173,-0.019912,-0.023221,0.999499,-0.064876,0.0188,0.099867,0.297211,-0.221147,0.005591,-0.053863,-0.032591,-0.060759,0.319049,-0.259324,-0.001351,0.062886,-0.028258,-0.043398,-0.073671,0.31809,-0.900049,0.255132,-0.224362,0.221791,-0.603943,-0.280343,-0.219944,0.971539,0.382294,0.278416,0.103417,0.484617
0.878921,-2.723209,0.777876,0.008111,-0.020009,-0.023351,0.999494,-0.065028,0.018709,0.099332,0.297497,-0.221187,0.006064,-0.054196,-0.032534,-0.060213,0.31964,-0.25854,-0.000823,0.062645,-0.027739,-0.043019,-0.074346,0.319036,-0.900888,0.255302,-0.224472,0.220092,-0.603347,-0.279879,-0.219746,0.971017,0.38202,0.278356,0.103374,0.486053
0.878785,-2.723136,0.777881,0.008,-0.020029,-0.023519,0.999491,-0.064851,0.018695,0.098902,0.297097,-0.221121,0.006476,-0.054443,-0.03229,-0.059872,0.319605,-0.258072,-0.000742,0.062402,-0.027123,-0.043074,-0.076512,0.322027,-0.905219,0.256248,-0.220517,0.219604,-0.604011,-0.280414,-0.220156,0.971501,0.382023,0.277743,0.103326,0.487572
0.878622,-2.723033,0.777913,0.008077,-0.020165,-0.023497,0.999488,-0.064979,0.018629,0.099919,0.297294,-0.220434,0.00625,-0.054411,-0.032615,-0.059806,0.319681,-0.257758,-0.000805,0.062141,-0.027045,-0.043093,-0.078704,0.324465,-0.907194,0.255669,-0.217113,0.217035,-0.604991,-0.280429,-0.220445,0.971347,0.381989,0.277189,0.103175,0.489027
0.878476,-2.722924,0.777927,0.0081,-0.020229,-0.023641,0.999483,-0.064705,0.018332,0.099742,0.296727,-0.220007,0.006444,-0.054557,-0.032767,-0.059575,0.319627,-0.257404,-0.000587,0.061934,-0.026834,-0.043161,-0.079691,0.325684,-0.907549,0.255924,-0.215814,0.214377,-0.606112,-0.280698,-0.220566,0.971337,0.382086,0.276882,0.102759,0.490201
0.878286,-2.722788,0.777934,0.008186,-0.0203,-0.023658,0.99948,-0.064379,0.017869,0.099635,0.295672,-0.219413,0.006617,-0.054559,-0.033177,-0.059449,0.319371,-0.257471,-0.000334,0.061663,-0.02682,-0.043118,-0.080602,0.327022,-0.908619,0.256643,-0.212907,0.214656,-0.608053,-0.280484,-0.220467,0.970921,0.382129,0.277122,0.102405,0.490791
0.878147,-2.722676,0.77796,0.008339,-0.020472,-0.023565,0.999478,-0.064152,0.017394,0.100133,0.295341,-0.218739,0.006706,-0.054416,-0.033752,-0.059515,0.319499,-0.2576,-0.000461,0.061318,-0.027124,-0.043,-0.080351,0.326753,-0.908305,0.256847,-0.211403,0.215772,-0.610177,-0.280187,-0.220192,0.970561,0.382176,0.277378,0.102287,0.490644
0.878029,-2.722575,0.777954,0.008398,-0.020632,-0.023522,0.999475,-0.063839,0.01702,0.100118,0.29509,-0.218521,0.007001,-0.054225,-0.033975,-0.059258,0.319473,-0.257326,-0.000281,0.061244,-0.027263,-0.042802,-0.08003,0.326375,-0.90787,0.257024,-0.211104,0.216588,-0.611613,-0.279013,-0.219437,0.970049,0.381973,0.278306,0.102691,0.48976
0.877884,-2.722466,0.777961,0.008307,-0.020784,-0.023492,0.999473,-0.063526,0.016928,0.099434,0.294685,-0.218571,0.007197,-0.053983,-0.034009,-0.059667,0.319396,-0.257281,-0.000424,0.061612,-0.027084,-0.042712,-0.079855,0.326001,-0.907623,0.257044,-0.211505,0.216992,-0.612105,-0.278406,-0.218954,0.969192,0.38215,0.279009,0.103258,0.487988
0.877732,-2.722388,0.77796,0.008195,-0.020928,-0.023335,0.999475,-0.063657,0.017099,0.099921,0.295282,-0.218663,0.007174,-0.053744,-0.034031,-0.060045,0.319196,-0.257221,-0.000202,0.061653,-0.027231,-0.042623,-0.077333,0.322674,-0.903006,0.256166,-0.21636,0.217311,-0.611152,-0.278733,-0.218843,0.96892,0.382409,0.2789,0.10356,0.485815
0.877541,-2.722335,0.777924,0.008071,-0.021001,-0.023154,0.999479,-0.064322,0.017389,0.099814,0.296194,-0.218984,0.00677,-0.053757,-0.033855,-0.060301,0.319078,-0.25677,0.000083,0.06166,-0.027248,-0.042784,-0.076212,0.321266,-0.902061,0.256215,-0.21915,0.218211,-0.609658,-0.279073,-0.218923,0.969268,0.382432,0.279008,0.103547,0.484374
0.877381,-2.722267,0.777913,0.007809,-0.020961,-0.023115,0.999483,-0.064818,0.017712,0.098897,0.296674,-0.219556,0.00698,-0.054047,-0.033351,-0.060548,0.319037,-0.256314,-0.000101,0.06212,-0.026964,-0.043289,-0.076057,0.320503,-0.902115,0.256618,-0.219884,0.220177,-0.607195,-0.279355,-0.219292,0.969689,0.38246,0.279147,0.103451,0.483928
0.877225,-2.72219,0.777892,0.007667,-0.02098,-0.023008,0.999486,-0.065389,0.017842,0.098546,0.297422,-0.220097,0.007274,-0.054243,-0.033173,-0.06072,0.319113,-0.256164,-0.000138,0.062244,-0.026932,-0.043662,-0.076025,0.32046,-0.902024,0.255982,-0.219905,0.221434,-0.605189,-0.279564,-0.219553,0.970028,0.382237,0.279331,0.103264,0.484096
0.877082,-2.722091,0.777896,0.007635,-0.021106,-0.022885,0.999486,-0.065773,0.017896,0.098789,0.298215,-0.220171,0.007266,-0.054251,-0.033283,-0.06089,0.319372,-0.256121,-0.000199,0.061897,-0.026996,-0.043938,-0.076109,0.32073,-0.902272,0.255603,-0.219627,0.221966,-0.604195,-0.279779,-0.219664,0.970442,0.381769,0.279915,0.10226,0.484593
0.876949,-2.722017,0.777863,0.007605,-0.021256,-0.022743,0.999486,-0.065931,0.017818,0.098708,0.298618,-0.22017,0.007395,-0.054177,-0.033428,-0.061182,0.319588,-0.256069,-0.000002,0.06173,-0.027184,-0.044053,-0.076023,0.320665,-0.90182,0.255046,-0.219724,0.221668,-0.603958,-0.280004,-0.219879,0.970749,0.381726,0.280091,0.10128,0.484941
0.876826,-2.72192,0.777889,0.007552,-0.021398,-0.022735,0.999484,-0.065481,0.017635,0.098168,0.29811,-0.220217,0.007669,-0.053859,-0.033433,-0.061265,0.319203,-0.25605,0.00025,0.061669,-0.027424,-0.044214,-0.075842,0.321088,-0.901696,0.254486,-0.220672,0.219693,-0.603848,-0.279882,-0.219732,0.9709,0.381998,0.280068,0.100942,0.485182
0.876713,-2.72185,0.777886,0.007579,-0.021624,-0.022635,0.999481,-0.064972,0.017467,0.098503,0.297708,-0.219967,0.007507,-0.053311,-0.033658,-0.061278,0.318853,-0.256063,0.000551,0.061635,-0.027769,-0.044355,-0.076298,0.3215,-0.902285,0.255203,-0.220368,0.219381,-0.603866,-0.279557,-0.219358,0.970748,0.382509,0.279613,0.101782,0.48531
0.87658,-2.721776,0.777871,0.007617,-0.021887,-0.022669,0.999474,-0.064528,0.017299,0.098724,0.297585,-0.219837,0.007519,-0.052831,-0.033891,-0.061319,0.318697,-0.256068,0.000404,0.06178,-0.028205,-0.044243,-0.076179,0.321989,-0.902234,0.254811,-0.220605,0.218187,-0.604585,-0.279183,-0.219075,0.97032,0.382451,0.279397,0.102427,0.485292
0.876416,-2.721681,0.777888,0.007523,-0.022039,-0.022787,0.999469,-0.063675,0.017441,0.099023,0.296293,-0.219685,0.007154,-0.052676,-0.033731,-0.061299,0.318527,-0.255574,0.000292,0.061899,-0.028394,-0.044455,-0.076284,0.321597,-0.902328,0.255261,-0.220063,0.219017,-0.605506,-0.279043,-0.218916,0.970047,0.382388,0.279131,0.103297,0.48536
0.876251,-2.721602,0.777874,0.007504,-0.022228,-0.022918,0.999462,-0.062923,0.017335,0.099184,0.29522,-0.219337,0.007325,-0.052582,-0.033732,-0.060749,0.318535,-0.255498,0.0008,0.062043,-0.028573,-0.044421,-0.075776,0.320225,-0.901224,0.255261,-0.220979,0.219171,-0.605766,-0.278758,-0.218593,0.969739,0.382061,0.279267,0.10395,0.485687
0.876077,-2.721506,0.777871,0.007502,-0.022478,-0.023066,0.999453,-0.062327,0.017209,0.099364,0.294701,-0.219267,0.00755,-0.052509,-0.033788,-0.060433,0.318931,-0.255468,0.000423,0.062041,-0.028689,-0.044197,-0.075748,0.319949,-0.90089,0.255296,-0.22132,0.219128,-0.605557,-0.278971,-0.218696,0.969737,0.381726,0.278976,0.104385,0.487034
0.875899,-2.721413,0.777869,0.007327,-0.022776,-0.023185,0.999445,-0.061775,0.01756,0.099566,0.29454,-0.21954,0.007307,-0.052468,-0.033521,-0.060374,0.319694,-0.255212,0.000256,0.061976,-0.028332,-0.043904,-0.076118,0.320251,-0.901545,0.255632,-0.221109,0.219475,-0.605226,-0.278878,-0.218944,0.96938,0.381155,0.279127,0.103486,0.488189
0.875737,-2.721314,0.777854,0.007216,-0.023046,-0.023275,0.999437,-0.061471,0.017691,0.099692,0.294874,-0.219822,0.007335,-0.052371,-0.033299,-0.060064,0.320071,-0.254681,0.000289,0.061878,-0.028187,-0.043695,-0.076254,0.320279,-0.901751,0.255946,-0.220049,0.221126,-0.605269,-0.278975,-0.219227,0.969022,0.381281,0.278869,0.102582,0.488886
0.875598,-2.721187,0.777866,0.007021,-0.023254,-0.023378,0.999432,-0.061259,0.018035,0.099838,0.29511,-0.220313,0.007342,-0.052368,-0.033007,-0.060027,0.320612,-0.254138,0.000091,0.061613,-0.027821,-0.043481,-0.075714,0.31959,-0.901064,0.255668,-0.221271,0.220493,-0.604942,-0.279316,-0.219461,0.969006,0.381593,0.278264,0.101942,0.489103
0.875423,-2.721066,0.777849,0.006923,-0.023388,-0.0235,0.999426,-0.061212,0.01813,0.099977,0.295252,-0.22055,0.007404,-0.052318,-0.032975,-0.060022,0.320533,-0.254217,0.000319,0.061393,-0.027389,-0.04337,-0.075654,0.319779,-0.90127,0.25592,-0.221671,0.220187,-0.60469,-0.279701,-0.219455,0.969472,0.382068,0.277792,0.101902,0.489215
0.875262,-2.720937,0.77784,0.006845,-0.0235,-0.0236,0.999422,-0.060979,0.018097,0.100058,0.294963,-0.221024,0.007614,-0.052382,-0.032913,-0.059926,0.320566,-0.253721,0.000347,0.061101,-0.026954,-0.04333,-0.075577,0.319886,-0.901287,0.256105,-0.221758,0.220256,-0.604405,-0.280151,-0.219269,0.969549,0.382316,0.277339,0.10227,0.489246
0.875138,-2.7208,0.777834,0.00669,-0.023556,-0.023707,0.999419,-0.060715,0.018242,0.099896,0.294386,-0.221563,0.007846,-0.052498,-0.032709,-0.05963,0.32057,-0.253603,0.000848,0.060856,-0.026382,-0.043371,-0.075354,0.319549,-0.900763,0.255932,-0.222003,0.220202,-0.6043,-0.280237,-0.218989,0.96942,0.382489,0.277376,0.102411,0.489322
0.875022,-2.720681,0.77781,0.006632,-0.023595,-0.023836,0.999415,-0.060528,0.018221,0.100205,0.293919,-0.221765,0.008062,-0.052485,-0.032741,-0.059662,0.320315,-0.253569,0.000847,0.060769,-0.025961,-0.04336,-0.075317,0.319299,-0.900394,0.255909,-0.222121,0.219929,-0.604362,-0.28009,-0.2187,0.9691,0.382711,0.277695,0.102519,0.488942
0.874949,-2.720559,0.777828,0.006554,-0.023673,-0.023953,0.999411,-0.06033,0.01834,0.100526,0.293774,-0.22163,0.007877,-0.052576,-0.032689,-0.05946,0.320506,-0.253358,0.000576,0.060884,-0.02554,-0.043298,-0.075357,0.319071,-0.900274,0.256095,-0.222069,0.21956,-0.604702,-0.280073,-0.218728,0.969027,0.38279,0.277635,0.102701,0.48903
0.874882,-2.720444,0.777828,0.006461,-0.023738,-0.023974,0.99941,-0.060219,0.018345,0.100414,0.293631,-0.221967,0.00811,-0.052756,-0.032538,-0.059042,0.320877,-0.253086,0.000408,0.061022,-0.025094,-0.043111,-0.075603,0.318932,-0.900254,0.256292,-0.22165,0.219467,-0.605362,-0.279245,-0.218561,0.96857,0.38261,0.278286,0.102639,0.488181
0.874854,-2.720341,0.777801,0.00652,-0.023742,-0.024017,0.999408,-0.060235,0.018133,0.100778,0.293647,-0.221784,0.008036,-0.052662,-0.032785,-0.059007,0.320584,-0.253237,0.000628,0.061209,-0.024935,-0.043108,-0.075873,0.318981,-0.900307,0.256548,-0.221089,0.219471,-0.606251,-0.278955,-0.218541,0.968668,0.382683,0.278915,0.102676,0.486476
0.874842,-2.720263,0.777795,0.006622,-0.023767,-0.023994,0.999408,-0.060361,0.017783,0.10074,0.29392,-0.221681,0.008247,-0.052424,-0.033173,-0.059053,0.320207,-0.253444,0.000951,0.061248,-0.024897,-0.043122,-0.075794,0.318871,-0.900034,0.2566,-0.220517,0.219621,-0.607339,-0.279162,-0.218583,0.969002,0.382741,0.279281,0.102812,0.484599
0.874837,-2.720202,0.7778,0.006695,-0.023789,-0.0239,0.999409,-0.06055,0.017503,0.10074,0.294312,-0.22131,0.008291,-0.052174,-0.033526,-0.059225,0.319863,-0.253906,0.001091,0.061188,-0.024828,-0.043151,-0.075876,0.318946,-0.899958,0.256678,-0.220078,0.219548,-0.608348,-0.279566,-0.218745,0.969494,0.382861,0.279505,0.102867,0.482785
0.874843,-2.720154,0.777823,0.006851,-0.023805,-0.023778,0.99941,-0.060892,0.017065,0.100773,0.294932,-0.220804,0.008586,-0.051899,-0.033982,-0.059217,0.319449,-0.254085,0.001335,0.061212,-0.025108,-0.043092,-0.076018,0.318924,-0.899866,0.256822,-0.219247,0.22019,-0.609299,-0.279392,-0.218658,0.969759,0.382694,0.280072,0.102805,0.481556
0.874847,-2.720141,0.777833,0.00701,-0.023813,-0.023689,0.999411,-0.061156,0.016621,0.100509,0.295323,-0.220129,0.008779,-0.051769,-0.034453,-0.059459,0.319309,-0.254176,0.001308,0.061405,-0.025508,-0.043025,-0.076023,0.319047,-0.900029,0.256816,-0.218869,0.220539,-0.609859,-0.27906,-0.218594,0.970088,0.382648,0.280706,0.103214,0.480958
0.874885,-2.720141,0.77788,0.007094,-0.023842,-0.02357,0.999413,-0.061239,0.01637,0.100474,0.295626,-0.219644,0.008639,-0.051732,-0.034728,-0.059406,0.319534,-0.25428,0.001441,0.061547,-0.025868,-0.043033,-0.075928,0.319181,-0.90047,0.256985,-0.219262,0.220532,-0.609547,-0.279238,-0.218747,0.970732,0.382711,0.280854,0.103748,0.48121
0.874886,-2.720168,0.777891,0.007077,-0.023866,-0.023437,0.999415,-0.061353,0.016411,0.100108,0.29579,-0.219341,0.00862,-0.0518,-0.034701,-0.059481,0.319841,-0.25393,0.001513,0.06176,-0.026231,-0.042908,-0.075793,0.319088,-0.900864,0.256794,-0.221039,0.219384,-0.60837,-0.279679,-0.218971,0.971527,0.382677,0.280665,0.104076,0.482346
0.874908,-2.720235,0.777865,0.007238,-0.02379,-0.023352,0.999418,-0.061605,0.016084,0.100141,0.29596,-0.219122,0.008779,-0.051607,-0.034967,-0.059836,0.319254,-0.253994,0.001843,0.062032,-0.026868,-0.042968,-0.076156,0.319981,-0.902075,0.257138,-0.221899,0.218892,-0.606632,-0.280181,-0.219222,0.972267,0.382557,0.280419,0.10394,0.484243
0.874875,-2.720256,0.777914,0.007185,-0.023807,-0.023283,0.99942,-0.061748,0.01624,0.100036,0.296124,-0.218987,0.008805,-0.051748,-0.034885,-0.059924,0.319521,-0.253734,0.001654,0.062391,-0.027139,-0.042903,-0.076549,0.320417,-0.903102,0.257256,-0.222242,0.219236,-0.605047,-0.281518,-0.220269,0.973269,0.382799,0.279551,0.103178,0.486068
0.874824,-2.720302,0.777935,0.007226,-0.023773,-0.023239,0.999421,-0.061957,0.016191,0.099943,0.296161,-0.218636,0.008822,-0.051882,-0.034924,-0.059947,0.319501,-0.253681,0.00161,0.062643,-0.027567,-0.042759,-0.076932,0.320604,-0.903964,0.25726,-0.223033,0.219234,-0.603799,-0.281915,-0.220805,0.973824,0.38265,0.279499,0.102118,0.487294
0.874825,-2.720347,0.777924,0.007148,-0.023647,-0.023227,0.999425,-0.061902,0.016347,0.099752,0.29551,-0.218737,0.008839,-0.052045,-0.034734,-0.060204,0.319315,-0.253564,0.001479,0.062907,-0.027792,-0.042668,-0.077169,0.320784,-0.904475,0.257328,-0.223138,0.219872,-0.602749,-0.281759,-0.221198,0.974058,0.382638,0.279795,0.101531,0.487035
0.874776,-2.720388,0.777953,0.007055,-0.023584,-0.023228,0.999427,-0.061829,0.016652,0.099675,0.294932,-0.218638,0.0086,-0.052335,-0.034322,-0.060022,0.31937,-0.253028,0.001191,0.063041,-0.02799,-0.04229,-0.076915,0.320471,-0.904527,0.2569,-0.224271,0.219332,-0.60181,-0.281515,-0.221395,0.974497,0.382575,0.280592,0.101134,0.485175
0.874715,-2.720479,0.777953,0.007022,-0.023503,-0.023287,0.999428,-0.061908,0.016868,0.099723,0.29456,-0.218518,0.00846,-0.052642,-0.03411,-0.060015,0.319409,-0.2529,0.000806,0.063244,-0.028187,-0.041867,-0.077256,0.321207,-0.905372,0.256676,-0.224586,0.218826,-0.601163,-0.280751,-0.221228,0.974959,0.382514,0.281975,0.101388,0.482707
0.874651,-2.720528,0.777954,0.006893,-0.023369,-0.02332,0.999431,-0.062008,0.017228,0.099755,0.294038,-0.218951,0.008359,-0.053049,-0.03375,-0.060086,0.319464,-0.252696,0.000845,0.063362,-0.028253,-0.041471,-0.077564,0.32153,-0.9061,0.256759,-0.224097,0.219698,-0.600765,-0.280181,-0.221092,0.975083,0.382341,0.283089,0.101888,0.480413
0.874573,-2.720568,0.777939,0.006856,-0.023236,-0.023344,0.999434,-0.062241,0.017382,0.099628,0.293705,-0.219071,0.008381,-0.053432,-0.033516,-0.059978,0.319249,-0.252485,0.001134,0.063485,-0.028333,-0.040948,-0.079662,0.324364,-0.910414,0.257342,-0.221019,0.219577,-0.600632,-0.279693,-0.221099,0.97541,0.382247,0.284195,0.102255,0.478896
0.87447,-2.720626,0.777961,0.006773,-0.023148,-0.023471,0.999434,-0.062406,0.017725,0.099853,0.293411,-0.219,0.008303,-0.053845,-0.033188,-0.059963,0.319306,-0.252074,0.000468,0.063918,-0.028462,-0.040524,-0.080363,0.324866,-0.910166,0.256727,-0.221072,0.21803,-0.599865,-0.279326,-0.221181,0.975448,0.382236,0.284784,0.10244,0.477987
0.87441,-2.720696,0.777993,0.006673,-0.022948,-0.023627,0.999435,-0.062681,0.01815,0.100024,0.29302,-0.218955,0.008189,-0.054422,-0.032733,-0.059608,0.319211,-0.25177,0.000466,0.063848,-0.028398,-0.040136,-0.080078,0.325495,-0.911945,0.256715,-0.221812,0.217342,-0.600341,-0.279563,-0.221481,0.976101,0.381908,0.285364,0.101944,0.477671
0.874334,-2.720764,0.777942,0.00674,-0.022733,-0.023792,0.999436,-0.062958,0.018196,0.100261,0.292482,-0.218781,0.007982,-0.054867,-0.03264,-0.059532,0.318715,-0.251723,0.000369,0.064209,-0.028568,-0.040427,-0.081866,0.32714,-0.913833,0.256477,-0.22128,0.214472,-0.599857,-0.279218,-0.22183,0.976275,0.381877,0.285835,0.101581,0.477834
0.874295,-2.720779,0.77798,0.006781,-0.022552,-0.023913,0.999437,-0.063298,0.018151,0.100405,0.292162,-0.218528,0.007949,-0.055435,-0.032689,-0.059196,0.318777,-0.251745,0.000354,0.064035,-0.028416,-0.040547,-0.083855,0.32967,-0.917113,0.256784,-0.219725,0.21218,-0.599976,-0.279328,-0.222315,0.976857,0.381832,0.286076,0.101236,0.478086
0.874274,-2.720801,0.778008,0.006878,-0.022436,-0.024005,0.999436,-0.063528,0.018048,0.100801,0.292092,-0.218154,0.007983,-0.055908,-0.032762,-0.059006,0.318991,-0.251344,0.000259,0.06386,-0.028483,-0.040747,-0.085322,0.331401,-0.918944,0.256905,-0.218428,0.210634,-0.600173,-0.279752,-0.223129,0.977696,0.38182,0.285761,0.100945,0.478625
0.874277,-2.720818,0.778025,0.006823,-0.022341,-0.024134,0.999436,-0.063645,0.018315,0.10087,0.291994,-0.217686,0.007886,-0.05635,-0.032591,-0.058627,0.31939,-0.251177,0.000353,0.063723,-0.028215,-0.040839,-0.085869,0.331962,-0.919693,0.25685,-0.219235,0.208727,-0.600338,-0.280002,-0.223748,0.978229,0.381558,0.285572,0.100442,0.47963
0.87431,-2.720836,0.778013,0.007092,-0.022241,-0.024247,0.999433,-0.063923,0.017781,0.101276,0.292179,-0.217379,0.008012,-0.056331,-0.033068,-0.058541,0.318864,-0.251601,0.000537,0.063523,-0.028416,-0.04088,-0.086192,0.332582,-0.920699,0.257213,-0.219915,0.207857,-0.600605,-0.280115,-0.224285,0.978845,0.381487,0.285608,0.100127,0.480686
0.874356,-2.720846,0.778053,0.007224,-0.022245,-0.024322,0.999431,-0.064024,0.017538,0.101646,0.292571,-0.21701,0.008226,-0.056369,-0.033334,-0.058296,0.31898,-0.251514,0.000464,0.063205,-0.028402,-0.040735,-0.086039,0.332551,-0.920816,0.257542,-0.220144,0.208386,-0.600753,-0.280055,-0.224457,0.979263,0.381525,0.285952,0.099796,0.481514
0.874433,-2.720856,0.778064,0.007184,-0.022146,-0.024458,0.99943,-0.063997,0.017691,0.101727,0.292429,-0.217179,0.008228,-0.056561,-0.033093,-0.057836,0.31902,-0.25136,0.000513,0.062725,-0.028243,-0.040599,-0.082166,0.328101,-0.914887,0.257048,-0.226027,0.209617,-0.600022,-0.280262,-0.224359,0.979619,0.381384,0.286064,0.099713,0.482026
0.874501,-2.720884,0.77808,0.007182,-0.022038,-0.024478,0.999432,-0.064133,0.017706,0.101579,0.292376,-0.217246,0.008348,-0.056618,-0.033008,-0.057641,0.318799,-0.251172,0.000643,0.062208,-0.028017,-0.040504,-0.079886,0.325587,-0.913223,0.257676,-0.229222,0.213068,-0.599419,-0.280644,-0.224514,0.980485,0.381407,0.286054,0.099854,0.481863
0.874582,-2.720916,0.778096,0.007281,-0.02188,-0.024483,0.999434,-0.064224,0.017582,0.101889,0.29211,-0.217093,0.008295,-0.056564,-0.033182,-0.057913,0.31824,-0.251274,0.000286,0.061878,-0.027874,-0.040642,-0.079095,0.325145,-0.913811,0.257706,-0.230524,0.216103,-0.597968,-0.280769,-0.224784,0.981113,0.381324,0.286146,0.100083,0.481407
0.874682,-2.720971,0.778114,0.00716,-0.021741,-0.024403,0.99944,-0.064062,0.017864,0.101535,0.2914,-0.217275,0.007904,-0.05665,-0.032847,-0.058186,0.31815,-0.251208,-0.00028,0.061617,-0.027511,-0.04087,-0.079002,0.325271,-0.914742,0.257481,-0.231511,0.21745,-0.595854,-0.280741,-0.225039,0.981548,0.381038,0.286326,0.100194,0.480995
0.874755,-2.721061,0.778144,0.007026,-0.021671,-0.02432,0.999445,-0.064032,0.018227,0.101288,0.291158,-0.217239,0.007821,-0.056715,-0.032479,-0.058156,0.318295,-0.250982,-0.000389,0.061537,-0.027319,-0.041006,-0.079814,0.326286,-0.916399,0.257245,-0.231702,0.217657,-0.594013,-0.280838,-0.225485,0.982142,0.380757,0.28655,0.100121,0.480538
0.874849,-2.721144,0.778137,0.007047,-0.021561,-0.024214,0.999449,-0.064012,0.018252,0.101197,0.290856,-0.217395,0.007871,-0.056556,-0.032425,-0.058516,0.317858,-0.25099,-0.000445,0.061431,-0.027541,-0.041319,-0.080673,0.327378,-0.917844,0.257067,-0.232473,0.216127,-0.592441,-0.281023,-0.225907,0.982685,0.380622,0.286792,0.100038,0.479961
0.874966,-2.721252,0.778166,0.007036,-0.021519,-0.024142,0.999452,-0.063979,0.018408,0.101076,0.290901,-0.217295,0.00785,-0.056396,-0.032283,-0.05875,0.317739,-0.250734,-0.00051,0.0615,-0.027742,-0.041554,-0.081804,0.32857,-0.919302,0.2571,-0.232624,0.214468,-0.591811,-0.281028,-0.226078,0.982873,0.380483,0.287311,0.099659,0.479053
0.875093,-2.721367,0.778154,0.00694,-0.021479,-0.024112,0.999454,-0.063884,0.018763,0.10078,0.290952,-0.217619,0.007714,-0.056305,-0.031883,-0.0586,0.317785,-0.250873,-0.000568,0.061647,-0.027795,-0.041772,-0.082522,0.329546,-0.920723,0.257431,-0.232216,0.213681,-0.593098,-0.28126,-0.22634,0.983115,0.380474,0.287691,0.099176,0.478535
0.87524,-2.721507,0.778163,0.007133,-0.021486,-0.024186,0.999451,-0.064065,0.018615,0.100976,0.291821,-0.21752,0.007689,-0.055923,-0.032024,-0.058371,0.317459,-0.251377,-0.000258,0.062073,-0.028629,-0.041811,-0.082911,0.329403,-0.920564,0.257502,-0.232131,0.212952,-0.594831,-0.280918,-0.226164,0.983053,0.380084,0.288601,0.098416,0.478178
