-0.24154,-2.305303,0.754746,0.031153,0.006165,0.031235,0.999007,-0.323554,0.055669,-0.061942,0.580469,-0.124521,-0.2618,-0.207335,-0.27534,-0.1668,0.535788,-0.373803,0.15756,0.110948,0.100628,0.19868,-0.568747,0.70353,-0.074868,-0.130462,-0.140102,0.003545,0.202308,-0.894217,-0.786417,0.474063,0.174439,0.072891,0.007057,0.115888
-0.238764,-2.305864,0.758222,0.028263,0.015398,0.038775,0.998729,-0.357382,0.08707,-0.091449,0.557102,-0.131862,-0.2618,-0.204605,-0.271569,-0.186084,0.503387,-0.346271,0.156056,0.118782,0.094754,0.187214,-0.712445,0.818313,-0.067345,-0.206822,-0.120548,0.000524,0.309504,-1.036003,-0.791726,0.442816,0.063807,0.060361,-0.041755,-0.07094
-0.235021,-2.306943,0.761875,0.021374,0.025723,0.045647,0.998398,-0.382263,0.143116,-0.115275,0.489029,-0.088922,-0.261065,-0.19478,-0.255113,-0.210448,0.451677,-0.311042,0.149858,0.14344,0.092532,0.181744,-0.860217,0.872052,-0.085061,-0.273318,-0.126529,0.006919,0.443814,-1.146123,-0.809576,0.400381,-0.050712,0.053456,-0.068366,-0.251114
-0.231376,-2.301846,0.765056,0.018265,0.035673,0.051294,0.997879,-0.398675,0.166586,-0.137706,0.400286,-0.012859,-0.233365,-0.186992,-0.254722,-0.224527,0.405313,-0.277828,0.15318,0.171602,0.081006,0.181146,-0.998529,0.880391,-0.125314,-0.323434,-0.144571,-0.006329,0.511468,-1.24602,-0.840674,0.37138,-0.138255,0.038567,-0.094693,-0.39194
-0.227955,-2.294841,0.766106,0.014016,0.044252,0.054281,0.997446,-0.412964,0.184109,-0.161409,0.310614,0.090812,-0.248467,-0.183341,-0.254407,-0.233152,0.371311,-0.252672,0.16407,0.202433,0.067321,0.187855,-1.140902,0.89074,-0.175599,-0.356025,-0.141699,-0.020965,0.567531,-1.335172,-0.864219,0.349251,-0.202892,0.033643,-0.119171,-0.483499
-0.225477,-2.27946,0.76529,0.011599,0.052237,0.057566,0.996907,-0.426543,0.169157,-0.14637,0.234455,0.221495,-0.2618,-0.185309,-0.272701,-0.236326,0.35469,-0.240101,0.194186,0.2298,0.059064,0.207392,-1.277399,0.920704,-0.216968,-0.370408,-0.103122,-0.030858,0.624285,-1.426241,-0.882382,0.323232,-0.251883,0.023217,-0.146789,-0.545023
-0.226276,-2.259245,0.763539,0.010697,0.060636,0.060591,0.996262,-0.449836,0.135778,-0.08984,0.200648,0.304344,-0.2618,-0.206737,-0.304259,-0.228067,0.363551,-0.228731,0.23235,0.245031,0.050061,0.229571,-1.367676,0.92685,-0.227284,-0.376727,-0.081854,-0.026775,0.666128,-1.500064,-0.882877,0.288352,-0.281101,0.003642,-0.168271,-0.593315
-0.225776,-2.251976,0.757242,0.002721,0.07355,0.052239,0.995919,-0.466248,0.156816,-0.087056,0.209399,0.198023,-0.2618,-0.287255,-0.301145,-0.192678,0.443194,-0.226437,0.261793,0.276329,0.034166,0.256874,-1.459074,0.919443,-0.235956,-0.373814,-0.080631,-0.024601,0.683325,-1.570249,-0.866555,0.247023,-0.291715,-0.02069,-0.183093,-0.636652
-0.227282,-2.256411,0.750255,-0.024262,0.087811,0.034764,0.995235,-0.517815,0.240192,-0.102672,0.254701,0.099857,-0.2618,-0.398083,-0.221079,-0.183775,0.549568,-0.205854,0.2618,0.315131,0.039273,0.274737,-1.511723,0.930576,-0.210367,-0.392387,-0.06699,-0.019629,0.706641,-1.606872,-0.831407,0.20454,-0.296479,-0.02892,-0.195049,-0.655103
-0.232695,-2.258687,0.740548,-0.043082,0.10386,0.028144,0.99326,-0.616389,0.28649,-0.100357,0.350225,0.016331,-0.2618,-0.508236,-0.182933,-0.199766,0.650872,-0.220033,0.2618,0.328948,0.03407,0.296422,-1.52506,0.953166,-0.171067,-0.432347,-0.051065,0.001452,0.751614,-1.60986,-0.797047,0.166627,-0.31585,-0.026309,-0.223877,-0.655256
-0.236679,-2.242151,0.729316,-0.038985,0.124515,0.044441,0.990455,-0.715474,0.23456,-0.102098,0.43083,-0.017415,-0.2618,-0.586056,-0.291934,-0.17954,0.669198,-0.238088,0.2618,0.296449,0.007364,0.320077,-1.492457,0.976736,-0.12641,-0.48474,-0.042175,0.020834,0.795564,-1.598975,-0.795611,0.146787,-0.342369,-0.023821,-0.21135,-0.688087
-0.239341,-2.226669,0.718939,-0.028028,0.137101,0.068874,0.987762,-0.77963,0.155865,-0.116173,0.48637,-0.038696,-0.2618,-0.60736,-0.426002,-0.159421,0.600452,-0.187729,0.2618,0.244023,-0.016396,0.361421,-1.448286,0.979931,-0.107496,-0.524848,-0.039788,0.030196,0.828084,-1.569406,-0.805686,0.132519,-0.369187,-0.023144,-0.185861,-0.720182
-0.238291,-2.233957,0.717655,-0.044194,0.148517,0.0933,0.983506,-0.83341,0.146945,-0.17152,0.493908,-0.024975,-0.2618,-0.595257,-0.378056,-0.150527,0.529263,-0.123593,0.2618,0.198376,0.000956,0.38521,-1.41358,0.962885,-0.112768,-0.547121,-0.050354,0.047156,0.841572,-1.523353,-0.809839,0.120079,-0.405518,-0.009762,-0.160806,-0.734993
-0.236127,-2.239239,0.717309,-0.050805,0.156448,0.107837,0.980466,-0.863085,0.137326,-0.2003,0.493701,-0.013785,-0.2618,-0.576978,-0.363537,-0.174556,0.511263,-0.153101,0.2618,0.175077,0.006647,0.396391,-1.402084,0.935268,-0.126281,-0.541956,-0.057314,0.058151,0.836033,-1.487671,-0.829433,0.114952,-0.432592,-0.009195,-0.147355,-0.750347
-0.233908,-2.243121,0.719121,-0.051256,0.160661,0.118711,0.978503,-0.872103,0.126259,-0.226572,0.479967,0.012577,-0.2618,-0.561292,-0.371538,-0.208373,0.488226,-0.150996,0.2618,0.157374,0.00258,0.397066,-1.405753,0.913924,-0.13457,-0.529015,-0.064961,0.065792,0.824582,-1.468874,-0.844743,0.114023,-0.44515,-0.003433,-0.133643,-0.764306
-0.230839,-2.247786,0.723579,-0.052877,0.16379,0.120963,0.977622,-0.865747,0.134536,-0.244995,0.449814,0.042132,-0.260858,-0.542402,-0.361875,-0.228272,0.449594,-0.13293,0.2618,0.154968,-0.003629,0.388625,-1.408586,0.907653,-0.144536,-0.528747,-0.076303,0.069301,0.80853,-1.466081,-0.851647,0.119002,-0.456665,0.004769,-0.12164,-0.772558
-0.226617,-2.250659,0.728271,-0.054284,0.164723,0.115726,0.978022,-0.845805,0.153135,-0.254716,0.419065,0.052907,-0.260009,-0.519899,-0.345368,-0.232626,0.402852,-0.107894,0.2618,0.162794,-0.013652,0.373155,-1.406271,0.921593,-0.150338,-0.536105,-0.068498,0.064728,0.801015,-1.454515,-0.852074,0.124035,-0.470718,0.005254,-0.115683,-0.779321
-0.222097,-2.251296,0.731788,-0.054775,0.162677,0.107186,0.979309,-0.819637,0.173968,-0.250343,0.398825,0.048419,-0.259684,-0.49762,-0.33352,-0.232812,0.367564,-0.087753,0.2618,0.178375,-0.023627,0.357087,-1.401402,0.931962,-0.155761,-0.540455,-0.070331,0.065559,0.793228,-1.436084,-0.853759,0.131021,-0.478828,0.007961,-0.108712,-0.783094
-0.217709,-2.251089,0.735004,-0.053598,0.156615,0.100079,0.981113,-0.782127,0.189901,-0.236917,0.37651,0.039996,-0.257496,-0.469528,-0.326211,-0.227586,0.338104,-0.068949,0.2618,0.191804,-0.031269,0.350627,-1.394959,0.93637,-0.160872,-0.537305,-0.079456,0.066443,0.779803,-1.418064,-0.848356,0.14711,-0.477789,0.023544,-0.098028,-0.772453
-0.21411,-2.252797,0.73623,-0.052493,0.153207,0.096967,0.982023,-0.763895,0.197684,-0.232552,0.3708,0.032762,-0.254236,-0.455086,-0.321362,-0.224226,0.32983,-0.071559,0.2618,0.194825,-0.0384,0.342432,-1.394398,0.943469,-0.169191,-0.530742,-0.084316,0.066933,0.772989,-1.402141,-0.852828,0.165931,-0.474595,0.032897,-0.093034,-0.764106
-0.2117,-2.255282,0.736594,-0.051114,0.150212,0.097733,0.982483,-0.751522,0.200542,-0.232349,0.366366,0.027987,-0.258326,-0.444463,-0.320689,-0.224552,0.331487,-0.083043,0.2618,0.190302,-0.04162,0.338596,-1.389234,0.940012,-0.18606,-0.522508,-0.093333,0.069154,0.763493,-1.390085,-0.860346,0.181869,-0.467519,0.033467,-0.092364,-0.757248
-0.210644,-2.257362,0.735686,-0.049962,0.147389,0.100966,0.982642,-0.74507,0.197838,-0.229897,0.367209,0.01975,-0.260569,-0.438708,-0.321954,-0.225827,0.343799,-0.103597,0.2618,0.180523,-0.039696,0.340495,-1.378739,0.920544,-0.207613,-0.519721,-0.11798,0.074453,0.746863,-1.390288,-0.869244,0.19373,-0.454863,0.044122,-0.084694,-0.74585
-0.210216,-2.259199,0.734217,-0.048328,0.144602,0.104069,0.982814,-0.740339,0.193668,-0.225499,0.370168,0.009888,-0.26115,-0.438142,-0.325783,-0.228572,0.364854,-0.128059,0.2618,0.161784,-0.038128,0.343718,-1.363077,0.917998,-0.226866,-0.520308,-0.123681,0.070544,0.735262,-1.383545,-0.879058,0.211765,-0.446338,0.064769,-0.070595,-0.731797
-0.209489,-2.260412,0.733793,-0.045405,0.141542,0.10534,0.983264,-0.730431,0.190137,-0.221729,0.368478,0.007669,-0.261384,-0.438643,-0.333837,-0.228512,0.385925,-0.145597,0.2618,0.135603,-0.040617,0.343592,-1.34688,0.930976,-0.240466,-0.523633,-0.122132,0.069295,0.729015,-1.362591,-0.887796,0.223007,-0.449086,0.086205,-0.053994,-0.716923
-0.206401,-2.261708,0.73483,-0.042224,0.137109,0.102378,0.984346,-0.708614,0.19492,-0.216696,0.360982,0.006031,-0.261266,-0.431037,-0.338678,-0.221204,0.396404,-0.156786,0.2618,0.113828,-0.047738,0.332739,-1.327759,0.9366,-0.253152,-0.530441,-0.144869,0.08121,0.715104,-1.319052,-0.901275,0.218216,-0.463905,0.091051,-0.046765,-0.710386
-0.2004,-2.262691,0.737159,-0.037602,0.12792,0.097193,0.986294,-0.664603,0.203225,-0.203518,0.345337,0.000322,-0.261306,-0.402565,-0.342695,-0.209166,0.392564,-0.165061,0.2618,0.097492,-0.057503,0.317339,-1.309195,0.949293,-0.263677,-0.540143,-0.158853,0.08713,0.69549,-1.263864,-0.918219,0.201129,-0.478767,0.08534,-0.041846,-0.705766
-0.191807,-2.26548,0.739531,-0.033263,0.115016,0.09009,0.988711,-0.611535,0.21682,-0.190111,0.337348,-0.013902,-0.261253,-0.35947,-0.338219,-0.198971,0.379438,-0.173059,0.2618,0.087459,-0.063316,0.29326,-1.293668,0.968269,-0.268504,-0.548765,-0.165179,0.094838,0.686941,-1.213876,-0.936716,0.196138,-0.492924,0.08883,-0.036296,-0.699341
-0.182871,-2.269492,0.741668,-0.029271,0.101243,0.08173,0.991067,-0.558815,0.233263,-0.177897,0.334862,-0.028431,-0.26063,-0.316189,-0.330687,-0.188414,0.367835,-0.181049,0.2618,0.079553,-0.063351,0.265735,-1.273769,0.983766,-0.263928,-0.55777,-0.167409,0.09761,0.680309,-1.178411,-0.951984,0.217216,-0.509466,0.097278,-0.03434,-0.701074
-0.173894,-2.273818,0.743608,-0.025731,0.089599,0.073237,0.992948,-0.512181,0.24619,-0.165747,0.335575,-0.040632,-0.250173,-0.278588,-0.322165,-0.179441,0.357735,-0.188319,0.2618,0.073071,-0.05847,0.237583,-1.255156,0.996382,-0.25577,-0.564134,-0.168634,0.099289,0.662022,-1.161741,-0.960097,0.241633,-0.525869,0.099596,-0.032737,-0.700324
-0.164246,-2.277717,0.74556,-0.021898,0.077592,0.065963,0.99456,-0.459847,0.257287,-0.150386,0.328639,-0.04784,-0.244411,-0.237962,-0.317267,-0.172673,0.347527,-0.19389,0.2618,0.063704,-0.052544,0.215729,-1.233142,0.996941,-0.24235,-0.571063,-0.168962,0.103208,0.654308,-1.158012,-0.965275,0.263749,-0.533795,0.093499,-0.029811,-0.702371
-0.156421,-2.281188,0.747157,-0.018479,0.069099,0.060978,0.995573,-0.416146,0.264647,-0.137528,0.313337,-0.048124,-0.240372,-0.208172,-0.315686,-0.167996,0.341402,-0.196699,0.2618,0.05468,-0.045653,0.197025,-1.230857,0.989705,-0.235929,-0.565244,-0.172942,0.114827,0.626688,-1.164471,-0.960432,0.282491,-0.534808,0.092774,-0.029395,-0.698049
-0.150934,-2.284671,0.748533,-0.015945,0.063783,0.057639,0.99617,-0.383608,0.270432,-0.12996,0.293834,-0.03995,-0.242349,-0.190986,-0.313633,-0.165516,0.341016,-0.197327,0.259492,0.05017,-0.035307,0.184565,-1.235015,0.970129,-0.239241,-0.552155,-0.176144,0.1188,0.586454,-1.184124,-0.953893,0.295931,-0.527316,0.094504,-0.029771,-0.690735
-0.147464,-2.287495,0.749453,-0.014186,0.062505,0.05833,0.996238,-0.367747,0.272158,-0.126073,0.275761,-0.026156,-0.246657,-0.18309,-0.313958,-0.169584,0.342082,-0.195839,0.258744,0.045299,-0.021814,0.175287,-1.253452,0.949258,-0.24366,-0.533529,-0.17877,0.116055,0.573012,-1.213646,-0.950458,0.303216,-0.512716,0.091895,-0.032457,-0.693148
-0.146092,-2.289204,0.750654,-0.012846,0.064818,0.061264,0.995932,-0.368684,0.268996,-0.127148,0.263565,-0.005538,-0.24845,-0.183374,-0.316588,-0.177886,0.339823,-0.186414,0.2618,0.043863,-0.006212,0.172001,-1.290444,0.946066,-0.24652,-0.507461,-0.156739,0.113959,0.577042,-1.245857,-0.943836,0.305579,-0.493574,0.095857,-0.030082,-0.706499
-0.147211,-2.29033,0.752227,-0.012633,0.070678,0.065045,0.995296,-0.385918,0.262635,-0.138171,0.255759,0.021422,-0.248098,-0.193444,-0.316856,-0.186171,0.333007,-0.169892,0.2618,0.045068,0.006393,0.176468,-1.329304,0.949169,-0.237682,-0.491644,-0.134388,0.115455,0.582344,-1.271054,-0.930176,0.297459,-0.478825,0.098096,-0.026662,-0.737559
-0.151667,-2.289483,0.754483,-0.012555,0.079601,0.068669,0.99438,-0.416857,0.252122,-0.141664,0.253182,0.046239,-0.241436,-0.21491,-0.319538,-0.190342,0.322526,-0.143441,0.2618,0.051887,0.018087,0.191653,-1.360377,0.947446,-0.209673,-0.480718,-0.105152,0.113413,0.598953,-1.29473,-0.911249,0.28231,-0.469436,0.099426,-0.027127,-0.768481
-0.15805,-2.286469,0.755369,-0.012588,0.090608,0.07195,0.993204,-0.454173,0.237276,-0.129659,0.253323,0.041757,-0.261511,-0.247844,-0.325567,-0.190323,0.319761,-0.123929,0.2618,0.061184,0.024811,0.217536,-1.377646,0.952793,-0.172071,-0.47684,-0.076998,0.106404,0.624337,-1.319201,-0.895215,0.263098,-0.468282,0.097514,-0.026824,-0.815275
-0.165168,-2.284062,0.754981,-0.012539,0.102463,0.067387,0.992372,-0.49977,0.215231,-0.159662,0.268288,0.049791,-0.260781,-0.291864,-0.328079,-0.177053,0.320244,-0.112381,0.2618,0.07755,0.023051,0.254345,-1.381476,0.954662,-0.124618,-0.47454,-0.055788,0.097412,0.651206,-1.340692,-0.866927,0.242854,-0.472241,0.086366,-0.03532,-0.858078
-0.174129,-2.278109,0.750992,-0.013933,0.11464,0.060399,0.991471,-0.546779,0.208255,-0.160516,0.293988,0.040481,-0.261161,-0.345662,-0.330966,-0.161576,0.332579,-0.115507,0.2618,0.094739,0.020615,0.297346,-1.368318,0.935517,-0.077567,-0.483005,-0.074734,0.101828,0.672929,-1.361544,-0.8333,0.234803,-0.476409,0.067099,-0.052798,-0.877441
-0.183259,-2.268242,0.744638,-0.013626,0.129716,0.05068,0.990161,-0.60118,0.195393,-0.136735,0.332814,0.000625,-0.2618,-0.417349,-0.336934,-0.134864,0.360513,-0.126973,0.2618,0.109247,0.01336,0.329831,-1.334986,0.919706,-0.041427,-0.494473,-0.097414,0.111992,0.703202,-1.379243,-0.784911,0.235202,-0.474453,0.091417,-0.049102,-0.863754
-0.190155,-2.260881,0.736833,-0.02063,0.141252,0.044848,0.988742,-0.655318,0.204274,-0.119919,0.378458,-0.053797,-0.2618,-0.474137,-0.32589,-0.123067,0.391434,-0.139228,0.2618,0.117309,0.015408,0.355265,-1.296844,0.892118,-0.030276,-0.512496,-0.111776,0.113125,0.720051,-1.387193,-0.767167,0.222786,-0.474646,0.069898,-0.054506,-0.864211
-0.193854,-2.255023,0.731297,-0.028624,0.153549,0.041168,0.986868,-0.723797,0.214099,-0.123278,0.444462,-0.073176,-0.2618,-0.527653,-0.315537,-0.114681,0.422983,-0.133923,0.2618,0.122872,0.020168,0.363559,-1.266319,0.864661,-0.030707,-0.536887,-0.10348,0.098903,0.736691,-1.362818,-0.678742,0.210245,-0.485046,0.122909,-0.093156,-0.773
-0.194407,-2.24852,0.730387,-0.033337,0.15846,0.045045,0.985774,-0.757135,0.208282,-0.140038,0.476736,-0.071247,-0.2618,-0.539754,-0.319346,-0.11612,0.427525,-0.115148,0.2618,0.121653,0.021656,0.371638,-1.26054,0.851953,-0.038879,-0.557728,-0.089634,0.095223,0.743615,-1.346145,-0.663122,0.192977,-0.490919,0.118459,-0.101296,-0.773444
-0.192547,-2.24345,0.732035,-0.038034,0.15902,0.051727,0.985185,-0.769519,0.203015,-0.160516,0.489988,-0.059489,-0.261101,-0.524134,-0.322955,-0.125147,0.410845,-0.093366,0.2618,0.12025,0.027473,0.371945,-1.272634,0.851499,-0.045762,-0.568587,-0.078308,0.095069,0.743006,-1.326495,-0.659533,0.184328,-0.505878,0.130438,-0.092195,-0.779705
-0.18919,-2.238753,0.735728,-0.038276,0.159726,0.06412,0.984333,-0.770011,0.179983,-0.176216,0.483156,-0.036557,-0.237784,-0.488309,-0.337413,-0.148843,0.367796,-0.066767,0.2618,0.111951,0.023051,0.36146,-1.297855,0.862047,-0.058535,-0.569888,-0.063432,0.105436,0.726604,-1.328593,-0.746076,0.164409,-0.520819,0.008943,-0.079458,-0.90544
-0.184679,-2.233724,0.74003,-0.039979,0.158219,0.071812,0.983977,-0.753237,0.168248,-0.178126,0.463118,-0.025213,-0.213898,-0.446306,-0.342065,-0.168366,0.318741,-0.034919,0.2618,0.10983,0.025239,0.344728,-1.31066,0.879574,-0.058813,-0.572676,-0.062013,0.116331,0.710332,-1.329053,-0.778687,0.156226,-0.530898,0.006677,-0.050036,-0.907957
-0.179669,-2.229537,0.743626,-0.040849,0.155838,0.079021,0.983769,-0.733615,0.160827,-0.16927,0.443595,-0.018629,-0.199738,-0.404534,-0.34717,-0.18839,0.274849,-0.007971,0.2618,0.109385,0.024881,0.327785,-1.31351,0.887706,-0.063655,-0.572714,-0.065056,0.121632,0.694435,-1.328992,-0.805494,0.150571,-0.5412,0.005545,-0.026733,-0.886973
-0.175884,-2.22603,0.746605,-0.039191,0.152517,0.085208,0.98384,-0.712091,0.14769,-0.167615,0.424708,-0.014738,-0.1827,-0.36867,-0.356648,-0.206196,0.241797,0.01397,0.2618,0.111362,0.020861,0.316428,-1.311115,0.87911,-0.069156,-0.568742,-0.066917,0.117408,0.684713,-1.319658,-0.81896,0.157161,-0.550014,0.01719,-0.007585,-0.860102
-0.172313,-2.224031,0.74837,-0.038318,0.149663,0.088769,0.983998,-0.696402,0.141005,-0.167191,0.416012,-0.016983,-0.174672,-0.346955,-0.361931,-0.221219,0.229273,0.021718,0.2618,0.117921,0.017166,0.30855,-1.301125,0.859664,-0.07083,-0.566957,-0.071479,0.118268,0.678884,-1.31018,-0.81408,0.170339,-0.548384,0.039392,0.003595,-0.837893
-0.171009,-2.222217,0.748034,-0.036837,0.148134,0.091213,0.984063,-0.691021,0.134189,-0.165588,0.417441,-0.024634,-0.174789,-0.338997,-0.370907,-0.230771,0.231541,0.014245,0.2618,0.126187,0.014946,0.308288,-1.28102,0.832893,-0.063894,-0.570684,-0.071942,0.12009,0.672866,-1.305504,-0.808733,0.18201,-0.544959,0.056068,0.009067,-0.822811
-0.171151,-2.221723,0.745943,-0.035938,0.147485,0.091735,0.984145,-0.694724,0.131707,-0.163988,0.428958,-0.038796,-0.183032,-0.341609,-0.376635,-0.2379,0.244637,-0.007123,0.2618,0.135218,0.01616,0.314604,-1.250045,0.803983,-0.05834,-0.575573,-0.070747,0.119851,0.668241,-1.307072,-0.807701,0.190637,-0.545464,0.056126,0.009129,-0.8184
-0.172191,-2.223431,0.742286,-0.035753,0.14706,0.088716,0.984492,-0.70653,0.136304,-0.164326,0.456076,-0.066111,-0.194921,-0.361945,-0.376053,-0.237364,0.280952,-0.043588,0.2618,0.14526,0.016666,0.325152,-1.221372,0.769897,-0.05605,-0.575131,-0.074134,0.126976,0.654714,-1.31245,-0.80861,0.198912,-0.540608,0.057501,0.01527,-0.812829
-0.174069,-2.225858,0.738987,-0.034754,0.145011,0.082275,0.985391,-0.713409,0.145016,-0.160924,0.482311,-0.08782,-0.203484,-0.386448,-0.373923,-0.227583,0.322218,-0.073761,0.2618,0.152258,0.01164,0.332678,-1.202293,0.764253,-0.071616,-0.569849,-0.085665,0.135126,0.646922,-1.315621,-0.801221,0.201975,-0.530452,0.061405,0.027847,-0.799581
-0.174688,-2.227837,0.73733,-0.034761,0.141293,0.07549,0.986473,-0.714942,0.157015,-0.153535,0.50669,-0.096181,-0.204677,-0.400576,-0.367753,-0.211033,0.351027,-0.086585,0.2618,0.155257,0.007624,0.33118,-1.201242,0.775044,-0.078379,-0.568943,-0.08594,0.135002,0.643596,-1.305,-0.796714,0.190956,-0.528947,0.061384,0.034253,-0.797617
-0.172606,-2.230726,0.738796,-0.035176,0.135077,0.067199,0.987928,-0.698659,0.173792,-0.146224,0.515265,-0.094797,-0.191805,-0.396241,-0.356822,-0.19395,0.359091,-0.081348,0.2618,0.155403,0.0001,0.3161,-1.208616,0.810401,-0.084953,-0.574289,-0.077408,0.130941,0.643978,-1.280999,-0.801557,0.170743,-0.543005,0.058349,0.035203,-0.809357
-0.165649,-2.233069,0.742593,-0.033898,0.117255,0.058756,0.990782,-0.633624,0.191982,-0.134106,0.50111,-0.10566,-0.180568,-0.344548,-0.34772,-0.177197,0.34173,-0.071355,0.2618,0.153524,-0.008441,0.300739,-1.218851,0.85354,-0.094302,-0.582746,-0.070506,0.131702,0.648193,-1.248187,-0.806098,0.146509,-0.567183,0.064597,0.035798,-0.840164
-0.156582,-2.236497,0.746715,-0.031126,0.100996,0.051901,0.993044,-0.565838,0.204741,-0.123033,0.479811,-0.113494,-0.170318,-0.287283,-0.340222,-0.170468,0.315849,-0.066149,0.2618,0.140345,-0.019396,0.268468,-1.228353,0.893861,-0.115475,-0.589071,-0.07492,0.122659,0.663902,-1.219358,-0.814573,0.141068,-0.589484,0.057072,0.018072,-0.866788
-0.146499,-2.241536,0.750201,-0.027771,0.088397,0.046705,0.994602,-0.503284,0.213787,-0.11914,0.452787,-0.116453,-0.160907,-0.236936,-0.334089,-0.16821,0.293564,-0.06684,0.2618,0.118532,-0.029459,0.226548,-1.238383,0.91741,-0.117945,-0.596316,-0.08016,0.117196,0.679448,-1.200051,-0.821658,0.143986,-0.600024,0.038362,-0.001185,-0.859586
-0.136685,-2.248342,0.753185,-0.023556,0.077271,0.044281,0.995748,-0.44586,0.221998,-0.110486,0.422324,-0.109433,-0.161332,-0.189505,-0.330129,-0.172145,0.275607,-0.073841,0.2618,0.097997,-0.03838,0.188639,-1.249614,0.93616,-0.117948,-0.595119,-0.082201,0.116442,0.68664,-1.187336,-0.83701,0.155116,-0.60605,0.033623,-0.009066,-0.851459
-0.128555,-2.255058,0.755403,-0.018472,0.068025,0.043068,0.996582,-0.392765,0.226164,-0.102303,0.385692,-0.099325,-0.163562,-0.151242,-0.330847,-0.176238,0.265287,-0.086119,0.2618,0.081059,-0.044263,0.15691,-1.259186,0.940312,-0.117015,-0.586776,-0.08084,0.117067,0.682016,-1.185064,-0.854882,0.177525,-0.605805,0.043743,-0.00985,-0.847675
-0.122607,-2.26153,0.756185,-0.01424,0.060372,0.041722,0.997202,-0.350265,0.231015,-0.095433,0.356065,-0.093908,-0.171742,-0.122687,-0.330501,-0.180142,0.261895,-0.105735,0.2618,0.068764,-0.044878,0.129329,-1.266653,0.928658,-0.122772,-0.575214,-0.086015,0.123905,0.661616,-1.191487,-0.86847,0.209726,-0.595644,0.065487,-0.00809,-0.846486
-0.117693,-2.268339,0.755387,-0.011738,0.055469,0.04087,0.997555,-0.320627,0.239483,-0.091911,0.334714,-0.093767,-0.190047,-0.102033,-0.326763,-0.188002,0.2625,-0.132157,0.2618,0.056782,-0.046166,0.105773,-1.280471,0.910411,-0.139412,-0.567854,-0.099215,0.130518,0.631788,-1.198826,-0.880632,0.239676,-0.582633,0.087124,-0.009998,-0.838776
-0.114337,-2.274465,0.754441,-0.009842,0.0525,0.042049,0.997687,-0.301678,0.245582,-0.092795,0.317084,-0.089588,-0.20542,-0.088407,-0.323423,-0.195417,0.265475,-0.153008,0.2618,0.039932,-0.049219,0.090506,-1.30283,0.907765,-0.156443,-0.559737,-0.084927,0.121162,0.611402,-1.209852,-0.899084,0.265807,-0.573844,0.104244,-0.013348,-0.835183
-0.112376,-2.279441,0.754006,-0.009047,0.049559,0.045653,0.997686,-0.290752,0.249437,-0.097532,0.305729,-0.080878,-0.214156,-0.077096,-0.320342,-0.202585,0.271783,-0.165842,0.2618,0.01759,-0.050699,0.085894,-1.333088,0.907411,-0.171217,-0.55334,-0.078664,0.121252,0.603172,-1.233397,-0.915306,0.286978,-0.562138,0.112572,-0.020061,-0.851717
-0.112512,-2.282494,0.754759,-0.008641,0.048358,0.04989,0.997546,-0.288878,0.24929,-0.103288,0.295993,-0.063656,-0.213025,-0.072002,-0.319637,-0.209365,0.274812,-0.165523,0.2618,-0.001951,-0.047566,0.091719,-1.359045,0.913745,-0.176893,-0.548488,-0.061743,0.117253,0.6064,-1.259854,-0.931613,0.306348,-0.553495,0.112677,-0.031674,-0.872874
-0.114739,-2.283694,0.75638,-0.008726,0.050436,0.054685,0.997191,-0.29818,0.24645,-0.107321,0.286247,-0.038483,-0.212483,-0.076412,-0.320528,-0.216148,0.27452,-0.155127,0.2618,-0.015127,-0.041846,0.101468,-1.376996,0.898868,-0.183853,-0.542855,-0.063659,0.114249,0.606991,-1.282069,-0.957353,0.314986,-0.56129,0.110149,-0.030968,-0.922269
-0.118376,-2.283534,0.757718,-0.008925,0.05542,0.059013,0.996678,-0.315606,0.241099,-0.113017,0.276788,-0.015148,-0.213827,-0.089235,-0.32334,-0.221191,0.27185,-0.143546,0.2618,-0.025051,-0.03459,0.112118,-1.389524,0.878931,-0.187081,-0.534299,-0.072675,0.108495,0.606939,-1.30159,-0.958568,0.310276,-0.556655,0.107826,-0.031204,-0.945094
-0.123905,-2.28257,0.758579,-0.0089,0.063107,0.059756,0.996176,-0.339609,0.23388,-0.126856,0.269742,0.00413,-0.211757,-0.114388,-0.326511,-0.219438,0.269564,-0.131226,0.2618,-0.022599,-0.027678,0.129972,-1.400581,0.859494,-0.180155,-0.528123,-0.07826,0.098187,0.617825,-1.314896,-0.946287,0.287618,-0.555084,0.09466,-0.038799,-0.961329
-0.131597,-2.280454,0.758957,-0.009398,0.070754,0.059147,0.995694,-0.370514,0.229631,-0.125644,0.272415,0.021548,-0.22241,-0.14524,-0.33012,-0.215142,0.269332,-0.11952,0.2618,-0.015615,-0.020828,0.163635,-1.413357,0.842809,-0.160548,-0.524783,-0.076462,0.087727,0.635607,-1.318378,-0.926425,0.253286,-0.554497,0.075286,-0.04806,-0.97429
-0.141607,-2.277842,0.758099,-0.010695,0.077008,0.055283,0.995439,-0.401141,0.227974,-0.126999,0.278947,0.030778,-0.236819,-0.179876,-0.330533,-0.205365,0.270677,-0.11007,0.2618,-0.000821,-0.012956,0.216393,-1.432379,0.818106,-0.127913,-0.526032,-0.065143,0.075846,0.649442,-1.323472,-0.890357,0.208869,-0.556467,0.051898,-0.058068,-0.980012
-0.153243,-2.273666,0.755143,-0.011177,0.085276,0.04976,0.995051,-0.442304,0.22444,-0.124253,0.297897,0.025984,-0.252477,-0.228425,-0.33684,-0.188753,0.284408,-0.113727,0.2618,0.019323,-0.006755,0.279824,-1.453483,0.793165,-0.096708,-0.533589,-0.045191,0.062405,0.667709,-1.332259,-0.852117,0.171693,-0.559453,0.029959,-0.067358,-0.984708
-0.16809,-2.269627,0.748753,-0.013618,0.105455,0.041329,0.993472,-0.529453,0.22565,-0.115942,0.349504,-0.002127,-0.261538,-0.335029,-0.338804,-0.161459,0.344848,-0.133892,0.2618,0.043184,-0.000804,0.321617,-1.474032,0.79225,-0.088238,-0.532942,-0.004673,0.044196,0.701474,-1.347556,-0.818237,0.156253,-0.562463,0.008537,-0.076757,-0.988578
-0.18129,-2.268155,0.740337,-0.018733,0.121443,0.037634,0.991708,-0.604024,0.233072,-0.115506,0.392458,-0.046472,-0.2618,-0.428293,-0.329553,-0.149974,0.411123,-0.157448,0.2618,0.05779,0.005754,0.349464,-1.473329,0.782148,-0.11472,-0.520265,-0.000548,0.034618,0.684253,-1.355482,-0.780382,0.143122,-0.552028,0.027354,-0.067255,-0.971005
-0.191818,-2.265712,0.731182,-0.02178,0.138724,0.03942,0.989306,-0.686832,0.226161,-0.11852,0.445335,-0.071937,-0.2618,-0.519704,-0.331985,-0.14561,0.48389,-0.179467,0.2618,0.057082,0.004996,0.35888,-1.454356,0.772191,-0.139542,-0.517526,-0.016611,0.019982,0.656278,-1.358545,-0.770398,0.129216,-0.544454,0.020747,-0.052279,-0.957432
-0.19817,-2.263755,0.726114,-0.024324,0.147774,0.045226,0.987687,-0.744232,0.214379,-0.135136,0.485897,-0.067051,-0.2618,-0.560933,-0.336445,-0.148873,0.515406,-0.18873,0.2618,0.059004,0.007011,0.371535,-1.43565,0.777191,-0.151431,-0.521816,-0.015946,0.009225,0.666098,-1.347647,-0.787401,0.117485,-0.551225,0.026897,-0.034524,-0.928086
-0.199973,-2.262514,0.72635,-0.027061,0.149768,0.053375,0.986908,-0.763295,0.205908,-0.15736,0.493139,-0.049705,-0.261102,-0.556009,-0.340644,-0.160146,0.506817,-0.179683,0.2618,0.057728,0.012737,0.380545,-1.420831,0.76643,-0.147647,-0.530592,-0.023684,0.009659,0.66762,-1.337127,-0.812116,0.113856,-0.563539,0.038653,-0.019058,-0.925683
-0.198964,-2.259657,0.729538,-0.028605,0.148908,0.060772,0.986567,-0.756485,0.197813,-0.169549,0.475824,-0.031786,-0.260347,-0.53474,-0.348239,-0.170366,0.484278,-0.158058,0.2618,0.055089,0.015903,0.376197,-1.409475,0.754237,-0.140299,-0.53577,-0.027013,0.00796,0.661955,-1.326992,-0.823946,0.110322,-0.567311,0.044677,-0.014751,-0.931073
-0.196348,-2.255338,0.73445,-0.03045,0.147819,0.065196,0.986393,-0.736085,0.1912,-0.173696,0.443872,-0.013611,-0.243005,-0.499468,-0.350023,-0.180027,0.434401,-0.124229,0.2618,0.054927,0.019415,0.360886,-1.405084,0.753962,-0.137476,-0.539042,-0.021532,-0.002969,0.657295,-1.324261,-0.824066,0.111516,-0.56786,0.05997,-0.012044,-0.926358
-0.193028,-2.253483,0.739284,-0.029371,0.144501,0.06554,0.986895,-0.705669,0.189194,-0.166557,0.410223,0.000303,-0.231137,-0.462904,-0.349207,-0.1886,0.384837,-0.094626,0.2618,0.05439,0.018788,0.349027,-1.403382,0.770496,-0.132449,-0.541756,-0.013179,-0.014284,0.658647,-1.299224,-0.661133,0.14823,-0.584303,0.248971,-0.050111,-0.761016
-0.190914,-2.252033,0.742481,-0.031082,0.142099,0.064441,0.987263,-0.686515,0.193878,-0.164039,0.390695,0.004389,-0.222617,-0.437916,-0.341883,-0.191229,0.349416,-0.072284,0.2618,0.058664,0.01562,0.339526,-1.412652,0.776006,-0.146665,-0.545896,-0.026578,-0.014074,0.659726,-1.274962,-0.567609,0.194304,-0.601348,0.32287,-0.141666,-0.689243
-0.189444,-2.251706,0.74388,-0.032983,0.140492,0.06237,0.987565,-0.674167,0.201302,-0.161371,0.38,0.00016,-0.223771,-0.423226,-0.333085,-0.193321,0.327566,-0.060604,0.2618,0.059686,0.008213,0.329858,-1.409585,0.786261,-0.168046,-0.542161,-0.034736,-0.020837,0.653307,-1.267345,-0.543343,0.212419,-0.595209,0.325775,-0.182331,-0.694534
-0.189451,-2.251299,0.744076,-0.033838,0.139119,0.061396,0.987791,-0.668592,0.204333,-0.159445,0.376937,-0.005342,-0.223713,-0.415162,-0.330159,-0.195522,0.31663,-0.057481,0.2618,0.058775,-0.001268,0.325723,-1.40659,0.782857,-0.194746,-0.533294,-0.044785,-0.025197,0.643822,-1.27033,-0.53917,0.226509,-0.587698,0.3078,-0.188585,-0.71223
-0.190424,-2.250566,0.743125,-0.032849,0.138458,0.062496,0.987848,-0.670637,0.199662,-0.159092,0.382217,-0.010776,-0.226354,-0.413976,-0.335045,-0.198621,0.317452,-0.064743,0.2618,0.05339,-0.023136,0.330614,-1.403985,0.769992,-0.22432,-0.525913,-0.057803,-0.038496,0.628045,-1.316488,-0.662992,0.218538,-0.562735,0.03374,-0.144573,-1.006652
-0.192722,-2.250643,0.741901,-0.033094,0.140126,0.062964,0.987575,-0.680599,0.198332,-0.161661,0.386742,-0.013282,-0.231748,-0.423909,-0.335528,-0.199415,0.324167,-0.071217,0.2618,0.061089,-0.015517,0.345778,-1.40312,0.750553,-0.215061,-0.523305,-0.064722,-0.044197,0.623839,-1.334813,-0.687935,0.229069,-0.561608,0.072263,-0.09565,-0.972955
-0.196174,-2.251496,0.739711,-0.034595,0.144123,0.062308,0.98699,-0.700602,0.200738,-0.166077,0.396997,-0.020568,-0.243565,-0.448035,-0.331379,-0.195572,0.34215,-0.080655,0.2618,0.067187,-0.011069,0.356969,-1.397971,0.736202,-0.20884,-0.522454,-0.068798,-0.044842,0.629557,-1.3434,-0.719684,0.224194,-0.556825,0.089238,-0.062605,-0.900313
-0.200685,-2.252301,0.738311,-0.034223,0.146726,0.063066,0.986571,-0.719255,0.196837,-0.171357,0.405258,-0.021011,-0.248167,-0.470349,-0.333719,-0.193183,0.358937,-0.089575,0.2618,0.064556,-0.010027,0.374693,-1.393319,0.724366,-0.209144,-0.520793,-0.074724,-0.039804,0.637384,-1.350858,-0.733919,0.220934,-0.54534,0.109568,-0.034459,-0.843189
-0.206212,-2.252507,0.734679,-0.035399,0.149503,0.058345,0.986403,-0.739357,0.204863,-0.166022,0.423728,-0.032285,-0.260374,-0.498046,-0.328608,-0.186446,0.379411,-0.099178,0.2618,0.066679,-0.012447,0.385161,-1.384014,0.724239,-0.216316,-0.520466,-0.080977,-0.029906,0.642077,-1.35321,-0.737243,0.217768,-0.533328,0.098266,-0.033097,-0.801183
-0.209834,-2.251527,0.732109,-0.03567,0.149922,0.052561,0.986655,-0.750357,0.211323,-0.15017,0.442215,-0.047636,-0.260981,-0.518763,-0.325324,-0.176815,0.397638,-0.107127,0.2618,0.067104,-0.015805,0.392099,-1.369326,0.736361,-0.222495,-0.524067,-0.083189,-0.016941,0.646787,-1.340855,-0.730616,0.217678,-0.530997,0.088342,-0.044209,-0.785883
-0.21179,-2.250596,0.730627,-0.034323,0.146897,0.044796,0.987541,-0.746269,0.218632,-0.137486,0.455167,-0.0592,-0.261273,-0.526691,-0.323248,-0.16326,0.407734,-0.113299,0.2618,0.070225,-0.020113,0.394458,-1.348918,0.758702,-0.226473,-0.534667,-0.089226,0.000754,0.655487,-1.321986,-0.736546,0.217587,-0.537972,0.074594,-0.0496,-0.780138
-0.210437,-2.250174,0.731275,-0.032353,0.142377,0.039662,0.988488,-0.731193,0.223611,-0.129582,0.459212,-0.062312,-0.261209,-0.51657,-0.323389,-0.155293,0.404771,-0.118719,0.2618,0.068403,-0.017488,0.383724,-1.319414,0.783214,-0.22987,-0.549607,-0.101604,0.018066,0.663745,-1.302058,-0.759757,0.223182,-0.545958,0.066604,-0.050998,-0.790425
-0.206643,-2.250712,0.732938,-0.030496,0.13262,0.033453,0.990133,-0.696987,0.232678,-0.125974,0.458089,-0.070403,-0.2609,-0.490349,-0.321896,-0.144237,0.399374,-0.121961,0.2618,0.068756,-0.012685,0.358695,-1.264382,0.815697,-0.240344,-0.570773,-0.134936,0.045981,0.673045,-1.268484,-0.790018,0.229736,-0.555682,0.074838,-0.042487,-0.788344
-0.198291,-2.251068,0.735991,-0.02566,0.119556,0.033327,0.991936,-0.646634,0.228811,-0.117737,0.450222,-0.07563,-0.248536,-0.443394,-0.332709,-0.138747,0.390023,-0.127006,0.2618,0.064264,-0.006299,0.323444,-1.187545,0.839973,-0.261423,-0.596538,-0.194579,0.086264,0.688283,-1.225783,-0.835878,0.233871,-0.558402,0.087198,-0.035622,-0.77243
-0.187048,-2.251866,0.741343,-0.018471,0.097065,0.035326,0.994479,-0.561616,0.219547,-0.102358,0.423646,-0.074942,-0.22919,-0.355705,-0.346243,-0.142362,0.356346,-0.128428,0.2618,0.054847,-0.002715,0.294082,-1.10857,0.854361,-0.287729,-0.613104,-0.265276,0.11536,0.713684,-1.168138,-0.870236,0.248944,-0.564079,0.108924,-0.035658,-0.763495
-0.174294,-2.254089,0.746079,-0.012609,0.080206,0.035822,0.996055,-0.486519,0.213885,-0.094942,0.394621,-0.075709,-0.213133,-0.276164,-0.352955,-0.14797,0.316878,-0.131733,0.2618,0.05169,0.00132,0.251259,-1.051301,0.876392,-0.294119,-0.626013,-0.281367,0.113053,0.722424,-1.112159,-0.906183,0.264289,-0.574281,0.12344,-0.043485,-0.773776
-0.161545,-2.258278,0.749738,-0.007396,0.066794,0.036322,0.997078,-0.41996,0.212106,-0.08919,0.363952,-0.073275,-0.205774,-0.205299,-0.35643,-0.157387,0.280215,-0.137775,0.2618,0.050093,0.003579,0.208137,-1.030319,0.896225,-0.285223,-0.636833,-0.272658,0.109397,0.727814,-1.076954,-0.931081,0.278842,-0.581576,0.158677,-0.030308,-0.789242
-0.150896,-2.263488,0.752049,-0.003803,0.056617,0.035602,0.997754,-0.366082,0.216214,-0.082568,0.336415,-0.07071,-0.209673,-0.148576,-0.353402,-0.16934,0.249151,-0.149096,0.2618,0.048813,0.004749,0.168109,-1.043569,0.906132,-0.272808,-0.639702,-0.262061,0.105695,0.732659,-1.077998,-0.933225,0.296261,-0.579801,0.175024,-0.032551,-0.80098
-0.142152,-2.27013,0.752659,-0.003175,0.050545,0.033549,0.998153,-0.329198,0.228283,-0.081037,0.316902,-0.071415,-0.219831,-0.111802,-0.340368,-0.181487,0.23028,-0.162708,0.2618,0.04899,0.009591,0.134074,-1.078602,0.902292,-0.254308,-0.634725,-0.248669,0.102536,0.733188,-1.106589,-0.924392,0.304425,-0.577045,0.173166,-0.039311,-0.819614
-0.136766,-2.276472,0.752561,-0.002786,0.0469,0.032689,0.998361,-0.309407,0.238396,-0.082159,0.307636,-0.0663,-0.23217,-0.094513,-0.328877,-0.189246,0.229133,-0.174651,0.2618,0.044304,0.015959,0.116674,-1.125868,0.894357,-0.220396,-0.626504,-0.225564,0.103644,0.734486,-1.155469,-0.913759,0.301569,-0.574953,0.153036,-0.046797,-0.848451
-0.135126,-2.280237,0.75294,-0.001484,0.048193,0.033932,0.99826,-0.308528,0.239097,-0.087982,0.298742,-0.048189,-0.240243,-0.100283,-0.328041,-0.189926,0.240952,-0.174963,0.2618,0.033466,0.023503,0.114537,-1.174187,0.890874,-0.173243,-0.618166,-0.184937,0.106933,0.727737,-1.210158,-0.906378,0.287845,-0.576245,0.126212,-0.049647,-0.881635
-0.136365,-2.281625,0.754224,-0.00002,0.053428,0.0349,0.997962,-0.317452,0.23533,-0.094847,0.283791,-0.021307,-0.24856,-0.12274,-0.333714,-0.186015,0.256879,-0.164501,0.2618,0.020278,0.031955,0.122347,-1.211764,0.875907,-0.131345,-0.612667,-0.156041,0.112081,0.706143,-1.259508,-0.899764,0.271262,-0.577864,0.106012,-0.044869,-0.908628
-0.139638,-2.28129,0.755839,0.001375,0.05941,0.033761,0.997662,-0.328631,0.230215,-0.101209,0.267844,0.004771,-0.254752,-0.149942,-0.340175,-0.178493,0.267228,-0.148999,0.2618,0.009641,0.039037,0.142821,-1.237108,0.854451,-0.101202,-0.608549,-0.130139,0.107026,0.687879,-1.293766,-0.883317,0.249861,-0.575932,0.091705,-0.037964,-0.940523
-0.145375,-2.280755,0.757037,0.001752,0.065215,0.030839,0.997393,-0.342731,0.22769,-0.110117,0.255396,0.02407,-0.258815,-0.181788,-0.341843,-0.167704,0.276146,-0.134237,0.2618,0.004841,0.044334,0.181908,-1.263157,0.832004,-0.075594,-0.603625,-0.103975,0.098389,0.679916,-1.302936,-0.866469,0.231554,-0.576769,0.065547,-0.046552,-0.950388
-0.15334,-2.278761,0.757189,0.002628,0.071702,0.027279,0.99705,-0.362775,0.222196,-0.106855,0.24831,0.034391,-0.261497,-0.219536,-0.345908,-0.154145,0.286217,-0.124837,0.2618,0.003639,0.048155,0.237898,-1.286857,0.809845,-0.053149,-0.599189,-0.077497,0.091838,0.682976,-1.31054,-0.842153,0.216197,-0.578001,0.032616,-0.062609,-0.961597
-0.164092,-2.275756,0.754964,0.003558,0.07933,0.021497,0.99661,-0.389437,0.216275,-0.106269,0.24856,0.022427,-0.2618,-0.270759,-0.351112,-0.135334,0.306867,-0.126004,0.2618,0.002035,0.049545,0.303691,-1.298046,0.783765,-0.05312,-0.600487,-0.074187,0.096126,0.688086,-1.329124,-0.793892,0.209602,-0.566292,0.025009,-0.072798,-0.955626
-0.175221,-2.270943,0.750275,0.006794,0.095679,0.012669,0.995308,-0.444605,0.203001,-0.090846,0.274727,-0.008035,-0.2618,-0.358845,-0.35879,-0.103638,0.350758,-0.135411,0.2618,0.000707,0.041347,0.351699,-1.294518,0.744729,-0.082626,-0.611304,-0.109755,0.113597,0.689785,-1.35411,-0.72698,0.226845,-0.555521,0.034566,-0.082398,-0.935587
-0.188306,-2.266496,0.742743,0.007251,0.119916,0.001268,0.992757,-0.531229,0.202538,-0.070714,0.320279,-0.043002,-0.2618,-0.484297,-0.352381,-0.068987,0.41978,-0.135559,0.2618,0.009303,0.034413,0.370334,-1.275277,0.698146,-0.107186,-0.62333,-0.122263,0.098361,0.691614,-1.374086,-0.663905,0.247981,-0.554291,0.050393,-0.087307,-0.904012
-0.19855,-2.264583,0.735282,0.004223,0.136475,-0.005142,0.990621,-0.605944,0.216815,-0.060675,0.370137,-0.061609,-0.2618,-0.568824,-0.341283,-0.051152,0.465288,-0.133266,0.2618,0.011877,0.029462,0.383392,-1.266322,0.687931,-0.098666,-0.626669,-0.093818,0.084322,0.709626,-1.386206,-0.658621,0.239203,-0.549751,-0.00841,-0.086479,-0.942242
-0.203755,-2.262095,0.732255,0.002949,0.143784,-0.005831,0.989587,-0.643853,0.215797,-0.070035,0.392406,-0.049381,-0.2618,-0.603387,-0.341943,-0.043138,0.47899,-0.119834,0.2618,0.010595,0.026657,0.397308,-1.270418,0.68435,-0.082155,-0.624804,-0.090302,0.089975,0.71728,-1.378563,-0.648088,0.214408,-0.551793,-0.006256,-0.070921,-0.930141
-0.205235,-2.259629,0.733488,0.002505,0.144365,-0.000927,0.989521,-0.652578,0.209125,-0.082861,0.392746,-0.027986,-0.2618,-0.600566,-0.350801,-0.043448,0.471137,-0.103341,0.2618,0.007941,0.027789,0.406318,-1.283225,0.688137,-0.081538,-0.620698,-0.089006,0.088151,0.716163,-1.363212,-0.650902,0.193505,-0.555346,0.003238,-0.060755,-0.915032
-0.203957,-2.258394,0.736415,0.000826,0.142956,0.005719,0.989712,-0.648058,0.204914,-0.098779,0.380621,-0.005362,-0.2618,-0.58102,-0.358037,-0.053546,0.454278,-0.08727,0.2618,0.007069,0.031751,0.401474,-1.300694,0.70596,-0.089992,-0.619314,-0.080362,0.081384,0.715479,-1.349649,-0.666748,0.182416,-0.557226,0.013692,-0.052877,-0.909771
-0.201447,-2.257809,0.739696,-0.001343,0.141645,0.011736,0.989847,-0.638386,0.203721,-0.10992,0.363125,0.01485,-0.2618,-0.554013,-0.361314,-0.069315,0.426939,-0.071981,0.2618,0.00753,0.035479,0.387717,-1.314723,0.723005,-0.101342,-0.621394,-0.074578,0.0794,0.713539,-1.346219,-0.686229,0.17896,-0.559222,0.01598,-0.049176,-0.906126
-0.198137,-2.257588,0.742984,-0.004939,0.139606,0.015464,0.990074,-0.623658,0.20823,-0.115045,0.343121,0.0274,-0.259008,-0.518573,-0.355972,-0.089851,0.386882,-0.056209,0.2618,0.013434,0.041704,0.373445,-1.317992,0.727391,-0.112855,-0.622538,-0.078025,0.083946,0.707742,-1.345406,-0.707228,0.17751,-0.56756,0.015059,-0.044196,-0.900695
-0.194728,-2.256015,0.745248,-0.005838,0.135985,0.016075,0.990563,-0.603992,0.208112,-0.111066,0.329938,0.025741,-0.253958,-0.488568,-0.355232,-0.099459,0.35657,-0.045493,0.2618,0.020768,0.039405,0.366467,-1.314768,0.724865,-0.114064,-0.619642,-0.085361,0.089279,0.700965,-1.347834,-0.720827,0.180364,-0.575488,0.016753,-0.037403,-0.894859
-0.192597,-2.254218,0.746173,-0.006012,0.132981,0.014903,0.990988,-0.590348,0.208492,-0.10518,0.326034,0.017987,-0.252236,-0.472396,-0.355713,-0.101283,0.342785,-0.041265,0.2618,0.02807,0.033382,0.364011,-1.308634,0.724233,-0.105777,-0.617179,-0.091466,0.095524,0.699028,-1.351934,-0.713107,0.187214,-0.572676,0.045054,-0.026733,-0.875629
-0.19182,-2.252373,0.746011,-0.00585,0.130814,0.013918,0.991292,-0.585626,0.2083,-0.09696,0.332483,0.006317,-0.2525,-0.467406,-0.358004,-0.099569,0.343031,-0.044646,0.2618,0.033319,0.026498,0.367285,-1.300983,0.727521,-0.090802,-0.616975,-0.090971,0.100906,0.69899,-1.350582,-0.708872,0.196922,-0.571362,0.051486,-0.026061,-0.867842
-0.192503,-2.251983,0.744506,-0.007694,0.130628,0.012286,0.991325,-0.59194,0.213442,-0.096339,0.346109,-0.009788,-0.260816,-0.476341,-0.352655,-0.098421,0.357665,-0.054261,0.2618,0.039747,0.023038,0.373918,-1.288626,0.734294,-0.08017,-0.619499,-0.090215,0.107527,0.698972,-1.343159,-0.704089,0.207904,-0.569978,0.055017,-0.025429,-0.864594
-0.194738,-2.251678,0.741981,-0.008917,0.132047,0.011489,0.991137,-0.607382,0.213889,-0.100593,0.365506,-0.027172,-0.261606,-0.495741,-0.348997,-0.097255,0.382345,-0.068227,0.2618,0.044381,0.021252,0.383209,-1.269394,0.735519,-0.076444,-0.621887,-0.092873,0.113281,0.696321,-1.331688,-0.702137,0.219644,-0.568828,0.059562,-0.023316,-0.859802
-0.198276,-2.250264,0.738734,-0.008104,0.135248,0.010514,0.990723,-0.626088,0.207882,-0.09753,0.383089,-0.045471,-0.2618,-0.527444,-0.351349,-0.093043,0.415667,-0.08148,0.2618,0.046516,0.018842,0.388779,-1.241716,0.732364,-0.077,-0.626777,-0.097049,0.117259,0.690302,-1.321469,-0.70286,0.232196,-0.570454,0.068914,-0.019633,-0.854033
-0.201528,-2.249395,0.736141,-0.008828,0.136739,0.009612,0.990521,-0.639337,0.208573,-0.092726,0.395691,-0.054802,-0.2618,-0.546631,-0.349185,-0.090274,0.434669,-0.086493,0.2618,0.046617,0.019825,0.388598,-1.214642,0.725996,-0.086237,-0.630926,-0.104713,0.117197,0.688334,-1.310554,-0.707105,0.238509,-0.572658,0.07022,-0.019778,-0.853168
-0.202802,-2.250371,0.736029,-0.009506,0.134789,0.007715,0.990799,-0.635733,0.214296,-0.091655,0.395586,-0.048622,-0.2618,-0.546227,-0.344878,-0.088106,0.436218,-0.082267,0.2618,0.047391,0.021676,0.381512,-1.196016,0.722431,-0.095317,-0.639635,-0.112823,0.115717,0.687895,-1.288461,-0.710122,0.238919,-0.579853,0.073621,-0.02029,-0.852679
