0.152483,-2.895008,0.782678,0.002537,0.003789,-0.085517,0.996326,-0.041239,-0.022799,0.025281,0.14343,-0.100967,0.039914,-0.069517,0.011146,0.014118,0.140568,-0.079532,0.00109,0.003385,0.001419,-0.094617,0.278065,0.327194,-0.207941,0.875519,0.149627,0.374016,-0.144945,-0.916819,-0.966529,0.029914,-0.618654,-0.224734,0.344488,0.169984
0.15232,-2.894984,0.78267,0.002485,0.003707,-0.086082,0.996278,-0.041056,-0.022448,0.026125,0.143364,-0.101056,0.039589,-0.069675,0.011548,0.015058,0.140382,-0.079061,0.001029,0.001252,0.000333,-0.09534,0.277347,0.329046,-0.209899,0.883489,0.147284,0.369785,-0.132115,-0.934807,-0.938791,0.024809,-0.60271,-0.222005,0.348888,0.179087
0.152066,-2.895013,0.782711,0.002492,0.003427,-0.08768,0.99614,-0.04049,-0.021615,0.028923,0.14372,-0.101273,0.03821,-0.069911,0.012437,0.01793,0.140358,-0.077834,0.001255,-0.005423,0.000139,-0.09556,0.280425,0.327828,-0.207653,0.891634,0.144866,0.370509,-0.127036,-0.97834,-0.883022,0.023093,-0.594905,-0.231752,0.354961,0.216639
0.15172,-2.895162,0.782744,0.002658,0.002987,-0.090236,0.995912,-0.039251,-0.02058,0.033197,0.143864,-0.100831,0.039477,-0.07047,0.013711,0.022399,0.140671,-0.076942,0.000673,-0.010807,0.00162,-0.095422,0.281599,0.326161,-0.208478,0.903108,0.144713,0.370884,-0.12287,-1.031961,-0.811246,0.021499,-0.596491,-0.246075,0.359634,0.256711
0.151322,-2.895235,0.78274,0.002958,0.002464,-0.092797,0.995678,-0.037635,-0.019877,0.038008,0.143312,-0.10079,0.040048,-0.071195,0.01463,0.027469,0.141646,-0.076193,0.000874,-0.011443,0.003638,-0.09508,0.27812,0.325229,-0.212019,0.914172,0.147083,0.368549,-0.119609,-1.080668,-0.744919,0.028859,-0.601947,-0.252889,0.36268,0.278291
0.151021,-2.895177,0.782701,0.003097,0.002207,-0.094108,0.995555,-0.03696,-0.019572,0.040599,0.143038,-0.101267,0.039215,-0.071674,0.014946,0.029602,0.142026,-0.076301,0.000869,-0.006361,0.003668,-0.095651,0.27056,0.324517,-0.213782,0.919725,0.148783,0.366732,-0.117673,-1.111294,-0.716778,0.045401,-0.607038,-0.251534,0.362949,0.27153
0.150845,-2.895201,0.782724,0.003216,0.002093,-0.093502,0.995612,-0.037129,-0.019914,0.040359,0.142738,-0.101216,0.036142,-0.071296,0.014496,0.029122,0.141613,-0.07606,0.001071,0.000688,0.001242,-0.09714,0.259513,0.322468,-0.210145,0.923695,0.14764,0.364806,-0.115855,-1.117379,-0.717153,0.06045,-0.599554,-0.234306,0.355088,0.237018
0.150829,-2.895185,0.782735,0.003032,0.002179,-0.090689,0.995872,-0.037618,-0.020856,0.035375,0.141772,-0.099616,0.037583,-0.070121,0.013422,0.024461,0.140697,-0.07642,0.000993,0.007072,-0.001506,-0.098056,0.248958,0.319365,-0.203265,0.920904,0.142766,0.358962,-0.110215,-1.095894,-0.743359,0.05996,-0.586385,-0.210584,0.338421,0.199162
0.150979,-2.895193,0.782732,0.002741,0.002388,-0.086062,0.996283,-0.038783,-0.022461,0.02698,0.140836,-0.09827,0.037809,-0.068117,0.011519,0.016043,0.139334,-0.077406,0.000896,0.011991,-0.003563,-0.098415,0.242828,0.318515,-0.20249,0.908234,0.138411,0.354891,-0.105304,-1.051742,-0.780891,0.04083,-0.571848,-0.186181,0.318564,0.169213
0.151148,-2.895196,0.78272,0.002541,0.002553,-0.081483,0.996668,-0.039909,-0.024296,0.018706,0.14016,-0.097626,0.038035,-0.066419,0.009383,0.007356,0.138832,-0.078904,0.000886,0.013171,-0.004392,-0.097837,0.244226,0.321192,-0.20868,0.888083,0.138082,0.353956,-0.107226,-1.003423,-0.798039,0.017678,-0.555514,-0.153974,0.297664,0.15485
0.15127,-2.895244,0.782711,0.002325,0.002579,-0.078635,0.996897,-0.04027,-0.025289,0.013121,0.139467,-0.097818,0.037768,-0.065326,0.008284,0.001754,0.138994,-0.08015,0.000664,0.008718,-0.004077,-0.097377,0.253888,0.322539,-0.213063,0.86969,0.135435,0.357094,-0.111635,-0.974011,-0.77883,0.007864,-0.548345,-0.12204,0.288992,0.162259
0.151428,-2.895318,0.782672,0.002235,0.002432,-0.078913,0.996876,-0.039509,-0.025007,0.01311,0.139345,-0.098431,0.037597,-0.065259,0.00858,0.001645,0.139921,-0.081113,0.000584,0.002152,-0.002221,-0.09767,0.266669,0.321836,-0.212988,0.863907,0.134982,0.366687,-0.121335,-0.977378,-0.740371,0.019217,-0.56215,-0.116022,0.305478,0.195557
0.151511,-2.89539,0.782654,0.002266,0.002157,-0.082105,0.996619,-0.038266,-0.02355,0.018384,0.140363,-0.100033,0.038025,-0.065857,0.010279,0.007371,0.140651,-0.080386,0.001001,-0.001188,0.000053,-0.098751,0.275468,0.31688,-0.2067,0.876799,0.134418,0.378018,-0.131239,-1.004115,-0.701994,0.046449,-0.584932,-0.141872,0.335304,0.245195
0.151547,-2.895507,0.782656,0.002505,0.00173,-0.086023,0.996288,-0.036642,-0.021992,0.025822,0.141648,-0.102059,0.037617,-0.06643,0.012018,0.014722,0.141277,-0.079834,0.001044,-0.000401,0.001923,-0.10005,0.276582,0.312616,-0.197967,0.901236,0.137562,0.388778,-0.140718,-1.033935,-0.670892,0.079025,-0.600775,-0.169909,0.355224,0.283555
0.151646,-2.895561,0.782658,0.00275,0.001301,-0.089059,0.996022,-0.035052,-0.020986,0.031784,0.142409,-0.102975,0.036898,-0.066578,0.013211,0.020638,0.141701,-0.079478,0.000921,0.003767,0.002891,-0.100407,0.274011,0.311104,-0.187693,0.921495,0.142202,0.389719,-0.143908,-1.054575,-0.658998,0.100776,-0.605487,-0.184855,0.357224,0.304309
0.151749,-2.895622,0.782691,0.002925,0.001024,-0.089706,0.995964,-0.034057,-0.020996,0.033143,0.142522,-0.102256,0.037964,-0.066206,0.013275,0.022403,0.142064,-0.079535,0.000695,0.007594,0.002888,-0.09897,0.271559,0.314417,-0.182086,0.930367,0.145538,0.378931,-0.139026,-1.053379,-0.667972,0.089922,-0.602626,-0.185949,0.344587,0.308982
0.151878,-2.895692,0.782719,0.003087,0.001015,-0.08786,0.996128,-0.034346,-0.022159,0.030091,0.142252,-0.101399,0.037752,-0.065356,0.011973,0.019161,0.142029,-0.080586,0.000363,0.010747,0.001422,-0.09677,0.270067,0.320754,-0.182742,0.928463,0.145072,0.362411,-0.127265,-1.024135,-0.691433,0.053248,-0.593425,-0.169376,0.326333,0.291489
0.152,-2.895657,0.782684,0.002985,0.001302,-0.085061,0.99637,-0.035633,-0.023361,0.024914,0.142133,-0.100272,0.038663,-0.064835,0.010566,0.013835,0.141926,-0.081656,0.000448,0.012891,-0.000428,-0.0953,0.269912,0.329364,-0.189547,0.921862,0.144219,0.351733,-0.113412,-0.987276,-0.720678,0.020838,-0.583874,-0.150223,0.312089,0.270114
0.152118,-2.895644,0.782658,0.002746,0.001647,-0.083183,0.996529,-0.037045,-0.023792,0.021284,0.142615,-0.100907,0.03878,-0.06488,0.010006,0.009848,0.142068,-0.082222,0.000664,0.011248,-0.001805,-0.094532,0.273702,0.334577,-0.194972,0.915355,0.140911,0.350857,-0.096926,-0.971204,-0.736813,0.005593,-0.585726,-0.153491,0.317706,0.26788
0.152174,-2.895765,0.782682,0.002446,0.001841,-0.083691,0.996487,-0.037712,-0.022748,0.021552,0.143777,-0.101549,0.038473,-0.065614,0.011099,0.010409,0.14269,-0.081533,0.000577,0.004585,-0.001864,-0.094672,0.280085,0.33674,-0.201348,0.91614,0.137754,0.357141,-0.082015,-0.989567,-0.730091,0.019166,-0.601308,-0.181915,0.339166,0.28374
0.152133,-2.895868,0.782657,0.002314,0.001716,-0.086446,0.996252,-0.037361,-0.020957,0.026375,0.145407,-0.102894,0.038557,-0.066805,0.013063,0.015289,0.14379,-0.080758,0.000266,-0.001843,-0.001006,-0.095321,0.282954,0.33564,-0.207451,0.927351,0.138145,0.362878,-0.07608,-1.032895,-0.719968,0.056944,-0.620964,-0.232284,0.359366,0.316571
0.152112,-2.895833,0.782641,0.002409,0.001271,-0.088931,0.996034,-0.035896,-0.02002,0.031151,0.146104,-0.10359,0.0386,-0.067291,0.014199,0.020157,0.145079,-0.080727,-0.000178,-0.005366,0.001334,-0.09531,0.278677,0.330942,-0.207524,0.943115,0.141868,0.363644,-0.078103,-1.073906,-0.713784,0.0942,-0.629493,-0.273755,0.359422,0.348394
0.152097,-2.895565,0.78264,0.002692,0.000867,-0.089047,0.996023,-0.034669,-0.021028,0.031772,0.145124,-0.102354,0.039124,-0.066719,0.013276,0.020872,0.145427,-0.081306,-0.000458,-0.00854,0.004807,-0.092871,0.270408,0.323638,-0.201201,0.952142,0.144833,0.357965,-0.079046,-1.092447,-0.716913,0.109267,-0.62861,-0.281589,0.340791,0.356867
0.151989,-2.895186,0.782711,0.00294,0.000761,-0.086606,0.996238,-0.034661,-0.023262,0.027984,0.143178,-0.100539,0.038171,-0.065643,0.010828,0.01692,0.144848,-0.081895,0.000137,-0.010579,0.007823,-0.089515,0.261613,0.318125,-0.197946,0.949288,0.145792,0.347454,-0.078976,-1.076836,-0.735395,0.091838,-0.62232,-0.260746,0.317139,0.337056
0.151876,-2.894752,0.782703,0.00292,0.001072,-0.083342,0.996516,-0.036074,-0.025455,0.02193,0.141879,-0.098047,0.039443,-0.064917,0.008428,0.010924,0.143549,-0.082508,0.00114,-0.009548,0.009238,-0.086803,0.256247,0.31626,-0.201954,0.931733,0.144515,0.337894,-0.079808,-1.038545,-0.766011,0.061971,-0.615492,-0.233711,0.304168,0.303408
0.151742,-2.894418,0.782666,0.00286,0.001661,-0.081252,0.996688,-0.038218,-0.026814,0.017684,0.141619,-0.097119,0.040524,-0.065155,0.006922,0.006666,0.14224,-0.082638,0.002498,-0.007614,0.009783,-0.085365,0.257014,0.318732,-0.211935,0.904846,0.143278,0.335884,-0.084822,-1.005102,-0.790334,0.035044,-0.610507,-0.222133,0.307373,0.280565
0.151612,-2.894288,0.782654,0.002797,0.002027,-0.082126,0.996616,-0.039025,-0.0264,0.01895,0.141654,-0.097898,0.040238,-0.066221,0.007387,0.007824,0.141619,-0.081835,0.002423,-0.007487,0.010879,-0.085227,0.259847,0.319855,-0.217709,0.888793,0.141677,0.34068,-0.08923,-1.002304,-0.782087,0.026519,-0.611787,-0.229756,0.319272,0.283801
0.151418,-2.894233,0.782631,0.002893,0.002169,-0.085673,0.996317,-0.038911,-0.024905,0.025196,0.142275,-0.099112,0.039212,-0.068131,0.00911,0.014129,0.141712,-0.080354,0.002299,-0.00725,0.012808,-0.085961,0.262885,0.318821,-0.219747,0.883975,0.140703,0.350164,-0.097222,-1.030379,-0.74956,0.04229,-0.61975,-0.2475,0.331937,0.30208
0.1512,-2.894223,0.782616,0.00329,0.001982,-0.089677,0.995963,-0.038212,-0.023789,0.032662,0.143508,-0.099188,0.040287,-0.069993,0.010497,0.021933,0.142876,-0.079433,0.002996,-0.007442,0.014907,-0.086079,0.263631,0.316631,-0.217424,0.888518,0.140413,0.361773,-0.109906,-1.070483,-0.71795,0.072302,-0.628696,-0.26723,0.339179,0.322797
0.15104,-2.89405,0.782597,0.003613,0.001732,-0.091462,0.9958,-0.03759,-0.023778,0.036497,0.143865,-0.099377,0.040988,-0.071058,0.010643,0.025618,0.144272,-0.079906,0.002577,-0.008205,0.017646,-0.084891,0.259496,0.312293,-0.20949,0.898791,0.140074,0.370226,-0.121471,-1.100979,-0.707698,0.090199,-0.627845,-0.281108,0.336125,0.337211
0.15111,-2.894032,0.782635,0.003928,0.001633,-0.0897,0.99596,-0.037738,-0.025288,0.033994,0.143433,-0.098507,0.040593,-0.070272,0.008985,0.02291,0.144488,-0.081004,0.002247,-0.0115,0.019324,-0.083593,0.25497,0.310508,-0.204148,0.904574,0.140374,0.371576,-0.126342,-1.101632,-0.712278,0.081454,-0.612499,-0.263152,0.316511,0.330398
0.151239,-2.893947,0.782637,0.003829,0.00189,-0.085946,0.996291,-0.038725,-0.027119,0.027063,0.142291,-0.097373,0.040527,-0.068753,0.006901,0.015808,0.143245,-0.082206,0.002543,-0.012749,0.019669,-0.082948,0.251415,0.312568,-0.20561,0.903461,0.140212,0.36631,-0.122958,-1.073619,-0.731884,0.056132,-0.593777,-0.216774,0.289467,0.301535
0.15139,-2.893934,0.782608,0.003641,0.00241,-0.082718,0.996563,-0.040277,-0.02834,0.020857,0.141601,-0.09701,0.040909,-0.067788,0.005451,0.009527,0.141645,-0.082718,0.003128,-0.01157,0.01841,-0.083541,0.251894,0.315409,-0.207265,0.896597,0.13828,0.360978,-0.117712,-1.043187,-0.759867,0.025334,-0.580836,-0.190964,0.282408,0.285373
0.15156,-2.894148,0.782585,0.003338,0.003023,-0.082033,0.996619,-0.041369,-0.027719,0.018885,0.141362,-0.097551,0.040736,-0.067997,0.00602,0.007648,0.140371,-0.081993,0.003467,-0.010343,0.016892,-0.084803,0.25874,0.318697,-0.210191,0.887039,0.135661,0.359541,-0.111091,-1.035206,-0.77062,-0.001148,-0.580771,-0.203666,0.297883,0.295571
0.151703,-2.894516,0.782611,0.003306,0.00333,-0.084798,0.996387,-0.041118,-0.025783,0.023354,0.141818,-0.099018,0.03994,-0.069393,0.008094,0.012216,0.140385,-0.080778,0.003243,-0.009145,0.0165,-0.086419,0.268141,0.321126,-0.216262,0.884952,0.135215,0.363214,-0.107128,-1.054592,-0.749692,-0.001456,-0.590104,-0.225704,0.310732,0.313368
0.151846,-2.894809,0.782579,0.003486,0.003144,-0.088648,0.996052,-0.039621,-0.023854,0.030638,0.142651,-0.100787,0.039947,-0.07088,0.010306,0.019635,0.142159,-0.080508,0.00282,-0.006656,0.016536,-0.087405,0.273164,0.320827,-0.219206,0.893302,0.137806,0.3692,-0.109085,-1.088218,-0.724684,0.028124,-0.610148,-0.24837,0.320352,0.327187
0.152084,-2.895018,0.782616,0.003814,0.002684,-0.090507,0.995885,-0.03798,-0.023434,0.034472,0.143364,-0.101057,0.040324,-0.071103,0.010938,0.023711,0.144299,-0.081395,0.002056,-0.006355,0.017073,-0.086772,0.273238,0.317496,-0.215004,0.90744,0.141627,0.371809,-0.11347,-1.118032,-0.715284,0.062955,-0.622232,-0.264444,0.318881,0.334071
0.152308,-2.895121,0.782635,0.004096,0.002236,-0.089065,0.996015,-0.037203,-0.024651,0.032397,0.143522,-0.100738,0.040288,-0.069754,0.009642,0.021487,0.145336,-0.083375,0.001068,-0.010737,0.017964,-0.084981,0.270348,0.312449,-0.207136,0.920617,0.143607,0.368236,-0.113439,-1.126002,-0.712318,0.082193,-0.608455,-0.240813,0.294406,0.319736
0.152496,-2.895198,0.782665,0.004145,0.002145,-0.08489,0.996379,-0.037978,-0.026771,0.025038,0.14338,-0.099537,0.041084,-0.067701,0.007217,0.013949,0.145069,-0.085173,0.001157,-0.017026,0.017444,-0.08247,0.267394,0.31036,-0.205624,0.925324,0.145134,0.360331,-0.110871,-1.10766,-0.722189,0.080708,-0.585518,-0.191862,0.26246,0.296098
0.152842,-2.895332,0.782662,0.003762,0.002618,-0.080339,0.996757,-0.039722,-0.028044,0.016335,0.143175,-0.099095,0.041104,-0.066214,0.005693,0.00521,0.144227,-0.086272,0.001006,-0.022126,0.015927,-0.080592,0.269198,0.313694,-0.21425,0.916669,0.148237,0.351179,-0.109854,-1.080146,-0.745265,0.062244,-0.572417,-0.165526,0.253826,0.290296
0.15309,-2.895608,0.782688,0.003305,0.003399,-0.078116,0.996933,-0.0417,-0.027705,0.011636,0.143232,-0.099237,0.040139,-0.066229,0.0059,0.000542,0.143074,-0.085643,0.000795,-0.024853,0.014661,-0.079698,0.274231,0.319159,-0.226091,0.904174,0.150681,0.347412,-0.109045,-1.063792,-0.758292,0.033934,-0.572778,-0.17692,0.268589,0.309523
0.153329,-2.896079,0.782696,0.003245,0.004159,-0.079904,0.996789,-0.042554,-0.025988,0.014335,0.143474,-0.099685,0.038963,-0.067615,0.007677,0.003175,0.141968,-0.084367,0.00064,-0.024044,0.01388,-0.080767,0.279157,0.32272,-0.233266,0.898366,0.151387,0.352796,-0.109315,-1.069686,-0.738342,0.020352,-0.57825,-0.19787,0.283771,0.334771
0.153354,-2.896538,0.782747,0.003597,0.004681,-0.084174,0.996434,-0.042492,-0.023915,0.021973,0.143623,-0.100058,0.038757,-0.070167,0.010035,0.010986,0.141894,-0.082513,-0.000037,-0.019924,0.01298,-0.081912,0.278697,0.322316,-0.23185,0.90259,0.150048,0.36205,-0.111987,-1.095844,-0.706438,0.03764,-0.591809,-0.218615,0.293219,0.356767
0.153393,-2.896868,0.782752,0.003921,0.004844,-0.08807,0.996095,-0.041744,-0.022163,0.029251,0.143941,-0.100083,0.039912,-0.072251,0.012109,0.018585,0.14277,-0.081428,-0.000904,-0.014449,0.012581,-0.082161,0.272203,0.32006,-0.225719,0.910819,0.147908,0.367229,-0.115379,-1.125718,-0.684881,0.068966,-0.604171,-0.237739,0.300816,0.370497
0.153568,-2.89716,0.782808,0.004188,0.004913,-0.089476,0.995968,-0.04117,-0.021553,0.032279,0.143857,-0.10008,0.040068,-0.073151,0.012846,0.021808,0.14393,-0.081187,-0.001249,-0.011752,0.011975,-0.080691,0.265402,0.318944,-0.220734,0.912785,0.144671,0.364891,-0.114764,-1.145255,-0.677995,0.094732,-0.609073,-0.242819,0.302713,0.367561
0.153915,-2.897585,0.78283,0.004203,0.005281,-0.087576,0.996135,-0.041219,-0.021825,0.029329,0.142329,-0.099351,0.039556,-0.072705,0.012456,0.018667,0.143799,-0.081944,-0.001968,-0.015349,0.011285,-0.079138,0.262166,0.320788,-0.222878,0.90689,0.14172,0.359455,-0.112219,-1.142242,-0.680808,0.092598,-0.602214,-0.227295,0.295403,0.34918
0.154312,-2.897994,0.782877,0.004021,0.005984,-0.08383,0.996454,-0.04209,-0.022633,0.022548,0.13987,-0.09752,0.038711,-0.071981,0.011416,0.011857,0.142939,-0.082368,-0.002562,-0.020016,0.009005,-0.078867,0.259251,0.325272,-0.230109,0.896867,0.140959,0.356384,-0.114127,-1.1159,-0.695722,0.064151,-0.589099,-0.205611,0.29004,0.322534
0.154795,-2.898393,0.782886,0.003703,0.006937,-0.080446,0.996728,-0.043405,-0.023055,0.015749,0.137462,-0.095805,0.038334,-0.071527,0.010846,0.005183,0.141489,-0.082695,-0.003023,-0.022276,0.005416,-0.080387,0.257529,0.329888,-0.234844,0.884568,0.139857,0.35734,-0.117689,-1.087497,-0.715108,0.027933,-0.580385,-0.203086,0.297672,0.309435
0.155313,-2.898885,0.782874,0.003457,0.007867,-0.079435,0.996803,-0.044093,-0.022311,0.013225,0.135694,-0.095311,0.037481,-0.071755,0.011512,0.002686,0.140102,-0.082482,-0.003523,-0.023161,0.002571,-0.082967,0.258422,0.333134,-0.237995,0.875438,0.137538,0.364102,-0.118509,-1.082376,-0.717462,0.004057,-0.5778,-0.219163,0.312654,0.313079
0.155746,-2.899291,0.782854,0.003488,0.008278,-0.082009,0.996591,-0.043399,-0.020579,0.017636,0.135529,-0.096288,0.036571,-0.072778,0.013365,0.007072,0.13989,-0.081618,-0.003545,-0.020465,0.001381,-0.085577,0.259319,0.332697,-0.24004,0.87468,0.13576,0.37147,-0.121208,-1.106581,-0.702653,0.010876,-0.585985,-0.23977,0.323255,0.321294
0.156125,-2.899574,0.782883,0.003761,0.008061,-0.085949,0.99626,-0.041757,-0.018953,0.024789,0.136831,-0.09775,0.036285,-0.073579,0.015308,0.014618,0.141053,-0.081119,-0.004002,-0.014559,0.001135,-0.087291,0.257742,0.330461,-0.240958,0.879198,0.135926,0.375688,-0.127579,-1.144195,-0.687795,0.043268,-0.594109,-0.253231,0.323239,0.327537
0.156502,-2.899725,0.782908,0.004062,0.007693,-0.088164,0.996068,-0.040219,-0.018372,0.02946,0.137999,-0.098555,0.036653,-0.073641,0.016053,0.019203,0.142565,-0.081739,-0.004786,-0.009794,0.001367,-0.087954,0.255689,0.326951,-0.236888,0.882087,0.135447,0.374895,-0.131836,-1.17849,-0.686193,0.080314,-0.595925,-0.255356,0.314351,0.32872
0.157062,-2.899809,0.782925,0.004209,0.007565,-0.087236,0.99615,-0.039394,-0.019102,0.02843,0.137978,-0.098553,0.036995,-0.072267,0.0153,0.018187,0.142688,-0.083114,-0.00511,-0.011192,0.001178,-0.088532,0.257305,0.323577,-0.230557,0.880444,0.134373,0.372396,-0.13172,-1.197702,-0.704553,0.098016,-0.587981,-0.253819,0.301486,0.332659
0.157697,-2.899823,0.782939,0.004004,0.007738,-0.084222,0.996409,-0.039172,-0.020163,0.023054,0.136901,-0.098328,0.037164,-0.070301,0.013995,0.012776,0.141883,-0.084427,-0.004968,-0.014714,0.00093,-0.089561,0.259237,0.322325,-0.229895,0.877964,0.135318,0.369784,-0.132234,-1.187076,-0.734618,0.083109,-0.571317,-0.24221,0.284983,0.329516
0.158222,-2.899809,0.782909,0.003641,0.00808,-0.080942,0.996679,-0.039454,-0.021086,0.016859,0.135507,-0.098047,0.037561,-0.068839,0.012886,0.006396,0.141207,-0.085442,-0.00503,-0.017348,0.000272,-0.091037,0.262873,0.325524,-0.23585,0.871509,0.139413,0.367987,-0.136358,-1.167497,-0.765682,0.060714,-0.558342,-0.232927,0.27849,0.324127
0.158706,-2.899806,0.782879,0.003269,0.00844,-0.079452,0.996798,-0.039682,-0.021148,0.013376,0.134985,-0.09869,0.037414,-0.06823,0.012774,0.003069,0.140861,-0.085937,-0.00493,-0.020203,0.000638,-0.092717,0.27059,0.32988,-0.24226,0.863767,0.14293,0.367809,-0.139385,-1.164113,-0.776609,0.043801,-0.55696,-0.242044,0.287191,0.324679
0.159158,-2.899906,0.782847,0.003225,0.008638,-0.081434,0.996636,-0.039202,-0.020144,0.016293,0.135784,-0.100203,0.037258,-0.068652,0.013928,0.006208,0.140908,-0.085728,-0.004808,-0.021643,0.00235,-0.094623,0.279396,0.332929,-0.246559,0.863652,0.144716,0.370725,-0.13941,-1.182185,-0.757843,0.04694,-0.567113,-0.255035,0.2958,0.321194
0.15945,-2.89996,0.782863,0.00352,0.008485,-0.084998,0.996339,-0.038048,-0.019073,0.02304,0.137242,-0.101612,0.037381,-0.069727,0.01521,0.012848,0.142225,-0.085455,-0.005002,-0.018683,0.004516,-0.096689,0.281823,0.334441,-0.248356,0.87504,0.149724,0.375605,-0.144089,-1.21117,-0.734945,0.073803,-0.578087,-0.260917,0.293835,0.312767
0.15973,-2.899753,0.782861,0.003883,0.008083,-0.087395,0.996133,-0.036707,-0.019063,0.028101,0.138526,-0.102465,0.037901,-0.0701,0.015344,0.017796,0.143965,-0.086139,-0.004864,-0.013082,0.007011,-0.097346,0.276698,0.332149,-0.240767,0.890906,0.154311,0.377968,-0.146804,-1.23106,-0.731042,0.093978,-0.579793,-0.261553,0.283264,0.304074
0.160017,-2.8995,0.782878,0.004116,0.007776,-0.086721,0.996194,-0.036375,-0.020309,0.027377,0.139364,-0.102016,0.038626,-0.069063,0.014029,0.017192,0.144394,-0.087242,-0.004646,-0.008717,0.008601,-0.096312,0.268413,0.329193,-0.230402,0.902903,0.15465,0.373145,-0.141837,-1.226575,-0.750912,0.082737,-0.572003,-0.260787,0.270652,0.293054
0.160167,-2.899301,0.782896,0.004169,0.007719,-0.084159,0.996414,-0.036899,-0.022024,0.022808,0.139297,-0.10095,0.039441,-0.067596,0.012175,0.012526,0.143718,-0.087926,-0.00433,-0.006129,0.008172,-0.095232,0.262604,0.330816,-0.229064,0.904508,0.152923,0.36286,-0.132895,-1.207826,-0.77396,0.0599,-0.558698,-0.253236,0.260199,0.275445
0.160196,-2.899182,0.782873,0.004063,0.007826,-0.082261,0.996572,-0.037592,-0.023002,0.01892,0.139032,-0.100521,0.039949,-0.066791,0.011105,0.008619,0.142928,-0.088309,-0.003724,-0.007602,0.007586,-0.094252,0.264775,0.336076,-0.237089,0.89546,0.149777,0.352441,-0.121723,-1.20565,-0.777731,0.05034,-0.55265,-0.255078,0.262644,0.261808
0.160152,-2.899253,0.782847,0.00406,0.007935,-0.082863,0.996521,-0.037699,-0.022651,0.019627,0.13904,-0.100777,0.039667,-0.067145,0.011462,0.009275,0.142636,-0.087938,-0.003265,-0.011327,0.008615,-0.093805,0.271997,0.341753,-0.250726,0.887276,0.148883,0.349339,-0.113136,-1.229894,-0.756484,0.060984,-0.558348,-0.267842,0.273683,0.253225
0.159921,-2.899328,0.782871,0.004252,0.007894,-0.084717,0.996365,-0.037416,-0.022001,0.023246,0.139085,-0.100707,0.039568,-0.068374,0.012202,0.012845,0.143348,-0.08744,-0.003374,-0.010335,0.010511,-0.09409,0.271719,0.342272,-0.259803,0.893464,0.152621,0.356365,-0.113028,-1.259745,-0.729843,0.079473,-0.562276,-0.27358,0.279538,0.244503
0.159592,-2.899372,0.782899,0.004381,0.007815,-0.084746,0.996362,-0.037732,-0.022076,0.023591,0.139043,-0.100079,0.039431,-0.068838,0.012145,0.013263,0.143607,-0.08722,-0.003598,-0.005321,0.010955,-0.092642,0.262833,0.338411,-0.257355,0.902963,0.156071,0.36316,-0.118478,-1.270124,-0.724637,0.083778,-0.563699,-0.269428,0.274476,0.242948
0.159308,-2.899364,0.782922,0.004409,0.007936,-0.082737,0.99653,-0.038705,-0.022953,0.02021,0.138295,-0.098877,0.039426,-0.068486,0.011158,0.009988,0.142821,-0.087128,-0.004007,-0.001347,0.009867,-0.090904,0.252168,0.331265,-0.245573,0.909257,0.155041,0.364744,-0.121266,-1.255999,-0.741131,0.072101,-0.561382,-0.261816,0.269656,0.245625
0.159253,-2.899392,0.782908,0.004253,0.008395,-0.079517,0.996789,-0.04023,-0.024026,0.014282,0.137103,-0.09776,0.03929,-0.067691,0.00989,0.004018,0.141111,-0.087399,-0.003944,-0.000902,0.006921,-0.090513,0.247986,0.32762,-0.238744,0.903629,0.151167,0.3587,-0.120965,-1.230478,-0.763524,0.058164,-0.553773,-0.257434,0.271437,0.251936
0.159144,-2.899457,0.782853,0.003934,0.008727,-0.077619,0.996937,-0.041441,-0.024164,0.010342,0.136668,-0.097693,0.038964,-0.067465,0.009642,-0.000069,0.140142,-0.087156,-0.003479,-0.006382,0.004527,-0.090224,0.254725,0.327208,-0.241103,0.888132,0.144222,0.351481,-0.116264,-1.223708,-0.756442,0.055754,-0.547379,-0.263304,0.283193,0.262046
0.15904,-2.899672,0.782839,0.003818,0.00867,-0.079216,0.996812,-0.041082,-0.02288,0.012668,0.137065,-0.098484,0.038322,-0.068263,0.01101,0.002344,0.140719,-0.086563,-0.003437,-0.012434,0.004264,-0.090771,0.265649,0.328193,-0.252472,0.877295,0.141623,0.351207,-0.115805,-1.241096,-0.725706,0.072547,-0.552159,-0.276367,0.29653,0.267065
0.158934,-2.899921,0.78286,0.003952,0.008307,-0.081767,0.996609,-0.039894,-0.021587,0.017519,0.137736,-0.099211,0.038028,-0.069236,0.012494,0.007312,0.142461,-0.086419,-0.004177,-0.011123,0.004653,-0.091815,0.266074,0.327602,-0.261847,0.882803,0.149445,0.361932,-0.128208,-1.260492,-0.701287,0.091375,-0.559655,-0.284747,0.301508,0.262518
0.158846,-2.89997,0.782876,0.004102,0.007934,-0.082644,0.996539,-0.03916,-0.021346,0.019547,0.13826,-0.099249,0.037987,-0.069163,0.012755,0.009253,0.143243,-0.086616,-0.00476,-0.004839,0.005023,-0.091228,0.256724,0.322568,-0.257004,0.896041,0.158327,0.371219,-0.144793,-1.261899,-0.699157,0.094037,-0.563842,-0.283073,0.298243,0.250546
0.158791,-2.899935,0.782883,0.004129,0.00771,-0.081764,0.996613,-0.039037,-0.021792,0.018269,0.138304,-0.09884,0.037824,-0.068229,0.012171,0.007812,0.142772,-0.08682,-0.004958,0.000314,0.003831,-0.089338,0.248427,0.317819,-0.243121,0.90037,0.159092,0.367695,-0.152364,-1.243931,-0.713044,0.083187,-0.561139,-0.27232,0.290676,0.235638
0.158693,-2.899845,0.782825,0.003949,0.007566,-0.080381,0.996728,-0.039237,-0.022248,0.01563,0.138293,-0.098868,0.038004,-0.067432,0.011664,0.005214,0.142454,-0.087218,-0.004391,-0.00143,0.001598,-0.086976,0.250557,0.3184,-0.235333,0.891134,0.153283,0.356693,-0.149234,-1.229632,-0.718727,0.075731,-0.553317,-0.268514,0.292456,0.229577
0.158636,-2.899897,0.782823,0.003732,0.00755,-0.080227,0.996741,-0.039472,-0.021818,0.014966,0.138684,-0.099149,0.037718,-0.067381,0.01211,0.004626,0.142423,-0.086771,-0.004171,-0.008705,0.000416,-0.085977,0.261432,0.322113,-0.23722,0.881103,0.144479,0.350181,-0.139545,-1.231858,-0.708509,0.084165,-0.553447,-0.275611,0.302474,0.228872
0.158559,-2.900002,0.782884,0.003712,0.007651,-0.081393,0.996646,-0.039624,-0.021052,0.017006,0.139029,-0.099089,0.037651,-0.06815,0.01296,0.006686,0.142528,-0.085982,-0.004565,-0.010932,0.000907,-0.086696,0.266219,0.326027,-0.244505,0.883824,0.143903,0.357639,-0.136722,-1.238116,-0.704214,0.101954,-0.562844,-0.2825,0.314088,0.21873
0.158419,-2.899936,0.782933,0.00381,0.007763,-0.081962,0.996598,-0.040014,-0.020978,0.018191,0.139037,-0.098306,0.037718,-0.068828,0.013085,0.007956,0.142441,-0.085287,-0.005057,-0.005841,0.002455,-0.087044,0.260698,0.327141,-0.246728,0.894484,0.149274,0.369248,-0.139959,-1.231973,-0.715465,0.106142,-0.569923,-0.273055,0.31411,0.191828
0.158312,-2.899722,0.782972,0.003951,0.007871,-0.081751,0.996614,-0.040586,-0.021639,0.017899,0.138985,-0.097483,0.037752,-0.068992,0.012427,0.00781,0.141911,-0.085008,-0.005214,0.000839,0.003755,-0.086554,0.253342,0.326264,-0.240343,0.902108,0.152758,0.374945,-0.14127,-1.211876,-0.737384,0.095506,-0.571306,-0.256238,0.31217,0.1614
0.158203,-2.899498,0.78293,0.003951,0.007942,-0.081048,0.996671,-0.041073,-0.022288,0.016625,0.138789,-0.097358,0.037862,-0.068708,0.011703,0.006331,0.141079,-0.085081,-0.004605,0.001607,0.00359,-0.08518,0.253375,0.32341,-0.226682,0.899988,0.143975,0.367052,-0.129996,-1.192557,-0.74783,0.079884,-0.564877,-0.246378,0.312797,0.154264
0.158083,-2.899323,0.782916,0.003898,0.007906,-0.081745,0.996614,-0.041077,-0.022122,0.017619,0.139018,-0.097672,0.038143,-0.069023,0.01189,0.007359,0.140959,-0.084397,-0.003871,-0.003188,0.004096,-0.084871,0.26228,0.322839,-0.22402,0.8942,0.133923,0.359184,-0.114262,-1.195507,-0.735048,0.087146,-0.566216,-0.246277,0.319725,0.155355
0.157957,-2.899302,0.782952,0.003917,0.007689,-0.083379,0.996481,-0.040512,-0.021431,0.020573,0.139544,-0.098148,0.038429,-0.069783,0.012708,0.010428,0.141938,-0.08381,-0.00396,-0.007917,0.006006,-0.086353,0.268599,0.324472,-0.233156,0.896302,0.134539,0.358548,-0.10825,-1.211224,-0.716151,0.106938,-0.570977,-0.251169,0.323267,0.16178
0.157764,-2.899252,0.782945,0.004024,0.007264,-0.083959,0.996435,-0.039984,-0.021428,0.02195,0.140173,-0.098313,0.03844,-0.06984,0.01275,0.011768,0.143071,-0.084233,-0.004187,-0.007568,0.007735,-0.086911,0.265493,0.326795,-0.241974,0.904576,0.145966,0.36385,-0.11554,-1.213363,-0.709619,0.109993,-0.575839,-0.250217,0.31852,0.16511
0.157594,-2.899168,0.782958,0.004114,0.007008,-0.082784,0.996534,-0.040001,-0.022211,0.020236,0.140054,-0.09765,0.038307,-0.068892,0.011781,0.009736,0.142671,-0.084881,-0.004306,-0.003661,0.007869,-0.086143,0.257494,0.326065,-0.237822,0.910816,0.15503,0.365323,-0.122976,-1.190318,-0.722504,0.084784,-0.578678,-0.239662,0.312129,0.156562
0.157396,-2.899035,0.782933,0.004073,0.007025,-0.080797,0.996698,-0.040595,-0.023244,0.016625,0.139278,-0.096875,0.038393,-0.067959,0.01061,0.006093,0.141362,-0.084941,-0.003801,0.000358,0.006039,-0.085022,0.251912,0.323438,-0.227336,0.909923,0.153063,0.359505,-0.120701,-1.153929,-0.742862,0.047508,-0.578696,-0.22762,0.310912,0.143231
0.157083,-2.898925,0.782862,0.003911,0.007121,-0.079323,0.996816,-0.04134,-0.023745,0.013682,0.138566,-0.096752,0.0384,-0.067854,0.010012,0.003095,0.140816,-0.085034,-0.002989,-0.000215,0.004391,-0.083931,0.25495,0.322489,-0.224536,0.900303,0.144445,0.350762,-0.111406,-1.133776,-0.743524,0.02317,-0.582329,-0.222909,0.315874,0.13536
0.156743,-2.898959,0.782814,0.003634,0.007212,-0.07992,0.996769,-0.041411,-0.022657,0.0146,0.137952,-0.09769,0.036562,-0.068805,0.011035,0.003751,0.140985,-0.084308,-0.002695,-0.004896,0.004355,-0.08351,0.263975,0.323556,-0.232811,0.891315,0.137783,0.347874,-0.104613,-1.139136,-0.726167,0.026158,-0.599152,-0.228814,0.325543,0.131893
0.156423,-2.899082,0.782855,0.00386,0.00713,-0.081432,0.996646,-0.04148,-0.022226,0.017329,0.13828,-0.096623,0.036777,-0.069708,0.011608,0.006757,0.141301,-0.083671,-0.002784,-0.007439,0.004145,-0.084388,0.26685,0.324711,-0.243253,0.894865,0.140935,0.35547,-0.110121,-1.152576,-0.708254,0.045347,-0.613121,-0.232629,0.327921,0.13176
0.156129,-2.899019,0.782908,0.003919,0.007047,-0.081439,0.996646,-0.041729,-0.022417,0.017458,0.138151,-0.095852,0.037478,-0.070067,0.011531,0.007154,0.141417,-0.083281,-0.003164,-0.007835,0.004915,-0.084448,0.262398,0.322188,-0.242377,0.904621,0.149231,0.364012,-0.12382,-1.149473,-0.704601,0.048722,-0.618341,-0.227893,0.325078,0.131625
0.155958,-2.89884,0.782918,0.003968,0.007107,-0.079958,0.996765,-0.042464,-0.023411,0.014997,0.137677,-0.094348,0.037827,-0.069655,0.010437,0.004691,0.140709,-0.083542,-0.003261,-0.007193,0.005064,-0.083364,0.257134,0.318586,-0.231854,0.907216,0.153558,0.365233,-0.132564,-1.123027,-0.717949,0.024414,-0.61716,-0.220469,0.322639,0.129157
0.155865,-2.89867,0.782921,0.003983,0.007167,-0.078377,0.99689,-0.043156,-0.024465,0.012125,0.137393,-0.093417,0.038072,-0.069422,0.009279,0.001764,0.140601,-0.083884,-0.002939,-0.006339,0.003753,-0.08215,0.256216,0.318455,-0.225507,0.901241,0.152249,0.359019,-0.133733,-1.089247,-0.731898,-0.004281,-0.61365,-0.212409,0.325015,0.12477
0.155775,-2.898534,0.782907,0.004061,0.007123,-0.078411,0.996887,-0.043624,-0.024879,0.011984,0.138032,-0.09336,0.037395,-0.069663,0.008842,0.001439,0.140967,-0.084297,-0.00247,-0.007549,0.003228,-0.081365,0.263394,0.321794,-0.228901,0.888983,0.147328,0.353285,-0.129457,-1.079887,-0.728595,-0.011096,-0.62168,-0.216029,0.337186,0.127907
0.155726,-2.898458,0.782869,0.00406,0.007013,-0.080757,0.996701,-0.043285,-0.023908,0.015784,0.139234,-0.09429,0.038064,-0.070495,0.009959,0.005489,0.141505,-0.083862,-0.002079,-0.009856,0.005093,-0.082178,0.272641,0.324287,-0.235928,0.884009,0.143863,0.356878,-0.126617,-1.097202,-0.717268,0.006975,-0.642128,-0.234863,0.360637,0.130735
0.155645,-2.898325,0.782881,0.004204,0.006692,-0.083439,0.996482,-0.042471,-0.023125,0.020938,0.140441,-0.095232,0.038388,-0.071304,0.01094,0.010634,0.14252,-0.083562,-0.002267,-0.008501,0.007284,-0.083836,0.272568,0.323877,-0.238969,0.892915,0.145501,0.365237,-0.131356,-1.113363,-0.705793,0.021038,-0.652707,-0.245369,0.375024,0.121377
0.155577,-2.898148,0.78294,0.00434,0.006372,-0.083727,0.996459,-0.041896,-0.023505,0.021969,0.140575,-0.0948,0.038863,-0.071075,0.01061,0.011735,0.143026,-0.083675,-0.002548,-0.005153,0.008789,-0.084304,0.264704,0.322612,-0.233498,0.903871,0.150395,0.371725,-0.138079,-1.10241,-0.701977,0.014978,-0.652169,-0.23285,0.373395,0.095019
0.155628,-2.898034,0.782913,0.004325,0.006238,-0.082064,0.996598,-0.041723,-0.024461,0.019129,0.139899,-0.094351,0.039194,-0.06988,0.009535,0.008864,0.142491,-0.0844,-0.002233,-0.003962,0.00862,-0.084145,0.259313,0.321807,-0.223189,0.90488,0.150533,0.369858,-0.136405,-1.069686,-0.710177,-0.002334,-0.648387,-0.214372,0.366046,0.070034
0.155707,-2.898005,0.782846,0.004076,0.00619,-0.080346,0.996739,-0.041523,-0.02488,0.015771,0.139063,-0.094705,0.039021,-0.06877,0.009016,0.005369,0.141964,-0.085037,-0.001763,-0.005947,0.007401,-0.084049,0.260589,0.323689,-0.218997,0.896872,0.145931,0.363452,-0.127762,-1.038155,-0.71519,-0.011611,-0.642975,-0.203798,0.364148,0.062628
0.155714,-2.898006,0.782821,0.003811,0.006043,-0.08024,0.99675,-0.040955,-0.024439,0.015152,0.138684,-0.095246,0.03877,-0.068325,0.00944,0.004711,0.141931,-0.084931,-0.001467,-0.009095,0.00701,-0.084877,0.266745,0.327318,-0.225077,0.887028,0.140967,0.356709,-0.119503,-1.027218,-0.70397,-0.004629,-0.643805,-0.207508,0.37533,0.075289
0.155628,-2.898068,0.782828,0.003716,0.005712,-0.081999,0.996609,-0.03995,-0.023336,0.018106,0.139165,-0.096096,0.038332,-0.068698,0.010671,0.007777,0.142788,-0.084501,-0.001816,-0.009456,0.007667,-0.085848,0.270278,0.331165,-0.23459,0.883717,0.142351,0.356414,-0.119213,-1.033246,-0.684982,0.013146,-0.655603,-0.221682,0.395413,0.09522
0.155426,-2.898055,0.782833,0.003796,0.005329,-0.083329,0.996501,-0.039365,-0.022828,0.020849,0.140013,-0.096644,0.03814,-0.06885,0.011254,0.010535,0.143479,-0.084531,-0.002211,-0.008116,0.009139,-0.08557,0.269203,0.330823,-0.235216,0.887567,0.145994,0.362214,-0.121862,-1.032131,-0.668164,0.037127,-0.67769,-0.228253,0.421858,0.10131
0.155395,-2.898005,0.782866,0.003814,0.005294,-0.082684,0.996554,-0.039466,-0.023144,0.020178,0.139912,-0.096289,0.038482,-0.068362,0.010875,0.009769,0.142994,-0.084601,-0.002366,-0.010449,0.010424,-0.084622,0.268176,0.326641,-0.225459,0.891775,0.147196,0.36871,-0.121606,-1.006186,-0.661671,0.048637,-0.692965,-0.223987,0.435732,0.099412
0.155475,-2.898088,0.782912,0.00381,0.005589,-0.080228,0.996754,-0.040301,-0.02417,0.015904,0.138897,-0.095401,0.038245,-0.067639,0.009709,0.005449,0.142068,-0.085263,-0.0023,-0.016455,0.010331,-0.083273,0.269732,0.323793,-0.216251,0.888458,0.145991,0.368581,-0.119194,-0.961257,-0.659574,0.040617,-0.688485,-0.205411,0.434199,0.090707
0.155424,-2.898072,0.78283,0.003638,0.005998,-0.078433,0.996895,-0.041415,-0.024684,0.012245,0.138044,-0.094952,0.038305,-0.067858,0.009095,0.001725,0.141772,-0.08581,-0.001961,-0.021556,0.009737,-0.08255,0.274993,0.326142,-0.217824,0.877581,0.14617,0.362956,-0.120397,-0.934023,-0.665753,0.034951,-0.679217,-0.194676,0.430941,0.091176
0.155394,-2.89804,0.782805,0.003573,0.006388,-0.078996,0.996848,-0.042097,-0.024324,0.012669,0.137915,-0.095216,0.038099,-0.068797,0.009461,0.002278,0.141426,-0.085468,-0.001602,-0.022263,0.010414,-0.083492,0.281447,0.330924,-0.22764,0.868467,0.148948,0.359482,-0.126987,-0.944234,-0.668155,0.040107,-0.675991,-0.201271,0.431733,0.105655
0.155263,-2.898002,0.782827,0.003833,0.006549,-0.081824,0.996618,-0.042132,-0.023567,0.017589,0.138434,-0.095628,0.037953,-0.07024,0.010368,0.00723,0.141159,-0.084283,-0.001634,-0.018893,0.012196,-0.085339,0.283536,0.332167,-0.233671,0.871986,0.151406,0.364538,-0.134662,-0.984161,-0.656006,0.05805,-0.676673,-0.206572,0.437054,0.113574
0.154978,-2.897846,0.78284,0.004215,0.006372,-0.085016,0.99635,-0.041784,-0.02298,0.02371,0.139467,-0.095862,0.038177,-0.07162,0.011117,0.013251,0.141604,-0.083452,-0.001738,-0.015123,0.014463,-0.086851,0.279956,0.328277,-0.230158,0.88609,0.152178,0.371917,-0.139671,-1.028168,-0.641602,0.081197,-0.678527,-0.206809,0.4478,0.107635
0.154944,-2.897774,0.7829,0.004428,0.006078,-0.085859,0.996279,-0.041345,-0.023068,0.025996,0.140261,-0.095892,0.03866,-0.071616,0.011074,0.015548,0.142101,-0.083312,-0.001859,-0.015472,0.015684,-0.08701,0.275063,0.323775,-0.221327,0.897794,0.152859,0.375759,-0.139366,-1.043942,-0.638978,0.090078,-0.680836,-0.205189,0.457079,0.092937
0.155106,-2.897857,0.782945,0.004339,0.005995,-0.083597,0.996472,-0.041404,-0.023823,0.022293,0.13987,-0.09513,0.039341,-0.070206,0.010157,0.011782,0.141716,-0.083917,-0.001848,-0.01936,0.015592,-0.086651,0.271901,0.32312,-0.215182,0.898445,0.153446,0.372767,-0.135205,-1.02049,-0.65459,0.077514,-0.68011,-0.203011,0.459002,0.075778
0.155432,-2.898173,0.782923,0.004174,0.006117,-0.07997,0.99677,-0.041698,-0.024895,0.015442,0.138884,-0.094784,0.039239,-0.068233,0.008893,0.004832,0.140853,-0.085238,-0.001938,-0.023458,0.013686,-0.086137,0.271476,0.327577,-0.216007,0.888144,0.152487,0.361866,-0.13012,-0.986178,-0.67105,0.06024,-0.671361,-0.193875,0.456205,0.0593
0.15563,-2.898426,0.782851,0.004002,0.006119,-0.0783,0.996903,-0.041589,-0.025088,0.011919,0.138427,-0.095253,0.037915,-0.067236,0.008564,0.001259,0.14071,-0.085983,-0.001359,-0.027604,0.011974,-0.085195,0.276773,0.333654,-0.222426,0.87208,0.148326,0.350925,-0.123092,-0.985556,-0.672127,0.057284,-0.667878,-0.193385,0.45694,0.057292
0.155747,-2.898755,0.782825,0.004072,0.006113,-0.079825,0.996782,-0.040991,-0.024093,0.014355,0.138713,-0.095922,0.03668,-0.067465,0.009565,0.003571,0.140693,-0.085721,-0.001181,-0.028288,0.011929,-0.085633,0.281202,0.336955,-0.232533,0.868479,0.145306,0.35177,-0.116966,-1.018293,-0.657038,0.06934,-0.670752,-0.20006,0.457765,0.061515
0.15588,-2.899016,0.782918,0.004352,0.00611,-0.08208,0.996598,-0.040425,-0.023236,0.018609,0.139287,-0.095517,0.037535,-0.068067,0.010602,0.008105,0.140775,-0.084769,-0.001685,-0.02431,0.012606,-0.086601,0.277867,0.334404,-0.236923,0.880267,0.147176,0.364712,-0.117619,-1.044863,-0.642157,0.083622,-0.674875,-0.20124,0.455405,0.059399
0.156071,-2.899177,0.783064,0.004484,0.006312,-0.082088,0.996595,-0.040657,-0.023187,0.019159,0.13932,-0.095018,0.038206,-0.068162,0.010678,0.008831,0.140583,-0.084324,-0.002478,-0.023158,0.012815,-0.08589,0.271051,0.32765,-0.229975,0.893624,0.1507,0.37731,-0.120237,-1.035582,-0.640759,0.082655,-0.680074,-0.197844,0.451446,0.053953
0.156372,-2.899341,0.783054,0.004308,0.006735,-0.079951,0.996767,-0.0416,-0.023505,0.015481,0.138979,-0.094668,0.03843,-0.067795,0.010217,0.004974,0.140233,-0.084974,-0.003084,-0.026004,0.011696,-0.084768,0.267543,0.322634,-0.219792,0.895058,0.151546,0.375902,-0.12062,-0.998231,-0.649811,0.066695,-0.676856,-0.189031,0.449195,0.046107
0.156684,-2.899498,0.782953,0.004135,0.007131,-0.078109,0.996911,-0.042645,-0.023779,0.012026,0.139234,-0.095167,0.037193,-0.067795,0.009762,0.000985,0.140653,-0.086352,-0.003388,-0.030423,0.010343,-0.084144,0.27126,0.322759,-0.219912,0.883818,0.148744,0.362944,-0.119478,-0.978062,-0.650849,0.056196,-0.667487,-0.183477,0.452263,0.046002
0.156929,-2.899719,0.782911,0.004046,0.007254,-0.079058,0.996835,-0.04307,-0.022908,0.013036,0.140814,-0.095745,0.036966,-0.068473,0.010687,0.002236,0.141726,-0.086397,-0.003475,-0.033306,0.010626,-0.084299,0.279415,0.327194,-0.231482,0.870571,0.148154,0.353069,-0.121189,-1.000114,-0.637455,0.064832,-0.666925,-0.189632,0.456011,0.056521
0.15707,-2.89994,0.782987,0.004297,0.007116,-0.081904,0.996606,-0.042798,-0.021802,0.018279,0.143064,-0.096695,0.03732,-0.069394,0.011952,0.007375,0.142786,-0.085903,-0.00424,-0.029959,0.011822,-0.085674,0.28018,0.330044,-0.243229,0.87182,0.153873,0.356988,-0.130345,-1.036969,-0.620644,0.087199,-0.670492,-0.193943,0.452601,0.063572
0.157162,-2.899991,0.783076,0.004585,0.006856,-0.083557,0.996469,-0.042794,-0.021534,0.021795,0.145464,-0.097453,0.038218,-0.069458,0.012319,0.010998,0.143217,-0.085644,-0.004654,-0.023221,0.012251,-0.086097,0.271957,0.32706,-0.240197,0.88374,0.15991,0.368959,-0.1404,-1.049788,-0.620538,0.106245,-0.67296,-0.189618,0.444119,0.062536
0.157274,-2.899939,0.783092,0.004657,0.006696,-0.082428,0.996564,-0.043709,-0.02225,0.020173,0.147661,-0.098107,0.039069,-0.068351,0.011489,0.009304,0.142725,-0.086184,-0.004623,-0.019379,0.012239,-0.084835,0.262635,0.320216,-0.224269,0.892,0.158189,0.374529,-0.140984,-1.028233,-0.642255,0.101383,-0.665346,-0.184513,0.433016,0.063666
0.157339,-2.900003,0.783009,0.004668,0.006682,-0.080444,0.996726,-0.044612,-0.023237,0.016395,0.148612,-0.098775,0.039375,-0.067259,0.010365,0.005307,0.142216,-0.087299,-0.004053,-0.018102,0.011185,-0.083012,0.258814,0.317067,-0.214412,0.888732,0.151337,0.370183,-0.135152,-0.99485,-0.667668,0.083434,-0.647467,-0.177345,0.411754,0.066843
0.157387,-2.900227,0.782923,0.004704,0.006825,-0.079684,0.996786,-0.044595,-0.023445,0.014674,0.147812,-0.09911,0.038814,-0.066948,0.010112,0.003498,0.141708,-0.087832,-0.003376,-0.018293,0.009499,-0.083457,0.263458,0.320208,-0.218084,0.875848,0.144259,0.360232,-0.129361,-0.987097,-0.674274,0.079102,-0.624839,-0.171459,0.376628,0.087888
0.157506,-2.900482,0.782899,0.004755,0.007138,-0.081236,0.996658,-0.043619,-0.022507,0.017007,0.145855,-0.099149,0.038047,-0.067559,0.011144,0.006001,0.140937,-0.087025,-0.003224,-0.018368,0.009862,-0.086603,0.272235,0.324452,-0.228748,0.866867,0.141521,0.357239,-0.128354,-1.017663,-0.667203,0.09389,-0.615749,-0.174378,0.336359,0.118896
0.157557,-2.900686,0.78294,0.004848,0.007362,-0.083924,0.996433,-0.042362,-0.021062,0.021878,0.144218,-0.098907,0.037545,-0.068804,0.012742,0.011146,0.140774,-0.085416,-0.003242,-0.015538,0.010922,-0.090685,0.275859,0.326706,-0.23698,0.87201,0.144497,0.365276,-0.133479,-1.06792,-0.673508,0.113801,-0.619712,-0.194066,0.299377,0.146856
0.157561,-2.90078,0.782937,0.004948,0.007327,-0.085319,0.996314,-0.041636,-0.020366,0.024763,0.143778,-0.098733,0.037086,-0.069335,0.013511,0.014079,0.141075,-0.084997,-0.0038,-0.010372,0.011551,-0.091951,0.270459,0.325356,-0.23569,0.88695,0.149474,0.376211,-0.139997,-1.108232,-0.705184,0.113752,-0.629917,-0.232366,0.269969,0.158238
0.157488,-2.900853,0.782911,0.005112,0.007124,-0.084332,0.996399,-0.041667,-0.021027,0.023362,0.143891,-0.098256,0.036853,-0.068735,0.012753,0.012593,0.141228,-0.085852,-0.004014,-0.008173,0.011211,-0.090035,0.262415,0.322572,-0.227744,0.898942,0.150791,0.37821,-0.141025,-1.119487,-0.741564,0.098949,-0.629256,-0.24969,0.234811,0.131538
0.157481,-2.900869,0.782897,0.005164,0.007056,-0.081752,0.996614,-0.042059,-0.022387,0.018828,0.143303,-0.097407,0.037126,-0.067646,0.011218,0.007989,0.141104,-0.087063,-0.003672,-0.009199,0.010395,-0.087831,0.257722,0.322015,-0.222,0.900498,0.149412,0.369667,-0.136848,-1.107155,-0.777102,0.083648,-0.620157,-0.241972,0.205012,0.075669
0.157503,-2.900876,0.782807,0.004898,0.007279,-0.07927,0.996815,-0.04246,-0.022927,0.014383,0.14187,-0.097737,0.035457,-0.067041,0.01045,0.003001,0.140591,-0.08774,-0.00341,-0.010946,0.009656,-0.086514,0.260269,0.325483,-0.225124,0.890842,0.146513,0.358373,-0.129017,-1.102827,-0.799998,0.074927,-0.606571,-0.228393,0.196114,0.018113
0.157489,-2.90102,0.782842,0.00515,0.007516,-0.079343,0.996806,-0.043212,-0.023451,0.013763,0.142049,-0.096639,0.035806,-0.06699,0.009991,0.00286,0.139379,-0.087198,-0.002225,-0.013227,0.008296,-0.085958,0.269029,0.330974,-0.235058,0.879515,0.143943,0.351912,-0.120675,-1.129998,-0.798665,0.082381,-0.59904,-0.225808,0.202768,-0.017206
0.157388,-2.901179,0.78285,0.005101,0.007785,-0.081755,0.996609,-0.04293,-0.021871,0.017788,0.141625,-0.096869,0.036568,-0.068296,0.0117,0.007149,0.138864,-0.085482,-0.00236,-0.01343,0.008924,-0.086519,0.275338,0.334381,-0.246003,0.879594,0.145105,0.355517,-0.117826,-1.173533,-0.779763,0.104495,-0.599389,-0.231956,0.209898,-0.029915
0.157262,-2.901315,0.78298,0.005455,0.007858,-0.083393,0.996471,-0.043084,-0.021613,0.02109,0.141789,-0.096453,0.036001,-0.069187,0.012073,0.010447,0.138709,-0.084511,-0.002915,-0.009716,0.009111,-0.086031,0.271684,0.332841,-0.248498,0.891348,0.149794,0.363093,-0.12372,-1.198504,-0.76704,0.120483,-0.604091,-0.23551,0.210106,-0.023615
0.157167,-2.901286,0.782948,0.005406,0.008045,-0.082824,0.996517,-0.043345,-0.021596,0.020546,0.141124,-0.095664,0.036545,-0.06959,0.012004,0.009858,0.138756,-0.084752,-0.003378,-0.006033,0.009887,-0.084444,0.262121,0.327117,-0.239217,0.905458,0.154149,0.368395,-0.130687,-1.190894,-0.772316,0.114689,-0.605305,-0.233692,0.208505,-0.010368
0.15721,-2.901179,0.782907,0.005364,0.008376,-0.0805,0.996705,-0.04459,-0.0227,0.016462,0.140652,-0.095178,0.036443,-0.069069,0.010774,0.005763,0.137864,-0.085608,-0.003246,-0.004431,0.008754,-0.082975,0.255776,0.322604,-0.227457,0.908465,0.152688,0.364735,-0.129361,-1.162458,-0.787636,0.094874,-0.599503,-0.225564,0.205944,-0.002049
0.157325,-2.901148,0.7829,0.005255,0.00877,-0.078618,0.996852,-0.045873,-0.023448,0.012779,0.140514,-0.09517,0.036073,-0.068741,0.009928,0.002104,0.136973,-0.085791,-0.00269,-0.006398,0.006269,-0.082456,0.258524,0.323763,-0.227176,0.898816,0.147833,0.356115,-0.122855,-1.146746,-0.78784,0.081317,-0.595308,-0.22084,0.208987,0.007584
0.15748,-2.901257,0.782874,0.005053,0.008982,-0.079206,0.996805,-0.045657,-0.022614,0.01343,0.140209,-0.095624,0.036249,-0.069323,0.010811,0.002773,0.137254,-0.085435,-0.002751,-0.008327,0.005549,-0.083391,0.265124,0.326844,-0.236687,0.890217,0.145332,0.351773,-0.119858,-1.157806,-0.771001,0.089552,-0.599782,-0.224014,0.21108,0.01641
0.157667,-2.901362,0.782895,0.005037,0.009006,-0.081016,0.996659,-0.044742,-0.021558,0.016845,0.140012,-0.096168,0.036022,-0.070187,0.012005,0.006326,0.138294,-0.085221,-0.00325,-0.008101,0.005504,-0.084529,0.268102,0.330247,-0.247643,0.888995,0.149849,0.356355,-0.125525,-1.178894,-0.752193,0.109618,-0.608895,-0.229363,0.211224,0.019098
0.15785,-2.901353,0.782932,0.004957,0.009005,-0.081075,0.996655,-0.044367,-0.021302,0.017367,0.139861,-0.095942,0.035879,-0.070299,0.012283,0.006757,0.139103,-0.08564,-0.00422,-0.007337,0.005825,-0.084012,0.263372,0.328106,-0.244714,0.895685,0.154087,0.363812,-0.133248,-1.178141,-0.74964,0.110274,-0.615335,-0.230895,0.20972,0.015786
0.158104,-2.901199,0.782946,0.004867,0.009104,-0.079122,0.996811,-0.044837,-0.022262,0.013983,0.139742,-0.095401,0.036184,-0.069429,0.011231,0.003291,0.138901,-0.086627,-0.004566,-0.007384,0.004831,-0.08274,0.256938,0.323252,-0.231122,0.900918,0.152477,0.366623,-0.134589,-1.152732,-0.763139,0.089008,-0.614579,-0.225514,0.206209,0.005295
0.15838,-2.901115,0.782881,0.004813,0.00935,-0.077727,0.996919,-0.045351,-0.023089,0.010959,0.139592,-0.095765,0.036352,-0.068784,0.010361,0.000314,0.138277,-0.087546,-0.004043,-0.008023,0.003208,-0.08175,0.255653,0.32032,-0.221436,0.898558,0.143578,0.362504,-0.12662,-1.132757,-0.771276,0.073491,-0.610262,-0.217416,0.209018,-0.004229
0.158644,-2.900973,0.782884,0.004811,0.009703,-0.078677,0.996841,-0.04532,-0.022947,0.01211,0.139213,-0.096085,0.036496,-0.069374,0.010534,0.00151,0.13789,-0.086931,-0.003272,-0.008635,0.002873,-0.082199,0.261067,0.321314,-0.225511,0.892006,0.135094,0.356015,-0.117561,-1.145138,-0.762765,0.08067,-0.610628,-0.218092,0.212843,-0.004197
0.158841,-2.900844,0.782988,0.005025,0.010008,-0.081888,0.996579,-0.043945,-0.022044,0.017853,0.137499,-0.09572,0.036502,-0.071328,0.011587,0.007543,0.138583,-0.085494,-0.003162,-0.006674,0.004131,-0.084228,0.265052,0.324666,-0.237488,0.891119,0.135087,0.354687,-0.117032,-1.173341,-0.745714,0.104863,-0.615365,-0.221604,0.211438,0.000967
0.159091,-2.900635,0.783112,0.005377,0.010262,-0.083847,0.996411,-0.042251,-0.022091,0.022283,0.134576,-0.094132,0.036672,-0.07309,0.011649,0.011899,0.140133,-0.08517,-0.003276,-0.004356,0.005793,-0.08568,0.262368,0.32548,-0.241591,0.899043,0.142043,0.35953,-0.123741,-1.181207,-0.73807,0.114378,-0.618952,-0.222367,0.210106,0.004351
0.159582,-2.900494,0.783141,0.005408,0.010579,-0.08273,0.996501,-0.041417,-0.022853,0.020678,0.132057,-0.092735,0.036351,-0.073067,0.010812,0.010395,0.140746,-0.086164,-0.003466,-0.004626,0.006667,-0.086369,0.255742,0.32282,-0.232295,0.909171,0.147813,0.365154,-0.12839,-1.15623,-0.748346,0.093357,-0.617282,-0.219521,0.209956,0.001707
0.159999,-2.900476,0.783104,0.005209,0.010723,-0.080854,0.996655,-0.041383,-0.023405,0.017039,0.131445,-0.09287,0.03594,-0.072187,0.010076,0.006633,0.140838,-0.087122,-0.003071,-0.005268,0.005842,-0.08616,0.25081,0.320753,-0.220706,0.912547,0.145964,0.364231,-0.124,-1.118644,-0.763574,0.062417,-0.611987,-0.214893,0.2171,-0.003484
0.160391,-2.900666,0.78301,0.004977,0.01056,-0.08055,0.996682,-0.040768,-0.022955,0.015997,0.132205,-0.09449,0.035608,-0.071236,0.01047,0.00547,0.141226,-0.087767,-0.002645,-0.007221,0.004775,-0.08603,0.253649,0.323283,-0.221096,0.906416,0.141275,0.357046,-0.115646,-1.102965,-0.759288,0.049543,-0.614142,-0.217564,0.232823,0.000444
0.160786,-2.901004,0.782989,0.004953,0.010278,-0.08271,0.996508,-0.039109,-0.021594,0.019394,0.132946,-0.09615,0.035155,-0.070922,0.011978,0.008979,0.141767,-0.087546,-0.002866,-0.008493,0.004664,-0.087204,0.259955,0.328315,-0.231249,0.900356,0.140394,0.351883,-0.111614,-1.111221,-0.735952,0.060776,-0.627698,-0.225784,0.254767,0.007659
0.161092,-2.901358,0.783029,0.005094,0.010063,-0.085106,0.996308,-0.037541,-0.020315,0.024023,0.133371,-0.097039,0.034966,-0.070959,0.013433,0.013707,0.142328,-0.087309,-0.003647,-0.006646,0.005083,-0.088824,0.260116,0.33088,-0.237555,0.904118,0.144784,0.354816,-0.114388,-1.120431,-0.715009,0.076478,-0.642733,-0.232545,0.277016,0.01198
0.161266,-2.901521,0.783047,0.005196,0.010019,-0.085143,0.996305,-0.037099,-0.020221,0.024673,0.13327,-0.096961,0.034706,-0.070505,0.013499,0.014236,0.142116,-0.087514,-0.003826,-0.005038,0.005176,-0.088273,0.254805,0.327728,-0.230001,0.911555,0.147425,0.359733,-0.116585,-1.108989,-0.715322,0.070802,-0.649724,-0.237944,0.291665,0.015525
0.161392,-2.901599,0.783051,0.005232,0.01024,-0.083003,0.996483,-0.037883,-0.021196,0.020692,0.132685,-0.09617,0.034904,-0.069649,0.012359,0.010369,0.141123,-0.087894,-0.003919,-0.005525,0.004746,-0.086256,0.249834,0.32294,-0.219207,0.913179,0.145422,0.360436,-0.113587,-1.078519,-0.732601,0.043878,-0.643577,-0.236439,0.293255,0.013341
0.161387,-2.901584,0.783017,0.005196,0.010515,-0.08093,0.996651,-0.03912,-0.022153,0.016579,0.132544,-0.095743,0.034984,-0.069365,0.011317,0.006291,0.140618,-0.088259,-0.003468,-0.007865,0.003778,-0.084615,0.250809,0.32227,-0.220766,0.905145,0.141319,0.354998,-0.10866,-1.063642,-0.743969,0.028729,-0.634398,-0.233182,0.294582,0.010343
0.161325,-2.90157,0.783001,0.005145,0.010735,-0.081247,0.996623,-0.039929,-0.021966,0.016611,0.133186,-0.095971,0.035055,-0.06994,0.011502,0.006412,0.140294,-0.087366,-0.002926,-0.010635,0.003825,-0.084815,0.257941,0.325026,-0.234362,0.89458,0.139231,0.349291,-0.107262,-1.083223,-0.736889,0.041602,-0.636292,-0.236795,0.293266,0.014116
0.161203,-2.901644,0.783073,0.005222,0.010829,-0.083377,0.996446,-0.039998,-0.020964,0.020492,0.13385,-0.096284,0.035376,-0.071225,0.012661,0.010434,0.140582,-0.086111,-0.003202,-0.009661,0.004528,-0.086201,0.261044,0.327517,-0.24684,0.892884,0.144968,0.353218,-0.116743,-1.110918,-0.720271,0.069749,-0.643672,-0.237097,0.288561,0.015966
0.160987,-2.901612,0.783151,0.005261,0.010878,-0.084163,0.996379,-0.040177,-0.02056,0.022397,0.133848,-0.095741,0.035557,-0.072241,0.013134,0.012337,0.141124,-0.085465,-0.003971,-0.006158,0.005454,-0.085939,0.256646,0.324237,-0.241829,0.897739,0.152554,0.361621,-0.130366,-1.111866,-0.7172,0.072842,-0.646833,-0.233892,0.287311,0.012921
0.160896,-2.901497,0.783163,0.00523,0.011009,-0.082439,0.996522,-0.040986,-0.021343,0.019559,0.133364,-0.094899,0.035368,-0.071985,0.01224,0.009525,0.140864,-0.086073,-0.004167,-0.004221,0.004994,-0.08384,0.251599,0.318818,-0.225158,0.897826,0.153339,0.36476,-0.13617,-1.079664,-0.733116,0.042768,-0.640178,-0.230472,0.291793,0.00744
0.160724,-2.901363,0.783089,0.00509,0.011021,-0.080336,0.996694,-0.041838,-0.022232,0.015544,0.133253,-0.09489,0.035341,-0.071442,0.011216,0.005306,0.140701,-0.087,-0.003799,-0.006622,0.003316,-0.081091,0.253831,0.318213,-0.216781,0.887534,0.14619,0.360203,-0.132229,-1.04909,-0.738837,0.019615,-0.629294,-0.225426,0.300079,0.003224
0.1605,-2.901342,0.783012,0.004961,0.010864,-0.080633,0.996672,-0.041869,-0.021939,0.015463,0.133663,-0.095472,0.035266,-0.071586,0.011541,0.005208,0.140971,-0.087029,-0.003306,-0.011895,0.00275,-0.080224,0.264197,0.321407,-0.222199,0.876734,0.137742,0.356605,-0.124967,-1.054056,-0.718882,0.033077,-0.631656,-0.22904,0.306118,0.010172
0.160295,-2.901524,0.783041,0.00507,0.010562,-0.08397,0.996399,-0.040613,-0.020374,0.021322,0.134106,-0.09632,0.034892,-0.072454,0.013313,0.011138,0.141476,-0.086274,-0.003356,-0.012891,0.004138,-0.082066,0.270252,0.325607,-0.236212,0.880283,0.138936,0.362634,-0.127595,-1.078365,-0.672498,0.076519,-0.641625,-0.229133,0.309092,0.015399
0.15996,-2.901752,0.783067,0.005318,0.010051,-0.08785,0.996069,-0.038856,-0.018719,0.028505,0.134511,-0.097173,0.03442,-0.073362,0.015241,0.018422,0.142245,-0.085657,-0.003801,-0.007759,0.006225,-0.083676,0.265764,0.326469,-0.240631,0.895816,0.148632,0.37287,-0.139003,-1.08708,-0.617475,0.12497,-0.641941,-0.219919,0.311666,0.016064
0.15985,-2.901858,0.783072,0.005509,0.009596,-0.089832,0.995895,-0.037099,-0.01803,0.032612,0.134071,-0.097385,0.034205,-0.072955,0.015999,0.02226,0.141958,-0.085748,-0.00366,-0.001226,0.007557,-0.083868,0.256146,0.322769,-0.227329,0.912612,0.15646,0.376549,-0.146399,-1.053439,-0.574454,0.147816,-0.623536,-0.206144,0.310468,0.012892
0.160103,-2.90199,0.783079,0.005662,0.009474,-0.089458,0.995929,-0.035981,-0.018406,0.032085,0.132902,-0.097233,0.033959,-0.071672,0.01556,0.021718,0.141072,-0.086516,-0.003641,0.005455,0.007825,-0.083356,0.248462,0.320103,-0.212907,0.918275,0.155948,0.371141,-0.142451,-0.979694,-0.54254,0.150764,-0.585764,-0.182607,0.303025,-0.012487
0.160505,-2.902338,0.783076,0.005942,0.009558,-0.087837,0.996071,-0.035744,-0.019468,0.029019,0.13216,-0.096914,0.033864,-0.070345,0.014451,0.018647,0.140401,-0.087804,-0.003576,0.010919,0.008014,-0.085104,0.247588,0.322359,-0.21323,0.90986,0.149065,0.361634,-0.131032,-0.887529,-0.490383,0.185565,-0.535893,-0.108597,0.262748,-0.118394
0.161001,-2.90274,0.783108,0.006416,0.009963,-0.086629,0.99617,-0.036095,-0.020645,0.02679,0.13168,-0.096813,0.033676,-0.070301,0.013227,0.016405,0.140776,-0.08912,-0.003562,0.010827,0.01156,-0.08949,0.253802,0.324356,-0.222446,0.898005,0.144349,0.355033,-0.120856,-0.808919,-0.402475,0.301355,-0.476219,0.022377,0.185879,-0.339263
0.161523,-2.903132,0.783204,0.006813,0.009777,-0.086324,0.996196,-0.035192,-0.021331,0.026266,0.132078,-0.097317,0.033602,-0.069656,0.012522,0.015781,0.142149,-0.090433,-0.003811,0.003418,0.017585,-0.091832,0.260578,0.323483,-0.230057,0.894094,0.142926,0.353955,-0.114394,-0.771708,-0.295222,0.47684,-0.432744,0.159781,0.113678,-0.63225
0.162025,-2.903378,0.78324,0.007133,0.009426,-0.086672,0.996167,-0.034069,-0.021771,0.02685,0.133184,-0.098409,0.033828,-0.06888,0.012118,0.016409,0.14362,-0.091849,-0.004133,-0.004573,0.023938,-0.093357,0.264619,0.319647,-0.231987,0.898934,0.14363,0.355398,-0.111139,-0.778628,-0.194607,0.637196,-0.388136,0.241216,0.052016,-0.890893
0.162052,-2.903341,0.783201,0.007493,0.009165,-0.087439,0.9961,-0.033693,-0.022338,0.028309,0.133964,-0.09861,0.034092,-0.06872,0.011603,0.017987,0.144019,-0.092611,-0.003749,0.001497,0.030297,-0.092226,0.257748,0.316939,-0.237524,0.908307,0.151601,0.360769,-0.118865,-0.841121,-0.143466,0.708903,-0.376949,0.239159,0.041211,-0.901523
0.162099,-2.903353,0.783168,0.0081,0.008713,-0.086964,0.99614,-0.033134,-0.024011,0.027824,0.134479,-0.098052,0.034806,-0.067642,0.009909,0.01754,0.144321,-0.094303,-0.003242,0.008589,0.035762,-0.090538,0.247881,0.31361,-0.238944,0.917102,0.159974,0.360927,-0.125958,-0.888807,-0.089674,0.751204,-0.36791,0.235079,0.021903,-0.925622
0.162138,-2.90327,0.783221,0.008572,0.008462,-0.08456,0.996346,-0.033255,-0.026402,0.023908,0.134081,-0.096389,0.03607,-0.066288,0.007366,0.013693,0.144272,-0.095606,-0.002453,0.020634,0.038088,-0.089194,0.235872,0.311282,-0.23828,0.918881,0.16518,0.353804,-0.130016,-0.908244,-0.059792,0.753705,-0.376193,0.216102,-0.009629,-0.951874
0.162177,-2.903156,0.783286,0.008722,0.008378,-0.079833,0.996735,-0.0344,-0.029141,0.015735,0.133631,-0.094686,0.036953,-0.064396,0.004277,0.005417,0.143972,-0.097002,-0.001917,0.034823,0.037123,-0.088515,0.225106,0.311843,-0.239602,0.909747,0.167748,0.345314,-0.131539,-0.889799,-0.058571,0.730082,-0.398399,0.197562,-0.041432,-0.968697
0.162188,-2.903099,0.783263,0.008613,0.008355,-0.073983,0.997187,-0.036407,-0.031801,0.005106,0.134115,-0.093686,0.03728,-0.062276,0.001224,-0.005454,0.143767,-0.098741,-0.001471,0.043024,0.035607,-0.08719,0.221544,0.314794,-0.243453,0.890809,0.165182,0.338506,-0.129785,-0.846898,-0.055595,0.717717,-0.417619,0.209538,-0.060836,-0.96759
0.162129,-2.90318,0.783244,0.008495,0.008372,-0.069476,0.997512,-0.038276,-0.033574,-0.003389,0.13486,-0.09301,0.035948,-0.060783,-0.000849,-0.014254,0.143673,-0.099942,-0.001452,0.03993,0.036455,-0.084931,0.230279,0.315071,-0.246738,0.870178,0.15514,0.334583,-0.124209,-0.821249,-0.031176,0.740268,-0.419892,0.243873,-0.071626,-0.932892
0.161983,-2.903266,0.783326,0.008809,0.008468,-0.068087,0.997605,-0.039453,-0.03493,-0.006223,0.135252,-0.091429,0.035974,-0.060655,-0.00225,-0.017097,0.143427,-0.100079,-0.000965,0.029899,0.038856,-0.082885,0.246412,0.314134,-0.251381,0.85993,0.147785,0.339319,-0.122798,-0.827333,-0.006509,0.785716,-0.417254,0.257615,-0.091205,-0.87032
0.161742,-2.903363,0.783379,0.009044,0.008677,-0.068464,0.997575,-0.03988,-0.035132,-0.005606,0.134475,-0.089914,0.037565,-0.061454,-0.002402,-0.016389,0.143027,-0.099414,-0.000628,0.028012,0.040035,-0.082232,0.253908,0.30887,-0.251357,0.87017,0.149746,0.356566,-0.133132,-0.840518,0.004438,0.810406,-0.42278,0.251139,-0.115223,-0.802915
0.16137,-2.903442,0.783457,0.009056,0.009088,-0.06843,0.997573,-0.040806,-0.034828,-0.00547,0.133218,-0.088409,0.037422,-0.06249,-0.002125,-0.01619,0.142067,-0.098106,-0.000987,0.03449,0.039298,-0.081795,0.249732,0.302377,-0.243559,0.891985,0.159749,0.373834,-0.152524,-0.839573,-0.005891,0.796979,-0.440183,0.240611,-0.131682,-0.742701
0.160994,-2.903539,0.783476,0.009077,0.009411,-0.067637,0.997624,-0.041998,-0.034856,-0.006529,0.132424,-0.087446,0.035702,-0.063025,-0.002265,-0.01747,0.14098,-0.097203,-0.001265,0.039278,0.037888,-0.081737,0.244663,0.297689,-0.227298,0.910659,0.167654,0.380731,-0.165971,-0.822795,-0.029296,0.767933,-0.450455,0.243504,-0.126,-0.694595
0.160694,-2.903607,0.783436,0.009051,0.009651,-0.06717,0.997654,-0.043197,-0.034899,-0.007697,0.132596,-0.086787,0.036482,-0.063629,-0.002291,-0.018584,0.140514,-0.09679,-0.00116,0.038834,0.035386,-0.08089,0.24839,0.295918,-0.212235,0.915598,0.16537,0.371843,-0.163908,-0.809725,-0.041243,0.757169,-0.444362,0.26249,-0.099434,-0.661287
0.16055,-2.903821,0.783437,0.008908,0.009607,-0.068302,0.997579,-0.043236,-0.033732,-0.006022,0.133341,-0.087608,0.036428,-0.064364,-0.001065,-0.016875,0.141147,-0.096373,-0.001487,0.033384,0.033787,-0.08157,0.261287,0.299894,-0.21335,0.913372,0.158899,0.355075,-0.151785,-0.817777,-0.036789,0.766154,-0.429451,0.275423,-0.074077,-0.648698
0.160338,-2.90416,0.783409,0.008885,0.009246,-0.06982,0.997477,-0.042696,-0.032447,-0.00318,0.134473,-0.088535,0.036072,-0.064937,0.000325,-0.014092,0.142448,-0.096446,-0.00227,0.028183,0.033834,-0.082898,0.269485,0.308372,-0.228015,0.91727,0.161163,0.34616,-0.142711,-0.834949,-0.031635,0.768148,-0.424463,0.269887,-0.065896,-0.656632
0.160114,-2.904287,0.783415,0.008897,0.008813,-0.06978,0.997484,-0.042234,-0.032289,-0.003032,0.13494,-0.088709,0.036052,-0.064384,0.000494,-0.013883,0.142867,-0.096729,-0.002936,0.030837,0.032838,-0.084116,0.266049,0.315086,-0.236821,0.926936,0.174049,0.350066,-0.141044,-0.838257,-0.047852,0.74061,-0.437693,0.25346,-0.0683,-0.676092
0.159916,-2.904209,0.783373,0.008819,0.00833,-0.069055,0.997539,-0.041468,-0.032545,-0.004346,0.134681,-0.088875,0.034617,-0.062984,0.000093,-0.015496,0.142287,-0.097128,-0.002752,0.034759,0.032098,-0.084724,0.258257,0.316506,-0.232127,0.935374,0.181299,0.353239,-0.134436,-0.826347,-0.070817,0.704631,-0.449448,0.246835,-0.063928,-0.696094
0.159603,-2.904074,0.783311,0.008705,0.007652,-0.069624,0.997506,-0.040382,-0.032306,-0.003684,0.135096,-0.089505,0.034703,-0.061852,0.000335,-0.014955,0.1418,-0.096677,-0.002328,0.034647,0.031796,-0.082967,0.255088,0.314991,-0.226227,0.937432,0.173848,0.346179,-0.115555,-0.821782,-0.071821,0.699174,-0.448131,0.259745,-0.04995,-0.707631
0.159043,-2.903996,0.783381,0.008916,0.006859,-0.071938,0.997346,-0.039197,-0.031843,0.000486,0.135892,-0.089278,0.034345,-0.061605,0.000907,-0.010756,0.141664,-0.095434,-0.001882,0.029247,0.031957,-0.081353,0.258105,0.313984,-0.229402,0.935064,0.16178,0.334418,-0.093961,-0.842613,-0.061066,0.722391,-0.438383,0.261051,-0.043383,-0.7083
0.158553,-2.903972,0.783381,0.008864,0.00615,-0.073755,0.997218,-0.037654,-0.030873,0.004052,0.135913,-0.089447,0.03532,-0.06149,0.002009,-0.006936,0.142024,-0.094758,-0.001791,0.027646,0.031556,-0.080341,0.255353,0.315237,-0.239501,0.934211,0.160507,0.330408,-0.086731,-0.860561,-0.060309,0.736057,-0.434202,0.249854,-0.043406,-0.703852
0.15806,-2.903827,0.78338,0.008719,0.005693,-0.072814,0.997291,-0.037041,-0.031034,0.002993,0.134782,-0.088832,0.034161,-0.060781,0.001773,-0.008104,0.141934,-0.094986,-0.002184,0.029009,0.03054,-0.079273,0.246183,0.315826,-0.244391,0.932904,0.166628,0.333687,-0.090819,-0.854522,-0.076222,0.712929,-0.443928,0.243643,-0.04229,-0.697254
0.157638,-2.903512,0.783348,0.008465,0.005595,-0.069934,0.9975,-0.037654,-0.032174,-0.00228,0.133376,-0.087432,0.033381,-0.059896,0.000454,-0.013417,0.141331,-0.095731,-0.002313,0.028964,0.028951,-0.078007,0.239432,0.313969,-0.238981,0.924508,0.168066,0.336876,-0.095076,-0.831126,-0.107439,0.659551,-0.458758,0.242643,-0.037327,-0.689017
0.157122,-2.903183,0.78324,0.008381,0.005543,-0.067873,0.997643,-0.038995,-0.033397,-0.006296,0.133346,-0.087115,0.032136,-0.059673,-0.000927,-0.017828,0.141046,-0.096903,-0.002068,0.028329,0.027054,-0.075969,0.237108,0.312143,-0.236442,0.909966,0.162318,0.337464,-0.097944,-0.801447,-0.12217,0.620667,-0.468445,0.258196,-0.022868,-0.68531
0.156639,-2.903087,0.7832,0.008529,0.005496,-0.06902,0.997564,-0.039895,-0.03336,-0.004746,0.134481,-0.087131,0.031612,-0.060674,-0.000834,-0.016191,0.141023,-0.096405,-0.001246,0.025049,0.026947,-0.07445,0.243237,0.311975,-0.241388,0.89315,0.154712,0.335787,-0.104064,-0.800103,-0.109687,0.626592,-0.47191,0.271479,-0.009656,-0.681602
0.156195,-2.903128,0.783223,0.008822,0.005514,-0.073133,0.997268,-0.039907,-0.031916,0.002817,0.135357,-0.087508,0.031664,-0.06261,0.000816,-0.008664,0.1406,-0.09451,-0.000754,0.021695,0.027854,-0.074532,0.251753,0.311125,-0.243746,0.886254,0.151577,0.342754,-0.116701,-0.829111,-0.097548,0.663037,-0.471231,0.263279,-0.004463,-0.66882
0.155801,-2.903149,0.783283,0.008928,0.005569,-0.076218,0.997036,-0.039507,-0.030443,0.008836,0.135214,-0.087129,0.032373,-0.064208,0.002442,-0.002444,0.140325,-0.09285,-0.00054,0.02301,0.027744,-0.074901,0.251111,0.305907,-0.235128,0.894613,0.152664,0.358398,-0.134949,-0.851297,-0.094975,0.679652,-0.471085,0.248789,-0.001169,-0.659627
0.155631,-2.903075,0.783322,0.008821,0.005561,-0.075544,0.997088,-0.039551,-0.030559,0.008026,0.13433,-0.085422,0.033394,-0.064157,0.002418,-0.002919,0.140139,-0.092243,-0.00111,0.025514,0.026409,-0.074484,0.24489,0.300908,-0.221967,0.90255,0.154841,0.368371,-0.150662,-0.846866,-0.107799,0.64932,-0.47703,0.239441,0.001372,-0.659477
0.155581,-2.902842,0.783316,0.00866,0.005364,-0.072824,0.997293,-0.039998,-0.0318,0.00304,0.134234,-0.085009,0.033689,-0.063063,0.000991,-0.008181,0.140388,-0.093153,-0.002028,0.026192,0.024884,-0.073642,0.242016,0.301722,-0.216414,0.899682,0.156318,0.368071,-0.157966,-0.82601,-0.121171,0.607835,-0.479795,0.244892,0.008686,-0.669596
0.155618,-2.902779,0.783231,0.008349,0.005045,-0.071557,0.997389,-0.040099,-0.031981,0.000168,0.135271,-0.08655,0.033053,-0.062123,0.000779,-0.011164,0.141113,-0.093926,-0.002023,0.02282,0.024707,-0.072709,0.248997,0.306504,-0.220109,0.890427,0.153939,0.360875,-0.155536,-0.821198,-0.116055,0.604843,-0.477142,0.25831,0.016271,-0.67999
0.155648,-2.902812,0.783186,0.008043,0.004841,-0.073544,0.997248,-0.03923,-0.030371,0.003202,0.136271,-0.088243,0.032824,-0.062376,0.002448,-0.008058,0.141387,-0.092919,-0.001395,0.019535,0.026432,-0.072992,0.25863,0.309531,-0.226153,0.89026,0.150744,0.356512,-0.150002,-0.845158,-0.106627,0.637888,-0.473259,0.255239,0.016976,-0.677968
0.155648,-2.902862,0.783226,0.008116,0.004712,-0.076124,0.997054,-0.038084,-0.029178,0.008257,0.13623,-0.088989,0.032822,-0.06299,0.003736,-0.003015,0.141416,-0.092012,-0.001179,0.022299,0.027383,-0.07433,0.259056,0.309482,-0.227564,0.90355,0.154131,0.360353,-0.149511,-0.871776,-0.104671,0.661221,-0.470428,0.244977,0.022906,-0.666917
0.155723,-2.9028,0.783279,0.00821,0.004718,-0.075828,0.997076,-0.037929,-0.029667,0.007884,0.135829,-0.088293,0.033793,-0.06255,0.003305,-0.003167,0.140972,-0.092316,-0.001491,0.027045,0.026557,-0.074885,0.253884,0.308491,-0.222091,0.91547,0.158735,0.365761,-0.148338,-0.874654,-0.113824,0.645348,-0.474136,0.238466,0.029395,-0.657409
0.155918,-2.902516,0.783265,0.008126,0.004834,-0.072964,0.99729,-0.038508,-0.031129,0.003362,0.134916,-0.087472,0.032611,-0.061632,0.001626,-0.00784,0.141004,-0.093259,-0.001226,0.029306,0.025634,-0.075005,0.248584,0.305983,-0.212345,0.922933,0.159507,0.366001,-0.139486,-0.853215,-0.131416,0.597261,-0.482454,0.240745,0.038226,-0.652396
0.156153,-2.90231,0.783199,0.008066,0.004944,-0.069258,0.997554,-0.039485,-0.033146,-0.003257,0.134708,-0.086887,0.032618,-0.060492,-0.000564,-0.014725,0.141418,-0.095288,-0.001415,0.027779,0.024972,-0.074963,0.247157,0.30631,-0.212627,0.923696,0.15701,0.356153,-0.125481,-0.825134,-0.13955,0.55619,-0.489901,0.255371,0.049418,-0.654871
0.156407,-2.902262,0.783137,0.008058,0.005018,-0.067806,0.997653,-0.040085,-0.034072,-0.006433,0.135547,-0.087321,0.032856,-0.059978,-0.001565,-0.018109,0.141777,-0.096524,-0.00097,0.024586,0.025384,-0.075936,0.252984,0.308793,-0.22181,0.918445,0.154725,0.343154,-0.112253,-0.818967,-0.136388,0.549936,-0.491094,0.266452,0.058077,-0.652029
0.156605,-2.902292,0.783184,0.008279,0.005063,-0.06964,0.997525,-0.039912,-0.033763,-0.00344,0.136364,-0.087574,0.032326,-0.060258,-0.001176,-0.014889,0.141392,-0.09583,-0.00045,0.025395,0.025768,-0.078207,0.258619,0.310642,-0.231004,0.919042,0.155293,0.340364,-0.107836,-0.839575,-0.134028,0.577993,-0.47872,0.266937,0.067927,-0.633654
0.156809,-2.902405,0.783207,0.008365,0.005052,-0.072865,0.997294,-0.038291,-0.032366,0.002225,0.136091,-0.08809,0.035358,-0.06063,0.000512,-0.008712,0.140723,-0.09486,-0.000339,0.029442,0.027002,-0.081537,0.259169,0.307966,-0.231116,0.928655,0.158468,0.347503,-0.113952,-0.870259,-0.12905,0.61411,-0.446563,0.271382,0.094319,-0.592757
0.157177,-2.902453,0.783188,0.008334,0.004925,-0.074558,0.99717,-0.036546,-0.031384,0.005669,0.135485,-0.089336,0.035845,-0.060361,0.001569,-0.005048,0.140698,-0.094822,-0.000265,0.033702,0.027333,-0.083493,0.254643,0.303962,-0.223833,0.938754,0.160462,0.352717,-0.118577,-0.88228,-0.116416,0.639216,-0.415349,0.284503,0.122355,-0.553779
0.157791,-2.902571,0.783211,0.008366,0.004647,-0.073439,0.997254,-0.035185,-0.031907,0.00403,0.135169,-0.09004,0.035123,-0.058697,0.001017,-0.006697,0.141337,-0.096328,-0.000994,0.034142,0.026789,-0.085071,0.250033,0.302285,-0.21917,0.942644,0.160607,0.350979,-0.119219,-0.872052,-0.094241,0.64344,-0.400094,0.309897,0.138605,-0.535201
0.158548,-2.902667,0.783125,0.008142,0.004452,-0.070809,0.997447,-0.034026,-0.032605,-0.000286,0.134663,-0.09105,0.034247,-0.056817,0.00012,-0.011477,0.142708,-0.098889,-0.001294,0.032454,0.027102,-0.08694,0.24713,0.304109,-0.221034,0.938467,0.16285,0.345614,-0.119901,-0.851272,-0.075182,0.631135,-0.40845,0.326604,0.12773,-0.539072
0.159297,-2.902704,0.78313,0.008229,0.004277,-0.067979,0.997644,-0.034091,-0.034422,-0.005747,0.135931,-0.090801,0.035643,-0.055115,-0.001753,-0.01683,0.144302,-0.101423,-0.001459,0.032822,0.025987,-0.089499,0.246919,0.308321,-0.226428,0.926535,0.164345,0.34025,-0.119385,-0.827134,-0.06187,0.609623,-0.435501,0.32403,0.085682,-0.571197
0.160134,-2.902909,0.783048,0.007999,0.004029,-0.06675,0.99773,-0.033054,-0.034431,-0.008356,0.137055,-0.093035,0.034663,-0.053384,-0.001896,-0.019748,0.145651,-0.103825,-0.001477,0.034624,0.025522,-0.092061,0.249413,0.311642,-0.230144,0.916216,0.162693,0.339815,-0.117676,-0.80702,-0.042007,0.60875,-0.457529,0.322445,0.039822,-0.602899
0.160991,-2.903076,0.783077,0.008277,0.003714,-0.067599,0.997671,-0.032007,-0.034712,-0.006777,0.139169,-0.094389,0.033297,-0.051728,-0.002104,-0.018295,0.145841,-0.104732,-0.001366,0.035745,0.025266,-0.094906,0.254912,0.311887,-0.230136,0.90997,0.158856,0.343347,-0.11607,-0.805687,-0.027267,0.631021,-0.463223,0.319931,0.006684,-0.615945
0.161697,-2.903177,0.78307,0.008236,0.003464,-0.069555,0.997538,-0.030152,-0.033861,-0.003636,0.140279,-0.095612,0.03596,-0.050669,-0.001083,-0.014938,0.145708,-0.104982,-0.001296,0.034961,0.026228,-0.09796,0.261397,0.31005,-0.22728,0.908302,0.155864,0.348527,-0.116538,-0.821751,-0.025495,0.66071,-0.452752,0.315994,-0.003331,-0.604026
0.162214,-2.903143,0.78305,0.008189,0.003448,-0.071346,0.997412,-0.028757,-0.033037,-0.000469,0.140266,-0.097109,0.035724,-0.050422,-0.000204,-0.011571,0.145658,-0.105103,-0.001217,0.034235,0.02757,-0.101151,0.264193,0.307417,-0.223194,0.914352,0.157188,0.352208,-0.120204,-0.846556,-0.039045,0.678474,-0.428979,0.319643,0.036644,-0.56933
0.162698,-2.903056,0.783032,0.008171,0.003387,-0.071832,0.997378,-0.027718,-0.032996,0.000647,0.140192,-0.097736,0.036636,-0.049866,-0.000061,-0.01035,0.145891,-0.105761,-0.001347,0.034671,0.028565,-0.102122,0.261048,0.304407,-0.217198,0.923482,0.160119,0.353814,-0.124995,-0.856348,-0.051143,0.667572,-0.421565,0.321146,0.083133,-0.537776
0.163282,-2.903001,0.783069,0.008254,0.003431,-0.070903,0.997443,-0.027208,-0.033775,-0.000733,0.139827,-0.098009,0.036448,-0.048798,-0.000857,-0.011765,0.145887,-0.106667,-0.001602,0.037425,0.027656,-0.101883,0.25525,0.304241,-0.213177,0.929059,0.163204,0.351787,-0.127566,-0.847035,-0.060073,0.634408,-0.436178,0.311233,0.096008,-0.528453
0.163778,-2.902975,0.783034,0.008209,0.003586,-0.069487,0.997543,-0.027157,-0.034442,-0.003305,0.139622,-0.098095,0.036582,-0.047994,-0.001596,-0.014391,0.146038,-0.10754,-0.00155,0.039136,0.026668,-0.101024,0.252356,0.30725,-0.215548,0.927753,0.165087,0.347275,-0.126341,-0.828935,-0.05718,0.607219,-0.453869,0.302591,0.079917,-0.537509
0.16418,-2.903064,0.782984,0.008005,0.003826,-0.069153,0.997567,-0.027144,-0.034096,-0.004403,0.13982,-0.098635,0.037098,-0.047976,-0.00127,-0.015339,0.146312,-0.107812,-0.001812,0.037241,0.027242,-0.100737,0.255909,0.310607,-0.221951,0.922558,0.164197,0.342678,-0.121645,-0.817006,-0.043803,0.612412,-0.457863,0.305587,0.055919,-0.550317
0.164498,-2.903073,0.783028,0.00795,0.004094,-0.0704,0.997479,-0.027004,-0.033401,-0.002315,0.140065,-0.099503,0.036465,-0.048664,-0.00055,-0.013229,0.146537,-0.107225,-0.001725,0.033792,0.028764,-0.102343,0.262462,0.312082,-0.227089,0.921299,0.163513,0.343056,-0.11861,-0.824946,-0.041501,0.640621,-0.443858,0.309094,0.045263,-0.545896
0.164675,-2.90299,0.78305,0.007982,0.004319,-0.071843,0.997375,-0.026822,-0.032959,0.000353,0.140002,-0.099778,0.037248,-0.049392,-0.000009,-0.010465,0.146361,-0.106631,-0.001607,0.031832,0.030532,-0.103482,0.264724,0.310027,-0.225352,0.925578,0.163737,0.347145,-0.118303,-0.843208,-0.052102,0.660267,-0.424739,0.31455,0.067997,-0.514773
0.164739,-2.902853,0.783096,0.007992,0.004621,-0.072301,0.99734,-0.027122,-0.032849,0.00144,0.139556,-0.099189,0.036629,-0.049938,0.000087,-0.009425,0.145852,-0.106021,-0.001607,0.033723,0.030729,-0.101584,0.259648,0.306822,-0.218096,0.931788,0.163873,0.349387,-0.117676,-0.847937,-0.065739,0.649443,-0.426451,0.312391,0.096445,-0.48038
0.164811,-2.902793,0.78309,0.007947,0.005063,-0.071458,0.997399,-0.028041,-0.033084,0.000222,0.139048,-0.098878,0.036512,-0.050473,-0.000202,-0.010743,0.145568,-0.105679,-0.001827,0.036972,0.029117,-0.097913,0.253395,0.305857,-0.213087,0.932508,0.1627,0.347137,-0.114592,-0.836885,-0.072221,0.614184,-0.451305,0.303661,0.098402,-0.468628
0.164826,-2.902816,0.783116,0.008102,0.005548,-0.070241,0.997482,-0.02978,-0.033958,-0.002012,0.139307,-0.097631,0.037317,-0.051091,-0.001079,-0.012948,0.145302,-0.105647,-0.001805,0.037615,0.026812,-0.094602,0.252037,0.307473,-0.215732,0.92687,0.161197,0.341908,-0.110434,-0.82596,-0.075831,0.574841,-0.480476,0.29061,0.080073,-0.474451
0.164773,-2.902883,0.783086,0.007978,0.006113,-0.06974,0.997515,-0.031262,-0.033728,-0.003232,0.13936,-0.09768,0.037308,-0.052358,-0.000896,-0.014103,0.145502,-0.10554,-0.00175,0.035665,0.025649,-0.093221,0.255174,0.310842,-0.224208,0.920062,0.160915,0.339179,-0.108827,-0.823876,-0.082356,0.559569,-0.496819,0.278993,0.063307,-0.485866
0.164613,-2.90293,0.783053,0.007882,0.006661,-0.070421,0.997464,-0.032465,-0.033015,-0.002135,0.139285,-0.097814,0.037103,-0.053761,-0.000152,-0.013085,0.144883,-0.10491,-0.001956,0.032289,0.025603,-0.094149,0.260286,0.312073,-0.229614,0.91783,0.162165,0.342288,-0.11215,-0.84252,-0.10058,0.565899,-0.49196,0.266541,0.072491,-0.484563
0.164407,-2.902907,0.783079,0.007716,0.007063,-0.071835,0.997362,-0.033037,-0.031918,0.000318,0.138896,-0.097664,0.036945,-0.055026,0.00108,-0.010443,0.143936,-0.103285,-0.002034,0.029506,0.026232,-0.095932,0.262895,0.308642,-0.224809,0.922229,0.161984,0.34877,-0.116691,-0.873347,-0.124994,0.57118,-0.477367,0.257353,0.127492,-0.46469
0.164295,-2.902896,0.783104,0.007681,0.007285,-0.072874,0.997285,-0.033171,-0.031332,0.001931,0.138405,-0.097388,0.037122,-0.055537,0.00177,-0.008609,0.14285,-0.102271,-0.002286,0.031638,0.025375,-0.096104,0.2589,0.304869,-0.216806,0.929704,0.161397,0.353681,-0.121437,-0.888531,-0.143213,0.558209,-0.476001,0.246188,0.186896,-0.45329
0.16434,-2.903013,0.783086,0.007661,0.007375,-0.072719,0.997296,-0.033427,-0.031181,0.001949,0.138309,-0.096952,0.036441,-0.055604,0.001797,-0.009389,0.1427,-0.102139,-0.002112,0.036197,0.023302,-0.095016,0.253199,0.30472,-0.212905,0.931301,0.160894,0.353162,-0.125112,-0.883756,-0.146452,0.53476,-0.491139,0.239951,0.205932,-0.475152
0.164475,-2.903157,0.783104,0.007717,0.007347,-0.071684,0.99737,-0.033604,-0.031637,0.00007,0.13854,-0.096719,0.036952,-0.055393,0.001275,-0.011338,0.143429,-0.102583,-0.002104,0.038487,0.021432,-0.094316,0.25212,0.307617,-0.215078,0.92424,0.160121,0.347864,-0.12686,-0.872703,-0.141653,0.521521,-0.507307,0.234537,0.180974,-0.518367
0.164687,-2.903287,0.783059,0.007664,0.007218,-0.070689,0.997443,-0.03326,-0.031888,-0.00193,0.138589,-0.096982,0.03708,-0.054736,0.000996,-0.013318,0.144136,-0.103402,-0.002405,0.03592,0.021506,-0.095579,0.257214,0.31065,-0.22005,0.915176,0.159103,0.344877,-0.126857,-0.872403,-0.13619,0.532883,-0.507021,0.232204,0.147218,-0.556134
0.164854,-2.903307,0.783072,0.007536,0.006845,-0.070509,0.997459,-0.032246,-0.031685,-0.002012,0.138925,-0.097415,0.036805,-0.053916,0.001235,-0.012785,0.14482,-0.103503,-0.00247,0.030841,0.023238,-0.09794,0.263546,0.310706,-0.222381,0.911535,0.159346,0.347732,-0.128564,-0.890078,-0.138584,0.555368,-0.485916,0.235679,0.143883,-0.556209
0.164916,-2.903182,0.783073,0.007519,0.006391,-0.0709,0.997435,-0.031094,-0.031714,-0.001302,0.139161,-0.097841,0.036743,-0.052786,0.001289,-0.012209,0.144872,-0.10395,-0.002834,0.030045,0.024699,-0.098398,0.263894,0.308511,-0.220219,0.914331,0.160718,0.353355,-0.13212,-0.900385,-0.144504,0.566031,-0.471399,0.237346,0.156866,-0.531276
0.164975,-2.903098,0.783047,0.007589,0.006112,-0.07109,0.997422,-0.030349,-0.031955,-0.000878,0.139205,-0.098097,0.036926,-0.051968,0.001048,-0.011791,0.144547,-0.104525,-0.002685,0.034997,0.025102,-0.097176,0.258181,0.306117,-0.216016,0.919389,0.16154,0.356799,-0.134633,-0.889165,-0.140899,0.557196,-0.481673,0.237329,0.151083,-0.519911
0.164898,-2.902979,0.78303,0.007752,0.005917,-0.070965,0.997431,-0.030099,-0.032566,-0.001,0.139192,-0.098022,0.037216,-0.051568,0.000417,-0.011863,0.144443,-0.104951,-0.002367,0.0391,0.025139,-0.09598,0.254619,0.304887,-0.212818,0.920576,0.160698,0.356628,-0.13365,-0.874671,-0.134485,0.54584,-0.498561,0.235633,0.134924,-0.518384
0.164728,-2.902891,0.783,0.007842,0.005892,-0.070773,0.997444,-0.030417,-0.03295,-0.001306,0.139246,-0.097936,0.037228,-0.051772,0.000011,-0.012106,0.144575,-0.105246,-0.002003,0.034934,0.026323,-0.096335,0.259996,0.305647,-0.215,0.915465,0.158955,0.351814,-0.128647,-0.877316,-0.134866,0.546144,-0.49703,0.232267,0.133413,-0.519331
0.164439,-2.902807,0.782958,0.007707,0.005674,-0.07088,0.997439,-0.030332,-0.032705,-0.001173,0.139326,-0.097967,0.037073,-0.05203,0.000253,-0.012075,0.145132,-0.105047,-0.001883,0.029203,0.028288,-0.096575,0.265141,0.30688,-0.220311,0.914492,0.160137,0.349364,-0.126987,-0.890865,-0.144035,0.550948,-0.483235,0.230532,0.156018,-0.499955
0.16405,-2.902676,0.783011,0.007683,0.005471,-0.070877,0.99744,-0.030564,-0.032782,-0.001096,0.13948,-0.097317,0.037154,-0.052197,0.000158,-0.012077,0.145236,-0.104602,-0.001882,0.029251,0.028893,-0.094527,0.262711,0.308065,-0.223695,0.918216,0.162959,0.349076,-0.128683,-0.886765,-0.149871,0.538545,-0.487188,0.224528,0.161932,-0.494083
