0.307312,-0.865461,0.785163,-0.00712,-0.001693,0.980216,0.197793,-0.093369,0.100095,0.161991,0.263877,-0.182283,-0.0084,-0.095545,-0.022919,0.015105,0.212842,-0.104567,0.050521,-0.064089,-0.017743,0.04795,0.147063,0.472735,-0.452858,0.90503,-0.002313,0.265543,0.017199,0.251378,-0.982964,-0.31655,-0.146458,0.322774,0.239369,-1.256743
0.30739,-0.86183,0.78501,-0.007143,-0.000794,0.979939,0.199168,-0.092377,0.104303,0.163813,0.266347,-0.183414,-0.011533,-0.096405,-0.01905,0.016774,0.217206,-0.11019,0.047315,-0.063252,-0.018557,0.04778,0.148291,0.472285,-0.453334,0.907807,-0.001591,0.264336,0.019382,0.23834,-0.954534,-0.305759,-0.149819,0.312608,0.229653,-1.242544
0.307293,-0.85763,0.784842,-0.006945,0.000197,0.979668,0.200507,-0.091073,0.108877,0.16526,0.270206,-0.185187,-0.015111,-0.096243,-0.014857,0.01818,0.22186,-0.117018,0.043908,-0.063484,-0.019509,0.047655,0.151019,0.471316,-0.45154,0.910699,-0.001122,0.265524,0.015541,0.22548,-0.922675,-0.295007,-0.155639,0.290959,0.215311,-1.22309
0.307013,-0.852927,0.78461,-0.006615,0.001311,0.979459,0.201531,-0.0899,0.11372,0.166073,0.275597,-0.187034,-0.018704,-0.095139,-0.010591,0.019001,0.226648,-0.124898,0.039702,-0.064813,-0.019926,0.047484,0.155006,0.469805,-0.447827,0.912942,-0.000366,0.267387,0.007225,0.214757,-0.889622,-0.286817,-0.164233,0.260221,0.197161,-1.198799
0.306606,-0.847738,0.7843,-0.006083,0.002488,0.9793,0.202307,-0.08896,0.118923,0.166141,0.282935,-0.189743,-0.021916,-0.093744,-0.006053,0.019275,0.232953,-0.134059,0.03454,-0.06618,-0.01961,0.047769,0.158594,0.46706,-0.443151,0.91548,0.000026,0.269488,-0.002125,0.206553,-0.856517,-0.282146,-0.174823,0.227581,0.175854,-1.173933
0.306049,-0.84208,0.783908,-0.005428,0.003758,0.979224,0.202673,-0.088543,0.124321,0.165183,0.292225,-0.192539,-0.024776,-0.092466,-0.00154,0.018423,0.241624,-0.145157,0.029409,-0.067689,-0.01867,0.048343,0.161662,0.464165,-0.439067,0.915928,0.000462,0.27161,-0.011026,0.200718,-0.824637,-0.27968,-0.186729,0.2006,0.153119,-1.15356
0.305276,-0.835931,0.78342,-0.004464,0.005026,0.979244,0.202572,-0.088998,0.130154,0.162876,0.305113,-0.195998,-0.027073,-0.090634,0.003175,0.016761,0.252245,-0.15764,0.023602,-0.06785,-0.017475,0.049694,0.163294,0.461459,-0.43631,0.913645,0.000854,0.272411,-0.01748,0.197729,-0.795618,-0.278452,-0.19682,0.183117,0.131003,-1.141748
0.304256,-0.829347,0.782693,-0.003359,0.006216,0.979442,0.201602,-0.091674,0.136716,0.159145,0.323117,-0.200538,-0.028696,-0.087904,0.007832,0.013215,0.263574,-0.172105,0.018273,-0.06671,-0.015883,0.051516,0.164107,0.457994,-0.432817,0.9088,-0.000495,0.273218,-0.019999,0.197671,-0.770074,-0.280108,-0.20426,0.172671,0.110426,-1.139456
0.303047,-0.822441,0.781739,-0.002067,0.007083,0.97993,0.199206,-0.098563,0.144307,0.15243,0.349488,-0.206291,-0.029286,-0.083951,0.012825,0.007323,0.275667,-0.188142,0.013561,-0.065002,-0.012793,0.054441,0.163668,0.453885,-0.428292,0.901445,-0.003865,0.273486,-0.017779,0.200201,-0.746341,-0.28571,-0.210708,0.170101,0.093079,-1.147191
0.301753,-0.815382,0.780391,-0.000331,0.007532,0.980683,0.195456,-0.112502,0.153266,0.142429,0.389276,-0.210484,-0.030991,-0.078912,0.018102,-0.000558,0.288926,-0.205145,0.009389,-0.061928,-0.008389,0.060052,0.162314,0.448699,-0.422489,0.890115,-0.011313,0.275553,-0.00638,0.203025,-0.722658,-0.294151,-0.217063,0.178793,0.079217,-1.169159
0.300267,-0.80861,0.779037,0.001843,0.00745,0.981788,0.189824,-0.138929,0.163973,0.130525,0.449063,-0.202211,-0.039161,-0.070578,0.022891,-0.011824,0.299249,-0.221029,0.006586,-0.056818,-0.00268,0.069009,0.160089,0.44167,-0.415073,0.874479,-0.026019,0.27572,0.020891,0.204774,-0.701776,-0.30486,-0.22294,0.195245,0.067817,-1.203292
0.298361,-0.802928,0.77799,0.003832,0.007171,0.983404,0.181245,-0.181025,0.174873,0.118481,0.528458,-0.173033,-0.055836,-0.058191,0.025291,-0.027945,0.301503,-0.231722,0.003599,-0.052427,0.004144,0.079696,0.155295,0.429814,-0.405287,0.860613,-0.048782,0.278733,0.063358,0.202249,-0.685452,-0.316602,-0.22521,0.213579,0.057826,-1.24349
0.295723,-0.797873,0.77804,0.004901,0.00751,0.985362,0.170236,-0.236626,0.184353,0.113015,0.620974,-0.124926,-0.064689,-0.044406,0.024441,-0.048398,0.29717,-0.233973,-0.001478,-0.048679,0.008448,0.088617,0.148332,0.418062,-0.399377,0.851041,-0.07111,0.279903,0.107074,0.194853,-0.669032,-0.325909,-0.221899,0.229145,0.048936,-1.282968
0.292327,-0.793585,0.77863,0.004545,0.008385,0.987288,0.158657,-0.296541,0.19323,0.121195,0.713052,-0.081087,-0.033405,-0.035712,0.021054,-0.07068,0.29684,-0.233162,-0.007002,-0.044445,0.011125,0.094548,0.141114,0.409207,-0.401389,0.845658,-0.083274,0.276245,0.134542,0.178218,-0.654015,-0.329028,-0.21238,0.24208,0.042547,-1.314179
0.287705,-0.790142,0.779049,0.002588,0.009306,0.988718,0.149478,-0.344585,0.196912,0.135725,0.767738,-0.091634,0.002253,-0.03638,0.017515,-0.088397,0.309239,-0.235785,-0.013132,-0.03724,0.013845,0.097278,0.141089,0.403622,-0.401001,0.837775,-0.089542,0.269896,0.147587,0.157252,-0.644824,-0.325845,-0.204746,0.249334,0.038944,-1.329456
0.281174,-0.787256,0.779066,0.000885,0.009805,0.989268,0.145781,-0.372918,0.184832,0.139645,0.754413,-0.101664,-0.009949,-0.040699,0.015724,-0.095503,0.332506,-0.243029,-0.023615,-0.022631,0.015823,0.100647,0.148481,0.404691,-0.396502,0.826944,-0.093556,0.263926,0.15376,0.138833,-0.644038,-0.317628,-0.206947,0.244276,0.036694,-1.328308
0.273026,-0.785344,0.778473,-0.000185,0.009571,0.989509,0.144151,-0.385347,0.163637,0.1341,0.679323,-0.098242,-0.034701,-0.041405,0.014495,-0.097762,0.355361,-0.254239,-0.032439,-0.006344,0.017882,0.106247,0.154508,0.408969,-0.395494,0.828499,-0.091233,0.261488,0.142725,0.125409,-0.652264,-0.307433,-0.217763,0.227779,0.035386,-1.314614
0.263341,-0.784201,0.776843,-0.001101,0.008353,0.989695,0.142946,-0.392754,0.145142,0.122664,0.570443,-0.080748,-0.048272,-0.034459,0.014016,-0.099715,0.369218,-0.269883,-0.034448,0.008349,0.021616,0.111898,0.160951,0.410324,-0.392613,0.843365,-0.084128,0.262112,0.109739,0.112115,-0.665356,-0.302002,-0.2298,0.204461,0.0355,-1.29277
0.25165,-0.783272,0.774599,-0.002499,0.006291,0.98992,0.141464,-0.400441,0.139597,0.121099,0.453046,-0.043582,-0.046371,-0.018955,0.014618,-0.103078,0.37106,-0.287229,-0.029009,0.019352,0.02586,0.11664,0.171365,0.408581,-0.384615,0.864349,-0.074591,0.264586,0.065836,0.101268,-0.680259,-0.299804,-0.239419,0.184069,0.038725,-1.266675
0.238074,-0.782833,0.772048,-0.005105,0.004382,0.990093,0.140252,-0.412045,0.145238,0.140618,0.345236,0.003963,-0.03681,0.00005,0.014204,-0.105772,0.365339,-0.304109,-0.01853,0.027717,0.028781,0.119904,0.186655,0.404799,-0.373429,0.882594,-0.064117,0.271211,0.026141,0.094684,-0.697577,-0.299769,-0.249313,0.174988,0.047626,-1.238863
0.222478,-0.783134,0.769823,-0.009529,0.00401,0.990175,0.13945,-0.426379,0.150408,0.168288,0.256414,0.037039,-0.028469,0.016873,0.009095,-0.106363,0.359049,-0.318968,-0.008613,0.033477,0.026686,0.119643,0.204977,0.401365,-0.36419,0.8998,-0.05133,0.278349,-0.002936,0.094136,-0.716295,-0.301963,-0.261541,0.17624,0.063385,-1.209804
0.204426,-0.784796,0.768062,-0.014061,0.005333,0.989764,0.141919,-0.442055,0.145678,0.165539,0.217563,0.017423,-0.01326,0.030807,-0.00242,-0.099632,0.359781,-0.330096,-0.002032,0.041524,0.019068,0.117322,0.225609,0.398228,-0.358219,0.917028,-0.042955,0.28353,-0.012745,0.097592,-0.732408,-0.304056,-0.275943,0.173398,0.075483,-1.189564
0.183291,-0.787226,0.76666,-0.01948,0.00584,0.98904,0.14624,-0.459472,0.131058,0.136421,0.250218,0.010258,0.004626,0.045373,-0.014006,-0.088481,0.360183,-0.331866,0.004573,0.050336,0.013106,0.105016,0.246989,0.39462,-0.359009,0.940988,-0.033911,0.29122,-0.008915,0.108987,-0.748922,-0.30713,-0.290181,0.162369,0.084366,-1.170034
0.157141,-0.790991,0.76457,-0.02438,0.000951,0.987841,0.153544,-0.461117,0.120084,0.104795,0.285556,0.042841,-0.001151,0.069354,-0.017228,-0.070164,0.354351,-0.320317,0.021249,0.06242,0.019569,0.083814,0.268045,0.387236,-0.357767,0.969068,-0.018501,0.293054,-0.009172,0.124025,-0.768799,-0.310589,-0.30129,0.160094,0.101056,-1.146602
0.127867,-0.795993,0.763586,-0.027442,-0.002038,0.987,0.158348,-0.452626,0.11374,0.107197,0.325576,0.043648,0.010168,0.093443,-0.030538,-0.054803,0.359413,-0.295874,0.04272,0.067703,0.024502,0.060436,0.28099,0.374649,-0.349586,0.998945,-0.006656,0.292376,-0.004293,0.134261,-0.789964,-0.308043,-0.304431,0.164009,0.123889,-1.123617
0.097367,-0.80203,0.764398,-0.02887,0.000721,0.986966,0.158317,-0.440903,0.090959,0.118514,0.377104,-0.009076,0.027627,0.113331,-0.061073,-0.048334,0.375587,-0.257678,0.067143,0.066393,0.019787,0.039988,0.277932,0.364362,-0.3386,1.021595,-0.000912,0.286869,0.000873,0.147341,-0.811264,-0.304712,-0.304392,0.167646,0.146705,-1.108683
0.066855,-0.807833,0.766745,-0.03003,0.004969,0.987283,0.156031,-0.415107,0.0622,0.129182,0.406475,-0.069599,0.03489,0.12445,-0.095694,-0.050612,0.402845,-0.20348,0.093279,0.061195,0.012991,0.022103,0.263174,0.365718,-0.336972,1.02522,0.003411,0.276409,0.00273,0.157123,-0.831323,-0.300367,-0.299449,0.171077,0.166934,-1.103364
0.037469,-0.812953,0.770289,-0.029907,0.006803,0.987418,0.155128,-0.369578,0.036804,0.137463,0.400494,-0.111109,0.039698,0.116051,-0.124748,-0.056123,0.462244,-0.134816,0.109981,0.05321,0.011499,0.010639,0.242769,0.379357,-0.345005,1.005173,0.004339,0.264488,0.005808,0.14745,-0.849027,-0.290721,-0.289383,0.187348,0.184938,-1.110155
0.010055,-0.817394,0.773635,-0.026922,0.005138,0.987468,0.155419,-0.312566,0.018517,0.141912,0.379925,-0.143499,0.046968,0.078728,-0.153845,-0.078292,0.578809,-0.057599,0.112049,0.042488,0.014019,0.010853,0.212629,0.403448,-0.360033,0.975928,-0.000625,0.256495,0.009246,0.124626,-0.864245,-0.276705,-0.285042,0.204286,0.196757,-1.122134
-0.014852,-0.820722,0.776101,-0.02083,0.000694,0.987723,0.154822,-0.252385,0.007879,0.142874,0.361103,-0.172514,0.050324,-0.002927,-0.193833,-0.117672,0.764908,0.067436,0.072245,0.027526,0.015136,0.027597,0.16345,0.437894,-0.379651,0.954761,-0.01307,0.260349,0.010137,0.097899,-0.873316,-0.260001,-0.284455,0.206553,0.201838,-1.130711
-0.036087,-0.82348,0.777001,-0.017881,-0.000981,0.987415,0.157135,-0.208656,-0.00161,0.152992,0.349766,-0.195561,0.053727,-0.100324,-0.2413,-0.153829,0.917948,0.103942,-0.021258,0.020735,0.00664,0.046173,0.098631,0.474069,-0.395568,0.945281,-0.032276,0.262832,0.012219,0.082036,-0.874617,-0.247312,-0.285178,0.200645,0.202528,-1.136626
-0.054972,-0.82339,0.777682,-0.01691,-0.002939,0.988096,0.15288,-0.176588,-0.009927,0.146854,0.343902,-0.211736,0.057113,-0.197112,-0.237484,-0.164628,1.000051,-0.008449,-0.04611,0.008641,-0.003412,0.062549,0.031409,0.508121,-0.402055,0.940685,-0.054597,0.260394,0.020999,0.086226,-0.869872,-0.240318,-0.286387,0.198896,0.201444,-1.14296
-0.073049,-0.820623,0.778091,-0.016967,-0.002287,0.98968,0.142268,-0.152658,-0.022828,0.129828,0.34463,-0.223493,0.062055,-0.282949,-0.197761,-0.162603,0.989889,-0.082034,-0.040888,-0.011017,-0.017664,0.075013,-0.022749,0.534181,-0.392424,0.930752,-0.081435,0.254867,0.047675,0.104322,-0.86219,-0.243089,-0.286506,0.197791,0.200102,-1.145101
-0.090961,-0.816682,0.777705,-0.017348,-0.000953,0.990989,0.132812,-0.130336,-0.032803,0.117478,0.348901,-0.241521,0.069846,-0.358786,-0.167529,-0.180112,0.91341,-0.131504,-0.037583,-0.029722,-0.031324,0.086499,-0.054525,0.548152,-0.368088,0.907983,-0.113165,0.243647,0.09451,0.125763,-0.851671,-0.256265,-0.285372,0.198721,0.197516,-1.146778
-0.10954,-0.812131,0.776256,-0.018549,0.001675,0.991855,0.126006,-0.108323,-0.042747,0.109869,0.353635,-0.267394,0.079394,-0.420778,-0.156159,-0.220219,0.785713,-0.123375,-0.0399,-0.043405,-0.04421,0.097342,-0.066479,0.553812,-0.34887,0.872186,-0.14013,0.227079,0.145122,0.1461,-0.837243,-0.276924,-0.283092,0.208489,0.19224,-1.156453
-0.129421,-0.806679,0.773879,-0.020811,0.005146,0.992723,0.118498,-0.087037,-0.05377,0.097942,0.359677,-0.294525,0.086487,-0.460097,-0.144706,-0.266257,0.609712,-0.067183,-0.0373,-0.054277,-0.055127,0.104755,-0.062821,0.555782,-0.346811,0.82976,-0.154122,0.209067,0.180644,0.166811,-0.821882,-0.301712,-0.280448,0.22613,0.184459,-1.173945
-0.15173,-0.800442,0.769766,-0.022736,0.009709,0.993796,0.108436,-0.063597,-0.06697,0.08206,0.36993,-0.328361,0.091934,-0.47604,-0.134521,-0.313626,0.406113,0.024749,-0.014342,-0.065352,-0.063351,0.106909,-0.045966,0.556071,-0.362704,0.791549,-0.151123,0.198176,0.19125,0.186334,-0.807443,-0.32815,-0.278664,0.247381,0.175146,-1.195438
-0.176532,-0.792502,0.766275,-0.023323,0.006732,0.995477,0.091844,-0.036772,-0.06314,0.048019,0.389379,-0.362683,0.093372,-0.481366,-0.106937,-0.305389,0.253509,0.090766,-0.039547,-0.081958,-0.052842,0.105353,-0.020186,0.55406,-0.389848,0.77343,-0.132525,0.204776,0.172938,0.19838,-0.792538,-0.347868,-0.277543,0.276172,0.166619,-1.218248
-0.204176,-0.783312,0.76277,-0.020597,0.002333,0.997031,0.074154,-0.001434,-0.053909,0.010264,0.414065,-0.38988,0.095909,-0.4759,-0.082504,-0.250276,0.234283,0.177629,-0.049927,-0.097812,-0.035167,0.10221,0.013052,0.539405,-0.413257,0.789074,-0.104731,0.225128,0.129153,0.189398,-0.778763,-0.350313,-0.274406,0.309957,0.159124,-1.239675
-0.233947,-0.773371,0.758352,-0.015685,0.007801,0.997506,0.068368,0.038891,-0.0606,-0.000606,0.44234,-0.398288,0.100272,-0.453828,-0.098257,-0.251663,0.297428,0.131891,-0.063704,-0.096496,-0.030431,0.101006,0.054168,0.502508,-0.420649,0.838206,-0.078641,0.249099,0.076901,0.154025,-0.7724,-0.331852,-0.268748,0.31435,0.150172,-1.249861
-0.263892,-0.762185,0.758475,-0.011982,0.003245,0.997301,0.072363,0.071604,-0.035131,0.009636,0.479629,-0.366933,0.075936,-0.450612,-0.087866,-0.247902,0.41151,0.025343,-0.064691,-0.089,-0.005791,0.10376,0.111865,0.452856,-0.400587,0.902688,-0.054039,0.273168,0.033129,0.092639,-0.771543,-0.278242,-0.25659,0.283137,0.141746,-1.237853
-0.294201,-0.750496,0.761563,-0.011351,0.000754,0.996998,0.07658,0.082549,-0.009753,0.025678,0.529668,-0.283166,0.024871,-0.423473,-0.072155,-0.248365,0.463551,-0.049335,-0.074509,-0.086318,0.006818,0.094458,0.17782,0.422116,-0.391955,0.963398,-0.032532,0.299266,0.002787,0.033416,-0.756426,-0.207557,-0.256903,0.242375,0.138044,-1.208207
-0.32334,-0.738355,0.767243,-0.011642,0.002828,0.997159,0.074373,0.056768,0.006595,0.033729,0.615273,-0.151547,-0.047377,-0.36841,-0.064812,-0.252738,0.453017,-0.092244,-0.068363,-0.083573,0.002054,0.080345,0.219951,0.423136,-0.41427,1.011577,0.010502,0.313715,-0.052825,0.001112,-0.738124,-0.151274,-0.271482,0.198533,0.136754,-1.16615
-0.349483,-0.728031,0.773169,-0.009608,0.006143,0.997474,0.070114,-0.013278,0.025488,0.050426,0.763462,0.002953,-0.125707,-0.306873,-0.063096,-0.257944,0.426857,-0.114021,-0.056292,-0.069238,-0.002759,0.080614,0.228765,0.439277,-0.445073,1.029638,0.073629,0.299752,-0.135568,-0.011197,-0.747432,-0.126444,-0.286236,0.14981,0.133853,-1.121802
-0.372588,-0.719777,0.776629,-0.006519,0.009451,0.997865,0.064288,-0.117083,0.059756,0.083895,0.933839,0.184298,-0.149627,-0.253029,-0.066394,-0.269246,0.411632,-0.137968,-0.050607,-0.054074,-0.003816,0.094368,0.224496,0.452857,-0.446286,1.018776,0.11211,0.270548,-0.185148,-0.016879,-0.779642,-0.12525,-0.289976,0.116278,0.131089,-1.093622
-0.392851,-0.711902,0.778857,-0.008511,0.008698,0.998375,0.055676,-0.207992,0.130711,0.135656,1.032727,0.081542,-0.090959,-0.21513,-0.06275,-0.290605,0.39919,-0.153159,-0.047673,-0.051011,0.003224,0.103628,0.223143,0.452042,-0.408917,0.997995,0.096478,0.246184,-0.163233,-0.021166,-0.805542,-0.135119,-0.281472,0.116284,0.132108,-1.09525
-0.412996,-0.706957,0.780501,-0.008726,0.006719,0.998251,0.058078,-0.299864,0.153664,0.146402,1.053268,-0.045449,-0.060999,-0.177883,-0.050609,-0.289836,0.384936,-0.162613,-0.045242,-0.037572,0.011763,0.113921,0.228569,0.432081,-0.356628,0.973158,0.038891,0.23554,-0.0864,-0.021629,-0.820733,-0.14347,-0.271242,0.144741,0.134335,-1.122781
-0.432676,-0.703443,0.781045,-0.008674,0.00343,0.997693,0.067245,-0.367887,0.14436,0.1338,0.967854,-0.112188,-0.047918,-0.143009,-0.032559,-0.276327,0.36977,-0.172186,-0.043719,-0.019084,0.020231,0.124257,0.231063,0.413444,-0.326097,0.941261,-0.02507,0.236774,-0.003345,-0.01565,-0.827857,-0.15153,-0.273404,0.177683,0.132784,-1.160063
-0.452308,-0.700359,0.779686,-0.007716,0.000834,0.99699,0.077142,-0.411682,0.146922,0.138107,0.806194,-0.132864,-0.036039,-0.110093,-0.018474,-0.25917,0.363653,-0.196626,-0.040001,-0.003332,0.025006,0.137738,0.22751,0.407809,-0.321677,0.899378,-0.07104,0.239241,0.053964,-0.00031,-0.836106,-0.165174,-0.288398,0.190356,0.127497,-1.189317
-0.473081,-0.698305,0.776768,-0.007441,-0.000507,0.995928,0.089848,-0.429596,0.157455,0.149996,0.583739,-0.086328,-0.018645,-0.083237,-0.010414,-0.23604,0.369887,-0.232797,-0.032013,0.010378,0.02634,0.149841,0.221134,0.411297,-0.331525,0.85923,-0.093172,0.23625,0.081544,0.018291,-0.844676,-0.179778,-0.303897,0.186535,0.125795,-1.198181
-0.49567,-0.697138,0.773153,-0.007948,0.000557,0.994224,0.107027,-0.431821,0.162251,0.146651,0.33967,-0.015817,0.012373,-0.059468,-0.009045,-0.201778,0.380426,-0.272318,-0.018368,0.021412,0.022212,0.156354,0.21836,0.417986,-0.341138,0.82954,-0.097759,0.235521,0.091188,0.035598,-0.847253,-0.192846,-0.312156,0.184498,0.130181,-1.19354
-0.520397,-0.696059,0.77035,-0.008179,0.006392,0.991634,0.128665,-0.438124,0.157175,0.101039,0.152236,0.032457,0.024541,-0.036041,-0.020119,-0.156363,0.39233,-0.307132,-0.004559,0.030752,0.005752,0.156363,0.220047,0.429095,-0.347843,0.816182,-0.09019,0.24155,0.08396,0.051824,-0.84063,-0.204991,-0.313827,0.195263,0.137218,-1.191037
-0.546748,-0.695504,0.768725,-0.009114,0.018159,0.988619,0.149065,-0.453445,0.126479,0.015504,0.087374,0.01543,0.046733,-0.019916,-0.050338,-0.110408,0.413419,-0.337394,0.003707,0.031141,-0.025794,0.149241,0.221747,0.442872,-0.352919,0.822284,-0.076362,0.245951,0.061398,0.065285,-0.826472,-0.215647,-0.307493,0.220883,0.142494,-1.201753
-0.576614,-0.69624,0.765184,-0.008245,0.017588,0.985599,0.167981,-0.4601,0.092093,-0.098639,0.144488,0.006057,0.004256,0.010087,-0.058185,-0.073413,0.428922,-0.355864,-0.001518,0.028755,-0.035794,0.142194,0.231625,0.461779,-0.3542,0.83432,-0.062783,0.245059,0.02783,0.096547,-0.808288,-0.230379,-0.313077,0.266019,0.143537,-1.231434
-0.609622,-0.699577,0.76006,-0.001108,0.010284,0.981356,0.19192,-0.451228,0.075448,-0.135722,0.230508,0.057316,-0.068811,0.042808,-0.061685,-0.029814,0.471891,-0.376686,-0.003948,0.036057,-0.026426,0.152716,0.216179,0.454389,-0.354618,0.874278,-0.051145,0.245551,0.008863,0.096166,-0.803058,-0.234384,-0.28956,0.293786,0.135053,-1.260601
-0.645336,-0.704557,0.755406,0.000866,-0.001971,0.977786,0.209597,-0.422451,0.094153,-0.115859,0.273099,0.081618,-0.137922,0.079679,-0.058998,0.004196,0.4887,-0.362896,0.01243,0.027938,-0.007839,0.148589,0.22161,0.452086,-0.34077,0.901309,-0.047211,0.244733,-0.000242,0.115681,-0.80945,-0.239989,-0.291152,0.299672,0.126426,-1.273661
-0.679142,-0.709798,0.756195,-0.001434,-0.001988,0.975903,0.218191,-0.410926,0.079468,-0.088495,0.334544,0.02178,-0.138471,0.094393,-0.085574,0.02537,0.507468,-0.312877,0.040596,0.006838,-0.014018,0.139831,0.21136,0.454715,-0.332051,0.931295,-0.050024,0.242669,0.002441,0.136703,-0.80416,-0.24462,-0.297769,0.278126,0.12041,-1.267195
-0.710411,-0.714087,0.760565,-0.005518,0.002902,0.974689,0.223478,-0.399529,0.054294,-0.06193,0.381802,-0.041304,-0.094837,0.082135,-0.122531,0.027845,0.549901,-0.23458,0.061479,-0.013875,-0.026958,0.129702,0.183708,0.465207,-0.33526,0.95349,-0.052915,0.241566,0.009327,0.148465,-0.785199,-0.236982,-0.303142,0.269433,0.119666,-1.254724
-0.739117,-0.717609,0.766588,-0.009319,0.002452,0.970787,0.239748,-0.365485,0.051577,-0.029284,0.391217,-0.087427,-0.049983,0.030785,-0.148507,0.026154,0.640601,-0.132398,0.059344,-0.017463,-0.02466,0.1237,0.153468,0.478604,-0.337002,0.959656,-0.055829,0.237854,0.019607,0.131186,-0.773443,-0.209831,-0.306094,0.270519,0.120671,-1.241964
-0.764314,-0.719757,0.773311,-0.013067,-0.005334,0.964563,0.263475,-0.326156,0.074517,0.009748,0.393393,-0.120979,-0.027715,-0.06464,-0.17117,-0.008827,0.782128,-0.001695,0.020301,-0.011697,-0.012701,0.129066,0.121093,0.501369,-0.332873,0.955827,-0.066095,0.230097,0.036618,0.088626,-0.771315,-0.178773,-0.309819,0.24972,0.118372,-1.229529
-0.784391,-0.720843,0.776132,-0.017674,-0.010285,0.955396,0.29462,-0.295623,0.105843,0.073539,0.401461,-0.161827,-0.018079,-0.189331,-0.217929,-0.070062,0.935046,0.071634,-0.090824,0.005239,-0.01228,0.141392,0.07719,0.533488,-0.326982,0.955941,-0.088111,0.219931,0.068645,0.033586,-0.763725,-0.148459,-0.316225,0.214069,0.114799,-1.216149
-0.80242,-0.720105,0.777834,-0.022864,-0.011606,0.948644,0.315306,-0.277028,0.120475,0.120098,0.413342,-0.191414,-0.009235,-0.290102,-0.228547,-0.114809,1.019003,-0.011587,-0.105711,0.012165,-0.021944,0.147017,0.026188,0.575261,-0.333008,0.95798,-0.111083,0.213098,0.097653,0.002023,-0.746897,-0.127646,-0.326494,0.190655,0.112282,-1.20557
-0.819232,-0.717062,0.779162,-0.02612,-0.00729,0.944681,0.326866,-0.258442,0.114142,0.15013,0.417386,-0.208128,0.000525,-0.358144,-0.202406,-0.1509,1.003153,-0.07724,-0.055517,0.010082,-0.041833,0.146723,-0.023325,0.618384,-0.343392,0.948984,-0.125248,0.207393,0.119979,-0.005444,-0.738588,-0.110887,-0.33712,0.178733,0.113066,-1.192695
-0.836,-0.712769,0.779596,-0.026789,0.000283,0.940544,0.338614,-0.23198,0.098762,0.184883,0.413567,-0.22527,0.013676,-0.405508,-0.182398,-0.20408,0.915768,-0.124339,-0.013427,0.010263,-0.065507,0.145946,-0.060542,0.64944,-0.331736,0.918686,-0.136948,0.205758,0.151573,-0.000143,-0.740713,-0.100058,-0.346451,0.169518,0.115539,-1.177375
-0.853013,-0.707023,0.779152,-0.026808,0.008775,0.935193,0.353013,-0.199727,0.081861,0.224448,0.403586,-0.246251,0.025252,-0.438257,-0.177593,-0.280424,0.782584,-0.136301,-0.01617,0.01406,-0.089126,0.145832,-0.076175,0.653973,-0.278027,0.865978,-0.1659,0.20291,0.20653,0.009646,-0.746047,-0.100831,-0.352071,0.157871,0.117172,-1.163306
-0.869703,-0.699007,0.778294,-0.027612,0.016455,0.931606,0.362046,-0.169033,0.063292,0.24844,0.389927,-0.264029,0.029786,-0.449569,-0.156144,-0.347048,0.597033,-0.099965,-0.013256,0.006539,-0.110004,0.143323,-0.072248,0.629896,-0.203741,0.79432,-0.216051,0.184447,0.280433,0.021802,-0.745651,-0.113695,-0.352309,0.15332,0.118727,-1.155867
-0.886946,-0.688788,0.775416,-0.026495,0.025208,0.931746,0.361265,-0.139873,0.036034,0.25512,0.382909,-0.287941,0.033928,-0.438415,-0.136179,-0.414621,0.383712,-0.052075,0.012813,-0.018199,-0.127642,0.139454,-0.060515,0.587372,-0.154706,0.708368,-0.267558,0.161663,0.348296,0.037057,-0.740593,-0.131848,-0.351312,0.166665,0.121095,-1.160633
-0.905455,-0.676456,0.773048,-0.025437,0.023131,0.936582,0.348758,-0.112365,0.028316,0.22997,0.394272,-0.318708,0.034739,-0.435263,-0.107757,-0.427029,0.237299,-0.009188,-0.02386,-0.057441,-0.116938,0.135223,-0.047218,0.543739,-0.151595,0.619084,-0.298351,0.148027,0.3881,0.056882,-0.737752,-0.14981,-0.352338,0.189875,0.121938,-1.175807
-0.925825,-0.662168,0.771935,-0.02492,0.011698,0.941886,0.334802,-0.080824,0.043124,0.196163,0.416988,-0.349773,0.037502,-0.441111,-0.076295,-0.375042,0.207046,0.067096,-0.076725,-0.087525,-0.079759,0.127669,-0.03505,0.500295,-0.178796,0.539349,-0.30439,0.153974,0.390679,0.080688,-0.744768,-0.167575,-0.354494,0.208298,0.118978,-1.195886
-0.948556,-0.645785,0.767106,-0.015962,0.015852,0.94427,0.328404,-0.032397,0.022699,0.185328,0.434163,-0.376477,0.048658,-0.425433,-0.087273,-0.34911,0.246879,0.107003,-0.101748,-0.100491,-0.067506,0.118928,-0.02002,0.44612,-0.211756,0.468246,-0.294128,0.174857,0.364657,0.097567,-0.754277,-0.184117,-0.352567,0.219018,0.114234,-1.21208
-0.970306,-0.626981,0.764226,-0.008684,0.015955,0.943457,0.330997,0.015967,0.02278,0.191726,0.455538,-0.380686,0.049614,-0.411597,-0.101872,-0.328004,0.333243,0.038865,-0.087096,-0.100741,-0.050488,0.114373,0.009284,0.381923,-0.237128,0.396829,-0.287667,0.205257,0.333158,0.094809,-0.748478,-0.182022,-0.342244,0.22602,0.110883,-1.219788
-0.990223,-0.607309,0.765349,-0.006684,0.009712,0.940323,0.340079,0.042927,0.051738,0.207392,0.499788,-0.341648,0.015606,-0.403735,-0.089454,-0.31623,0.422554,-0.034151,-0.084031,-0.096726,-0.029123,0.108819,0.056147,0.320481,-0.270688,0.320672,-0.306596,0.236416,0.317003,0.071131,-0.716862,-0.150755,-0.334437,0.251329,0.111875,-1.224865
-1.008186,-0.587412,0.768235,-0.005793,0.006556,0.938407,0.345422,0.037322,0.08063,0.207914,0.576965,-0.255079,-0.0472,-0.371534,-0.074151,-0.311618,0.4496,-0.079201,-0.084183,-0.097596,-0.026205,0.098897,0.092211,0.30007,-0.340906,0.24295,-0.343279,0.262268,0.310221,0.049617,-0.6718,-0.099599,-0.346533,0.270575,0.109521,-1.23024
-1.024035,-0.568726,0.772723,-0.004579,0.004548,0.936897,0.349547,-0.000607,0.103845,0.18634,0.686827,-0.132759,-0.111196,-0.325976,-0.058069,-0.307088,0.439143,-0.096651,-0.079782,-0.092389,-0.027346,0.090173,0.086054,0.314025,-0.422577,0.173625,-0.358925,0.268572,0.278959,0.034741,-0.648964,-0.044051,-0.36776,0.254614,0.105627,-1.214896
-1.039194,-0.55288,0.777197,-0.001198,0.004312,0.933138,0.35949,-0.06144,0.113663,0.160557,0.822077,0.01173,-0.161412,-0.279725,-0.044215,-0.290896,0.420073,-0.105643,-0.075014,-0.079008,-0.02567,0.089479,0.049491,0.335069,-0.481953,0.106232,-0.34515,0.262445,0.22619,0.009273,-0.654284,0.02974,-0.389949,0.231557,0.104846,-1.182522
-1.052418,-0.541728,0.779307,-0.000479,0.005146,0.929542,0.368679,-0.132009,0.110055,0.128653,0.933171,0.096058,-0.171423,-0.251137,-0.037109,-0.27411,0.410523,-0.115796,-0.064715,-0.077078,-0.020293,0.094242,-0.002595,0.342753,-0.516396,0.04311,-0.330343,0.261107,0.188138,-0.043698,-0.68072,0.129661,-0.404247,0.216236,0.10579,-1.149754
-1.063786,-0.532308,0.781504,-0.001438,0.007974,0.925136,0.379548,-0.194926,0.129326,0.129683,0.986432,-0.026568,-0.131293,-0.235491,-0.033272,-0.253176,0.406597,-0.120658,-0.059547,-0.085356,-0.019316,0.096264,-0.048377,0.336609,-0.539799,-0.014699,-0.329064,0.250606,0.177607,-0.114608,-0.70309,0.24692,-0.416635,0.19697,0.102836,-1.127644
-1.076057,-0.524432,0.783487,-0.001604,0.010946,0.917904,0.396649,-0.256519,0.145916,0.122837,0.967839,-0.108893,-0.098109,-0.221454,-0.027384,-0.217161,0.401751,-0.125726,-0.056875,-0.084703,-0.019707,0.100004,-0.08948,0.334563,-0.578521,-0.076066,-0.337561,0.230466,0.190648,-0.188906,-0.704462,0.348684,-0.420312,0.181145,0.100003,-1.115418
-1.088167,-0.517972,0.784673,-0.002127,0.014667,0.908723,0.417136,-0.300021,0.149972,0.101957,0.859465,-0.156846,-0.061303,-0.211506,-0.022245,-0.173008,0.39681,-0.136794,-0.051637,-0.073482,-0.025402,0.105524,-0.143304,0.344151,-0.630883,-0.127523,-0.342946,0.217214,0.213638,-0.244163,-0.684539,0.41823,-0.426899,0.161616,0.096118,-1.1091
-1.100793,-0.51236,0.784632,-0.002576,0.01756,0.898719,0.438166,-0.323905,0.16282,0.087621,0.678905,-0.147336,-0.022982,-0.203587,-0.017702,-0.126696,0.396695,-0.155464,-0.044354,-0.057643,-0.03528,0.116256,-0.187453,0.337262,-0.689733,-0.162797,-0.360505,0.196462,0.242297,-0.281025,-0.664683,0.455244,-0.431123,0.134731,0.096683,-1.100235
-1.11466,-0.506844,0.783305,-0.00448,0.017885,0.886789,0.461806,-0.327782,0.181511,0.06497,0.449472,-0.098022,0.016051,-0.194748,-0.007321,-0.077098,0.394654,-0.177757,-0.03255,-0.036268,-0.039867,0.126073,-0.223083,0.324859,-0.746295,-0.19106,-0.378141,0.174886,0.264438,-0.297042,-0.652614,0.479391,-0.434709,0.138321,0.11206,-1.090305
-1.130203,-0.500343,0.781894,-0.006689,0.015373,0.873828,0.485946,-0.331929,0.200146,0.029001,0.23824,-0.054544,0.045777,-0.171606,0.006551,-0.025907,0.373123,-0.194375,-0.012174,-0.01854,-0.038715,0.131817,-0.253431,0.325985,-0.782734,-0.219697,-0.375501,0.160833,0.276978,-0.300884,-0.659022,0.498911,-0.440364,0.160573,0.136061,-1.084407
-1.147239,-0.492514,0.781976,-0.006369,0.015159,0.858999,0.511713,-0.342667,0.198056,-0.045309,0.116261,-0.047881,0.022506,-0.127362,0.00916,0.032483,0.31552,-0.194698,0.015618,-0.005799,-0.044384,0.128837,-0.294823,0.365155,-0.785239,-0.259242,-0.350869,0.177335,0.289292,-0.293613,-0.680572,0.513099,-0.451724,0.197694,0.166054,-1.087956
-1.166038,-0.48365,0.782018,-0.000672,0.021011,0.847394,0.530549,-0.370979,0.138169,-0.167078,0.145499,-0.020758,0.000202,-0.100391,-0.016848,0.081353,0.308513,-0.218933,0.045356,-0.00659,-0.065567,0.124953,-0.326532,0.400889,-0.771433,-0.281462,-0.277748,0.202894,0.340407,-0.286494,-0.683172,0.511901,-0.425303,0.251688,0.183049,-1.108618
-1.18893,-0.473835,0.778447,-0.001195,0.008261,0.83362,0.552276,-0.358197,0.100849,-0.260955,0.205959,0.00071,-0.047955,-0.059691,-0.005423,0.125424,0.296183,-0.235989,0.064327,-0.00398,-0.049021,0.124268,-0.351525,0.436365,-0.747273,-0.288828,-0.238088,0.22404,0.438602,-0.268023,-0.680578,0.50383,-0.403247,0.296738,0.188673,-1.12969
-1.214287,-0.46313,0.77347,-0.002198,-0.011406,0.823308,0.567475,-0.334993,0.121092,-0.231892,0.257738,0.005155,-0.119044,-0.017747,0.013128,0.1566,0.306029,-0.255547,0.064692,-0.008832,-0.025787,0.131594,-0.367486,0.467889,-0.734093,-0.28843,-0.238198,0.241469,0.56439,-0.23534,-0.661875,0.492633,-0.38316,0.320681,0.183339,-1.133548
-1.239397,-0.452923,0.771478,-0.000727,-0.019652,0.815865,0.577908,-0.315485,0.119899,-0.205656,0.312089,-0.045229,-0.153191,-0.002648,0.007935,0.186197,0.349557,-0.273434,0.041467,-0.01526,-0.028395,0.137897,-0.390629,0.500137,-0.734206,-0.284502,-0.253442,0.254522,0.668528,-0.180504,-0.622186,0.484335,-0.37265,0.324787,0.173771,-1.100142
-1.263165,-0.443998,0.771573,0.001156,-0.018617,0.812565,0.582572,-0.306494,0.093825,-0.17867,0.359733,-0.100003,-0.135095,-0.011327,-0.015576,0.20006,0.413502,-0.282768,0.015625,-0.030016,-0.047946,0.137972,-0.42978,0.544163,-0.741176,-0.289362,-0.249365,0.271921,0.709014,-0.111929,-0.57415,0.486095,-0.383507,0.317206,0.162494,-1.019788
-1.285833,-0.436546,0.771987,0.000109,-0.017641,0.807691,0.589342,-0.293502,0.07313,-0.154801,0.384404,-0.142824,-0.108779,-0.035637,-0.039276,0.198129,0.480006,-0.255663,0.034837,-0.04131,-0.056904,0.133436,-0.473211,0.587793,-0.744709,-0.307834,-0.213369,0.285716,0.688745,-0.057967,-0.545507,0.494808,-0.404723,0.308545,0.14929,-0.935222
-1.305014,-0.430045,0.774541,-0.003772,-0.016615,0.798896,0.601228,-0.276751,0.06709,-0.123906,0.386298,-0.160408,-0.08675,-0.082341,-0.055825,0.191451,0.553283,-0.183548,0.085533,-0.043735,-0.055056,0.12684,-0.517325,0.636595,-0.74003,-0.33953,-0.125664,0.2956,0.589459,-0.032939,-0.545826,0.500515,-0.423419,0.301796,0.147503,-0.882472
-1.322663,-0.424371,0.77791,-0.006973,-0.016796,0.787705,0.615784,-0.257792,0.066751,-0.08704,0.384336,-0.162613,-0.063736,-0.146701,-0.076554,0.155813,0.645148,-0.096998,0.101897,-0.042873,-0.051179,0.126759,-0.566268,0.699305,-0.717215,-0.368837,-0.015028,0.325632,0.481923,-0.015054,-0.546549,0.494398,-0.441492,0.29599,0.148159,-0.833319
-1.337936,-0.418779,0.781465,-0.013297,-0.020456,0.775069,0.631406,-0.229975,0.080826,-0.048715,0.358843,-0.154456,-0.040782,-0.214638,-0.107021,0.065572,0.730442,-0.012083,0.044894,-0.031101,-0.036534,0.122583,-0.576738,0.74395,-0.687801,-0.399964,0.056426,0.359329,0.424199,0.023373,-0.559964,0.459531,-0.473536,0.314419,0.163114,-0.812438
-1.350542,-0.414369,0.780996,-0.012376,-0.01758,0.763965,0.6449,-0.233756,0.072859,-0.008221,0.399874,-0.181555,-0.018023,-0.28538,-0.16865,-0.031645,0.841001,-0.035061,-0.032951,-0.021385,-0.051855,0.137139,-0.578639,0.768871,-0.664394,-0.401469,0.07642,0.341236,0.42609,0.025043,-0.548774,0.420623,-0.459929,0.309195,0.180504,-0.796842
-1.360416,-0.409047,0.781851,-0.016881,-0.01596,0.759175,0.650472,-0.236646,0.069867,0.008335,0.413119,-0.191911,-0.001818,-0.332353,-0.163281,-0.062348,0.874712,-0.083101,-0.012421,-0.018058,-0.05699,0.139933,-0.546826,0.759478,-0.655793,-0.395322,0.063101,0.280912,0.437249,0.045853,-0.562212,0.366228,-0.44797,0.307945,0.20848,-0.760503
-1.367847,-0.402567,0.782647,-0.021143,-0.01182,0.760016,0.649452,-0.238811,0.058257,0.009271,0.412593,-0.195122,0.008281,-0.358474,-0.110511,-0.045448,0.822796,-0.090047,0.03395,-0.023564,-0.061406,0.13681,-0.481453,0.725554,-0.648056,-0.378879,0.027149,0.214421,0.403632,0.079255,-0.592432,0.301997,-0.433042,0.300414,0.248205,-0.685135
-1.37375,-0.395559,0.782654,-0.022279,-0.006489,0.762861,0.646145,-0.23415,0.040403,0.007951,0.404785,-0.199949,0.015786,-0.369912,-0.066776,-0.031208,0.717311,-0.088746,0.058237,-0.033458,-0.070216,0.141074,-0.389596,0.700334,-0.618216,-0.37859,-0.014328,0.157933,0.319746,0.113453,-0.625975,0.229739,-0.411763,0.282389,0.292833,-0.580882
-1.378367,-0.38777,0.782996,-0.023161,-0.00141,0.769187,0.638602,-0.215815,0.020497,-0.002698,0.36806,-0.192285,0.021535,-0.365825,-0.037651,-0.01979,0.564004,-0.054153,0.050164,-0.051376,-0.07288,0.145482,-0.276146,0.692609,-0.549628,-0.397101,-0.062622,0.123263,0.223911,0.17263,-0.663182,0.145395,-0.401867,0.278889,0.320915,-0.491501
-1.381551,-0.379951,0.781994,-0.021081,0.005882,0.775728,0.630688,-0.206829,-0.004912,-0.013009,0.3549,-0.1979,0.025631,-0.374088,-0.039052,-0.032614,0.436425,-0.019491,-0.006466,-0.06776,-0.083857,0.157306,-0.169226,0.692831,-0.44835,-0.39611,-0.097019,0.114557,0.145225,0.191112,-0.67693,0.078645,-0.343518,0.2928,0.328195,-0.444791
-1.383525,-0.371172,0.781407,-0.020373,0.01204,0.784339,0.619881,-0.196189,-0.027017,-0.033726,0.337753,-0.200658,0.029623,-0.382092,-0.043565,-0.029495,0.326773,0.015449,-0.027822,-0.080148,-0.088019,0.166207,-0.078455,0.688648,-0.338101,-0.372516,-0.128039,0.133016,0.107302,0.192754,-0.701503,0.023176,-0.266162,0.318278,0.32176,-0.432229
-1.384068,-0.361486,0.782595,-0.025222,0.011586,0.794451,0.606693,-0.186453,-0.02864,-0.067779,0.321936,-0.202178,0.030711,-0.410425,-0.011969,0.03366,0.288126,0.109263,-0.02519,-0.085194,-0.072119,0.173154,-0.017738,0.680089,-0.241263,-0.334751,-0.166213,0.174726,0.12399,0.171616,-0.745671,-0.015968,-0.160857,0.337951,0.302117,-0.442315
-1.383008,-0.35074,0.781589,-0.026554,0.020086,0.800455,0.598467,-0.193548,-0.044902,-0.082646,0.332414,-0.213212,0.031438,-0.418524,-0.024527,0.006748,0.305486,0.089311,-0.03998,-0.063766,-0.076467,0.173704,-0.006302,0.677594,-0.182585,-0.292815,-0.205983,0.247422,0.204669,0.101429,-0.786015,-0.025152,-0.005614,0.329683,0.287064,-0.472697
-1.380163,-0.339033,0.782121,-0.03258,0.02531,0.806928,0.589207,-0.195699,-0.044247,-0.103689,0.32325,-0.20907,0.025827,-0.431312,-0.033957,-0.017147,0.337313,0.067801,-0.032573,-0.044426,-0.066361,0.168752,-0.020252,0.710892,-0.139714,-0.270892,-0.249249,0.314466,0.312217,-0.008,-0.838381,-0.013376,0.184348,0.334844,0.276325,-0.497547
-1.376222,-0.327328,0.78299,-0.038062,0.031269,0.813587,0.579353,-0.198403,-0.043887,-0.125436,0.31293,-0.200862,0.021072,-0.443057,-0.043517,-0.042943,0.363886,0.050572,-0.0325,-0.023178,-0.055128,0.162172,-0.064484,0.758065,-0.119801,-0.241307,-0.259149,0.347131,0.394071,-0.15246,-0.876549,0.020507,0.38937,0.366791,0.280388,-0.542911
-1.371146,-0.315758,0.783685,-0.042954,0.037592,0.82093,0.568169,-0.204855,-0.044145,-0.148699,0.307965,-0.192292,0.01692,-0.452628,-0.053043,-0.068085,0.386067,0.035457,-0.038795,0.001382,-0.043204,0.15389,-0.144522,0.797114,-0.142404,-0.194008,-0.254865,0.355646,0.449253,-0.339509,-0.909214,0.089414,0.614535,0.422282,0.289263,-0.598298
-1.365269,-0.30481,0.784453,-0.046911,0.044106,0.828087,0.556889,-0.214612,-0.046123,-0.17388,0.308944,-0.180569,0.014475,-0.459255,-0.061785,-0.089871,0.401843,0.023122,-0.042641,0.029332,-0.028744,0.145415,-0.268526,0.8114,-0.216368,-0.116036,-0.249955,0.348075,0.479468,-0.585525,-0.942878,0.219756,0.872854,0.466699,0.276554,-0.627349
-1.359232,-0.294747,0.785825,-0.049819,0.050377,0.833614,0.547784,-0.222797,-0.047561,-0.193841,0.309026,-0.161412,0.011084,-0.46119,-0.06851,-0.107766,0.407984,0.016811,-0.046422,0.06,-0.015127,0.13457,-0.407715,0.793007,-0.316342,-0.018052,-0.241645,0.332209,0.475551,-0.840232,-0.947676,0.366128,1.099886,0.486483,0.24066,-0.613454
-1.35346,-0.2857,0.787661,-0.051658,0.056125,0.837677,0.540812,-0.22815,-0.04853,-0.20961,0.305604,-0.135687,0.005162,-0.459071,-0.072983,-0.121398,0.406291,0.016211,-0.052279,0.080437,-0.004996,0.126373,-0.532037,0.738917,-0.397658,0.078361,-0.238916,0.314337,0.442665,-1.068017,-0.903821,0.479683,1.229073,0.490796,0.169308,-0.584772
-1.348016,-0.276927,0.789825,-0.053479,0.061216,0.841955,0.53339,-0.229062,-0.047026,-0.22327,0.292692,-0.106133,-0.006533,-0.450815,-0.076263,-0.135674,0.394299,0.016924,-0.056793,0.091743,-0.002762,0.119343,-0.606826,0.677286,-0.444647,0.11016,-0.249804,0.305493,0.404018,-1.183958,-0.8443,0.539799,1.190684,0.448639,0.065788,-0.553149
-1.343178,-0.26824,0.79206,-0.055841,0.066626,0.845597,0.526696,-0.229198,-0.045264,-0.235516,0.275223,-0.075798,-0.019189,-0.441398,-0.078608,-0.147917,0.376518,0.017136,-0.058869,0.094334,-0.0024,0.118048,-0.661555,0.60399,-0.461016,0.122231,-0.268097,0.279207,0.372158,-1.242376,-0.791972,0.610377,1.055901,0.362206,-0.066288,-0.466342
-1.339695,-0.259956,0.793918,-0.058063,0.069875,0.848561,0.521239,-0.226283,-0.039671,-0.238008,0.259489,-0.053479,-0.030261,-0.42671,-0.076893,-0.158923,0.353537,0.01645,-0.060416,0.087333,0.000516,0.113117,-0.688647,0.514987,-0.458823,0.142671,-0.301737,0.236915,0.359369,-1.251211,-0.759164,0.687599,0.857494,0.286046,-0.138287,-0.348232
-1.337203,-0.252387,0.795113,-0.059077,0.070382,0.85153,0.516191,-0.22346,-0.031017,-0.230448,0.256283,-0.04282,-0.039449,-0.406193,-0.072244,-0.170787,0.32987,0.011655,-0.062351,0.078705,0.002027,0.106794,-0.702187,0.42211,-0.458962,0.176391,-0.34984,0.197683,0.367807,-1.236443,-0.731089,0.723371,0.675125,0.243406,-0.104075,-0.248805
-1.335641,-0.245759,0.795476,-0.058437,0.069451,0.853554,0.513037,-0.221716,-0.022669,-0.213931,0.266855,-0.043811,-0.044797,-0.385301,-0.066939,-0.180284,0.312845,0.00147,-0.06435,0.073318,0.007551,0.103177,-0.714314,0.321164,-0.455997,0.236817,-0.39937,0.147799,0.385252,-1.201155,-0.688844,0.70908,0.542446,0.219619,-0.012432,-0.182651
-1.335099,-0.240627,0.795203,-0.055989,0.068201,0.852829,0.51468,-0.219848,-0.016561,-0.192915,0.288511,-0.05157,-0.048699,-0.371336,-0.061482,-0.180257,0.310652,-0.011826,-0.068189,0.069469,0.010629,0.104387,-0.719799,0.210917,-0.435398,0.315573,-0.455691,0.087334,0.409579,-1.163829,-0.617754,0.672085,0.477555,0.209118,0.066508,-0.149641
-1.335893,-0.237233,0.794629,-0.052974,0.067315,0.848972,0.521448,-0.216342,-0.014009,-0.175909,0.31139,-0.060404,-0.054605,-0.366924,-0.05569,-0.168464,0.321502,-0.025222,-0.074138,0.065169,0.010457,0.110506,-0.715255,0.091245,-0.397305,0.390036,-0.528928,0.02459,0.422828,-1.136108,-0.529196,0.637725,0.461791,0.214728,0.105722,-0.14563
-1.338071,-0.235516,0.794222,-0.049409,0.067274,0.842823,0.531679,-0.213777,-0.01797,-0.172046,0.33487,-0.063314,-0.06654,-0.369263,-0.051452,-0.147255,0.339946,-0.035971,-0.080105,0.061245,0.00904,0.118639,-0.708339,0.00203,-0.374892,0.440521,-0.603922,-0.026327,0.404996,-1.122483,-0.458652,0.635536,0.45838,0.222384,0.11022,-0.151188
-1.341418,-0.235058,0.793866,-0.045949,0.067683,0.834517,0.544875,-0.210933,-0.029471,-0.190559,0.357078,-0.06454,-0.080476,-0.377009,-0.046575,-0.117732,0.362282,-0.04306,-0.083644,0.059017,0.009243,0.124003,-0.702842,-0.024433,-0.380082,0.46211,-0.648018,-0.05865,0.35625,-1.1216,-0.429107,0.67045,0.44695,0.215853,0.099672,-0.15501
-1.345948,-0.235583,0.793544,-0.042581,0.068373,0.823982,0.560861,-0.207065,-0.049888,-0.232448,0.380212,-0.069348,-0.086953,-0.388304,-0.040436,-0.08303,0.385865,-0.046643,-0.085766,0.058373,0.010541,0.125682,-0.694485,0.002954,-0.400513,0.45597,-0.654994,-0.054557,0.287012,-1.129884,-0.43615,0.720907,0.429016,0.193177,0.093353,-0.153932
-1.351436,-0.236499,0.793216,-0.040087,0.068829,0.81312,0.57662,-0.202529,-0.070491,-0.275068,0.402786,-0.077825,-0.082326,-0.398537,-0.034008,-0.04824,0.404701,-0.047936,-0.083199,0.055628,0.015172,0.124209,-0.683035,0.065436,-0.417474,0.4205,-0.622901,-0.007229,0.205044,-1.128256,-0.456624,0.753729,0.407791,0.176215,0.096424,-0.147012
-1.357606,-0.237504,0.79305,-0.038914,0.068415,0.804447,0.588788,-0.198861,-0.073582,-0.283051,0.418078,-0.084179,-0.06826,-0.402447,-0.028614,-0.021169,0.410808,-0.045401,-0.076703,0.046379,0.02012,0.120813,-0.659811,0.150367,-0.424338,0.351967,-0.557797,0.053019,0.144296,-1.107398,-0.480533,0.763319,0.379282,0.173525,0.093431,-0.116014
-1.364466,-0.238715,0.793158,-0.03838,0.066724,0.796064,0.600297,-0.192936,-0.060373,-0.281786,0.421575,-0.086396,-0.06207,-0.400599,-0.022002,0.003832,0.406227,-0.03724,-0.068513,0.03276,0.022884,0.118684,-0.609893,0.225355,-0.421162,0.266718,-0.50455,0.096103,0.135436,-1.056934,-0.489688,0.748174,0.35057,0.199352,0.086659,-0.054227
-1.372343,-0.240585,0.793169,-0.038236,0.062907,0.786296,0.613449,-0.181311,-0.045585,-0.296287,0.415004,-0.087923,-0.076995,-0.396398,-0.010763,0.031565,0.398346,-0.025459,-0.060403,0.019635,0.023857,0.117072,-0.51957,0.278406,-0.410783,0.157973,-0.492434,0.115927,0.206092,-0.966731,-0.489814,0.711926,0.301348,0.250123,0.079664,0.02401
-1.38121,-0.243423,0.792822,-0.037915,0.057628,0.775807,0.627188,-0.166602,-0.048443,-0.344821,0.411594,-0.096551,-0.109126,-0.39298,0.001877,0.06001,0.393832,-0.015206,-0.052391,0.012183,0.02574,0.120631,-0.430278,0.308919,-0.394452,0.053334,-0.511295,0.108618,0.34116,-0.858557,-0.500377,0.660244,0.243105,0.299568,0.078435,0.090666
-1.390198,-0.247154,0.791901,-0.038813,0.05185,0.769572,0.635267,-0.154053,-0.0526,-0.371369,0.413998,-0.117265,-0.115844,-0.391618,0.009005,0.07456,0.392999,-0.010183,-0.047844,0.006808,0.028691,0.119624,-0.358084,0.332524,-0.375139,-0.043531,-0.520873,0.089235,0.446319,-0.750233,-0.540256,0.588156,0.196137,0.313179,0.080333,0.097928
-1.399901,-0.252598,0.790067,-0.040049,0.044425,0.765899,0.640172,-0.143942,-0.052759,-0.377156,0.416875,-0.152734,-0.109823,-0.390956,0.01401,0.083588,0.394419,-0.007856,-0.037755,0.002236,0.034367,0.121823,-0.297009,0.363974,-0.351744,-0.141505,-0.50903,0.054209,0.561738,-0.618182,-0.587311,0.489616,0.148147,0.322603,0.083504,0.067359
-1.409749,-0.258471,0.788053,-0.041438,0.03599,0.765499,0.641092,-0.135201,-0.047141,-0.368068,0.418568,-0.193879,-0.088361,-0.387922,0.015754,0.084793,0.395782,-0.005925,-0.027459,-0.004209,0.040651,0.123588,-0.242836,0.413584,-0.329814,-0.233613,-0.475209,0.026601,0.683226,-0.46471,-0.626009,0.373251,0.103373,0.336229,0.095394,0.022439
-1.419784,-0.265253,0.7863,-0.042945,0.027322,0.767213,0.639369,-0.12801,-0.044334,-0.359628,0.418858,-0.231423,-0.055571,-0.383047,0.01399,0.081114,0.393199,-0.000639,-0.017727,-0.012006,0.043465,0.126256,-0.190083,0.477451,-0.309846,-0.318833,-0.430085,0.016999,0.786213,-0.301124,-0.65679,0.247088,0.058566,0.339119,0.11223,-0.023869
-1.429813,-0.273121,0.785143,-0.04438,0.020354,0.769993,0.636181,-0.125168,-0.046678,-0.35844,0.416459,-0.256714,-0.03463,-0.379057,0.007235,0.076151,0.385501,0.009753,-0.01046,-0.022688,0.041639,0.129706,-0.138192,0.536337,-0.29209,-0.389266,-0.388591,0.019067,0.821417,-0.141406,-0.656211,0.123895,0.019682,0.340714,0.123553,-0.061003
-1.439249,-0.282118,0.784393,-0.046109,0.01472,0.772879,0.632705,-0.126204,-0.051491,-0.36365,0.412422,-0.274249,-0.020541,-0.376598,-0.001318,0.07098,0.372376,0.026671,-0.00156,-0.030101,0.037893,0.136114,-0.093226,0.593249,-0.27956,-0.445099,-0.357766,0.04321,0.786221,0.012315,-0.616009,0.008034,-0.025876,0.354598,0.133617,-0.108826
-1.44889,-0.292414,0.783735,-0.04664,0.009836,0.774224,0.631115,-0.131771,-0.059752,-0.363691,0.415721,-0.284436,-0.009687,-0.374074,-0.01094,0.070938,0.355084,0.049738,0.009891,-0.030486,0.031297,0.144683,-0.060202,0.638918,-0.281145,-0.481352,-0.34846,0.101632,0.729767,0.137852,-0.559421,-0.073744,-0.086964,0.372535,0.150778,-0.167273
-1.45782,-0.303719,0.783186,-0.046747,0.005748,0.773935,0.631512,-0.139969,-0.067774,-0.356085,0.419364,-0.288095,0.001411,-0.373929,-0.018882,0.075572,0.335273,0.078496,0.019645,-0.034366,0.022783,0.154082,-0.036985,0.655337,-0.30481,-0.502065,-0.357341,0.170954,0.687339,0.216647,-0.522321,-0.106194,-0.151762,0.375071,0.165359,-0.215163
-1.466038,-0.315474,0.782651,-0.047251,0.002416,0.77137,0.634626,-0.149954,-0.07439,-0.343735,0.422705,-0.289748,0.013952,-0.375819,-0.02219,0.088894,0.310061,0.113279,0.029872,-0.038198,0.014089,0.157446,-0.030342,0.646409,-0.362377,-0.507578,-0.371277,0.230652,0.664812,0.25966,-0.507829,-0.097568,-0.232118,0.359001,0.179303,-0.249448
-1.473471,-0.326971,0.782318,-0.047552,0.000049,0.767603,0.63916,-0.160984,-0.080104,-0.327191,0.42507,-0.284799,0.024255,-0.375979,-0.024033,0.10805,0.277956,0.149279,0.039474,-0.045437,0.005193,0.156045,-0.042485,0.624148,-0.44656,-0.49722,-0.378824,0.260924,0.648485,0.260292,-0.517412,-0.056427,-0.316009,0.326204,0.19374,-0.260093
-1.479676,-0.337721,0.782009,-0.04587,-0.00151,0.762829,0.644969,-0.168456,-0.08686,-0.308159,0.425381,-0.27472,0.032069,-0.372949,-0.028432,0.12367,0.246521,0.172962,0.048725,-0.054022,-0.00702,0.155088,-0.067124,0.599417,-0.543366,-0.473203,-0.383735,0.266344,0.632726,0.224792,-0.545121,0.010651,-0.395393,0.277884,0.211048,-0.247059
-1.484544,-0.347115,0.781894,-0.041375,-0.002624,0.757469,0.651553,-0.169005,-0.09558,-0.289742,0.422219,-0.260687,0.039217,-0.36806,-0.038408,0.12718,0.234744,0.162691,0.067132,-0.05979,-0.022385,0.156677,-0.091286,0.561095,-0.644579,-0.431621,-0.409549,0.26302,0.623658,0.163433,-0.57796,0.094981,-0.463247,0.220471,0.228807,-0.216629
-1.488184,-0.355122,0.783007,-0.039926,-0.005603,0.751731,0.658237,-0.166919,-0.092688,-0.272235,0.412137,-0.247406,0.046718,-0.364828,-0.040354,0.125359,0.247531,0.130353,0.060846,-0.061256,-0.029417,0.157435,-0.103598,0.512125,-0.738042,-0.386923,-0.461395,0.265084,0.623237,0.089136,-0.607136,0.177333,-0.519792,0.160156,0.245855,-0.176117
-1.490694,-0.361962,0.78425,-0.040032,-0.009914,0.746229,0.664411,-0.163014,-0.08317,-0.259286,0.400372,-0.241979,0.0494,-0.360288,-0.038522,0.12122,0.276687,0.092926,0.041259,-0.061514,-0.029684,0.159943,-0.083055,0.449729,-0.800613,-0.346867,-0.556349,0.294529,0.643619,0.002086,-0.633421,0.269969,-0.561985,0.111746,0.254501,-0.116241
-1.492363,-0.367297,0.785067,-0.041362,-0.013389,0.740422,0.670735,-0.159939,-0.071098,-0.244973,0.388312,-0.240288,0.048808,-0.351033,-0.037613,0.113464,0.30243,0.056414,0.025672,-0.061505,-0.031871,0.160738,-0.020024,0.370739,-0.853952,-0.316129,-0.689648,0.310964,0.683175,-0.090819,-0.66916,0.329307,-0.582482,0.030629,0.271683,-0.037336
-1.493101,-0.371602,0.785161,-0.041923,-0.015359,0.734321,0.677333,-0.161912,-0.06225,-0.230215,0.386892,-0.239626,0.047028,-0.334048,-0.042372,0.098053,0.321804,0.012865,0.016083,-0.059577,-0.034555,0.162753,0.055372,0.293264,-0.903654,-0.311085,-0.810249,0.276416,0.743893,-0.177342,-0.7106,0.363594,-0.587573,-0.077221,0.291907,0.043967
-1.492583,-0.374721,0.784919,-0.042416,-0.01545,0.728197,0.683879,-0.168019,-0.055061,-0.213878,0.391666,-0.239834,0.045104,-0.310531,-0.05169,0.072935,0.326643,-0.025029,0.018997,-0.051582,-0.040916,0.160591,0.10706,0.242449,-0.949418,-0.320819,-0.86635,0.209057,0.78349,-0.242471,-0.76406,0.371463,-0.591713,-0.197003,0.309666,0.113111
-1.490501,-0.376632,0.784493,-0.042362,-0.012703,0.722061,0.690414,-0.176887,-0.051098,-0.198792,0.397582,-0.237575,0.043577,-0.281122,-0.06441,0.039848,0.311998,-0.061001,0.020923,-0.041515,-0.051448,0.153788,0.133806,0.216548,-0.976727,-0.339682,-0.876884,0.148804,0.785997,-0.274316,-0.822576,0.356095,-0.59444,-0.301183,0.316818,0.150644
-1.487235,-0.377406,0.783563,-0.041597,-0.007833,0.715208,0.697628,-0.186053,-0.048972,-0.179089,0.403868,-0.237387,0.045819,-0.246723,-0.080842,-0.005167,0.279081,-0.110243,0.0269,-0.032155,-0.054936,0.143823,0.146929,0.195492,-0.982462,-0.363281,-0.86807,0.096852,0.773925,-0.260957,-0.851625,0.32428,-0.587811,-0.354562,0.315911,0.133788
-1.482982,-0.37698,0.784843,-0.043097,-0.009749,0.709997,0.702817,-0.18258,-0.032175,-0.171121,0.40242,-0.238348,0.04384,-0.232613,-0.085702,-0.034806,0.260305,-0.096085,0.0631,-0.026791,-0.047556,0.135926,0.152819,0.183151,-0.957612,-0.383251,-0.846575,0.061318,0.763357,-0.231506,-0.873448,0.296896,-0.588142,-0.368722,0.317874,0.079109
-1.477572,-0.376361,0.784772,-0.040854,-0.0085,0.704449,0.708527,-0.175265,-0.023932,-0.158871,0.39707,-0.239006,0.038946,-0.222224,-0.091008,-0.044365,0.235069,-0.06731,0.088368,-0.028309,-0.048876,0.124985,0.147841,0.180516,-0.899679,-0.398789,-0.808771,0.043166,0.76357,-0.210156,-0.91808,0.262388,-0.584583,-0.385085,0.338014,0.029174
-1.471044,-0.375536,0.785034,-0.038029,-0.007341,0.699748,0.713339,-0.164554,-0.015491,-0.148601,0.38708,-0.23732,0.030958,-0.22312,-0.088081,-0.032075,0.232663,-0.042812,0.089661,-0.037393,-0.049413,0.118747,0.136394,0.166416,-0.833672,-0.407572,-0.774602,0.037505,0.779729,-0.188726,-0.944579,0.215557,-0.578058,-0.380349,0.362119,-0.020148
-1.463058,-0.374618,0.785093,-0.033555,-0.005593,0.695998,0.717237,-0.153025,-0.009476,-0.138891,0.378479,-0.233605,0.02329,-0.234432,-0.080731,-0.021726,0.253415,-0.023697,0.066654,-0.045891,-0.052844,0.117707,0.123465,0.140633,-0.796023,-0.402717,-0.748855,0.025908,0.808977,-0.17252,-0.955676,0.167934,-0.592056,-0.352425,0.356824,-0.077109
-1.453888,-0.373571,0.784473,-0.028007,-0.002568,0.694954,0.718504,-0.145183,-0.008115,-0.13436,0.374817,-0.230238,0.015846,-0.242186,-0.079376,-0.016611,0.274654,-0.02805,0.053819,-0.052719,-0.051106,0.114054,0.111299,0.178099,-0.789595,-0.386981,-0.744932,0.032286,0.821134,-0.171974,-0.993547,0.111131,-0.627223,-0.332749,0.328455,-0.139759
-1.443712,-0.372125,0.784216,-0.023752,-0.000869,0.695604,0.718032,-0.140601,-0.003108,-0.13607,0.377834,-0.228093,0.008717,-0.249969,-0.076061,-0.019484,0.30589,-0.047446,0.05316,-0.046719,-0.039695,0.106374,0.031779,0.354132,-0.765467,-0.397011,-0.798166,0.2673,0.691469,-0.157913,-1.049092,0.017835,-0.667996,-0.302415,0.298476,-0.239833
-1.433491,-0.369688,0.784524,-0.020317,0.000417,0.696335,0.717429,-0.133087,0.00383,-0.139626,0.376382,-0.223816,0.004741,-0.246693,-0.070821,-0.024261,0.317115,-0.058693,0.051997,-0.047338,-0.037931,0.091476,-0.050605,0.39071,-0.699121,-0.418928,-0.792956,0.560282,0.602952,-0.176243,-1.081434,-0.062065,-0.696358,-0.290933,0.261073,-0.338667
-1.423272,-0.366363,0.784833,-0.01704,0.000548,0.6964,0.717451,-0.121474,0.013566,-0.141542,0.373146,-0.221737,0.001599,-0.237639,-0.062167,-0.027735,0.321422,-0.067964,0.049307,-0.051852,-0.030838,0.078948,-0.081092,0.29836,-0.706713,-0.397764,-0.868479,0.473775,0.816404,-0.248529,-1.126509,-0.111692,-0.706985,-0.298958,0.214058,-0.424301
-1.412702,-0.363306,0.784872,-0.014366,-0.00057,0.696154,0.717748,-0.109472,0.026971,-0.144354,0.371121,-0.223439,-0.004347,-0.226271,-0.049567,-0.031282,0.322633,-0.078478,0.04559,-0.038344,-0.01881,0.070467,-0.126276,0.294371,-0.75667,-0.380247,-0.909659,0.364809,0.990986,-0.337004,-1.18942,-0.15117,-0.697787,-0.319506,0.180973,-0.496963
-1.401731,-0.360311,0.7845,-0.011526,-0.001184,0.69618,0.717774,-0.100187,0.039696,-0.147185,0.373156,-0.226549,-0.01172,-0.215456,-0.037616,-0.035539,0.324097,-0.092031,0.040622,-0.022865,-0.014866,0.066402,-0.158153,0.293152,-0.798018,-0.370905,-0.913588,0.314991,1.051262,-0.42016,-1.240736,-0.18009,-0.683048,-0.334473,0.167185,-0.566877
-1.390851,-0.35777,0.783684,-0.008079,-0.002103,0.696093,0.717903,-0.09594,0.051421,-0.148315,0.386629,-0.230123,-0.020915,-0.205669,-0.025825,-0.037835,0.32929,-0.10925,0.035495,-0.004676,-0.014463,0.069162,-0.171374,0.28115,-0.840127,-0.373037,-0.900443,0.299825,1.029777,-0.507845,-1.291611,-0.184635,-0.653874,-0.345457,0.156833,-0.627078
-1.38058,-0.355838,0.782669,-0.004149,-0.00335,0.695958,0.718063,-0.099469,0.060446,-0.151498,0.415104,-0.228946,-0.034658,-0.196095,-0.015513,-0.041249,0.336161,-0.127749,0.030499,0.015409,-0.017548,0.076109,-0.166727,0.263573,-0.879869,-0.382961,-0.871957,0.28977,0.955519,-0.595736,-1.338183,-0.164009,-0.607212,-0.357396,0.150211,-0.661534
-1.370928,-0.354684,0.781336,0.000738,-0.005705,0.696208,0.717817,-0.112957,0.068112,-0.152179,0.46451,-0.220624,-0.0619,-0.185309,-0.006065,-0.04464,0.345168,-0.147548,0.02598,0.037458,-0.022476,0.087086,-0.148306,0.240456,-0.920566,-0.393585,-0.827633,0.262497,0.840768,-0.690735,-1.376809,-0.105425,-0.531903,-0.367433,0.148287,-0.662117
-1.362102,-0.354117,0.780048,0.005714,-0.008383,0.69808,0.715948,-0.136998,0.078485,-0.142163,0.525255,-0.195252,-0.114503,-0.171334,0.000896,-0.052084,0.349028,-0.16576,0.023051,0.054319,-0.029422,0.096223,-0.128513,0.220835,-0.956778,-0.402507,-0.777293,0.210824,0.713888,-0.794443,-1.392848,-0.008122,-0.42915,-0.369316,0.159967,-0.612801
-1.353889,-0.353963,0.778916,0.007982,-0.01115,0.70608,0.708,-0.165522,0.116531,-0.076043,0.570026,-0.171614,-0.18991,-0.154966,0.005379,-0.075555,0.34331,-0.178729,0.022423,0.047952,-0.032375,0.095631,-0.135857,0.221035,-0.969732,-0.412626,-0.704587,0.133217,0.600312,-0.919978,-1.367688,0.140511,-0.296104,-0.350145,0.21304,-0.501403
-1.346237,-0.353906,0.778197,0.008165,-0.013397,0.717497,0.696385,-0.18669,0.181975,0.039372,0.586104,-0.174915,-0.257795,-0.135834,0.008682,-0.109504,0.324819,-0.185115,0.02137,0.006743,-0.021792,0.082835,-0.165584,0.232981,-0.934266,-0.422279,-0.607311,0.045423,0.541271,-1.093212,-1.268847,0.359154,-0.116464,-0.319623,0.325396,-0.329519
-1.342268,-0.353912,0.778534,0.011097,-0.010242,0.730048,0.683229,-0.190967,0.203916,0.128275,0.556133,-0.196781,-0.2618,-0.121712,-0.006903,-0.140779,0.308825,-0.189741,0.028279,-0.038692,-0.00645,0.066116,-0.228955,0.240579,-0.868953,-0.427743,-0.500255,-0.003195,0.563654,-1.111304,-1.123099,0.440347,0.030405,-0.249081,0.380964,-0.180477
-1.334376,-0.352189,0.778469,0.01105,-0.01779,0.741129,0.671036,-0.200616,0.265474,0.24924,0.55425,-0.189929,-0.204832,-0.094314,0.008093,-0.176568,0.291412,-0.190624,0.022557,-0.081206,0.019,0.06183,-0.323112,0.28653,-0.783844,-0.422907,-0.36014,-0.018172,0.623801,-0.97064,-0.91711,0.364489,0.089083,-0.092801,0.369116,-0.124356
-1.329581,-0.350917,0.778624,0.011703,-0.017459,0.750442,0.660602,-0.191397,0.279321,0.313746,0.516211,-0.176265,-0.101617,-0.083168,0.006356,-0.201851,0.281109,-0.193647,0.021021,-0.099513,0.019666,0.053428,-0.443896,0.377804,-0.72663,-0.430175,-0.231236,0.009683,0.69897,-0.753177,-0.712491,0.252931,0.033199,0.098192,0.356043,-0.136265
-1.326378,-0.349408,0.778071,0.010819,-0.016483,0.750771,0.660268,-0.185137,0.267827,0.2975,0.486582,-0.163187,-0.07123,-0.086236,0.010782,-0.203941,0.28492,-0.197408,0.015736,-0.101879,0.022716,0.051012,-0.557325,0.456887,-0.701434,-0.433931,-0.158146,0.049384,0.707061,-0.617027,-0.604933,0.229987,-0.054933,0.197352,0.356647,-0.22997
-1.323819,-0.348928,0.777875,0.011371,-0.014092,0.749531,0.661722,-0.182776,0.265367,0.290835,0.482986,-0.156507,-0.07075,-0.095376,0.009749,-0.201061,0.297589,-0.202098,0.008381,-0.108659,0.021033,0.050476,-0.687248,0.561197,-0.654294,-0.419506,-0.054202,0.119915,0.684854,-0.517385,-0.482964,0.25253,-0.131398,0.315424,0.367005,-0.340204
-1.320868,-0.34856,0.777845,0.012522,-0.012391,0.746844,0.664766,-0.182989,0.270128,0.297556,0.487901,-0.146637,-0.076441,-0.103645,0.010855,-0.194954,0.311043,-0.206815,-0.00197,-0.113042,0.019502,0.052559,-0.797049,0.658917,-0.608376,-0.400875,0.022933,0.227726,0.666113,-0.452065,-0.392972,0.298763,-0.193244,0.404511,0.356606,-0.423136
-1.318657,-0.348169,0.777702,0.013535,-0.010832,0.743843,0.66813,-0.181097,0.274373,0.308276,0.490299,-0.138877,-0.083502,-0.11048,0.011763,-0.188518,0.32192,-0.211393,-0.010193,-0.115251,0.017596,0.052378,-0.875737,0.732477,-0.574189,-0.378081,0.051946,0.335279,0.687893,-0.415465,-0.34748,0.344716,-0.243293,0.446201,0.329192,-0.466505
-1.317449,-0.347398,0.77752,0.014762,-0.009309,0.741137,0.671127,-0.178036,0.275462,0.316127,0.491921,-0.13307,-0.08881,-0.114416,0.011044,-0.181815,0.329687,-0.215619,-0.013316,-0.118232,0.016293,0.050917,-0.924927,0.778863,-0.548971,-0.353336,0.032466,0.419938,0.747284,-0.398424,-0.335096,0.374583,-0.287807,0.453819,0.29887,-0.479349
-1.317267,-0.34624,0.777411,0.015973,-0.008372,0.739369,0.673058,-0.17426,0.274184,0.3189,0.492522,-0.129983,-0.092857,-0.115007,0.009272,-0.177133,0.334583,-0.218677,-0.015544,-0.126022,0.016592,0.049994,-0.951709,0.812025,-0.529394,-0.331397,-0.004947,0.474791,0.807205,-0.391537,-0.353239,0.375581,-0.330108,0.430359,0.274926,-0.455919
-1.317538,-0.344513,0.777524,0.016453,-0.008271,0.73915,0.673289,-0.17046,0.273659,0.319949,0.49182,-0.130058,-0.095215,-0.113365,0.008047,-0.176641,0.33799,-0.219421,-0.017347,-0.139599,0.017523,0.0527,-0.955774,0.838828,-0.512411,-0.323072,-0.042541,0.503913,0.852226,-0.379375,-0.396295,0.345538,-0.373525,0.379427,0.256929,-0.403704
-1.317892,-0.34251,0.777614,0.016466,-0.008473,0.739601,0.672791,-0.166512,0.27314,0.319626,0.489679,-0.132772,-0.095363,-0.111404,0.007336,-0.178458,0.340954,-0.218828,-0.019246,-0.152714,0.019603,0.057675,-0.951502,0.863875,-0.502266,-0.334725,-0.057668,0.508916,0.87401,-0.341619,-0.450387,0.299747,-0.416317,0.322134,0.239196,-0.355724
-1.318278,-0.340413,0.777575,0.016093,-0.008498,0.740435,0.671881,-0.162738,0.271875,0.31816,0.485591,-0.137416,-0.095461,-0.110387,0.00644,-0.181585,0.344557,-0.219009,-0.021331,-0.156067,0.022118,0.06341,-0.949403,0.8794,-0.496786,-0.354471,-0.038742,0.502929,0.861488,-0.263543,-0.496055,0.249905,-0.449225,0.291053,0.223262,-0.358409
-1.318652,-0.338233,0.77764,0.015172,-0.00844,0.741874,0.670314,-0.160478,0.270932,0.315459,0.481596,-0.141778,-0.097016,-0.109565,0.00592,-0.185761,0.347157,-0.218767,-0.021362,-0.151179,0.026184,0.068563,-0.953724,0.880535,-0.499876,-0.377151,-0.000621,0.490209,0.82786,-0.14728,-0.49279,0.226115,-0.459317,0.327115,0.216772,-0.433224
-1.318768,-0.336124,0.777596,0.014118,-0.00842,0.74365,0.668367,-0.162272,0.271485,0.310638,0.483766,-0.145051,-0.098537,-0.107227,0.006033,-0.191087,0.34647,-0.219194,-0.021273,-0.142076,0.030381,0.071113,-0.9643,0.876835,-0.511986,-0.399724,0.061021,0.473393,0.77515,-0.009032,-0.423026,0.250352,-0.450852,0.450636,0.222571,-0.566998
-1.318575,-0.33387,0.777511,0.012688,-0.00854,0.744637,0.667294,-0.164774,0.274448,0.306728,0.488191,-0.147628,-0.102693,-0.104818,0.008262,-0.19466,0.34469,-0.219572,-0.021684,-0.134481,0.040324,0.07516,-0.978088,0.875876,-0.517901,-0.412242,0.126445,0.461014,0.720501,0.133159,-0.270856,0.341725,-0.432909,0.6756,0.231847,-0.742488
-1.318302,-0.331753,0.777295,0.012089,-0.008461,0.744362,0.667613,-0.167314,0.277388,0.303448,0.496072,-0.148308,-0.106544,-0.10243,0.010054,-0.194655,0.343557,-0.22025,-0.022167,-0.129899,0.04879,0.078918,-0.985016,0.86822,-0.528727,-0.418911,0.173852,0.453508,0.658631,0.252707,-0.118384,0.47741,-0.419381,0.910725,0.208812,-0.918659
-1.318657,-0.329906,0.777234,0.011199,-0.007558,0.743078,0.669068,-0.165076,0.278138,0.306665,0.494664,-0.146985,-0.11073,-0.102633,0.010996,-0.191738,0.342505,-0.219652,-0.022745,-0.122893,0.05816,0.081932,-0.994245,0.864443,-0.550777,-0.431049,0.213717,0.440884,0.597427,0.307325,-0.063739,0.587445,-0.428334,0.959092,0.151205,-0.987479
-1.318824,-0.328449,0.777123,0.010659,-0.007321,0.741081,0.671291,-0.164025,0.281793,0.310173,0.498139,-0.146669,-0.114727,-0.103745,0.013053,-0.186807,0.344472,-0.219311,-0.023565,-0.114817,0.059793,0.081219,-0.999947,0.872338,-0.593053,-0.447755,0.266695,0.428961,0.504682,0.325514,-0.039474,0.709261,-0.463421,0.9157,0.074034,-0.992082
-1.319215,-0.32713,0.777345,0.010487,-0.006484,0.738331,0.674326,-0.158861,0.282911,0.318565,0.495465,-0.145115,-0.114917,-0.105506,0.013936,-0.180041,0.346159,-0.218062,-0.025252,-0.10756,0.06281,0.075281,-0.986881,0.889799,-0.636073,-0.468215,0.300933,0.423984,0.43724,0.300672,-0.029548,0.798541,-0.492117,0.860036,0.008769,-0.950595
-1.319717,-0.325869,0.777568,0.010693,-0.005464,0.735112,0.677839,-0.153243,0.283629,0.328583,0.493672,-0.143653,-0.112849,-0.107267,0.014098,-0.171287,0.348058,-0.21764,-0.026616,-0.10154,0.058051,0.065781,-0.954422,0.920008,-0.676589,-0.497403,0.324935,0.412609,0.408506,0.241768,-0.031596,0.848402,-0.505873,0.779911,-0.069463,-0.905787
-1.320254,-0.324652,0.77781,0.01133,-0.004352,0.732525,0.680632,-0.147815,0.282829,0.337492,0.492051,-0.142446,-0.111371,-0.108249,0.012886,-0.1634,0.350058,-0.218722,-0.02634,-0.091015,0.050529,0.056931,-0.910841,0.946968,-0.704766,-0.52988,0.331201,0.39855,0.427989,0.16941,-0.038774,0.860834,-0.492893,0.69526,-0.140035,-0.886883
-1.320674,-0.323551,0.777963,0.012449,-0.003501,0.731349,0.681881,-0.144063,0.280594,0.342548,0.492121,-0.140731,-0.109067,-0.107354,0.010266,-0.158634,0.351846,-0.220629,-0.024673,-0.073527,0.047842,0.052763,-0.86924,0.963714,-0.710138,-0.553337,0.325276,0.385196,0.468788,0.115131,-0.025197,0.860977,-0.460992,0.66827,-0.163959,-0.894416
-1.320763,-0.322477,0.777992,0.013371,-0.003083,0.731906,0.681267,-0.142532,0.278246,0.343018,0.492986,-0.139813,-0.106788,-0.104327,0.007847,-0.158446,0.35156,-0.223422,-0.022507,-0.052636,0.046414,0.051744,-0.830635,0.975261,-0.679826,-0.559751,0.312914,0.378967,0.510204,0.087369,0.013533,0.853556,-0.43632,0.703079,-0.14827,-0.903977
-1.320666,-0.32142,0.777896,0.013964,-0.003425,0.734401,0.678563,-0.14371,0.276309,0.33741,0.495671,-0.13987,-0.104102,-0.098887,0.005995,-0.163675,0.34934,-0.226098,-0.020238,-0.037188,0.03807,0.04694,-0.789394,0.991241,-0.61671,-0.559479,0.300714,0.372201,0.546939,0.055734,0.03668,0.812021,-0.423551,0.718689,-0.129178,-0.909222
-1.320229,-0.320664,0.777636,0.013947,-0.004242,0.739389,0.67312,-0.150061,0.274617,0.32347,0.500783,-0.141571,-0.103355,-0.093424,0.004003,-0.176227,0.347808,-0.22894,-0.018992,-0.028678,0.02902,0.047416,-0.726949,0.98853,-0.517382,-0.574935,0.252848,0.369538,0.59952,0.021438,0.051458,0.754199,-0.411514,0.715016,-0.10684,-0.914765
-1.319707,-0.32002,0.777479,0.013492,-0.005388,0.745034,0.666868,-0.156123,0.272437,0.307151,0.502477,-0.142974,-0.104758,-0.089128,0.0026,-0.191474,0.348388,-0.231378,-0.020434,-0.028592,0.027076,0.048429,-0.670337,0.964543,-0.417735,-0.613638,0.182853,0.361416,0.661868,-0.001043,0.05984,0.713206,-0.399852,0.719951,-0.081281,-0.916813
-1.319078,-0.319672,0.777485,0.013224,-0.006396,0.749811,0.661489,-0.15926,0.26976,0.294751,0.499955,-0.142947,-0.106247,-0.087282,0.00118,-0.205357,0.352203,-0.233438,-0.025022,-0.032528,0.028519,0.046172,-0.645087,0.949563,-0.339843,-0.64798,0.1367,0.349204,0.711025,-0.015408,0.052817,0.688921,-0.390292,0.724221,-0.06012,-0.91065
-1.318449,-0.319652,0.777455,0.013707,-0.00725,0.753956,0.656742,-0.162357,0.266548,0.282721,0.499472,-0.142201,-0.105929,-0.087874,-0.001841,-0.217115,0.361759,-0.237186,-0.030293,-0.039402,0.032682,0.046583,-0.629629,0.937297,-0.281227,-0.661406,0.086805,0.348317,0.7547,-0.028145,0.042036,0.679657,-0.382391,0.730346,-0.039774,-0.895497
-1.318124,-0.319816,0.77742,0.014448,-0.00772,0.756904,0.653321,-0.161764,0.262532,0.276434,0.495052,-0.140484,-0.104934,-0.088851,-0.005155,-0.225524,0.370358,-0.239974,-0.034832,-0.046946,0.038024,0.04473,-0.62538,0.918301,-0.25994,-0.641635,0.027007,0.368478,0.783817,-0.043508,0.02569,0.68004,-0.37737,0.727139,-0.02797,-0.875129
-1.317747,-0.320199,0.777333,0.016298,-0.008851,0.759929,0.649742,-0.163269,0.259321,0.267249,0.498262,-0.139558,-0.103713,-0.089697,-0.009898,-0.233505,0.384299,-0.245731,-0.038251,-0.057066,0.045656,0.044256,-0.645666,0.894995,-0.270391,-0.58519,-0.06124,0.438051,0.7788,-0.052687,0.010339,0.690798,-0.373857,0.711607,-0.023994,-0.841529
-1.317401,-0.320583,0.777251,0.017939,-0.009771,0.762252,0.646958,-0.163415,0.256419,0.260882,0.499726,-0.137744,-0.103367,-0.08856,-0.013361,-0.239726,0.392009,-0.24926,-0.039962,-0.064882,0.049104,0.042536,-0.678385,0.852692,-0.308874,-0.49871,-0.15992,0.552762,0.747494,-0.057694,0.002452,0.702073,-0.376714,0.690361,-0.031689,-0.810994
-1.317012,-0.320848,0.777283,0.019343,-0.011001,0.764274,0.644508,-0.163096,0.254783,0.254615,0.501061,-0.135851,-0.104116,-0.084925,-0.014971,-0.245307,0.394522,-0.250766,-0.040487,-0.072831,0.047478,0.040219,-0.712974,0.775475,-0.369407,-0.398124,-0.267628,0.669899,0.71581,-0.063348,0.003935,0.709937,-0.380993,0.661577,-0.049122,-0.792942
-1.316487,-0.321005,0.777329,0.019754,-0.011961,0.765517,0.643001,-0.162393,0.255033,0.250846,0.499838,-0.135632,-0.105543,-0.082211,-0.014231,-0.248884,0.393792,-0.250398,-0.040132,-0.079304,0.045615,0.039156,-0.739337,0.696152,-0.434903,-0.320167,-0.33931,0.714999,0.703041,-0.068936,0.010398,0.714311,-0.383435,0.639491,-0.063944,-0.795986
-1.315881,-0.321337,0.777506,0.020101,-0.012757,0.765777,0.642665,-0.161596,0.256229,0.248904,0.499243,-0.135422,-0.106567,-0.079665,-0.01266,-0.250569,0.39093,-0.24908,-0.040364,-0.079453,0.039044,0.041296,-0.72006,0.578653,-0.494534,-0.263695,-0.458281,0.672228,0.752537,-0.076102,0.021261,0.710813,-0.382246,0.615043,-0.077781,-0.832979
-1.315321,-0.32177,0.777503,0.020177,-0.013861,0.764996,0.643569,-0.161314,0.259751,0.24847,0.501973,-0.136586,-0.106442,-0.078042,-0.009316,-0.24927,0.388796,-0.249096,-0.040592,-0.070925,0.034972,0.043657,-0.664775,0.439924,-0.566648,-0.223194,-0.673414,0.495644,0.955554,-0.073217,0.028222,0.705584,-0.381268,0.587595,-0.086594,-0.910987
-1.314782,-0.322419,0.777431,0.019834,-0.014258,0.763723,0.645082,-0.161778,0.262931,0.250504,0.503378,-0.135865,-0.106319,-0.077964,-0.005878,-0.246211,0.38511,-0.248798,-0.040473,-0.064814,0.03193,0.045158,-0.617084,0.335742,-0.631805,-0.198426,-0.772888,0.243667,1.207615,-0.067816,0.037004,0.703846,-0.373777,0.566143,-0.08848,-1.006591
-1.314272,-0.323311,0.777447,0.019429,-0.013765,0.762266,0.646826,-0.162256,0.264367,0.254402,0.501771,-0.133138,-0.105808,-0.078926,-0.003698,-0.24295,0.37989,-0.247623,-0.039811,-0.060419,0.026983,0.04619,-0.604967,0.274562,-0.649432,-0.1923,-0.77918,0.128716,1.336467,-0.060744,0.042992,0.700223,-0.3685,0.554637,-0.087707,-1.063933
-1.313793,-0.324372,0.777481,0.018816,-0.013143,0.760867,0.648501,-0.162619,0.265572,0.258594,0.498517,-0.13078,-0.105273,-0.080988,-0.001572,-0.239437,0.375538,-0.245904,-0.03881,-0.055777,0.024556,0.044767,-0.629265,0.258327,-0.636427,-0.218183,-0.755756,0.106653,1.342623,-0.046899,0.042473,0.698683,-0.367953,0.559961,-0.084571,-1.073464
-1.313225,-0.325668,0.777325,0.018368,-0.013096,0.75982,0.649742,-0.164222,0.267841,0.261344,0.498227,-0.130008,-0.105538,-0.083578,0.000687,-0.237065,0.373952,-0.244588,-0.039299,-0.053369,0.021637,0.043802,-0.662208,0.256958,-0.609309,-0.252542,-0.696729,0.093703,1.321103,-0.02847,0.040308,0.697643,-0.366424,0.571026,-0.081344,-1.071044
-1.312565,-0.326825,0.777171,0.017848,-0.013199,0.759336,0.65032,-0.166108,0.269936,0.262132,0.497893,-0.130211,-0.105996,-0.085817,0.002904,-0.236083,0.372755,-0.243651,-0.040046,-0.05321,0.018264,0.042845,-0.690613,0.25836,-0.576076,-0.28834,-0.615327,0.079282,1.273433,-0.011821,0.036592,0.693506,-0.365361,0.58159,-0.078404,-1.0597
-1.311773,-0.327888,0.776914,0.0177,-0.013947,0.759443,0.650184,-0.169404,0.272778,0.259801,0.501793,-0.132221,-0.106073,-0.08763,0.004987,-0.23672,0.374709,-0.244517,-0.041344,-0.05425,0.015575,0.043288,-0.705405,0.260143,-0.543174,-0.324075,-0.508531,0.049884,1.186971,0.000795,0.031911,0.685346,-0.36481,0.59103,-0.074076,-1.033319
-1.311103,-0.328721,0.776738,0.017652,-0.014361,0.759812,0.649745,-0.170966,0.273689,0.257914,0.502183,-0.133284,-0.105035,-0.088346,0.006208,-0.238214,0.374836,-0.245054,-0.042288,-0.052718,0.014564,0.042803,-0.711333,0.264439,-0.516716,-0.353423,-0.410034,-0.002425,1.089081,0.007146,0.021968,0.673941,-0.366267,0.598756,-0.066461,-0.996796
-1.310491,-0.329521,0.776648,0.018052,-0.014772,0.760305,0.649147,-0.171703,0.273731,0.256256,0.502279,-0.133256,-0.103768,-0.088333,0.006529,-0.239776,0.375326,-0.245807,-0.043197,-0.048575,0.015677,0.042834,-0.708687,0.277906,-0.495885,-0.3735,-0.33408,-0.065657,1.008394,0.007193,0.005082,0.661925,-0.369298,0.594603,-0.060684,-0.957104
-1.310013,-0.330305,0.776606,0.018618,-0.014833,0.760886,0.648448,-0.170814,0.272125,0.255833,0.498924,-0.131328,-0.101577,-0.087291,0.00604,-0.241477,0.373541,-0.245539,-0.043309,-0.04239,0.019249,0.037399,-0.717817,0.327572,-0.470162,-0.386055,-0.272457,-0.105438,0.973531,-0.007461,-0.029567,0.63954,-0.377634,0.562078,-0.0651,-0.923634
-1.309447,-0.331319,0.7764,0.019348,-0.015138,0.762061,0.647039,-0.172095,0.270823,0.252989,0.498669,-0.130637,-0.099401,-0.086793,0.004876,-0.244436,0.374084,-0.246852,-0.042987,-0.03718,0.02551,0.030809,-0.748154,0.443637,-0.427921,-0.402793,-0.165302,-0.119076,0.974457,-0.045798,-0.093072,0.594992,-0.392433,0.477213,-0.083336,-0.893321
-1.308813,-0.332442,0.776072,0.019884,-0.015534,0.763972,0.644756,-0.175111,0.269078,0.247593,0.499527,-0.13153,-0.096855,-0.086961,0.003363,-0.249745,0.376024,-0.248919,-0.042442,-0.035695,0.032999,0.031895,-0.78067,0.589787,-0.376143,-0.432983,-0.062113,-0.076159,0.990966,-0.098658,-0.153455,0.539366,-0.404204,0.391526,-0.086502,-0.883189
-1.308203,-0.333368,0.775636,0.020408,-0.016027,0.766073,0.642229,-0.177868,0.266986,0.241091,0.500342,-0.132815,-0.096069,-0.085879,0.002114,-0.255711,0.376446,-0.25094,-0.041509,-0.035099,0.038818,0.035455,-0.798735,0.733627,-0.324096,-0.463456,-0.028647,0.028207,0.958951,-0.14599,-0.184919,0.491194,-0.411545,0.37281,-0.053515,-0.893956
-1.307795,-0.333995,0.775278,0.020414,-0.016213,0.767945,0.639985,-0.181127,0.265321,0.235557,0.501049,-0.133482,-0.097003,-0.085064,0.001316,-0.260875,0.375412,-0.252233,-0.040243,-0.034352,0.041539,0.037416,-0.794941,0.856406,-0.282593,-0.4951,-0.051085,0.167319,0.924681,-0.190961,-0.211178,0.449526,-0.417327,0.383622,-0.015441,-0.928431
-1.307555,-0.334503,0.775053,0.020345,-0.01605,0.769593,0.638008,-0.184906,0.263107,0.230212,0.502084,-0.132415,-0.097883,-0.08465,0.000131,-0.265352,0.373953,-0.253186,-0.039792,-0.03099,0.043404,0.038076,-0.77783,0.954013,-0.254124,-0.532239,-0.087125,0.271792,0.967242,-0.236535,-0.237468,0.409798,-0.414666,0.401062,0.013321,-0.985336
-1.307395,-0.335073,0.774956,0.020625,-0.015734,0.771042,0.636255,-0.188138,0.260386,0.226091,0.503083,-0.130491,-0.097618,-0.083759,-0.001788,-0.269034,0.372068,-0.254482,-0.038984,-0.024855,0.045853,0.038128,-0.754085,1.021927,-0.240027,-0.564839,-0.146429,0.314197,1.071758,-0.279904,-0.2591,0.376204,-0.399959,0.422231,0.030403,-1.060182
-1.307269,-0.335673,0.774757,0.021048,-0.015818,0.772281,0.634736,-0.190998,0.258499,0.22173,0.505512,-0.130819,-0.096928,-0.083233,-0.003306,-0.271832,0.372425,-0.25696,-0.037929,-0.018721,0.050147,0.039183,-0.731182,1.062375,-0.245351,-0.590531,-0.24873,0.312156,1.201599,-0.325585,-0.271627,0.353142,-0.372071,0.446689,0.037593,-1.14511
-1.307244,-0.336123,0.774715,0.021667,-0.015823,0.77371,0.632971,-0.191035,0.25509,0.218503,0.503228,-0.129618,-0.095226,-0.080711,-0.005145,-0.275335,0.369863,-0.257821,-0.036697,-0.011777,0.055468,0.038478,-0.717627,1.07258,-0.263651,-0.603188,-0.324188,0.294707,1.279964,-0.35651,-0.267779,0.339359,-0.341998,0.473618,0.038423,-1.21327
-1.307107,-0.33639,0.77468,0.022135,-0.016128,0.775348,0.63094,-0.191656,0.252713,0.214003,0.502095,-0.129158,-0.094436,-0.078381,-0.00641,-0.279494,0.368664,-0.258828,-0.035881,-0.005994,0.059449,0.039072,-0.710186,1.068552,-0.284756,-0.608456,-0.369443,0.288796,1.317376,-0.386385,-0.257264,0.336419,-0.316596,0.490431,0.033815,-1.260519
-1.306857,-0.336565,0.774704,0.022443,-0.016378,0.776828,0.629099,-0.192551,0.250817,0.209716,0.501246,-0.128886,-0.093376,-0.076825,-0.007446,-0.283822,0.368347,-0.259328,-0.036017,-0.001459,0.060305,0.041203,-0.698535,1.048238,-0.305756,-0.611879,-0.390276,0.291473,1.326661,-0.416789,-0.252011,0.336727,-0.299077,0.47162,0.024237,-1.274328
-1.306464,-0.336731,0.774621,0.022694,-0.016477,0.777918,0.62774,-0.192866,0.249286,0.206472,0.499753,-0.128713,-0.092193,-0.0766,-0.008421,-0.287433,0.369658,-0.259605,-0.036935,0.003574,0.060481,0.042131,-0.688674,1.027544,-0.313788,-0.618519,-0.360021,0.297845,1.306223,-0.445448,-0.248749,0.3326,-0.278909,0.434356,0.01306,-1.257286
-1.306091,-0.336886,0.774702,0.022934,-0.016217,0.77842,0.627115,-0.192461,0.247995,0.205194,0.497288,-0.128454,-0.092738,-0.078105,-0.009654,-0.288932,0.372612,-0.258985,-0.038785,0.010718,0.056107,0.043227,-0.648012,0.982402,-0.280123,-0.612371,-0.327939,0.300897,1.268111,-0.476814,-0.250153,0.30331,-0.234871,0.394925,0.002254,-1.215307
-1.306,-0.336967,0.774817,0.022747,-0.015758,0.77827,0.62732,-0.193523,0.248027,0.205809,0.497612,-0.12842,-0.093715,-0.082381,-0.01104,-0.288765,0.378655,-0.257913,-0.040183,0.016767,0.052029,0.044529,-0.563824,0.906931,-0.193588,-0.645934,-0.304921,0.276051,1.223815,-0.519186,-0.26529,0.241122,-0.130507,0.355226,-0.015993,-1.169792
-1.306037,-0.336952,0.775029,0.022227,-0.0157,0.778612,0.626915,-0.194354,0.24804,0.204889,0.49624,-0.127071,-0.093873,-0.08399,-0.011176,-0.289943,0.379841,-0.255468,-0.040991,0.020323,0.053562,0.039327,-0.510845,0.878876,-0.14833,-0.69004,-0.259233,0.251817,1.178734,-0.552394,-0.27222,0.179002,0.000266,0.377878,-0.017185,-1.152197
-1.305942,-0.336737,0.775384,0.022368,-0.015621,0.780099,0.62506,-0.193841,0.245197,0.201269,0.492133,-0.12381,-0.092003,-0.081728,-0.012331,-0.293698,0.376978,-0.252608,-0.040879,0.023557,0.057733,0.034037,-0.485263,0.869043,-0.180774,-0.692334,-0.229345,0.23861,1.131092,-0.572461,-0.272215,0.142996,0.073925,0.41606,-0.011493,-1.17014
-1.305567,-0.336351,0.775737,0.02237,-0.014588,0.782256,0.622384,-0.195942,0.240545,0.195855,0.48877,-0.11982,-0.089192,-0.079608,-0.014916,-0.299322,0.372369,-0.250371,-0.040162,0.031561,0.057089,0.037455,-0.459716,0.830786,-0.228405,-0.681247,-0.178433,0.212088,1.041099,-0.581313,-0.288987,0.133335,0.055447,0.39023,-0.029473,-1.194215
-1.305291,-0.335712,0.77613,0.021818,-0.013492,0.78402,0.620206,-0.198319,0.237012,0.1911,0.485644,-0.117114,-0.086947,-0.077615,-0.01644,-0.304203,0.366423,-0.248668,-0.038176,0.037206,0.054768,0.042135,-0.424336,0.767355,-0.259061,-0.678271,-0.135101,0.16564,0.923773,-0.57129,-0.309268,0.147052,0.001083,0.351301,-0.042174,-1.208713
-1.305254,-0.33522,0.77631,0.020865,-0.012871,0.784709,0.619379,-0.200632,0.236316,0.18893,0.484654,-0.115526,-0.087246,-0.07743,-0.016253,-0.306523,0.362603,-0.247226,-0.036755,0.037393,0.054184,0.040734,-0.393751,0.720527,-0.272349,-0.680928,-0.106472,0.109124,0.803173,-0.558231,-0.321315,0.167455,-0.028676,0.348061,-0.039144,-1.207717
-1.305031,-0.334874,0.776319,0.020034,-0.012344,0.784763,0.619349,-0.203022,0.236944,0.18819,0.485284,-0.113459,-0.088679,-0.078951,-0.015615,-0.306951,0.362016,-0.246792,-0.036841,0.038311,0.053274,0.0357,-0.376672,0.703024,-0.275848,-0.681027,-0.100884,0.068818,0.710174,-0.555575,-0.334241,0.175358,-0.021627,0.358475,-0.030784,-1.20007
-1.304555,-0.334788,0.776385,0.019822,-0.012137,0.784471,0.61973,-0.203907,0.237998,0.188248,0.48578,-0.111752,-0.089448,-0.080666,-0.014966,-0.306302,0.363853,-0.247165,-0.038747,0.042317,0.051162,0.02985,-0.378296,0.714695,-0.278618,-0.683444,-0.10392,0.063374,0.657417,-0.565887,-0.345834,0.168454,0.022778,0.376139,-0.020363,-1.192547
-1.304113,-0.334703,0.776324,0.020217,-0.012318,0.783797,0.620565,-0.202006,0.239385,0.190144,0.485532,-0.113027,-0.089275,-0.081742,-0.014329,-0.304408,0.367486,-0.248643,-0.041127,0.048133,0.045497,0.026386,-0.378661,0.723233,-0.278036,-0.697489,-0.113066,0.070222,0.649253,-0.587492,-0.361678,0.153858,0.098053,0.390525,-0.011768,-1.189121
-1.304123,-0.334349,0.776154,0.020593,-0.012724,0.782844,0.621747,-0.199464,0.241174,0.193031,0.486791,-0.116717,-0.089251,-0.082228,-0.013546,-0.301676,0.371294,-0.25067,-0.042332,0.051234,0.037179,0.027628,-0.356406,0.693436,-0.261356,-0.746939,-0.141407,0.059203,0.68968,-0.615014,-0.37636,0.1347,0.183422,0.405734,-0.005243,-1.190293
-1.304444,-0.333773,0.775899,0.020519,-0.013257,0.781885,0.622944,-0.199061,0.243841,0.195145,0.491574,-0.120067,-0.089815,-0.081705,-0.011877,-0.299008,0.372584,-0.252754,-0.041564,0.058483,0.031898,0.02896,-0.34277,0.665898,-0.183865,-0.811363,-0.123653,0.038029,0.755929,-0.623398,-0.393017,0.113297,0.234375,0.409953,-0.008707,-1.198823
-1.304538,-0.333341,0.775518,0.021272,-0.014546,0.782519,0.622093,-0.199464,0.245343,0.193519,0.498177,-0.121938,-0.091523,-0.07701,-0.01093,-0.300311,0.371851,-0.256191,-0.039908,0.0622,0.034506,0.028325,-0.333308,0.668553,-0.16946,-0.80312,-0.124365,0.046283,0.805656,-0.620411,-0.398312,0.111031,0.246966,0.414603,-0.014792,-1.222182
-1.304337,-0.332732,0.775251,0.022369,-0.015905,0.784837,0.619094,-0.201502,0.244242,0.185666,0.50474,-0.121797,-0.091154,-0.069201,-0.011,-0.306733,0.368501,-0.259295,-0.037185,0.064211,0.036739,0.028386,-0.344653,0.689103,-0.212868,-0.771921,-0.145226,0.070923,0.831359,-0.603489,-0.40971,0.131805,0.221898,0.400802,-0.025141,-1.241203
-1.303963,-0.331887,0.775093,0.022665,-0.016721,0.786564,0.616866,-0.201989,0.24354,0.179083,0.506369,-0.122555,-0.090324,-0.062994,-0.009984,-0.312436,0.363593,-0.259841,-0.03549,0.063702,0.037247,0.027247,-0.364228,0.707543,-0.245953,-0.756067,-0.155792,0.090986,0.839365,-0.588329,-0.428255,0.152071,0.191789,0.371478,-0.034352,-1.243601
-1.303994,-0.331054,0.775295,0.021837,-0.016336,0.786536,0.616942,-0.198268,0.243248,0.179945,0.4981,-0.123973,-0.091594,-0.061951,-0.008745,-0.313211,0.359706,-0.25762,-0.036149,0.0591,0.038618,0.022938,-0.366642,0.714028,-0.244853,-0.759705,-0.15176,0.094512,0.831673,-0.596675,-0.431429,0.140273,0.197534,0.367946,-0.031405,-1.238264
-1.3042,-0.331002,0.775274,0.021459,-0.015992,0.785266,0.61858,-0.197215,0.244474,0.182665,0.497553,-0.126595,-0.093455,-0.066431,-0.008925,-0.30929,0.365245,-0.258265,-0.038061,0.054215,0.038784,0.022923,-0.364369,0.70798,-0.240074,-0.774671,-0.152758,0.097434,0.816701,-0.620452,-0.406486,0.104482,0.229753,0.394331,-0.022089,-1.23443
-1.304376,-0.331304,0.775499,0.021337,-0.015021,0.784764,0.619245,-0.195297,0.242636,0.186066,0.491936,-0.122915,-0.093999,-0.069015,-0.010311,-0.307658,0.365829,-0.256725,-0.040262,0.052595,0.039678,0.02512,-0.372518,0.690744,-0.247837,-0.799008,-0.155419,0.092719,0.80793,-0.628807,-0.38608,0.086107,0.224236,0.423109,-0.020152,-1.242799
-1.304545,-0.331784,0.775487,0.021724,-0.014239,0.784798,0.619207,-0.1985,0.241219,0.187028,0.495678,-0.121083,-0.093466,-0.072699,-0.013448,-0.306602,0.371314,-0.258751,-0.040538,0.060091,0.037371,0.034517,-0.394025,0.682746,-0.262679,-0.817245,-0.141879,0.081889,0.794899,-0.605065,-0.404574,0.106905,0.151822,0.39237,-0.033746,-1.257943
-1.30503,-0.331857,0.775711,0.021576,-0.01365,0.785233,0.618673,-0.200371,0.239109,0.186298,0.495806,-0.119716,-0.090728,-0.072637,-0.015109,-0.307233,0.369487,-0.258488,-0.038723,0.062886,0.039546,0.03473,-0.400593,0.683264,-0.27473,-0.806367,-0.139995,0.078695,0.784099,-0.575632,-0.429951,0.134546,0.082865,0.363057,-0.038655,-1.257624
-1.305701,-0.331583,0.775938,0.021034,-0.013387,0.784931,0.619082,-0.197897,0.238188,0.188144,0.490822,-0.119999,-0.088941,-0.070916,-0.01472,-0.307033,0.364102,-0.256206,-0.036315,0.056365,0.044393,0.027736,-0.39345,0.687215,-0.283567,-0.792191,-0.153217,0.082096,0.780209,-0.574457,-0.4342,0.135149,0.075861,0.369266,-0.030551,-1.245219
-1.306081,-0.331398,0.77575,0.020906,-0.013954,0.783441,0.620958,-0.197544,0.241524,0.19087,0.495796,-0.123741,-0.0909,-0.072874,-0.01351,-0.303053,0.368513,-0.256706,-0.036307,0.048898,0.046933,0.023819,-0.395215,0.697288,-0.283364,-0.798126,-0.156025,0.077867,0.775251,-0.592316,-0.416736,0.110217,0.117607,0.4,-0.015067,-1.235854
-1.306214,-0.331322,0.775628,0.021271,-0.014311,0.781967,0.622792,-0.195941,0.244019,0.195062,0.498976,-0.124029,-0.093358,-0.074715,-0.012944,-0.299005,0.373402,-0.256765,-0.038651,0.046313,0.04569,0.02388,-0.402673,0.706903,-0.27532,-0.823924,-0.149572,0.070638,0.768424,-0.607927,-0.404868,0.090286,0.163337,0.436627,-0.004386,-1.236702
-1.306403,-0.331087,0.77578,0.021827,-0.01414,0.781094,0.623872,-0.192859,0.243649,0.19831,0.497102,-0.120861,-0.09234,-0.074188,-0.013264,-0.296493,0.373673,-0.255491,-0.041199,0.047767,0.042936,0.023788,-0.407398,0.71218,-0.262224,-0.845976,-0.143962,0.064977,0.762946,-0.606081,-0.416883,0.09408,0.174565,0.43936,-0.005542,-1.246132
-1.306771,-0.330636,0.775919,0.022505,-0.014131,0.780606,0.624459,-0.189656,0.24289,0.200721,0.495991,-0.120704,-0.090695,-0.073086,-0.014207,-0.294545,0.374908,-0.256276,-0.041869,0.050012,0.04201,0.021195,-0.404203,0.712093,-0.247469,-0.848609,-0.140964,0.066538,0.753248,-0.5978,-0.430964,0.103977,0.163617,0.421929,-0.011956,-1.257453
-1.307306,-0.3299,0.775959,0.023228,-0.014226,0.780405,0.62468,-0.185821,0.241652,0.202243,0.49459,-0.12254,-0.089408,-0.07068,-0.015416,-0.293512,0.375444,-0.258201,-0.040584,0.049155,0.042935,0.014033,-0.397198,0.712092,-0.238953,-0.833362,-0.14095,0.074536,0.737248,-0.59372,-0.435888,0.10601,0.160465,0.40955,-0.012459,-1.265296
-1.307742,-0.329021,0.775886,0.023984,-0.014796,0.780242,0.624842,-0.182082,0.241648,0.203116,0.495341,-0.125107,-0.090305,-0.067659,-0.015823,-0.292904,0.376692,-0.260423,-0.039688,0.045462,0.042644,0.006529,-0.395794,0.715021,-0.240662,-0.816331,-0.147375,0.087241,0.719277,-0.59658,-0.436943,0.102132,0.181328,0.414646,-0.006575,-1.267311
-1.307849,-0.328189,0.775498,0.024957,-0.016158,0.780015,0.625054,-0.181558,0.244376,0.201934,0.504478,-0.128443,-0.093274,-0.065301,-0.015169,-0.291995,0.382115,-0.264383,-0.039813,0.043052,0.040429,0.002909,-0.405484,0.728362,-0.241901,-0.802633,-0.14115,0.094661,0.69231,-0.603943,-0.432916,0.091198,0.218255,0.444357,0.001044,-1.264816
-1.307837,-0.327303,0.775434,0.025558,-0.016963,0.780133,0.624861,-0.17934,0.245258,0.201221,0.506239,-0.126844,-0.094887,-0.060132,-0.013795,-0.292691,0.379068,-0.264783,-0.039641,0.042051,0.03882,-0.000346,-0.40742,0.748621,-0.238566,-0.791594,-0.123984,0.094881,0.665268,-0.605575,-0.436777,0.083015,0.241539,0.469087,0.006029,-1.263491
-1.307601,-0.32646,0.775323,0.026056,-0.017903,0.78013,0.624818,-0.178242,0.247164,0.199615,0.509829,-0.127628,-0.095259,-0.055039,-0.011496,-0.292736,0.375607,-0.26564,-0.038848,0.040848,0.035816,0.0002,-0.399294,0.762332,-0.238984,-0.774045,-0.113988,0.095722,0.640601,-0.60079,-0.444316,0.080849,0.241542,0.465454,0.001194,-1.263147
-1.307346,-0.325684,0.775215,0.026151,-0.018716,0.780064,0.624873,-0.176282,0.249306,0.199162,0.51047,-0.130815,-0.094702,-0.050824,-0.008846,-0.292651,0.371757,-0.266111,-0.037654,0.03947,0.034641,0.001871,-0.382616,0.765831,-0.246183,-0.754398,-0.113418,0.095695,0.62106,-0.586803,-0.44472,0.082495,0.222282,0.449637,-0.007003,-1.261857
-1.307014,-0.324995,0.775046,0.026132,-0.0191,0.779607,0.625432,-0.173498,0.25114,0.200361,0.509277,-0.135278,-0.093926,-0.048411,-0.006532,-0.291415,0.369175,-0.26666,-0.037297,0.037233,0.035094,0.003913,-0.363046,0.762857,-0.256138,-0.734788,-0.117596,0.100031,0.602326,-0.566032,-0.4358,0.087968,0.193076,0.43732,-0.013771,-1.255178
-1.30665,-0.324586,0.774703,0.026144,-0.01967,0.778708,0.626533,-0.172659,0.254429,0.201787,0.51289,-0.141444,-0.094222,-0.049429,-0.004529,-0.288636,0.372985,-0.268962,-0.037911,0.033435,0.035035,0.007934,-0.346386,0.752907,-0.267162,-0.711188,-0.12051,0.105899,0.575742,-0.53235,-0.422277,0.099293,0.150785,0.41721,-0.020927,-1.240099
-1.306394,-0.324496,0.774525,0.025749,-0.019289,0.777823,0.62766,-0.172447,0.255712,0.204273,0.512925,-0.144193,-0.093878,-0.052428,-0.003742,-0.286111,0.375717,-0.26986,-0.039059,0.029572,0.034578,0.013101,-0.332773,0.743011,-0.28124,-0.692074,-0.116958,0.101528,0.545941,-0.499222,-0.42081,0.114045,0.11363,0.389221,-0.031887,-1.20324
-1.30624,-0.324847,0.77438,0.025096,-0.018608,0.776745,0.62904,-0.173999,0.256924,0.207492,0.513715,-0.145502,-0.093538,-0.057598,-0.003439,-0.28296,0.379662,-0.270261,-0.040477,0.024995,0.034135,0.021367,-0.320849,0.742016,-0.293915,-0.678313,-0.108442,0.0956,0.514914,-0.459522,-0.430185,0.13296,0.07089,0.35636,-0.049486,-1.141956
-1.306167,-0.325644,0.774318,0.02421,-0.017644,0.775418,0.630737,-0.176831,0.258083,0.211336,0.514512,-0.145237,-0.093807,-0.064793,-0.003436,-0.2792,0.384345,-0.269859,-0.042199,0.020649,0.034718,0.031173,-0.311515,0.75431,-0.299814,-0.666066,-0.093618,0.098088,0.480312,-0.409893,-0.442659,0.146471,0.024754,0.332537,-0.067819,-1.073965
-1.306224,-0.326768,0.774282,0.023073,-0.016233,0.773976,0.632587,-0.180741,0.258354,0.215072,0.514491,-0.144768,-0.092683,-0.073418,-0.003909,-0.274804,0.388626,-0.269044,-0.043916,0.016382,0.035699,0.041156,-0.305496,0.7831,-0.297361,-0.650917,-0.074,0.135569,0.430568,-0.346441,-0.454838,0.151036,-0.020197,0.31826,-0.082182,-1.014867
-1.306418,-0.328206,0.774399,0.021725,-0.014445,0.77264,0.634308,-0.185786,0.257385,0.21779,0.51388,-0.143326,-0.089161,-0.082465,-0.004715,-0.270075,0.390918,-0.266933,-0.044849,0.011298,0.035467,0.050559,-0.303404,0.817716,-0.29199,-0.625557,-0.052642,0.22753,0.353946,-0.267414,-0.470086,0.147651,-0.061805,0.299465,-0.093598,-0.975884
-1.306948,-0.329783,0.774601,0.020205,-0.01241,0.771404,0.635904,-0.19188,0.255265,0.219572,0.513445,-0.141119,-0.085259,-0.09088,-0.00576,-0.264819,0.390273,-0.263367,-0.044817,0.005199,0.033151,0.059743,-0.299769,0.847675,-0.29743,-0.58849,-0.012089,0.345758,0.235133,-0.171399,-0.49285,0.141685,-0.099005,0.261755,-0.104946,-0.95858
-1.308009,-0.331353,0.775013,0.018073,-0.009813,0.7689,0.639039,-0.19712,0.251919,0.219902,0.510643,-0.138726,-0.08403,-0.099972,-0.006003,-0.256355,0.385813,-0.257333,-0.043719,0.001861,0.028904,0.068932,-0.279647,0.867875,-0.316215,-0.549174,0.062656,0.412235,0.081245,-0.059611,-0.527693,0.139207,-0.130283,0.20194,-0.114873,-0.956018
-1.309539,-0.332808,0.775588,0.016791,-0.00759,0.763379,0.645688,-0.19702,0.244361,0.206682,0.505253,-0.137183,-0.089399,-0.108086,-0.004617,-0.24039,0.381017,-0.249209,-0.042976,-0.000236,0.025703,0.081678,-0.236187,0.877408,-0.338472,-0.502524,0.115956,0.415225,-0.009101,0.049025,-0.554634,0.152578,-0.148204,0.159204,-0.116093,-0.954502
-1.311523,-0.334047,0.776464,0.016564,-0.004689,0.753067,0.657719,-0.191615,0.226248,0.167482,0.496978,-0.134593,-0.096298,-0.117447,-0.001881,-0.210973,0.376421,-0.238823,-0.042281,0.002795,0.022178,0.090331,-0.180374,0.889977,-0.357813,-0.430123,0.173076,0.418631,-0.090049,0.155817,-0.583229,0.182553,-0.1469,0.138885,-0.101043,-0.928499
-1.313842,-0.334961,0.777398,0.016721,-0.001029,0.738033,0.674556,-0.181154,0.194549,0.094197,0.484179,-0.134033,-0.102484,-0.131998,0.002711,-0.169231,0.378087,-0.227863,-0.042595,0.009994,0.019121,0.095431,-0.118694,0.890295,-0.370679,-0.330944,0.238588,0.424643,-0.186034,0.236202,-0.619866,0.216542,-0.124341,0.132331,-0.073999,-0.859532
-1.317185,-0.336077,0.777838,0.017532,0.000586,0.719339,0.694438,-0.16893,0.152606,-0.015379,0.482399,-0.137482,-0.124387,-0.149154,0.011735,-0.119633,0.390351,-0.217995,-0.045737,0.017985,0.014844,0.102045,-0.053724,0.873542,-0.380961,-0.209647,0.289469,0.41685,-0.273064,0.276678,-0.664999,0.257007,-0.074235,0.118616,-0.036576,-0.732926
-1.321212,-0.337469,0.777231,0.018265,-0.001926,0.698872,0.715011,-0.158405,0.113506,-0.11691,0.509293,-0.155787,-0.163496,-0.16636,0.029165,-0.068495,0.414375,-0.212226,-0.049888,0.022411,0.010703,0.111614,-0.000829,0.846551,-0.39955,-0.066399,0.320949,0.410476,-0.32938,0.269973,-0.709443,0.317645,0.01007,0.089405,0.030042,-0.539494
-1.325854,-0.338677,0.777006,0.018445,-0.004728,0.679418,0.733504,-0.149768,0.078603,-0.1711,0.55464,-0.178634,-0.182354,-0.180007,0.046811,-0.021524,0.432404,-0.203446,-0.051652,0.023918,0.006266,0.118171,0.034101,0.812627,-0.431556,0.09184,0.331982,0.40674,-0.349124,0.241731,-0.739702,0.389825,0.113945,0.040446,0.118653,-0.307769
-1.331032,-0.340039,0.777417,0.017867,-0.005756,0.664471,0.747078,-0.141705,0.054671,-0.184839,0.596129,-0.198245,-0.173902,-0.188301,0.057588,0.013491,0.434119,-0.192265,-0.049803,0.020622,0.001601,0.118984,0.045868,0.770207,-0.480639,0.273404,0.321061,0.392691,-0.336073,0.212809,-0.739639,0.458037,0.228555,-0.016401,0.2042,-0.06842
-1.337315,-0.341707,0.778492,0.017517,-0.004391,0.654096,0.756196,-0.135785,0.039621,-0.179766,0.624348,-0.198884,-0.162199,-0.192658,0.057582,0.039729,0.422112,-0.179946,-0.039787,0.01295,-0.005395,0.116581,0.046414,0.711747,-0.525539,0.471456,0.290039,0.366412,-0.296674,0.195592,-0.703596,0.499321,0.355628,-0.061426,0.249621,0.150663
-1.344799,-0.343748,0.779053,0.013263,-0.003575,0.648525,0.761069,-0.12277,0.04248,-0.165143,0.611836,-0.216851,-0.139806,-0.197496,0.057813,0.05384,0.401893,-0.165825,-0.022604,-0.001559,-0.006387,0.110982,0.048519,0.634442,-0.546,0.682619,0.237225,0.331444,-0.23395,0.185244,-0.641906,0.507696,0.499067,-0.079249,0.26626,0.327161
-1.353616,-0.346335,0.778522,0.005486,-0.00647,0.646329,0.763011,-0.106613,0.063148,-0.134559,0.567954,-0.234417,-0.116689,-0.200425,0.063537,0.055577,0.379738,-0.150211,-0.006997,-0.018087,0.001941,0.106358,0.055313,0.542577,-0.523141,0.893154,0.163956,0.30025,-0.154694,0.172858,-0.573848,0.48812,0.652407,-0.087225,0.289205,0.453592
-1.363322,-0.349336,0.778227,-0.000494,-0.009793,0.64579,0.763452,-0.090522,0.072985,-0.114035,0.523784,-0.26295,-0.092258,-0.202695,0.064221,0.054887,0.362681,-0.134568,0.00308,-0.031988,0.006995,0.103878,0.058145,0.456678,-0.466702,1.075081,0.083287,0.288989,-0.06723,0.159194,-0.505473,0.435247,0.799229,-0.094675,0.329378,0.523526
-1.374116,-0.352973,0.778236,-0.005071,-0.012342,0.647196,0.762207,-0.072746,0.07308,-0.106508,0.475556,-0.288646,-0.070926,-0.207317,0.058584,0.052283,0.350605,-0.117878,0.007703,-0.038418,0.00873,0.099842,0.059441,0.400089,-0.416319,1.17406,0.022257,0.289281,0.011341,0.157552,-0.443913,0.351208,0.910822,-0.089809,0.383006,0.531726
-1.385948,-0.357159,0.778695,-0.0079,-0.014163,0.650321,0.759487,-0.059858,0.06699,-0.102121,0.435303,-0.304325,-0.047511,-0.211541,0.046365,0.048946,0.339914,-0.100226,0.01049,-0.038865,0.00761,0.099666,0.063646,0.372972,-0.413412,1.191216,-0.000359,0.267975,0.066548,0.16495,-0.391585,0.259107,0.983413,-0.058407,0.429379,0.493774
-1.398599,-0.361933,0.779394,-0.009856,-0.015465,0.655981,0.754554,-0.064834,0.052042,-0.105704,0.424829,-0.305609,-0.026356,-0.21717,0.028974,0.04213,0.33292,-0.080615,0.008842,-0.032514,0.008296,0.109331,0.088229,0.407354,-0.48273,1.043001,0.055682,0.233611,0.024411,0.205589,-0.375256,0.232811,0.944593,0.013249,0.418166,0.382351
-1.41128,-0.367062,0.780172,-0.01117,-0.015194,0.65992,0.751099,-0.075188,0.031223,-0.111826,0.41941,-0.295911,-0.007895,-0.22536,0.010086,0.040054,0.325236,-0.057079,0.011045,-0.024976,0.007086,0.114417,0.107464,0.44848,-0.532785,0.911053,0.099883,0.223091,-0.033939,0.242645,-0.369843,0.245339,0.892535,0.081512,0.389732,0.265335
-1.425282,-0.373025,0.781014,-0.011181,-0.014594,0.662701,0.748658,-0.08557,0.008389,-0.112194,0.412936,-0.279168,0.002398,-0.231594,-0.012015,0.042826,0.312285,-0.030295,0.020539,-0.022861,0.00304,0.115954,0.119644,0.463721,-0.540071,0.840654,0.110793,0.240667,-0.079589,0.253977,-0.380917,0.284827,0.856618,0.111085,0.348363,0.181154
-1.438979,-0.379161,0.781826,-0.010328,-0.013445,0.664405,0.74718,-0.092308,-0.013251,-0.108556,0.400207,-0.260474,0.008671,-0.236694,-0.034406,0.050348,0.296463,-0.004577,0.032071,-0.025064,-0.004749,0.113771,0.130272,0.462094,-0.52906,0.809334,0.103994,0.283435,-0.108822,0.238705,-0.394855,0.324134,0.8519,0.114413,0.324878,0.112667
-1.451675,-0.385351,0.782303,-0.008405,-0.013326,0.665332,0.746382,-0.094434,-0.033917,-0.104543,0.385825,-0.241875,0.017606,-0.239158,-0.054784,0.058828,0.282852,0.013907,0.040458,-0.02695,-0.012163,0.112631,0.131433,0.456207,-0.526654,0.806568,0.093176,0.313833,-0.131112,0.209773,-0.40187,0.34915,0.868134,0.111279,0.325917,0.051272
-1.463314,-0.39082,0.782219,-0.005539,-0.014399,0.666105,0.745698,-0.092313,-0.05349,-0.100746,0.372461,-0.225576,0.025139,-0.240066,-0.07338,0.065786,0.277606,0.016828,0.044546,-0.028904,-0.019068,0.114023,0.125453,0.453781,-0.534826,0.817235,0.086267,0.330683,-0.152553,0.180379,-0.402193,0.3635,0.886464,0.108924,0.323764,0.002526
