0.28469,-3.203017,0.77612,0.020585,-0.021918,-0.141947,0.989418,-0.160825,0.240767,0.139384,0.363347,0.023797,-0.132517,-0.054838,0.018764,-0.139078,0.359399,-0.26009,-0.051448,-0.020516,-0.02563,-0.07341,-0.107194,0.450988,-0.708319,-0.079711,-0.137339,0.302891,-0.207474,-0.726196,-1.183217,-0.089551,0.060282,-0.024962,-0.064054,-0.692741
0.284361,-3.203866,0.776153,0.021189,-0.023118,-0.146969,0.988644,-0.164008,0.246302,0.148219,0.378628,0.03059,-0.137418,-0.05869,0.020337,-0.13093,0.369794,-0.261508,-0.056108,-0.025395,-0.025764,-0.067403,-0.153157,0.412313,-0.752927,-0.097902,-0.184237,0.282795,-0.181334,-0.733188,-1.161051,-0.078815,0.046796,-0.026167,-0.073729,-0.701551
0.284113,-3.2042,0.776229,0.021889,-0.024622,-0.151638,0.987887,-0.167956,0.250148,0.153428,0.39536,0.037929,-0.143039,-0.060911,0.020832,-0.123244,0.377882,-0.262504,-0.060018,-0.030069,-0.024714,-0.060058,-0.186067,0.365112,-0.792065,-0.107108,-0.227946,0.272177,-0.175604,-0.742681,-1.139912,-0.068826,0.034115,-0.025304,-0.079866,-0.715529
0.283824,-3.204202,0.77639,0.022789,-0.026161,-0.155554,0.987218,-0.174562,0.252133,0.154833,0.414201,0.047619,-0.147984,-0.063206,0.020325,-0.115924,0.386033,-0.262414,-0.062676,-0.034936,-0.023348,-0.052402,-0.213054,0.318958,-0.824328,-0.1113,-0.260948,0.273119,-0.185722,-0.753057,-1.120571,-0.060936,0.021727,-0.024118,-0.082772,-0.730465
0.283429,-3.204064,0.776764,0.023409,-0.02742,-0.158354,0.986724,-0.182968,0.252691,0.153744,0.433763,0.052916,-0.145269,-0.065518,0.019503,-0.110881,0.393272,-0.261781,-0.065442,-0.040865,-0.021433,-0.045171,-0.236143,0.276142,-0.84769,-0.11315,-0.285395,0.276571,-0.202715,-0.762788,-1.103939,-0.05514,0.007598,-0.022626,-0.080412,-0.744725
0.283573,-3.203414,0.776997,0.023969,-0.028306,-0.160151,0.986395,-0.190815,0.248381,0.148402,0.452177,0.039862,-0.127452,-0.0674,0.017451,-0.107672,0.399353,-0.26197,-0.066557,-0.047211,-0.018969,-0.040164,-0.255053,0.235239,-0.861942,-0.112818,-0.305977,0.278638,-0.218185,-0.77433,-1.093382,-0.048728,-0.006076,-0.019921,-0.071577,-0.754684
0.28425,-3.202483,0.776986,0.02461,-0.028833,-0.161456,0.986152,-0.196272,0.239358,0.136431,0.462552,0.010426,-0.105939,-0.06889,0.01447,-0.105212,0.405043,-0.264578,-0.065953,-0.054,-0.016174,-0.03778,-0.271046,0.198016,-0.868021,-0.110844,-0.326112,0.281325,-0.223255,-0.787977,-1.087368,-0.040929,-0.019297,-0.015001,-0.056966,-0.756569
0.285487,-3.201651,0.776904,0.024669,-0.029331,-0.161407,0.986143,-0.198557,0.236996,0.135659,0.457337,-0.016989,-0.10671,-0.069154,0.0121,-0.104906,0.410977,-0.267755,-0.065105,-0.062026,-0.013685,-0.036452,-0.280929,0.163701,-0.868313,-0.110558,-0.3474,0.28848,-0.207712,-0.798846,-1.08381,-0.034026,-0.033277,-0.013092,-0.040804,-0.751135
0.287184,-3.201106,0.777062,0.024913,-0.029957,-0.161463,0.986109,-0.19727,0.239227,0.141708,0.436536,-0.032154,-0.10422,-0.066959,0.0095,-0.104683,0.413724,-0.269546,-0.063888,-0.068435,-0.014473,-0.036032,-0.287649,0.137036,-0.866207,-0.114844,-0.368179,0.316548,-0.160766,-0.804515,-1.078954,-0.030611,-0.049243,-0.013512,-0.023489,-0.741282
0.288976,-3.200697,0.777392,0.025182,-0.030581,-0.160502,0.98624,-0.194622,0.245091,0.152311,0.406933,-0.035957,-0.097423,-0.063752,0.006347,-0.105958,0.414961,-0.270153,-0.061635,-0.074865,-0.018982,-0.035833,-0.297241,0.115021,-0.86816,-0.118619,-0.399786,0.339332,-0.079717,-0.806161,-1.072137,-0.032389,-0.067024,-0.016111,-0.005303,-0.730543
0.290825,-3.200033,0.777488,0.025446,-0.03143,-0.159457,0.986376,-0.193599,0.251875,0.162603,0.378345,-0.03233,-0.089047,-0.060197,0.001755,-0.109172,0.416976,-0.273439,-0.05473,-0.078983,-0.025459,-0.034492,-0.306365,0.093412,-0.874317,-0.119586,-0.444231,0.337961,0.018996,-0.807137,-1.066557,-0.035943,-0.085007,-0.020467,0.011911,-0.71882
0.292839,-3.199119,0.777426,0.025336,-0.032196,-0.157963,0.986595,-0.192469,0.258991,0.170748,0.349257,-0.031689,-0.081115,-0.058126,-0.002054,-0.111405,0.42243,-0.274723,-0.049067,-0.080749,-0.032517,-0.032567,-0.315882,0.073745,-0.881985,-0.119493,-0.490417,0.32271,0.116097,-0.806568,-1.060965,-0.040521,-0.104132,-0.025351,0.026346,-0.708368
0.29482,-3.197903,0.777512,0.025074,-0.03252,-0.156398,0.98684,-0.191953,0.266464,0.179592,0.322706,-0.033914,-0.069732,-0.05764,-0.005615,-0.113567,0.428261,-0.275717,-0.046276,-0.081874,-0.04016,-0.030816,-0.329454,0.060352,-0.887184,-0.12052,-0.524421,0.303564,0.200785,-0.805096,-1.05332,-0.045695,-0.125481,-0.030812,0.03925,-0.701477
0.297109,-3.196185,0.777528,0.025383,-0.032611,-0.154512,0.987126,-0.190878,0.273392,0.193848,0.302538,-0.043537,-0.052998,-0.058549,-0.011629,-0.116691,0.436082,-0.278002,-0.045023,-0.083666,-0.049546,-0.029755,-0.342731,0.051594,-0.891473,-0.123627,-0.5447,0.283268,0.262199,-0.802884,-1.043566,-0.050047,-0.148531,-0.037506,0.050591,-0.697343
0.299673,-3.193865,0.777599,0.025548,-0.032429,-0.15262,0.987422,-0.18879,0.280105,0.212588,0.290383,-0.04734,-0.040949,-0.06015,-0.017762,-0.118282,0.444343,-0.280227,-0.043692,-0.086215,-0.059405,-0.02922,-0.34976,0.041561,-0.890971,-0.129627,-0.555375,0.269375,0.296981,-0.80058,-1.031398,-0.05378,-0.172779,-0.045394,0.061106,-0.694822
0.302611,-3.190776,0.777625,0.024727,-0.031822,-0.150944,0.98772,-0.185016,0.286405,0.232152,0.288115,-0.047705,-0.03742,-0.060985,-0.022897,-0.120233,0.450431,-0.283029,-0.040318,-0.088816,-0.067543,-0.029522,-0.355322,0.033943,-0.887551,-0.139529,-0.555933,0.258291,0.309984,-0.796688,-1.01997,-0.056108,-0.197287,-0.05444,0.072306,-0.69262
0.305846,-3.18693,0.776792,0.021929,-0.030332,-0.150724,0.987867,-0.177494,0.291257,0.241766,0.294666,-0.047393,-0.043121,-0.061677,-0.023692,-0.120969,0.453668,-0.287129,-0.03299,-0.08856,-0.071108,-0.031032,-0.361488,0.029675,-0.879863,-0.153136,-0.546144,0.245861,0.30463,-0.790399,-1.009371,-0.060545,-0.222972,-0.06241,0.086106,-0.689832
0.310033,-3.182196,0.776197,0.017857,-0.028237,-0.150787,0.988002,-0.16746,0.294068,0.252539,0.311692,-0.050391,-0.046901,-0.059995,-0.022299,-0.121057,0.451513,-0.287812,-0.026414,-0.087228,-0.070378,-0.034114,-0.364694,0.026554,-0.873991,-0.165845,-0.532814,0.23751,0.290999,-0.780217,-0.999056,-0.06883,-0.251472,-0.069614,0.103529,-0.686238
0.314697,-3.176263,0.775399,0.012333,-0.024955,-0.147421,0.988682,-0.15508,0.304672,0.285013,0.318688,-0.082664,-0.046649,-0.058167,-0.020788,-0.127299,0.446994,-0.288062,-0.018644,-0.090856,-0.065358,-0.038582,-0.365857,0.024406,-0.871804,-0.177277,-0.52095,0.235456,0.276391,-0.768343,-0.985854,-0.081826,-0.282988,-0.075081,0.123043,-0.682671
0.320057,-3.169316,0.775456,0.008905,-0.023512,-0.148346,0.988616,-0.148437,0.31506,0.298044,0.317848,-0.072553,-0.085234,-0.053189,-0.024192,-0.124027,0.44118,-0.286856,-0.009595,-0.086424,-0.064419,-0.041428,-0.366395,0.025933,-0.870855,-0.189242,-0.506008,0.237797,0.260577,-0.750797,-0.970347,-0.100262,-0.324089,-0.084912,0.14653,-0.674667
0.326051,-3.161166,0.775338,0.003789,-0.020999,-0.149375,0.98855,-0.141415,0.315337,0.296652,0.303895,-0.055067,-0.122008,-0.048038,-0.024877,-0.120901,0.431307,-0.282165,0.000569,-0.084661,-0.0598,-0.046538,-0.37447,0.035622,-0.868209,-0.200701,-0.491194,0.242074,0.24611,-0.735008,-0.95751,-0.12043,-0.362604,-0.096922,0.165922,-0.664324
0.332057,-3.151993,0.775609,-0.001229,-0.019001,-0.147693,0.98885,-0.14223,0.313638,0.293761,0.301884,-0.043553,-0.13669,-0.040328,-0.028806,-0.123013,0.419221,-0.275249,0.009847,-0.087529,-0.056403,-0.047936,-0.386781,0.04683,-0.863689,-0.210201,-0.47457,0.248634,0.230861,-0.719208,-0.946186,-0.142178,-0.3974,-0.113781,0.183048,-0.652651
0.337973,-3.141837,0.776417,-0.005253,-0.017977,-0.144698,0.989299,-0.149887,0.307413,0.288132,0.317269,-0.046598,-0.131429,-0.030819,-0.037153,-0.126886,0.406452,-0.264805,0.018773,-0.09129,-0.055921,-0.046138,-0.400582,0.057351,-0.856785,-0.217233,-0.458238,0.252917,0.219699,-0.704182,-0.934215,-0.162697,-0.427881,-0.131056,0.199646,-0.640005
0.344107,-3.13091,0.777184,-0.007941,-0.017403,-0.142622,0.989592,-0.159912,0.297835,0.283253,0.342588,-0.062208,-0.119362,-0.020783,-0.049777,-0.128981,0.393557,-0.256046,0.030653,-0.092096,-0.057921,-0.043621,-0.410055,0.062913,-0.848882,-0.222937,-0.447343,0.25758,0.211829,-0.690126,-0.921541,-0.17896,-0.452727,-0.148022,0.215989,-0.62658
0.350755,-3.11964,0.777352,-0.010169,-0.016996,-0.141858,0.989689,-0.167356,0.288144,0.282831,0.3697,-0.085151,-0.112657,-0.011163,-0.063306,-0.127183,0.382777,-0.250143,0.043913,-0.089915,-0.060017,-0.043417,-0.415278,0.064868,-0.84034,-0.227869,-0.44202,0.260993,0.205182,-0.677751,-0.912898,-0.192183,-0.471441,-0.169384,0.228584,-0.614084
0.357799,-3.108724,0.777289,-0.012238,-0.01672,-0.141316,0.989748,-0.173528,0.278276,0.282216,0.397499,-0.108959,-0.105515,-0.000478,-0.076622,-0.124905,0.371728,-0.244104,0.055894,-0.085144,-0.063206,-0.044579,-0.418528,0.06806,-0.833532,-0.233075,-0.438677,0.262256,0.200167,-0.663854,-0.908735,-0.204691,-0.485042,-0.192458,0.240878,-0.603359
0.364794,-3.098122,0.776986,-0.014922,-0.016466,-0.139889,0.989918,-0.179622,0.269587,0.281546,0.423928,-0.134621,-0.098059,0.009749,-0.088946,-0.125394,0.362337,-0.236795,0.068124,-0.08006,-0.066681,-0.045592,-0.420935,0.073429,-0.830538,-0.236962,-0.436926,0.26338,0.199901,-0.652701,-0.905997,-0.211726,-0.495372,-0.208119,0.253899,-0.596085
0.371546,-3.087693,0.776527,-0.018008,-0.015933,-0.138784,0.990031,-0.184369,0.262276,0.282092,0.446681,-0.158405,-0.096357,0.016852,-0.100251,-0.127741,0.357051,-0.228482,0.077641,-0.074281,-0.070079,-0.046162,-0.420452,0.082422,-0.830106,-0.240086,-0.434479,0.265835,0.198043,-0.648359,-0.906169,-0.21203,-0.505736,-0.219224,0.262175,-0.592585
0.377872,-3.077365,0.775792,-0.021188,-0.015401,-0.137346,0.990177,-0.18835,0.254782,0.282258,0.466508,-0.182393,-0.092063,0.020933,-0.110972,-0.129347,0.356837,-0.220218,0.085678,-0.069086,-0.074333,-0.045642,-0.413288,0.088887,-0.832277,-0.240888,-0.437706,0.269164,0.204898,-0.650161,-0.91288,-0.208631,-0.515141,-0.235444,0.261574,-0.590441
0.384017,-3.067224,0.775154,-0.024224,-0.015019,-0.135567,0.990358,-0.191523,0.246353,0.282286,0.484053,-0.203668,-0.083861,0.023235,-0.121837,-0.130524,0.360431,-0.210695,0.093135,-0.063577,-0.078845,-0.044931,-0.4067,0.095643,-0.834991,-0.237684,-0.443091,0.274074,0.214213,-0.655154,-0.918132,-0.203212,-0.520798,-0.249509,0.261323,-0.587367
0.389749,-3.057514,0.774518,-0.026986,-0.014695,-0.13358,0.990562,-0.193964,0.237121,0.281375,0.4992,-0.22312,-0.074139,0.02435,-0.13307,-0.132955,0.3658,-0.201361,0.101946,-0.05737,-0.084893,-0.04393,-0.401033,0.102688,-0.836414,-0.232868,-0.446863,0.279343,0.220757,-0.660595,-0.922166,-0.197466,-0.523994,-0.260304,0.264337,-0.58425
0.395365,-3.048184,0.774066,-0.029306,-0.014154,-0.131327,0.990805,-0.195093,0.22662,0.280069,0.509743,-0.240044,-0.067155,0.024858,-0.144696,-0.135124,0.370787,-0.190628,0.111241,-0.05062,-0.091247,-0.043284,-0.394851,0.109042,-0.837432,-0.228479,-0.448065,0.285369,0.221892,-0.665468,-0.925507,-0.191357,-0.527192,-0.268831,0.268717,-0.581361
0.400489,-3.039202,0.773706,-0.031756,-0.01321,-0.128389,0.991127,-0.195334,0.21606,0.278801,0.515159,-0.254027,-0.060363,0.023473,-0.155636,-0.138725,0.376969,-0.178119,0.121102,-0.043894,-0.096896,-0.041706,-0.387174,0.11249,-0.837448,-0.226254,-0.448631,0.292309,0.21848,-0.669582,-0.930292,-0.186303,-0.530304,-0.276859,0.274721,-0.578443
0.404934,-3.030666,0.773469,-0.034167,-0.012258,-0.125147,0.991474,-0.196403,0.206049,0.276781,0.519418,-0.264522,-0.052895,0.019909,-0.165754,-0.1429,0.385914,-0.164968,0.129412,-0.036241,-0.102768,-0.038956,-0.379118,0.113038,-0.835222,-0.225693,-0.44818,0.297296,0.212684,-0.671994,-0.938386,-0.18391,-0.531339,-0.288453,0.282155,-0.574573
0.408826,-3.022882,0.773374,-0.036699,-0.011369,-0.121409,0.991859,-0.197652,0.196909,0.273631,0.522679,-0.27391,-0.044261,0.013271,-0.175522,-0.149382,0.400835,-0.151044,0.136939,-0.028379,-0.108494,-0.035151,-0.374417,0.113885,-0.832767,-0.225147,-0.445177,0.300443,0.203708,-0.673389,-0.947435,-0.183764,-0.528785,-0.301584,0.291555,-0.569107
0.412115,-3.015748,0.773339,-0.038808,-0.011052,-0.117981,0.992196,-0.200299,0.18751,0.268495,0.529164,-0.28192,-0.027812,0.002409,-0.186761,-0.157483,0.423948,-0.134939,0.142538,-0.018514,-0.115595,-0.029159,-0.372499,0.11527,-0.830049,-0.224703,-0.441464,0.301282,0.195007,-0.673726,-0.953824,-0.183795,-0.522808,-0.311444,0.303886,-0.562525
0.41488,-3.009194,0.773397,-0.040511,-0.01092,-0.114652,0.992519,-0.203399,0.178563,0.264346,0.535901,-0.284052,-0.014724,-0.012032,-0.198898,-0.166947,0.452586,-0.116843,0.142913,-0.006851,-0.123547,-0.021799,-0.373027,0.115879,-0.825796,-0.222145,-0.438498,0.302705,0.191919,-0.674216,-0.955107,-0.182568,-0.518385,-0.317448,0.312885,-0.556047
0.417333,-3.003166,0.773721,-0.042929,-0.010704,-0.110136,0.992931,-0.204994,0.17091,0.257476,0.538104,-0.284644,-0.007288,-0.030039,-0.209699,-0.176518,0.488121,-0.09631,0.144325,0.004021,-0.130168,-0.014486,-0.374651,0.116714,-0.822274,-0.21689,-0.435486,0.305862,0.192577,-0.673548,-0.952486,-0.177444,-0.515821,-0.320338,0.319708,-0.54578
0.41934,-2.997763,0.774123,-0.045957,-0.010504,-0.105778,0.993272,-0.205771,0.166128,0.250815,0.538957,-0.284913,-0.002528,-0.052431,-0.220683,-0.191037,0.531453,-0.07428,0.137812,0.012564,-0.135573,-0.007161,-0.375181,0.116991,-0.817465,-0.209907,-0.434349,0.31194,0.196945,-0.67374,-0.947204,-0.169299,-0.513602,-0.323234,0.323227,-0.533249
0.421102,-2.992765,0.774337,-0.049026,-0.010529,-0.102826,0.993435,-0.207072,0.163594,0.246323,0.542873,-0.28585,-0.000099,-0.079613,-0.234702,-0.215244,0.583933,-0.056659,0.11602,0.021317,-0.140469,-0.000425,-0.37628,0.117848,-0.812386,-0.20321,-0.434641,0.319451,0.202455,-0.676965,-0.94221,-0.158971,-0.509679,-0.324842,0.32906,-0.520702
0.423106,-2.988416,0.774402,-0.052386,-0.01069,-0.102307,0.993315,-0.204623,0.164002,0.245328,0.543741,-0.290334,0.000567,-0.109783,-0.248823,-0.242451,0.642448,-0.051768,0.075946,0.034306,-0.143391,0.004635,-0.379356,0.120183,-0.806797,-0.198278,-0.433493,0.325624,0.205788,-0.683085,-0.938575,-0.147718,-0.503765,-0.324276,0.337766,-0.511176
0.425264,-2.985094,0.774254,-0.05438,-0.009773,-0.100723,0.993379,-0.205429,0.162555,0.244294,0.545569,-0.295265,0.004966,-0.132546,-0.254309,-0.259222,0.675731,-0.079973,0.06181,0.047987,-0.148377,0.007517,-0.387689,0.124651,-0.8021,-0.192695,-0.429906,0.331867,0.207549,-0.68964,-0.937194,-0.13656,-0.496961,-0.321987,0.347743,-0.505749
0.426949,-2.983273,0.774216,-0.055512,-0.009323,-0.094977,0.993887,-0.207661,0.158069,0.236159,0.54708,-0.296426,0.009557,-0.152792,-0.246907,-0.268819,0.682804,-0.106177,0.065821,0.05557,-0.156731,0.011996,-0.39579,0.129574,-0.799698,-0.186193,-0.427452,0.338109,0.206563,-0.696046,-0.935957,-0.127059,-0.488788,-0.319762,0.355824,-0.502631
0.428913,-2.981708,0.774038,-0.055331,-0.009347,-0.086716,0.994651,-0.209963,0.148495,0.224592,0.549567,-0.297019,0.015158,-0.169257,-0.231071,-0.265541,0.661968,-0.116242,0.076435,0.057804,-0.165736,0.016591,-0.400496,0.133124,-0.797797,-0.179417,-0.426788,0.342876,0.203318,-0.704642,-0.93931,-0.116056,-0.47752,-0.318229,0.364829,-0.495921
0.431014,-2.980636,0.773634,-0.053936,-0.009507,-0.07669,0.99555,-0.210987,0.13543,0.210649,0.549839,-0.297756,0.016923,-0.182986,-0.209975,-0.252217,0.619098,-0.118878,0.083403,0.056825,-0.175405,0.021727,-0.402149,0.127379,-0.786406,-0.173286,-0.426183,0.348197,0.199033,-0.715728,-0.943174,-0.106753,-0.461605,-0.318878,0.37236,-0.486147
0.433068,-2.980093,0.773195,-0.052607,-0.010469,-0.066055,0.996373,-0.211127,0.122809,0.194982,0.55086,-0.296782,0.018929,-0.194708,-0.19043,-0.237622,0.569241,-0.115401,0.091278,0.053255,-0.182772,0.027877,-0.406844,0.126499,-0.774865,-0.165976,-0.418129,0.354147,0.187483,-0.728128,-0.95321,-0.090606,-0.443643,-0.32172,0.379189,-0.472783
0.435161,-2.979876,0.772846,-0.051202,-0.01186,-0.054968,0.997104,-0.210957,0.109655,0.177374,0.55371,-0.294193,0.023005,-0.206168,-0.173541,-0.221453,0.519477,-0.105102,0.092944,0.04947,-0.188848,0.036174,-0.41195,0.127642,-0.764554,-0.156628,-0.405486,0.358842,0.167078,-0.742201,-0.965498,-0.070229,-0.424722,-0.324954,0.385039,-0.460681
0.437312,-2.980153,0.772695,-0.04961,-0.013162,-0.044016,0.997711,-0.210789,0.097338,0.160846,0.5559,-0.288941,0.026417,-0.217422,-0.157794,-0.203885,0.469743,-0.094419,0.098789,0.044827,-0.194911,0.044195,-0.412619,0.12314,-0.754221,-0.145187,-0.397736,0.365223,0.144186,-0.758672,-0.978808,-0.045731,-0.402353,-0.328119,0.390282,-0.44998
0.439635,-2.980867,0.772546,-0.048502,-0.013911,-0.032684,0.998191,-0.208123,0.086237,0.143305,0.55272,-0.283212,0.026526,-0.229126,-0.139754,-0.180579,0.419981,-0.081994,0.104068,0.039423,-0.19914,0.049771,-0.410564,0.118297,-0.743972,-0.132217,-0.393263,0.368895,0.126509,-0.776901,-0.990257,-0.017985,-0.376192,-0.330274,0.39473,-0.442882
0.442261,-2.982164,0.772934,-0.046377,-0.014755,-0.020811,0.998598,-0.209594,0.073477,0.124596,0.557002,-0.277378,0.034629,-0.238416,-0.123243,-0.15086,0.370216,-0.066407,0.111048,0.034717,-0.203942,0.055098,-0.413216,0.117363,-0.734848,-0.119711,-0.388223,0.369477,0.116361,-0.796163,-1.001211,0.010629,-0.34723,-0.331155,0.398739,-0.440141
0.445072,-2.983987,0.772956,-0.045144,-0.014708,-0.008711,0.998834,-0.209425,0.063349,0.104477,0.555744,-0.27039,0.031929,-0.247364,-0.105205,-0.116503,0.322431,-0.050162,0.120133,0.03071,-0.206245,0.058554,-0.416789,0.116651,-0.727072,-0.111134,-0.387692,0.375285,0.117162,-0.816001,-1.012466,0.038198,-0.316453,-0.33118,0.401158,-0.440838
0.448343,-2.986219,0.773118,-0.044814,-0.014091,0.003938,0.998888,-0.206031,0.054861,0.082879,0.548395,-0.268511,0.02715,-0.256086,-0.085883,-0.079923,0.284869,-0.035479,0.126642,0.027063,-0.205858,0.059316,-0.419834,0.117773,-0.720175,-0.10711,-0.390495,0.377292,0.125326,-0.831712,-1.024052,0.062274,-0.289817,-0.332224,0.404031,-0.439854
0.451799,-2.988538,0.774006,-0.045367,-0.012299,0.016954,0.998751,-0.202121,0.048548,0.060165,0.533335,-0.263108,0.026375,-0.263659,-0.064729,-0.040387,0.25548,0.005507,0.123137,0.023133,-0.199222,0.054794,-0.429975,0.115834,-0.707338,-0.103236,-0.400972,0.375666,0.139239,-0.854362,-1.035476,0.098884,-0.256915,-0.333209,0.408236,-0.440872
0.455718,-2.991604,0.774078,-0.040779,-0.010358,0.029621,0.998675,-0.197579,0.03283,0.041926,0.520217,-0.26165,0.028651,-0.263357,-0.054937,-0.004421,0.242473,0.044778,0.107238,0.022888,-0.201502,0.050413,-0.439428,0.122526,-0.701718,-0.110214,-0.400366,0.374656,0.156497,-0.881358,-1.050019,0.134405,-0.220769,-0.333202,0.415836,-0.434804
0.460246,-2.995012,0.774534,-0.035841,-0.007445,0.040114,0.998524,-0.191338,0.018652,0.026442,0.501441,-0.256821,0.028355,-0.258525,-0.064847,-0.027324,0.24157,0.04349,0.079053,0.028728,-0.202483,0.044045,-0.454071,0.132935,-0.693412,-0.124675,-0.38967,0.373862,0.173518,-0.904968,-1.063072,0.167431,-0.186115,-0.333255,0.427006,-0.424121
0.464989,-2.998999,0.775043,-0.033084,-0.005669,0.051003,0.998134,-0.186918,0.009932,0.007131,0.491246,-0.254856,0.027193,-0.258454,-0.075259,-0.043827,0.255145,0.04886,0.077711,0.034714,-0.198895,0.043773,-0.470105,0.162006,-0.693278,-0.154185,-0.350254,0.3483,0.189455,-0.920285,-1.080114,0.18899,-0.160627,-0.334035,0.437036,-0.407657
0.469386,-3.00338,0.775967,-0.02977,-0.002866,0.062624,0.997589,-0.181475,0.000271,-0.013188,0.472949,-0.247591,0.027642,-0.257591,-0.087296,-0.063294,0.262119,0.052016,0.079641,0.035848,-0.19558,0.042119,-0.495849,0.189308,-0.684497,-0.179551,-0.313116,0.332611,0.20448,-0.931285,-1.092785,0.207783,-0.142551,-0.337166,0.44486,-0.392092
0.473587,-3.008668,0.777254,-0.027662,0.000184,0.071818,0.997034,-0.176856,-0.003284,-0.031005,0.454906,-0.238596,0.025355,-0.261051,-0.094099,-0.081162,0.275488,0.048963,0.081806,0.03701,-0.192841,0.042226,-0.514474,0.20854,-0.673964,-0.201876,-0.295577,0.340554,0.224492,-0.94159,-1.10117,0.219578,-0.128442,-0.339773,0.452265,-0.380086
0.47764,-3.014593,0.778124,-0.026049,0.003538,0.07873,0.996549,-0.175637,-0.003008,-0.045626,0.442377,-0.231522,0.020466,-0.267963,-0.097049,-0.094446,0.291268,0.043676,0.084189,0.037942,-0.19137,0.042715,-0.527274,0.219246,-0.666841,-0.224728,-0.297135,0.344159,0.26586,-0.952902,-1.106279,0.225055,-0.117655,-0.34104,0.457427,-0.374095
0.481383,-3.02064,0.778784,-0.024697,0.006622,0.082728,0.996244,-0.178095,-0.000013,-0.055361,0.438569,-0.226542,0.015509,-0.276579,-0.097197,-0.105588,0.307623,0.038576,0.083881,0.04095,-0.190319,0.044084,-0.54076,0.220747,-0.659023,-0.241891,-0.316279,0.341205,0.324809,-0.965157,-1.108068,0.227682,-0.10985,-0.340664,0.459608,-0.374294
0.484739,-3.026605,0.779034,-0.023361,0.009142,0.085463,0.996026,-0.182696,0.003791,-0.062889,0.441177,-0.224802,0.009486,-0.284861,-0.095307,-0.109947,0.323065,0.031061,0.082715,0.045081,-0.188418,0.044828,-0.569439,0.228473,-0.651702,-0.25516,-0.328937,0.332,0.388756,-0.977687,-1.112425,0.234865,-0.105164,-0.339351,0.458778,-0.379715
0.487984,-3.031991,0.778898,-0.021658,0.011621,0.086077,0.995985,-0.186934,0.007282,-0.066495,0.444875,-0.225892,0.004468,-0.292393,-0.093212,-0.113009,0.335904,0.020761,0.080197,0.048717,-0.186508,0.044343,-0.605902,0.241851,-0.643724,-0.262626,-0.327723,0.324039,0.445742,-0.993015,-1.118369,0.249188,-0.100984,-0.336117,0.460354,-0.386338
0.491065,-3.036873,0.778934,-0.019843,0.014458,0.085215,0.99606,-0.18851,0.010974,-0.06676,0.442783,-0.227346,0.001067,-0.297988,-0.090326,-0.114357,0.341743,0.01109,0.077196,0.049925,-0.184884,0.041534,-0.64419,0.257576,-0.636292,-0.265013,-0.315154,0.322314,0.486109,-1.012089,-1.123246,0.27026,-0.095556,-0.332764,0.463139,-0.391412
0.493717,-3.04111,0.779222,-0.018233,0.017294,0.083907,0.996157,-0.187436,0.014616,-0.065731,0.434714,-0.225723,-0.00201,-0.300937,-0.086794,-0.113506,0.340829,0.005603,0.074983,0.046453,-0.182417,0.037714,-0.681486,0.275917,-0.630279,-0.261024,-0.291053,0.327062,0.506872,-1.03265,-1.122478,0.2926,-0.088997,-0.331123,0.462892,-0.394127
0.496346,-3.044758,0.779865,-0.016581,0.019671,0.082678,0.996244,-0.18297,0.017627,-0.064337,0.421685,-0.22094,-0.005185,-0.300457,-0.083831,-0.112265,0.335132,0.002713,0.073476,0.038964,-0.180689,0.034589,-0.711545,0.288988,-0.626292,-0.252314,-0.267161,0.336447,0.511209,-1.052116,-1.116414,0.309368,-0.081675,-0.329773,0.460552,-0.398134
0.498444,-3.047809,0.7803,-0.015358,0.021181,0.082019,0.996287,-0.177349,0.020368,-0.063792,0.408451,-0.216746,-0.008686,-0.297896,-0.081103,-0.11231,0.328285,-0.000439,0.071313,0.030886,-0.177942,0.033191,-0.739217,0.300271,-0.622621,-0.244168,-0.241438,0.34309,0.507485,-1.067616,-1.110401,0.319006,-0.076858,-0.328793,0.454678,-0.404464
0.500188,-3.050432,0.780456,-0.01441,0.0216,0.081054,0.996371,-0.172193,0.023309,-0.062611,0.400805,-0.215527,-0.011584,-0.294725,-0.077945,-0.111797,0.323837,-0.004405,0.067964,0.023319,-0.174447,0.032942,-0.766098,0.312855,-0.620967,-0.230198,-0.217057,0.359325,0.501187,-1.077552,-1.103663,0.322882,-0.080233,-0.32694,0.44808,-0.41208
0.501631,-3.052505,0.780327,-0.01372,0.021594,0.07947,0.996509,-0.168772,0.026253,-0.060436,0.398712,-0.216934,-0.013433,-0.292606,-0.074774,-0.110565,0.322439,-0.009229,0.065614,0.015858,-0.171099,0.033876,-0.781275,0.315942,-0.616224,-0.216193,-0.204965,0.376351,0.497847,-1.079852,-1.097247,0.316598,-0.096697,-0.323623,0.440295,-0.423191
0.502803,-3.054071,0.780204,-0.013282,0.021388,0.076801,0.996729,-0.165555,0.029683,-0.056284,0.398403,-0.219065,-0.014917,-0.292345,-0.0709,-0.107373,0.323637,-0.012579,0.06312,0.009931,-0.168261,0.034035,-0.787415,0.313222,-0.612261,-0.203974,-0.202677,0.387453,0.496377,-1.072108,-1.091028,0.301113,-0.126332,-0.319371,0.43005,-0.438995
0.5039,-3.055299,0.780164,-0.012792,0.02123,0.07374,0.996969,-0.161646,0.032738,-0.051093,0.396705,-0.22018,-0.016121,-0.292483,-0.066965,-0.10248,0.324728,-0.015024,0.059238,0.004264,-0.167762,0.033112,-0.783865,0.30637,-0.608942,-0.195809,-0.206317,0.386385,0.497082,-1.056682,-1.083331,0.27892,-0.161163,-0.316243,0.420135,-0.452098
0.504741,-3.056159,0.780253,-0.012378,0.021164,0.070369,0.99722,-0.157184,0.035672,-0.045025,0.393099,-0.220692,-0.017909,-0.29296,-0.063406,-0.097788,0.325297,-0.016108,0.057102,-0.001076,-0.168201,0.030564,-0.778058,0.302105,-0.609402,-0.18854,-0.210505,0.378185,0.499576,-1.038284,-1.07596,0.257396,-0.197149,-0.31569,0.411892,-0.459586
0.505265,-3.056665,0.780208,-0.012153,0.021165,0.067234,0.997439,-0.153316,0.038251,-0.03922,0.389521,-0.221055,-0.019513,-0.293714,-0.060032,-0.092436,0.325268,-0.016035,0.055397,-0.005791,-0.168859,0.027359,-0.772244,0.300786,-0.61192,-0.180601,-0.214308,0.37055,0.499987,-1.020095,-1.070302,0.238579,-0.228672,-0.317188,0.40591,-0.462125
0.505532,-3.057109,0.780252,-0.011952,0.021103,0.064062,0.997651,-0.150029,0.040703,-0.033462,0.38664,-0.220927,-0.020774,-0.294357,-0.056734,-0.087272,0.324679,-0.015105,0.054108,-0.009284,-0.17018,0.024231,-0.76665,0.299151,-0.613955,-0.171575,-0.216782,0.366296,0.492758,-1.00561,-1.063946,0.221782,-0.251589,-0.316686,0.404862,-0.465781
0.505669,-3.057584,0.780281,-0.011614,0.020702,0.060909,0.997861,-0.146323,0.042841,-0.027655,0.384106,-0.220913,-0.022312,-0.294535,-0.053657,-0.081799,0.324202,-0.014287,0.052233,-0.010831,-0.172034,0.022288,-0.759673,0.293489,-0.614133,-0.161456,-0.218072,0.362389,0.478472,-0.995642,-1.057935,0.210857,-0.26479,-0.314288,0.40671,-0.471334
0.5058,-3.057821,0.780266,-0.011105,0.020072,0.058098,0.998047,-0.14248,0.044022,-0.022573,0.382175,-0.220929,-0.023723,-0.294225,-0.051433,-0.076994,0.324279,-0.014641,0.049643,-0.010346,-0.173484,0.021237,-0.750398,0.284671,-0.612837,-0.151882,-0.218005,0.356997,0.460357,-0.992632,-1.051923,0.20548,-0.267846,-0.311757,0.407831,-0.477559
0.505642,-3.058265,0.780312,-0.010466,0.019391,0.055435,0.998219,-0.13876,0.044958,-0.017775,0.379817,-0.220551,-0.024008,-0.293802,-0.049453,-0.07222,0.323994,-0.015118,0.047106,-0.008684,-0.175025,0.020572,-0.742769,0.277164,-0.610511,-0.144236,-0.215608,0.353464,0.443202,-0.994927,-1.045973,0.207775,-0.261131,-0.310411,0.408112,-0.481637
0.50557,-3.0587,0.780383,-0.009661,0.019319,0.054114,0.998301,-0.134872,0.044652,-0.014784,0.373198,-0.218574,-0.025052,-0.292094,-0.049101,-0.069761,0.319669,-0.014076,0.046671,-0.008505,-0.175708,0.017716,-0.738963,0.269948,-0.608175,-0.136518,-0.213499,0.354251,0.432241,-0.999852,-1.041475,0.215225,-0.24849,-0.311036,0.409235,-0.484501
0.505455,-3.059121,0.78037,-0.009059,0.019339,0.0526,0.998387,-0.131745,0.044854,-0.011746,0.367985,-0.218009,-0.025371,-0.292046,-0.048238,-0.066594,0.317759,-0.013537,0.046582,-0.00721,-0.175909,0.015509,-0.735668,0.265945,-0.60684,-0.131557,-0.208704,0.354233,0.422729,-1.007424,-1.039112,0.226577,-0.233,-0.31108,0.409838,-0.486663
0.505421,-3.059693,0.780378,-0.008641,0.019569,0.051653,0.998436,-0.128948,0.04531,-0.009789,0.362265,-0.217825,-0.025695,-0.291959,-0.047522,-0.065237,0.315772,-0.013366,0.046567,-0.006535,-0.175473,0.012601,-0.733843,0.263427,-0.606961,-0.126767,-0.203958,0.355188,0.417248,-1.01815,-1.037725,0.240563,-0.214132,-0.311746,0.409589,-0.487153
0.505463,-3.060285,0.780465,-0.008347,0.01992,0.051548,0.998437,-0.126254,0.045607,-0.009312,0.355586,-0.216885,-0.026056,-0.291379,-0.047125,-0.064887,0.313032,-0.013095,0.046405,-0.007046,-0.174141,0.010022,-0.731927,0.260391,-0.607422,-0.122005,-0.201749,0.355337,0.41526,-1.0299,-1.035244,0.254774,-0.19311,-0.311913,0.410195,-0.486817
0.505487,-3.060951,0.780606,-0.008037,0.020349,0.051976,0.998409,-0.123552,0.045528,-0.010092,0.347893,-0.214996,-0.026357,-0.290528,-0.047154,-0.065635,0.309817,-0.01241,0.046047,-0.007478,-0.171768,0.008529,-0.731434,0.256953,-0.607556,-0.118095,-0.201745,0.35583,0.415439,-1.041992,-1.033074,0.268238,-0.174668,-0.311788,0.41079,-0.486656
0.505412,-3.061531,0.780763,-0.007501,0.020656,0.052779,0.998364,-0.120983,0.044582,-0.011442,0.340468,-0.212141,-0.026188,-0.289653,-0.048167,-0.0669,0.307154,-0.01182,0.045855,-0.007157,-0.169494,0.008797,-0.730904,0.25207,-0.605866,-0.11673,-0.204137,0.354132,0.419652,-1.051726,-1.032384,0.278748,-0.161892,-0.311324,0.410193,-0.48819
0.505445,-3.062185,0.780947,-0.006892,0.021195,0.054215,0.998281,-0.118738,0.043293,-0.013762,0.332224,-0.208143,-0.027324,-0.289272,-0.04984,-0.068993,0.305269,-0.011678,0.045465,-0.00698,-0.167784,0.009349,-0.730212,0.247091,-0.604646,-0.117139,-0.208031,0.350755,0.427065,-1.058564,-1.034864,0.287771,-0.154756,-0.311472,0.40781,-0.490032
0.505381,-3.062718,0.780984,-0.00631,0.021782,0.0554,0.998207,-0.117885,0.042038,-0.015681,0.326587,-0.205584,-0.027819,-0.291603,-0.051664,-0.070528,0.308297,-0.014031,0.045378,-0.006153,-0.165339,0.010555,-0.728457,0.246377,-0.605015,-0.12116,-0.211828,0.346813,0.438628,-1.064049,-1.039756,0.292853,-0.150707,-0.309328,0.404403,-0.491747
0.505364,-3.063101,0.781006,-0.005874,0.022518,0.057261,0.998088,-0.117844,0.040493,-0.018607,0.321467,-0.203243,-0.028628,-0.293097,-0.053926,-0.073173,0.309711,-0.015658,0.045543,-0.007109,-0.162516,0.010047,-0.726937,0.24391,-0.604315,-0.122092,-0.216625,0.344543,0.449114,-1.065998,-1.043134,0.294404,-0.148122,-0.308611,0.402665,-0.493299
0.505525,-3.063194,0.781,-0.005654,0.023048,0.059188,0.997965,-0.118162,0.038989,-0.021752,0.318556,-0.201505,-0.028114,-0.294383,-0.056337,-0.076682,0.312189,-0.017157,0.046373,-0.007955,-0.159248,0.009855,-0.723118,0.237666,-0.602625,-0.121531,-0.223534,0.337944,0.457479,-1.064334,-1.044956,0.290395,-0.147949,-0.30674,0.403077,-0.495543
0.505716,-3.063427,0.78104,-0.005473,0.023382,0.061679,0.997807,-0.119413,0.037487,-0.026311,0.3178,-0.200139,-0.027976,-0.294784,-0.058731,-0.080523,0.314229,-0.018924,0.045867,-0.009497,-0.157255,0.010584,-0.715172,0.224714,-0.600692,-0.117368,-0.235261,0.326326,0.458244,-1.060278,-1.0449,0.281478,-0.149357,-0.304971,0.404459,-0.496324
0.505841,-3.063571,0.781053,-0.005523,0.023372,0.063316,0.997705,-0.120168,0.036866,-0.029342,0.318242,-0.199411,-0.027775,-0.294879,-0.060184,-0.084165,0.316446,-0.020127,0.045663,-0.008504,-0.155082,0.012029,-0.703803,0.210155,-0.597964,-0.113152,-0.246731,0.313167,0.44797,-1.053949,-1.044158,0.271503,-0.152784,-0.304338,0.405119,-0.495897
0.506063,-3.063537,0.781033,-0.005479,0.023113,0.064707,0.997622,-0.120572,0.035924,-0.031957,0.31968,-0.199412,-0.027316,-0.294365,-0.061669,-0.086508,0.318536,-0.021479,0.045934,-0.005569,-0.15312,0.013783,-0.691752,0.198146,-0.591928,-0.111202,-0.253778,0.303808,0.430425,-1.046178,-1.044204,0.261254,-0.158082,-0.30442,0.404801,-0.495619
0.506197,-3.063398,0.78101,-0.005569,0.022731,0.066188,0.997533,-0.120878,0.035214,-0.034352,0.321242,-0.199858,-0.027393,-0.293673,-0.062931,-0.088834,0.320678,-0.023146,0.044927,-0.002862,-0.150987,0.015566,-0.677766,0.189419,-0.585313,-0.113212,-0.255608,0.293976,0.406467,-1.039821,-1.046391,0.252007,-0.164341,-0.305618,0.403232,-0.494654
0.50629,-3.063206,0.780941,-0.005631,0.02255,0.068046,0.997411,-0.122021,0.034041,-0.037728,0.323096,-0.19993,-0.027213,-0.293054,-0.064814,-0.092153,0.322469,-0.024793,0.044722,-0.000513,-0.148561,0.016139,-0.667093,0.190677,-0.580276,-0.117655,-0.250393,0.289635,0.37994,-1.03511,-1.052692,0.242028,-0.171823,-0.306898,0.400502,-0.495348
0.506331,-3.063055,0.780963,-0.005804,0.022572,0.070277,0.997255,-0.123691,0.03293,-0.041676,0.324647,-0.199881,-0.027152,-0.292538,-0.066771,-0.096174,0.323691,-0.025926,0.044578,0.000276,-0.146551,0.016159,-0.654328,0.196651,-0.57867,-0.124138,-0.247592,0.293855,0.353443,-1.033667,-1.065834,0.231624,-0.180676,-0.308344,0.396394,-0.497747
0.506493,-3.062775,0.781053,-0.005989,0.022637,0.072918,0.997063,-0.125638,0.031356,-0.046614,0.326547,-0.199455,-0.025581,-0.29162,-0.069204,-0.100673,0.324693,-0.026944,0.044803,-0.000775,-0.145168,0.015865,-0.6354,0.199943,-0.580004,-0.133265,-0.251944,0.302003,0.332907,-1.040366,-1.087309,0.221235,-0.188877,-0.309309,0.392339,-0.501518
0.506739,-3.062372,0.781118,-0.006449,0.022699,0.076309,0.996805,-0.12714,0.029806,-0.052707,0.327214,-0.199305,-0.024509,-0.289937,-0.071804,-0.106333,0.325068,-0.028052,0.04548,-0.003157,-0.14411,0.014458,-0.612778,0.193755,-0.58962,-0.141938,-0.269391,0.314833,0.319571,-1.058189,-1.11858,0.212342,-0.193262,-0.310853,0.388299,-0.504671
0.507064,-3.062,0.781285,-0.007112,0.022931,0.080319,0.99648,-0.128464,0.028421,-0.060374,0.326523,-0.198887,-0.02401,-0.287651,-0.07449,-0.113416,0.324368,-0.029003,0.046341,-0.004247,-0.142639,0.011249,-0.597092,0.186104,-0.604766,-0.150683,-0.285627,0.319994,0.311645,-1.084417,-1.158587,0.205407,-0.190677,-0.311632,0.387597,-0.505702
0.507361,-3.061529,0.781388,-0.007692,0.023209,0.083975,0.996168,-0.129195,0.02696,-0.067307,0.32472,-0.19818,-0.024052,-0.285035,-0.07726,-0.120522,0.322637,-0.029676,0.047756,-0.00321,-0.141713,0.006964,-0.59107,0.184942,-0.622489,-0.159704,-0.290426,0.316558,0.306379,-1.114445,-1.205187,0.203829,-0.182468,-0.311736,0.389907,-0.504637
0.507859,-3.060982,0.781537,-0.008212,0.023434,0.087068,0.995893,-0.128846,0.02567,-0.072996,0.32216,-0.197716,-0.023424,-0.282006,-0.07947,-0.125939,0.320359,-0.030059,0.049078,-0.000878,-0.141745,0.003226,-0.585145,0.187263,-0.637884,-0.168384,-0.290049,0.313266,0.298605,-1.146637,-1.25479,0.208811,-0.172185,-0.312881,0.392418,-0.499692
0.508416,-3.06053,0.7817,-0.008564,0.023316,0.089276,0.995697,-0.127523,0.024756,-0.077209,0.320094,-0.197281,-0.022914,-0.278617,-0.08104,-0.12971,0.318216,-0.030196,0.050238,0.001097,-0.1424,0.000268,-0.574969,0.19079,-0.649573,-0.17586,-0.288215,0.314115,0.283175,-1.179753,-1.300702,0.219609,-0.159738,-0.314676,0.395386,-0.49212
0.508985,-3.060179,0.781814,-0.008983,0.022689,0.090675,0.995582,-0.124869,0.024741,-0.079906,0.318319,-0.197679,-0.022979,-0.275032,-0.081694,-0.132991,0.317152,-0.030514,0.050968,0.003797,-0.143213,-0.001899,-0.560522,0.196599,-0.660145,-0.181293,-0.284585,0.312432,0.260783,-1.212983,-1.342174,0.236462,-0.149035,-0.317353,0.39735,-0.483991
0.509673,-3.060005,0.781875,-0.009263,0.021723,0.091715,0.995505,-0.121616,0.025012,-0.081622,0.317545,-0.19918,-0.022994,-0.271246,-0.081748,-0.134705,0.317076,-0.03183,0.050739,0.006984,-0.143961,-0.003806,-0.543365,0.205073,-0.672838,-0.185617,-0.280303,0.311047,0.233549,-1.246343,-1.378126,0.258611,-0.139707,-0.321327,0.397178,-0.475789
0.510243,-3.059857,0.781831,-0.009664,0.020845,0.092609,0.995437,-0.118992,0.025626,-0.083308,0.317525,-0.201147,-0.023272,-0.267998,-0.081601,-0.136823,0.317322,-0.033598,0.050488,0.010216,-0.144534,-0.005908,-0.525017,0.217451,-0.685098,-0.189289,-0.275187,0.31382,0.207176,-1.279515,-1.409578,0.284019,-0.129205,-0.325982,0.3954,-0.468895
0.510836,-3.059854,0.781854,-0.009965,0.020008,0.093401,0.995378,-0.1168,0.026201,-0.085033,0.318133,-0.202198,-0.023114,-0.264651,-0.081333,-0.138611,0.31718,-0.034661,0.050467,0.014417,-0.145955,-0.007927,-0.506891,0.230298,-0.696131,-0.19221,-0.270789,0.317642,0.184186,-1.312311,-1.436896,0.314921,-0.117737,-0.33056,0.394411,-0.461824
0.511305,-3.059756,0.782022,-0.010013,0.019203,0.09402,0.995335,-0.114596,0.026069,-0.08621,0.318352,-0.202396,-0.022412,-0.26077,-0.081514,-0.140065,0.315307,-0.034898,0.050789,0.019477,-0.148456,-0.00944,-0.489478,0.241751,-0.704128,-0.194495,-0.268331,0.322591,0.167938,-1.347123,-1.461794,0.351642,-0.102922,-0.33651,0.394124,-0.452433
0.511613,-3.059591,0.782139,-0.009972,0.018622,0.094498,0.995301,-0.112296,0.025657,-0.087056,0.317054,-0.202497,-0.021582,-0.256483,-0.081828,-0.14127,0.311085,-0.03462,0.052339,0.024341,-0.151142,-0.011299,-0.47387,0.253013,-0.710791,-0.197734,-0.266776,0.326425,0.159988,-1.384404,-1.481898,0.392307,-0.083669,-0.34346,0.393819,-0.441665
0.511799,-3.059443,0.782293,-0.010053,0.018297,0.095288,0.995231,-0.110497,0.025331,-0.088532,0.315025,-0.20212,-0.021173,-0.252602,-0.081987,-0.142191,0.30623,-0.033464,0.053558,0.028582,-0.153154,-0.013332,-0.460772,0.261901,-0.714716,-0.200052,-0.26775,0.331298,0.16043,-1.423761,-1.497582,0.436238,-0.061973,-0.351044,0.391822,-0.432488
0.511749,-3.059269,0.782403,-0.010096,0.018052,0.096136,0.995153,-0.109234,0.024875,-0.089776,0.312922,-0.20119,-0.021297,-0.249286,-0.082607,-0.144148,0.301721,-0.032193,0.053895,0.032304,-0.154792,-0.015011,-0.448693,0.267417,-0.713868,-0.20168,-0.268515,0.335346,0.164768,-1.464194,-1.509066,0.483341,-0.03799,-0.358496,0.388864,-0.425095
0.511545,-3.059123,0.782568,-0.010065,0.017774,0.096892,0.995085,-0.107683,0.024335,-0.091214,0.310071,-0.200328,-0.021471,-0.246719,-0.083184,-0.14544,0.29819,-0.031186,0.053683,0.034705,-0.155765,-0.016307,-0.439238,0.273401,-0.713518,-0.202727,-0.268692,0.336688,0.169466,-1.504879,-1.51396,0.532299,-0.011871,-0.361634,0.388084,-0.420654
0.511268,-3.058946,0.782601,-0.010121,0.017409,0.097251,0.995056,-0.105685,0.024175,-0.091709,0.306798,-0.199762,-0.02206,-0.24583,-0.083535,-0.146024,0.297745,-0.030739,0.053582,0.036489,-0.154101,-0.016904,-0.430319,0.279471,-0.711483,-0.203907,-0.268871,0.338033,0.174934,-1.545717,-1.508942,0.579255,0.014044,-0.355765,0.388774,-0.419255
0.510871,-3.059022,0.782579,-0.009872,0.017202,0.097729,0.995015,-0.104362,0.023638,-0.092397,0.303587,-0.19838,-0.023489,-0.247579,-0.084727,-0.146571,0.301381,-0.030983,0.052828,0.036592,-0.149989,-0.016373,-0.420432,0.28478,-0.709118,-0.206587,-0.268417,0.336687,0.177595,-1.585595,-1.498159,0.621163,0.034427,-0.344014,0.389789,-0.420085
0.510232,-3.058763,0.782488,-0.009635,0.017475,0.098498,0.994937,-0.104146,0.022292,-0.093249,0.299539,-0.19675,-0.024073,-0.251481,-0.086863,-0.14705,0.306825,-0.032164,0.052641,0.035708,-0.14377,-0.016121,-0.408943,0.285829,-0.706296,-0.208116,-0.269556,0.334135,0.177118,-1.621582,-1.48772,0.655143,0.046731,-0.331483,0.395105,-0.422047
0.509511,-3.058454,0.782402,-0.009029,0.018024,0.099738,0.994809,-0.1052,0.019676,-0.09462,0.29642,-0.194135,-0.024547,-0.255707,-0.090502,-0.148466,0.312252,-0.033624,0.052793,0.034102,-0.137026,-0.016188,-0.39731,0.283106,-0.70417,-0.208627,-0.272773,0.332763,0.173578,-1.651333,-1.479299,0.679897,0.052504,-0.320045,0.406787,-0.422585
0.508797,-3.057852,0.782368,-0.008428,0.018632,0.101189,0.994657,-0.106985,0.016251,-0.09677,0.294484,-0.191356,-0.022679,-0.258663,-0.094432,-0.149738,0.315258,-0.034864,0.053939,0.032713,-0.130321,-0.016184,-0.388637,0.280187,-0.701866,-0.208682,-0.274947,0.333087,0.169125,-1.673319,-1.473222,0.695619,0.051027,-0.311366,0.423545,-0.419371
0.508144,-3.057428,0.782321,-0.008176,0.018975,0.102666,0.994501,-0.108764,0.013838,-0.099511,0.293696,-0.189615,-0.021218,-0.260221,-0.097239,-0.151496,0.316786,-0.035178,0.055079,0.032117,-0.123066,-0.015582,-0.381735,0.277148,-0.699388,-0.209412,-0.275264,0.333566,0.162375,-1.687362,-1.470568,0.702736,0.043237,-0.30507,0.445867,-0.413321
0.507629,-3.056903,0.782287,-0.008276,0.01904,0.103839,0.994377,-0.110204,0.012322,-0.101511,0.294021,-0.189226,-0.020408,-0.260353,-0.099016,-0.153428,0.316788,-0.034848,0.05631,0.032415,-0.115382,-0.015148,-0.37625,0.273944,-0.695902,-0.210831,-0.273829,0.334069,0.154853,-1.694635,-1.468848,0.700525,0.029232,-0.298289,0.478593,-0.406281
0.507165,-3.056385,0.782253,-0.008554,0.018764,0.104583,0.994302,-0.110839,0.011632,-0.102975,0.295007,-0.18971,-0.019313,-0.259866,-0.099809,-0.154534,0.316597,-0.034049,0.05704,0.033414,-0.107169,-0.014232,-0.370964,0.26772,-0.689425,-0.211822,-0.272839,0.337495,0.147313,-1.693179,-1.464165,0.686256,0.016025,-0.290402,0.520785,-0.39472
0.50667,-3.055981,0.78219,-0.009006,0.018069,0.104934,0.994274,-0.110609,0.011923,-0.103503,0.29601,-0.190727,-0.019631,-0.259324,-0.09968,-0.154976,0.31748,-0.033628,0.05717,0.034898,-0.097067,-0.012015,-0.366932,0.25823,-0.681419,-0.212445,-0.271777,0.341996,0.140081,-1.676501,-1.449667,0.655475,0.000325,-0.275103,0.555973,-0.388725
0.506153,-3.055879,0.782029,-0.009314,0.017109,0.104974,0.994284,-0.109709,0.012592,-0.103734,0.297342,-0.192032,-0.020169,-0.259009,-0.099189,-0.154849,0.319602,-0.033807,0.056801,0.034627,-0.089981,-0.010215,-0.361527,0.250825,-0.674125,-0.212814,-0.270307,0.344557,0.131225,-1.6482,-1.437259,0.616121,-0.02204,-0.270263,0.579608,-0.388639
0.50575,-3.055616,0.781919,-0.009633,0.01609,0.104773,0.994319,-0.108381,0.013179,-0.103503,0.298534,-0.193256,-0.020029,-0.258701,-0.098738,-0.154476,0.322223,-0.03452,0.056303,0.033818,-0.082926,-0.00803,-0.355668,0.24268,-0.667817,-0.212758,-0.269144,0.345338,0.123953,-1.605012,-1.416064,0.564333,-0.041885,-0.26311,0.597617,-0.38984
0.505277,-3.055453,0.781723,-0.009945,0.014502,0.103136,0.994512,-0.106441,0.01474,-0.100535,0.302065,-0.195724,-0.020057,-0.258592,-0.097048,-0.152082,0.326226,-0.035792,0.056125,0.03239,-0.079991,-0.006434,-0.349248,0.238272,-0.661276,-0.210877,-0.265631,0.344039,0.115306,-1.529362,-1.384982,0.485551,-0.069554,-0.25925,0.609646,-0.393077
0.5048,-3.055465,0.781711,-0.009997,0.013454,0.102339,0.994608,-0.105072,0.015407,-0.099283,0.303434,-0.196468,-0.020534,-0.257846,-0.096104,-0.150514,0.327144,-0.03542,0.055849,0.030196,-0.083355,-0.006019,-0.342665,0.240018,-0.660267,-0.209931,-0.265443,0.34347,0.109628,-1.450079,-1.350154,0.409835,-0.090636,-0.259298,0.615615,-0.395195
0.504214,-3.055584,0.78179,-0.009528,0.01282,0.102567,0.994598,-0.104458,0.014177,-0.100003,0.303231,-0.194496,-0.019837,-0.256236,-0.097134,-0.151492,0.325331,-0.033707,0.055337,0.028902,-0.088176,-0.006103,-0.340267,0.243125,-0.663105,-0.209088,-0.266889,0.343038,0.107081,-1.393647,-1.315855,0.359609,-0.098679,-0.258177,0.622079,-0.395935
0.503431,-3.055655,0.781907,-0.0089,0.011861,0.101988,0.994675,-0.102903,0.013046,-0.098628,0.302739,-0.193143,-0.019059,-0.254791,-0.097651,-0.149752,0.323876,-0.032094,0.055453,0.028694,-0.093816,-0.005461,-0.338182,0.245902,-0.665249,-0.20775,-0.268318,0.344239,0.107152,-1.338906,-1.275681,0.312406,-0.103414,-0.25413,0.629386,-0.395208
0.50266,-3.055599,0.782011,-0.008158,0.010806,0.101167,0.994777,-0.100873,0.011726,-0.096775,0.30231,-0.19243,-0.017681,-0.252918,-0.098505,-0.14773,0.322016,-0.030814,0.055971,0.029369,-0.100248,-0.005295,-0.335932,0.249586,-0.667828,-0.20606,-0.268926,0.345844,0.110078,-1.288632,-1.232993,0.271196,-0.103512,-0.250318,0.634409,-0.389826
0.501995,-3.0556,0.782053,-0.007698,0.009938,0.100339,0.994874,-0.098805,0.011112,-0.09504,0.301155,-0.192504,-0.017062,-0.251465,-0.098672,-0.145976,0.320368,-0.029432,0.056577,0.030423,-0.106228,-0.00539,-0.333068,0.253442,-0.672179,-0.204364,-0.269366,0.347744,0.114127,-1.245167,-1.188022,0.23598,-0.100794,-0.24482,0.636176,-0.381542
0.50136,-3.055724,0.782069,-0.007464,0.009399,0.099813,0.994934,-0.097376,0.011067,-0.093911,0.299451,-0.192834,-0.017125,-0.250889,-0.098485,-0.144666,0.319245,-0.02819,0.056285,0.032667,-0.111567,-0.005616,-0.330705,0.256122,-0.677527,-0.202847,-0.27129,0.34861,0.11871,-1.210356,-1.150757,0.209267,-0.1008,-0.241258,0.634562,-0.373184
0.50069,-3.055911,0.782065,-0.007263,0.008976,0.099481,0.994973,-0.096483,0.011026,-0.093195,0.297943,-0.192922,-0.01747,-0.251093,-0.098517,-0.144253,0.31915,-0.027139,0.055793,0.035047,-0.115541,-0.006134,-0.329268,0.258812,-0.683756,-0.202571,-0.272559,0.346783,0.122871,-1.181794,-1.116554,0.187416,-0.097387,-0.234557,0.631727,-0.370313
0.500062,-3.056214,0.782035,-0.007148,0.008566,0.099444,0.994981,-0.095503,0.011271,-0.093232,0.296116,-0.193204,-0.018302,-0.251503,-0.098303,-0.143845,0.319777,-0.026989,0.054917,0.036636,-0.117771,-0.007201,-0.327444,0.259062,-0.689097,-0.201109,-0.27455,0.345197,0.12533,-1.156143,-1.069284,0.166131,-0.088015,-0.208334,0.619598,-0.38283
0.499465,-3.056625,0.781999,-0.007168,0.008227,0.099213,0.995006,-0.0945,0.012112,-0.092864,0.293992,-0.194168,-0.019689,-0.252251,-0.097745,-0.14404,0.320643,-0.026609,0.054409,0.038192,-0.119465,-0.008897,-0.325009,0.258527,-0.693,-0.19906,-0.277175,0.344323,0.126998,-1.132167,-1.011486,0.147404,-0.073045,-0.158519,0.597447,-0.419354
0.498836,-3.057112,0.782003,-0.00698,0.007953,0.099097,0.995021,-0.094248,0.012478,-0.092548,0.293008,-0.194831,-0.020473,-0.252848,-0.097502,-0.143916,0.320852,-0.026082,0.053728,0.039764,-0.121142,-0.011168,-0.322702,0.258393,-0.696771,-0.197583,-0.278334,0.343231,0.125938,-1.113677,-0.950909,0.133262,-0.050392,-0.092403,0.567436,-0.475048
0.498289,-3.057383,0.782104,-0.006333,0.007324,0.101983,0.994739,-0.094277,0.009802,-0.096761,0.2922,-0.192438,-0.021928,-0.251954,-0.101251,-0.14826,0.323396,-0.025513,0.050842,0.038412,-0.117843,-0.013558,-0.318346,0.248476,-0.700638,-0.195969,-0.279837,0.343716,0.12279,-1.103114,-0.904784,0.13155,-0.024958,-0.029416,0.533426,-0.532918
0.497873,-3.055453,0.782125,-0.006781,0.007843,0.098795,0.995054,-0.093438,0.009287,-0.09144,0.290856,-0.198059,-0.012559,-0.250613,-0.099731,-0.141558,0.314693,-0.025313,0.063157,0.041795,-0.117688,-0.018139,-0.31389,0.251584,-0.697363,-0.196452,-0.279554,0.3439,0.119069,-1.098473,-0.859296,0.138069,-0.005317,0.021492,0.499274,-0.584847
0.498188,-3.057478,0.781508,-0.007234,0.008638,0.098336,0.99509,-0.096377,0.013601,-0.09077,0.29342,-0.2007,-0.019846,-0.253237,-0.096159,-0.14329,0.316038,-0.025446,0.056359,0.044879,-0.117127,-0.021817,-0.312094,0.256505,-0.698724,-0.197467,-0.274554,0.339023,0.113273,-1.095319,-0.830714,0.143411,0.011177,0.052979,0.469369,-0.624213
0.497842,-3.058307,0.781627,-0.007524,0.009265,0.098485,0.995067,-0.099942,0.015219,-0.091502,0.295884,-0.200068,-0.022238,-0.255185,-0.094362,-0.143802,0.315542,-0.024598,0.05341,0.047806,-0.114714,-0.024843,-0.310194,0.256206,-0.698055,-0.196246,-0.272164,0.338607,0.10903,-1.088535,-0.793643,0.142584,0.028655,0.091478,0.43921,-0.663379
0.497518,-3.058713,0.781708,-0.007255,0.009513,0.098553,0.99506,-0.102077,0.014867,-0.091519,0.297759,-0.19908,-0.022104,-0.255555,-0.094413,-0.143786,0.314172,-0.024026,0.053021,0.048962,-0.111756,-0.027463,-0.306055,0.252415,-0.696883,-0.194195,-0.273421,0.338489,0.104835,-1.081943,-0.742562,0.1412,0.044264,0.139277,0.40045,-0.705058
0.497239,-3.058837,0.781793,-0.006562,0.009193,0.098172,0.995105,-0.102089,0.013459,-0.090876,0.298973,-0.198427,-0.020626,-0.254531,-0.095406,-0.143064,0.312714,-0.024052,0.053342,0.049487,-0.108549,-0.029919,-0.301456,0.248624,-0.695803,-0.192134,-0.275543,0.338931,0.100801,-1.078686,-0.68346,0.143335,0.063225,0.181227,0.353625,-0.739543
0.497136,-3.058875,0.781857,-0.005907,0.00859,0.097258,0.995205,-0.100337,0.012529,-0.088986,0.298792,-0.198009,-0.019953,-0.252843,-0.095651,-0.140771,0.311093,-0.02394,0.053924,0.049249,-0.104981,-0.032176,-0.298564,0.246132,-0.694431,-0.191414,-0.276648,0.339082,0.09877,-1.078179,-0.615451,0.150174,0.084889,0.214222,0.295376,-0.762972
0.497025,-3.058877,0.781908,-0.005309,0.008017,0.095831,0.995351,-0.097901,0.012064,-0.086053,0.297486,-0.197734,-0.019652,-0.250745,-0.095402,-0.137885,0.308015,-0.023505,0.054827,0.048931,-0.102017,-0.033772,-0.295393,0.242702,-0.692201,-0.191284,-0.279512,0.341335,0.099789,-1.078923,-0.556699,0.159841,0.102651,0.226332,0.235291,-0.767078
0.496976,-3.05883,0.781982,-0.004866,0.007634,0.094564,0.995478,-0.095852,0.011858,-0.083396,0.296084,-0.197181,-0.020559,-0.248906,-0.095163,-0.136101,0.305077,-0.02324,0.054707,0.048902,-0.099476,-0.035108,-0.292241,0.23734,-0.68989,-0.190701,-0.283945,0.341145,0.101247,-1.076732,-0.508645,0.167525,0.116961,0.226921,0.180185,-0.756822
0.496815,-3.0587,0.78205,-0.004555,0.007338,0.09402,0.995533,-0.09466,0.011401,-0.082248,0.295141,-0.19654,-0.020815,-0.247517,-0.095114,-0.133926,0.302769,-0.022669,0.054719,0.048083,-0.097034,-0.035855,-0.289319,0.233376,-0.687198,-0.190484,-0.286991,0.340172,0.101411,-1.072226,-0.470074,0.169216,0.13047,0.235102,0.142409,-0.741744
0.496631,-3.05843,0.782075,-0.0044,0.007203,0.094022,0.995534,-0.094308,0.010619,-0.081933,0.294733,-0.196027,-0.020508,-0.2467,-0.09583,-0.133886,0.301585,-0.022301,0.054865,0.046272,-0.094885,-0.036561,-0.286974,0.231761,-0.684397,-0.190005,-0.28782,0.340384,0.101871,-1.066331,-0.445811,0.168753,0.140179,0.24728,0.121887,-0.723968
0.496409,-3.058029,0.78207,-0.00429,0.007031,0.094333,0.995507,-0.094234,0.009613,-0.082221,0.294787,-0.195976,-0.020215,-0.246408,-0.097025,-0.134681,0.30164,-0.022101,0.055303,0.043941,-0.094061,-0.037014,-0.284966,0.231118,-0.682697,-0.189405,-0.28855,0.341714,0.101923,-1.060677,-0.442907,0.169356,0.143833,0.248476,0.11368,-0.709192
0.496226,-3.057649,0.782051,-0.004279,0.006727,0.094604,0.995483,-0.094129,0.008825,-0.082681,0.295469,-0.196421,-0.019566,-0.246366,-0.097875,-0.134893,0.302806,-0.022189,0.055558,0.041764,-0.093583,-0.037501,-0.283795,0.231269,-0.681953,-0.189256,-0.288818,0.342162,0.101845,-1.056666,-0.45124,0.16993,0.143103,0.246753,0.121313,-0.698411
0.496087,-3.057207,0.782005,-0.004336,0.006341,0.094627,0.995483,-0.093602,0.008292,-0.08259,0.296079,-0.19666,-0.019329,-0.246594,-0.098386,-0.134185,0.304688,-0.022001,0.055742,0.04077,-0.092876,-0.037819,-0.283151,0.231279,-0.682059,-0.189093,-0.288869,0.342128,0.101607,-1.054499,-0.463144,0.16934,0.140372,0.244706,0.140468,-0.690127
0.495957,-3.056734,0.781965,-0.004456,0.005956,0.094169,0.995528,-0.092735,0.008138,-0.081856,0.296384,-0.197758,-0.01927,-0.246559,-0.098379,-0.133136,0.305607,-0.021906,0.055616,0.040154,-0.091717,-0.038456,-0.282199,0.230571,-0.682231,-0.188807,-0.28954,0.342758,0.101733,-1.054315,-0.471583,0.169017,0.137547,0.243714,0.16287,-0.678918
0.495806,-3.056204,0.781874,-0.004406,0.005424,0.093217,0.995621,-0.091777,0.007839,-0.079872,0.297503,-0.198797,-0.01909,-0.246332,-0.098449,-0.13159,0.306391,-0.021687,0.055578,0.040769,-0.090977,-0.039002,-0.281705,0.22887,-0.681972,-0.188773,-0.290994,0.343161,0.102365,-1.054975,-0.477098,0.170463,0.136041,0.243611,0.181485,-0.666208
0.495637,-3.055582,0.781832,-0.004398,0.004987,0.092596,0.995682,-0.09101,0.007192,-0.078704,0.298373,-0.199305,-0.018734,-0.246187,-0.098672,-0.129672,0.30706,-0.021014,0.055908,0.04145,-0.090307,-0.039693,-0.28205,0.227841,-0.681205,-0.189303,-0.291582,0.341473,0.103455,-1.054737,-0.481679,0.17321,0.133959,0.242843,0.191137,-0.653639
0.49535,-3.054822,0.7818,-0.0044,0.004588,0.092278,0.995713,-0.090811,0.00634,-0.077464,0.299645,-0.199833,-0.018498,-0.245382,-0.099386,-0.12874,0.306239,-0.019588,0.05727,0.04121,-0.089491,-0.040573,-0.281288,0.227227,-0.678594,-0.189739,-0.291211,0.339573,0.103965,-1.049838,-0.483422,0.175975,0.128127,0.244924,0.193131,-0.639731
0.495056,-3.053914,0.781881,-0.004609,0.004092,0.092646,0.99568,-0.091335,0.005273,-0.077503,0.302184,-0.200123,-0.018158,-0.243343,-0.100537,-0.129452,0.304216,-0.017656,0.058994,0.039812,-0.088736,-0.041607,-0.278195,0.226167,-0.673568,-0.189955,-0.291591,0.338229,0.102387,-1.035539,-0.491493,0.181297,0.116681,0.24172,0.180414,-0.622771
0.494804,-3.052717,0.781928,-0.005257,0.003457,0.094224,0.995531,-0.091837,0.004047,-0.080428,0.304908,-0.200774,-0.016441,-0.239959,-0.10172,-0.131147,0.301306,-0.015303,0.061147,0.037008,-0.086996,-0.042771,-0.273112,0.227032,-0.666928,-0.189474,-0.291751,0.335582,0.099044,-1.009448,-0.507427,0.189527,0.100321,0.229774,0.150648,-0.597025
0.494564,-3.0514,0.782085,-0.005919,0.002627,0.096373,0.995324,-0.092359,0.002315,-0.084255,0.308094,-0.201646,-0.014784,-0.235481,-0.103872,-0.135075,0.297974,-0.012754,0.064073,0.031989,-0.085387,-0.044423,-0.262395,0.232236,-0.656706,-0.187294,-0.290514,0.329645,0.092479,-0.964658,-0.525095,0.203931,0.078891,0.211782,0.097182,-0.558564
0.494367,-3.049532,0.782212,-0.006712,0.001548,0.099061,0.995058,-0.092839,-0.000185,-0.088727,0.312365,-0.203251,-0.012406,-0.229954,-0.106719,-0.138938,0.294574,-0.010403,0.067977,0.024104,-0.084723,-0.044463,-0.244273,0.246267,-0.640945,-0.182751,-0.289072,0.32726,0.081223,-0.891754,-0.554366,0.232124,0.043901,0.186491,0.017115,-0.514536
0.4941,-3.047326,0.782249,-0.007912,0.000321,0.100222,0.994934,-0.093722,-0.00156,-0.090817,0.319309,-0.207431,-0.009902,-0.225016,-0.10816,-0.142017,0.2914,-0.008074,0.071283,0.018598,-0.084078,-0.045096,-0.210949,0.27478,-0.621938,-0.177228,-0.281894,0.332842,0.06344,-0.780218,-0.59524,0.268583,-0.00176,0.158478,-0.071819,-0.48525
0.493994,-3.045031,0.782206,-0.009321,-0.000623,0.101339,0.994808,-0.093992,-0.002421,-0.092665,0.324291,-0.211796,-0.008199,-0.220965,-0.108869,-0.143561,0.288847,-0.005614,0.073514,0.011687,-0.081894,-0.043423,-0.164753,0.317825,-0.600477,-0.167718,-0.26683,0.340488,0.036389,-0.64982,-0.635775,0.306233,-0.040888,0.137573,-0.148934,-0.473179
0.493692,-3.042176,0.782165,-0.010518,-0.001253,0.101403,0.994789,-0.095429,-0.004192,-0.092381,0.330786,-0.215837,-0.005877,-0.218371,-0.110137,-0.143188,0.286392,-0.002267,0.075774,0.004337,-0.079202,-0.040995,-0.105117,0.368844,-0.574248,-0.151395,-0.240391,0.366125,-0.006571,-0.512512,-0.679358,0.33544,-0.069567,0.103873,-0.204852,-0.486854
0.493044,-3.039058,0.782019,-0.011408,-0.00177,0.101191,0.9948,-0.097715,-0.007161,-0.091152,0.337556,-0.218727,-0.00191,-0.216865,-0.112426,-0.142475,0.284321,0.001536,0.077936,-0.004592,-0.075771,-0.036701,-0.034018,0.423743,-0.537797,-0.126079,-0.195864,0.387333,-0.057803,-0.376426,-0.714111,0.358029,-0.08296,0.07167,-0.219774,-0.515665
0.491694,-3.03452,0.78178,-0.012984,-0.00189,0.098704,0.99503,-0.101112,-0.009414,-0.085269,0.345046,-0.223779,0.002342,-0.218279,-0.113074,-0.135671,0.281723,0.007702,0.081079,-0.013241,-0.071856,-0.033164,0.053424,0.46713,-0.491864,-0.088134,-0.161312,0.403842,-0.071849,-0.255714,-0.730241,0.371459,-0.072997,0.051008,-0.19874,-0.531403
0.490021,-3.031499,0.781292,-0.014126,-0.002053,0.096698,0.995211,-0.105784,-0.010864,-0.081061,0.352908,-0.227353,0.002633,-0.220846,-0.113496,-0.131575,0.280644,0.013494,0.080991,-0.019718,-0.067803,-0.029552,0.117446,0.512033,-0.453373,-0.030759,-0.109974,0.429475,-0.089598,-0.146833,-0.733696,0.37153,-0.038964,0.038806,-0.159226,-0.522353
0.487195,-3.027036,0.780516,-0.015378,-0.001847,0.093415,0.995507,-0.113277,-0.01373,-0.073522,0.363307,-0.231857,0.006142,-0.22733,-0.115037,-0.124847,0.281127,0.021016,0.082138,-0.022492,-0.063869,-0.028345,0.1666,0.547147,-0.42181,0.047325,-0.045475,0.453367,-0.113281,-0.042407,-0.7192,0.361135,0.010253,0.032927,-0.101323,-0.49796
0.484076,-3.022515,0.780039,-0.015532,-0.003015,0.088783,0.995925,-0.117787,-0.018121,-0.062898,0.373668,-0.231804,0.012145,-0.232618,-0.117393,-0.113868,0.282773,0.030354,0.081263,-0.022524,-0.062532,-0.025654,0.202447,0.566852,-0.396703,0.143376,0.02177,0.466866,-0.144886,0.050386,-0.685137,0.347344,0.080294,0.033691,-0.04329,-0.45774
0.480378,-3.017551,0.77952,-0.015605,-0.005434,0.084792,0.996262,-0.117788,-0.02325,-0.052522,0.378388,-0.232146,0.01664,-0.235662,-0.120514,-0.102653,0.284833,0.038515,0.080851,-0.025473,-0.060676,-0.020518,0.231818,0.559091,-0.369703,0.2478,0.074956,0.474835,-0.177969,0.12385,-0.649754,0.335566,0.162374,0.023665,-0.007571,-0.409677
0.476008,-3.011892,0.778687,-0.015452,-0.009074,0.081222,0.996535,-0.115071,-0.029886,-0.042602,0.381434,-0.231499,0.02149,-0.23731,-0.125398,-0.091195,0.288268,0.046314,0.083309,-0.032892,-0.059346,-0.014559,0.257455,0.527809,-0.338652,0.357174,0.103028,0.471833,-0.20415,0.175713,-0.622307,0.340756,0.253861,0.006473,0.012758,-0.362937
0.47208,-3.006073,0.777803,-0.014847,-0.013218,0.075426,0.996953,-0.10896,-0.035862,-0.028348,0.382138,-0.230345,0.024522,-0.241047,-0.12951,-0.076096,0.297185,0.04949,0.08304,-0.041221,-0.058422,-0.008001,0.276909,0.486454,-0.308292,0.461286,0.10811,0.464416,-0.214603,0.210012,-0.5955,0.359263,0.347185,-0.001569,0.028828,-0.318667
0.467569,-3.000306,0.777177,-0.012614,-0.016812,0.070073,0.99732,-0.096472,-0.045634,-0.014914,0.364299,-0.217729,0.028935,-0.243202,-0.136919,-0.062811,0.299307,0.053244,0.078955,-0.049648,-0.058738,-0.005878,0.303954,0.453499,-0.289403,0.532008,0.105721,0.46447,-0.217141,0.251009,-0.577192,0.373557,0.414608,0.009942,0.046632,-0.276554
0.463121,-2.995362,0.775921,-0.008466,-0.02116,0.061428,0.997851,-0.088651,-0.05664,0.007474,0.361676,-0.213017,0.033822,-0.254993,-0.154109,-0.081303,0.325073,0.036977,0.070138,-0.051327,-0.064431,0.000058,0.304342,0.422033,-0.278749,0.612626,0.098475,0.462891,-0.216556,0.269322,-0.545329,0.387078,0.49123,0.020058,0.066572,-0.249061
0.458899,-2.991614,0.774352,-0.005368,-0.027615,0.054228,0.998132,-0.08914,-0.063648,0.027465,0.385307,-0.217029,0.040235,-0.277739,-0.178475,-0.112724,0.392115,0.003441,0.070055,-0.054524,-0.069076,0.013603,0.279163,0.391035,-0.269932,0.70437,0.087207,0.460701,-0.211428,0.263159,-0.501209,0.396565,0.585157,0.027062,0.095789,-0.229962
0.455205,-2.989188,0.774226,-0.005802,-0.033033,0.051721,0.998098,-0.089893,-0.063972,0.033765,0.400967,-0.212748,0.04686,-0.287042,-0.198138,-0.130288,0.462851,-0.024827,0.066997,-0.061094,-0.06511,0.02197,0.268505,0.367278,-0.262705,0.765932,0.073912,0.461261,-0.199038,0.265539,-0.461134,0.385772,0.672089,0.047103,0.142006,-0.200136
0.451639,-2.988032,0.774785,-0.009634,-0.038217,0.050096,0.997966,-0.094909,-0.055346,0.035628,0.423311,-0.211509,0.051656,-0.287732,-0.206105,-0.140029,0.547483,-0.050728,0.057723,-0.066697,-0.053422,0.029126,0.256786,0.347673,-0.258433,0.817063,0.059011,0.471131,-0.176935,0.259827,-0.416679,0.360435,0.769191,0.073786,0.19798,-0.149762
0.448281,-2.988028,0.774977,-0.013762,-0.042727,0.046437,0.997912,-0.100639,-0.043445,0.038033,0.44487,-0.21552,0.050923,-0.275447,-0.206918,-0.139081,0.62506,-0.073939,0.046126,-0.067505,-0.040564,0.033596,0.248714,0.333871,-0.258844,0.850475,0.044838,0.487007,-0.14666,0.246487,-0.380726,0.333312,0.858276,0.087545,0.263047,-0.071324
0.445399,-2.988941,0.774705,-0.016594,-0.046486,0.039876,0.997985,-0.101847,-0.031592,0.044126,0.458794,-0.224593,0.045932,-0.259454,-0.21078,-0.139003,0.701751,-0.094563,0.036007,-0.063497,-0.030158,0.035339,0.247257,0.329295,-0.268048,0.861885,0.034101,0.495979,-0.112586,0.231012,-0.361046,0.321324,0.917834,0.068763,0.322187,0.034234
0.442976,-2.990601,0.774073,-0.016676,-0.048425,0.032485,0.998159,-0.101201,-0.024053,0.055027,0.463293,-0.230402,0.039254,-0.237642,-0.220223,-0.131222,0.764677,-0.113531,0.032557,-0.058418,-0.024485,0.030197,0.251736,0.329671,-0.282731,0.862386,0.028826,0.491934,-0.083465,0.220621,-0.359054,0.330411,0.937796,0.01639,0.348798,0.158843
0.441179,-2.992807,0.773909,-0.016044,-0.047061,0.02585,0.998429,-0.10225,-0.018194,0.064857,0.457466,-0.231186,0.032567,-0.213243,-0.228598,-0.118061,0.808324,-0.129383,0.041344,-0.054529,-0.019638,0.017022,0.258401,0.326613,-0.286635,0.864894,0.024552,0.484322,-0.063637,0.220545,-0.36667,0.344974,0.926802,-0.043169,0.337179,0.277595
0.439252,-2.995754,0.774369,-0.015418,-0.043443,0.020237,0.998732,-0.106315,-0.011739,0.073645,0.445948,-0.224819,0.025911,-0.182216,-0.229196,-0.100222,0.820388,-0.141385,0.058755,-0.05204,-0.014491,-0.000066,0.263007,0.318378,-0.274732,0.874559,0.015044,0.481669,-0.051772,0.227673,-0.375017,0.352642,0.906665,-0.082485,0.320029,0.358139
0.436728,-3.000037,0.775527,-0.016349,-0.038925,0.014651,0.999001,-0.110581,-0.000646,0.078931,0.428789,-0.216884,0.020003,-0.144968,-0.21599,-0.076831,0.798104,-0.142138,0.088832,-0.049952,-0.005811,-0.018656,0.266755,0.318295,-0.272732,0.876893,0.013207,0.483389,-0.048285,0.234828,-0.382253,0.359496,0.889555,-0.102582,0.320708,0.390073
0.433481,-3.005975,0.776086,-0.015141,-0.031858,0.005539,0.999362,-0.123389,0.011318,0.092811,0.415828,-0.208466,0.013092,-0.090709,-0.207538,-0.071449,0.71108,-0.168563,0.13803,-0.040318,-0.002418,-0.040298,0.267655,0.330499,-0.286212,0.867934,0.024058,0.485461,-0.052678,0.237512,-0.392566,0.377623,0.873155,-0.11439,0.329849,0.383064
0.42935,-3.013966,0.774656,-0.005454,-0.023952,-0.006001,0.99968,-0.139257,0.009146,0.116594,0.405551,-0.199935,0.006394,-0.028503,-0.218868,-0.076156,0.56941,-0.208296,0.177823,-0.024595,-0.018246,-0.06062,0.264006,0.347565,-0.299401,0.85798,0.039147,0.477196,-0.067236,0.235166,-0.405677,0.406077,0.859844,-0.123371,0.334762,0.352933
0.424734,-3.023719,0.773521,0.002653,-0.019684,-0.019127,0.99962,-0.14831,0.01503,0.141145,0.398965,-0.191795,-0.002559,0.004643,-0.224827,-0.086369,0.474223,-0.247852,0.187775,-0.00588,-0.032357,-0.068219,0.256911,0.358902,-0.299252,0.852619,0.049105,0.471804,-0.089714,0.229681,-0.411326,0.423464,0.858275,-0.115117,0.326855,0.305912
0.419192,-3.034764,0.773057,0.007724,-0.016864,-0.033246,0.999275,-0.153156,0.030412,0.164779,0.39011,-0.181235,-0.012329,0.020547,-0.217661,-0.088714,0.416324,-0.281523,0.170957,0.012321,-0.040556,-0.068804,0.249563,0.361474,-0.288149,0.851983,0.046377,0.470685,-0.104643,0.219944,-0.405093,0.426688,0.871146,-0.09236,0.319314,0.252246
0.412335,-3.047059,0.773732,0.010108,-0.01528,-0.043454,0.998887,-0.15622,0.050817,0.180227,0.377199,-0.16216,-0.023537,0.023943,-0.19846,-0.081028,0.385052,-0.296187,0.146438,0.019582,-0.043126,-0.065609,0.244222,0.358366,-0.275735,0.850712,0.035824,0.476281,-0.112398,0.205924,-0.395727,0.429681,0.884554,-0.068928,0.317712,0.204809
0.404241,-3.060169,0.774965,0.010086,-0.014212,-0.04831,0.99868,-0.160055,0.073526,0.183491,0.360097,-0.136033,-0.035146,0.019327,-0.172827,-0.076499,0.370839,-0.296924,0.120775,0.014163,-0.040262,-0.060869,0.241185,0.355305,-0.274176,0.846059,0.024973,0.477091,-0.11825,0.190392,-0.39462,0.447903,0.883922,-0.057843,0.314994,0.175327
0.395436,-3.07381,0.776318,0.008737,-0.013207,-0.049166,0.998665,-0.166683,0.096805,0.177656,0.342588,-0.106383,-0.044538,0.010121,-0.145657,-0.079814,0.36701,-0.289157,0.105504,0.003586,-0.033712,-0.056918,0.238279,0.350394,-0.274699,0.837021,0.015017,0.47269,-0.126573,0.179455,-0.400646,0.474213,0.871869,-0.057126,0.304731,0.169298
0.386318,-3.08703,0.777361,0.006786,-0.012685,-0.047716,0.998757,-0.174357,0.118785,0.167129,0.325943,-0.076279,-0.05113,-0.002449,-0.119418,-0.084853,0.371836,-0.278079,0.094114,-0.005696,-0.023977,-0.051576,0.235559,0.345658,-0.279168,0.819855,0.013624,0.460957,-0.138417,0.173787,-0.407881,0.492766,0.858458,-0.056586,0.293726,0.1829
0.377308,-3.099503,0.778194,0.004881,-0.012186,-0.046048,0.998853,-0.182105,0.139032,0.155689,0.30876,-0.046344,-0.056959,-0.016032,-0.095379,-0.091091,0.377274,-0.267986,0.082934,-0.00803,-0.01353,-0.046771,0.229657,0.340696,-0.280492,0.804561,0.019489,0.453265,-0.150352,0.174083,-0.411753,0.499235,0.848005,-0.053469,0.289277,0.207783
0.368358,-3.111299,0.778478,0.00383,-0.011769,-0.043247,0.998988,-0.191424,0.155244,0.141718,0.293537,-0.016725,-0.061886,-0.026724,-0.075514,-0.101115,0.377418,-0.261274,0.074899,-0.003881,-0.005315,-0.043809,0.221536,0.334461,-0.278356,0.790376,0.025014,0.454007,-0.157094,0.179269,-0.41411,0.500262,0.843742,-0.051299,0.292772,0.23599
0.359562,-3.122489,0.778269,0.003651,-0.011939,-0.037945,0.999202,-0.203583,0.166383,0.122314,0.282838,0.011568,-0.069464,-0.030893,-0.059723,-0.115453,0.369124,-0.257951,0.066792,0.00258,0.000262,-0.041552,0.20907,0.331803,-0.279783,0.783141,0.030855,0.451447,-0.158205,0.186189,-0.416646,0.5003,0.845214,-0.053679,0.302438,0.26025
0.351306,-3.132653,0.777731,0.003132,-0.013041,-0.030086,0.999457,-0.215761,0.173274,0.094184,0.274777,0.033069,-0.078885,-0.028942,-0.045638,-0.134612,0.356094,-0.255809,0.058366,0.007113,0.006639,-0.038331,0.19544,0.328821,-0.280286,0.786081,0.036602,0.44808,-0.151294,0.192078,-0.423165,0.503547,0.850008,-0.063368,0.312862,0.278052
0.344056,-3.141088,0.776997,0.002156,-0.015677,-0.022563,0.99962,-0.226205,0.17847,0.06114,0.274981,0.038417,-0.096889,-0.0224,-0.033256,-0.153262,0.341983,-0.253961,0.050757,0.010573,0.014913,-0.033646,0.187728,0.327221,-0.283171,0.790256,0.042512,0.44814,-0.134284,0.19602,-0.4351,0.512039,0.854373,-0.078635,0.319112,0.289487
0.337992,-3.147782,0.776941,0.003241,-0.02069,-0.017139,0.999634,-0.243653,0.179686,0.036298,0.309542,0.03936,-0.118408,-0.009682,-0.026829,-0.165624,0.326683,-0.249282,0.045955,0.015654,0.018947,-0.026157,0.187326,0.329343,-0.286626,0.792195,0.044771,0.447747,-0.10439,0.200578,-0.449528,0.521737,0.856231,-0.095523,0.31876,0.296325
0.333185,-3.152793,0.776483,0.000344,-0.026402,-0.014647,0.999544,-0.253008,0.193248,0.04039,0.359219,0.005497,-0.135469,0.005452,-0.012278,-0.173331,0.310317,-0.242588,0.038335,0.021777,0.030983,-0.018375,0.194139,0.324526,-0.274452,0.798104,0.025553,0.432092,-0.057381,0.206312,-0.463341,0.525169,0.856306,-0.106157,0.309458,0.298778
0.329382,-3.156398,0.776344,-0.001293,-0.030024,-0.014157,0.999448,-0.247813,0.206455,0.063319,0.412379,-0.039648,-0.144014,0.014805,-0.002056,-0.176219,0.296697,-0.237135,0.030067,0.024927,0.039803,-0.017847,0.207073,0.315721,-0.257492,0.810876,-0.002033,0.418963,-0.010793,0.210507,-0.474313,0.523919,0.858395,-0.112604,0.300978,0.297571
0.326452,-3.158767,0.77694,0.002878,-0.03109,-0.014524,0.999407,-0.235234,0.199715,0.067525,0.467534,-0.079338,-0.160832,0.018215,-0.00694,-0.175356,0.285513,-0.23511,0.027702,0.024181,0.036616,-0.024424,0.222473,0.305069,-0.239773,0.8288,-0.028407,0.419162,0.02007,0.211758,-0.481801,0.519435,0.864885,-0.118676,0.29833,0.293382
