-1.004906,-3.42387,0.77549,-0.003394,0.109347,-0.031266,0.993506,-0.415682,0.04109,-0.011462,0.113434,0.073108,-0.016567,-0.402296,-0.051746,-0.130742,0.197936,-0.003819,0.042515,-0.009854,-0.089995,0.242886,-0.68153,0.55157,-0.11892,-0.487598,-0.063639,0.192242,0.217873,-0.381835,-0.720062,0.369541,-0.287357,-0.235643,0.049925,-0.304483
-1.004648,-3.423777,0.775614,-0.003556,0.109682,-0.031076,0.993474,-0.416668,0.041131,-0.01188,0.114398,0.073586,-0.016189,-0.402046,-0.051673,-0.131271,0.196759,-0.002565,0.042458,-0.0083,-0.090474,0.241578,-0.688312,0.523505,-0.114342,-0.456348,-0.074722,0.152936,0.084034,-0.374799,-0.721188,0.363617,-0.289857,-0.240116,0.042702,-0.269805
-1.004358,-3.423744,0.775763,-0.003587,0.109804,-0.030758,0.993471,-0.417074,0.04069,-0.012668,0.114991,0.074939,-0.015557,-0.40127,-0.051856,-0.131592,0.19555,-0.00163,0.042487,-0.006207,-0.090948,0.240493,-0.698925,0.505432,-0.107876,-0.427643,-0.09,0.116731,-0.054327,-0.368094,-0.723956,0.356792,-0.292677,-0.243245,0.04555,-0.242864
-1.004152,-3.423843,0.775872,-0.003488,0.109778,-0.030474,0.993483,-0.417082,0.040384,-0.012887,0.115269,0.076968,-0.015756,-0.400502,-0.052256,-0.132185,0.19493,-0.001005,0.043177,-0.006161,-0.091333,0.24043,-0.712358,0.512378,-0.098344,-0.412129,-0.08604,0.100241,-0.170555,-0.3643,-0.725951,0.352673,-0.295044,-0.245075,0.051154,-0.224965
-1.004033,-3.423986,0.775946,-0.003348,0.109777,-0.030489,0.993483,-0.416799,0.040266,-0.012846,0.114825,0.078847,-0.015818,-0.400442,-0.052391,-0.132102,0.19495,-0.000137,0.043558,-0.007743,-0.091952,0.241255,-0.721,0.533389,-0.089948,-0.41344,-0.063057,0.100177,-0.244205,-0.363513,-0.727383,0.351053,-0.297023,-0.24674,0.055048,-0.217917
-1.003955,-3.424126,0.776004,-0.003239,0.109889,-0.030758,0.993463,-0.41645,0.040619,-0.012095,0.11388,0.080757,-0.016791,-0.400927,-0.052117,-0.131406,0.1952,0.000824,0.042734,-0.008788,-0.092494,0.242419,-0.721581,0.550644,-0.088676,-0.425532,-0.03891,0.105709,-0.266284,-0.363208,-0.727358,0.350523,-0.29755,-0.24736,0.057651,-0.220366
-1.003886,-3.424199,0.776052,-0.003078,0.110089,-0.031169,0.993428,-0.416302,0.040935,-0.011039,0.113028,0.082289,-0.017492,-0.401523,-0.051968,-0.130665,0.195144,0.00162,0.042395,-0.007591,-0.092976,0.243585,-0.716007,0.560455,-0.091004,-0.444442,-0.019219,0.118894,-0.238965,-0.361493,-0.726722,0.349389,-0.298009,-0.246826,0.058919,-0.230102
-1.003805,-3.424201,0.776067,-0.002869,0.110305,-0.031508,0.993394,-0.416507,0.040727,-0.010537,0.112772,0.082752,-0.017671,-0.402044,-0.052062,-0.129981,0.194998,0.001996,0.042252,-0.00604,-0.093302,0.244956,-0.708853,0.569181,-0.092174,-0.467858,-0.000426,0.142303,-0.168654,-0.360314,-0.726169,0.34931,-0.297879,-0.245512,0.059208,-0.243324
-1.003793,-3.424144,0.776098,-0.002623,0.110299,-0.031842,0.993385,-0.416562,0.040296,-0.009955,0.113202,0.082464,-0.016845,-0.402179,-0.052317,-0.129153,0.194963,0.002092,0.041886,-0.005207,-0.093596,0.247231,-0.697978,0.57785,-0.097866,-0.492401,0.009267,0.172614,-0.065585,-0.361341,-0.725514,0.352558,-0.297382,-0.242723,0.057851,-0.256454
-1.003811,-3.424152,0.776081,-0.002486,0.110155,-0.03214,0.993392,-0.416078,0.040343,-0.009269,0.113204,0.081985,-0.01683,-0.401935,-0.052313,-0.128551,0.194809,0.00175,0.041739,-0.005015,-0.093134,0.249096,-0.688089,0.591748,-0.10872,-0.51989,0.0072,0.219688,0.068985,-0.363214,-0.726056,0.3579,-0.297419,-0.240187,0.055681,-0.268562
-1.00393,-3.424253,0.776063,-0.002338,0.110108,-0.032365,0.99339,-0.415771,0.040292,-0.009042,0.112646,0.081976,-0.01656,-0.401777,-0.052238,-0.128141,0.194125,0.002272,0.04185,-0.00517,-0.092079,0.25072,-0.683662,0.619816,-0.114502,-0.548781,0.003996,0.259423,0.21432,-0.364376,-0.727572,0.361481,-0.298439,-0.239142,0.053815,-0.279527
-1.00412,-3.424402,0.776013,-0.002258,0.110112,-0.032511,0.993385,-0.415734,0.040594,-0.008583,0.112075,0.082515,-0.016814,-0.401512,-0.052001,-0.127902,0.192883,0.002805,0.042018,-0.005434,-0.090791,0.252075,-0.683477,0.651245,-0.113753,-0.575185,-0.000098,0.289705,0.351664,-0.36408,-0.728805,0.361706,-0.298533,-0.238651,0.054857,-0.289759
-1.004383,-3.424572,0.775942,-0.002169,0.110097,-0.032627,0.993383,-0.415865,0.040848,-0.008351,0.111755,0.082656,-0.017313,-0.40132,-0.051665,-0.127651,0.191698,0.003492,0.041653,-0.004749,-0.089682,0.253354,-0.68415,0.68013,-0.107766,-0.598072,-0.002396,0.310126,0.461702,-0.362475,-0.728655,0.360147,-0.297547,-0.237082,0.057626,-0.295437
-1.004678,-3.424752,0.77586,-0.002021,0.110076,-0.032703,0.993383,-0.416195,0.040695,-0.008599,0.111678,0.08256,-0.016941,-0.401529,-0.051625,-0.12753,0.191247,0.003279,0.041638,-0.004104,-0.08898,0.254031,-0.685553,0.705829,-0.09712,-0.616619,-0.006972,0.335532,0.541752,-0.360921,-0.728198,0.357191,-0.297358,-0.236192,0.059726,-0.298181
-1.004981,-3.424891,0.775799,-0.00186,0.110011,-0.032734,0.993389,-0.416456,0.040768,-0.007948,0.11171,0.08299,-0.017266,-0.40194,-0.05171,-0.127489,0.191511,0.00286,0.041624,-0.00384,-0.088898,0.25431,-0.686563,0.729,-0.081727,-0.627224,-0.006279,0.356543,0.588869,-0.360316,-0.728101,0.354359,-0.298018,-0.236589,0.060213,-0.298037
-1.005223,-3.424991,0.775718,-0.001755,0.109881,-0.0328,0.993402,-0.416552,0.040694,-0.008153,0.11189,0.082594,-0.017147,-0.40229,-0.051676,-0.127099,0.192186,0.00219,0.041223,-0.004174,-0.089081,0.253908,-0.689363,0.742078,-0.066138,-0.623389,-0.004934,0.370679,0.598359,-0.360546,-0.728247,0.353019,-0.298896,-0.23716,0.059877,-0.295637
-1.005462,-3.425104,0.775673,-0.001779,0.109585,-0.032892,0.993431,-0.416413,0.041062,-0.007871,0.112527,0.081898,-0.017518,-0.40221,-0.051436,-0.127123,0.192839,0.001166,0.041382,-0.004482,-0.090096,0.253483,-0.690243,0.733723,-0.056736,-0.605282,-0.000785,0.36119,0.559919,-0.361355,-0.727419,0.352409,-0.29941,-0.237115,0.058612,-0.291866
-1.005623,-3.425165,0.775693,-0.001862,0.10922,-0.032773,0.993475,-0.416103,0.041203,-0.008181,0.113155,0.081177,-0.017312,-0.401508,-0.051312,-0.127373,0.192891,0.000537,0.041243,-0.004742,-0.09127,0.25218,-0.692183,0.690502,-0.064781,-0.571381,-0.005451,0.320904,0.467116,-0.361917,-0.726785,0.353085,-0.29855,-0.237301,0.057201,-0.288165
-1.005762,-3.425152,0.775764,-0.002128,0.108847,-0.032348,0.99353,-0.415673,0.041337,-0.008943,0.113364,0.080925,-0.017248,-0.400337,-0.051161,-0.128325,0.192376,0.000414,0.041543,-0.003781,-0.092447,0.250927,-0.689864,0.609481,-0.094548,-0.527217,-0.036077,0.244508,0.324561,-0.360791,-0.724998,0.353405,-0.297245,-0.236882,0.056433,-0.284537
-1.005907,-3.425192,0.775764,-0.002407,0.108705,-0.031792,0.993563,-0.415707,0.041484,-0.010159,0.113227,0.081181,-0.017533,-0.399631,-0.05101,-0.129532,0.191883,-0.000068,0.04137,-0.001602,-0.092811,0.250459,-0.681948,0.536561,-0.125142,-0.496486,-0.081324,0.163671,0.162545,-0.35821,-0.723132,0.351468,-0.29688,-0.23605,0.057485,-0.283395
-1.006086,-3.425406,0.775731,-0.002506,0.108754,-0.031449,0.993568,-0.416106,0.041793,-0.01068,0.112999,0.081775,-0.017694,-0.399806,-0.050815,-0.130388,0.191933,-0.000324,0.04168,-0.000512,-0.092382,0.250808,-0.67826,0.511871,-0.134295,-0.485883,-0.094933,0.121864,0.019581,-0.357041,-0.722346,0.350273,-0.296816,-0.236607,0.058447,-0.283263
-1.00625,-3.42565,0.775695,-0.00252,0.108884,-0.031175,0.993562,-0.416576,0.041852,-0.011313,0.112581,0.082125,-0.017558,-0.400466,-0.050757,-0.130973,0.192487,-0.000508,0.04189,-0.001576,-0.091993,0.251629,-0.677157,0.516337,-0.129246,-0.483859,-0.07127,0.115968,-0.085909,-0.357532,-0.721154,0.351838,-0.296459,-0.237038,0.058654,-0.283131
-1.006339,-3.425892,0.775705,-0.002591,0.109072,-0.03086,0.993551,-0.417208,0.041921,-0.012495,0.112396,0.082595,-0.017303,-0.401062,-0.050627,-0.131778,0.192909,-0.00054,0.041801,-0.00318,-0.092051,0.25182,-0.675336,0.516879,-0.123192,-0.479833,-0.046295,0.11831,-0.152526,-0.359113,-0.719278,0.354882,-0.295913,-0.23701,0.058212,-0.283154
-1.006401,-3.42606,0.775679,-0.002735,0.109453,-0.030349,0.993525,-0.418404,0.042228,-0.013308,0.112475,0.083011,-0.01714,-0.401751,-0.05052,-0.132771,0.192857,0.000044,0.041958,-0.003659,-0.092037,0.251687,-0.673469,0.512608,-0.118372,-0.475051,-0.033198,0.119922,-0.179164,-0.360245,-0.719366,0.356802,-0.296651,-0.237592,0.058002,-0.284455
-1.006442,-3.426196,0.775705,-0.002692,0.109779,-0.029857,0.993504,-0.419621,0.041951,-0.013672,0.112856,0.08403,-0.016713,-0.401998,-0.050693,-0.133381,0.192124,0.000425,0.041174,-0.003228,-0.092043,0.252238,-0.676472,0.509915,-0.111742,-0.473187,-0.023087,0.12648,-0.171359,-0.360953,-0.721001,0.358529,-0.298126,-0.238937,0.058276,-0.287343
-1.006454,-3.426305,0.775728,-0.002774,0.110022,-0.029696,0.993482,-0.420285,0.04193,-0.01477,0.11264,0.085257,-0.017753,-0.401936,-0.050531,-0.134114,0.190939,0.00102,0.041455,-0.00212,-0.091511,0.253186,-0.677225,0.502372,-0.105083,-0.470651,-0.020251,0.142065,-0.137009,-0.360213,-0.722007,0.36113,-0.299067,-0.239202,0.05922,-0.290338
-1.006392,-3.426341,0.775777,-0.002839,0.110164,-0.029532,0.993471,-0.420381,0.042271,-0.014447,0.112331,0.085771,-0.018254,-0.401339,-0.050309,-0.134302,0.189335,0.002177,0.041222,-0.001551,-0.091076,0.253684,-0.672901,0.488223,-0.104996,-0.473674,-0.030646,0.16747,-0.08218,-0.358904,-0.721624,0.364732,-0.29906,-0.238228,0.059989,-0.291664
-1.006271,-3.426377,0.775842,-0.002702,0.110256,-0.029569,0.99346,-0.420363,0.041675,-0.015111,0.112039,0.085809,-0.017671,-0.400625,-0.050536,-0.13448,0.187751,0.002395,0.041784,-0.000038,-0.090812,0.254271,-0.667485,0.485078,-0.109242,-0.489778,-0.040464,0.198443,-0.007168,-0.356275,-0.720661,0.366845,-0.298684,-0.237455,0.059837,-0.29175
-1.006164,-3.426432,0.775806,-0.002556,0.110237,-0.029575,0.993462,-0.420172,0.04158,-0.014732,0.112109,0.08597,-0.018227,-0.400284,-0.050537,-0.133913,0.187394,0.002763,0.040969,0.001696,-0.089568,0.255517,-0.661172,0.510028,-0.108498,-0.522376,-0.031513,0.240794,0.092722,-0.352997,-0.720895,0.366372,-0.298453,-0.23758,0.058994,-0.291649
-1.006043,-3.426527,0.775817,-0.00248,0.110146,-0.029949,0.993461,-0.419586,0.041894,-0.014263,0.112081,0.085415,-0.018624,-0.400665,-0.050518,-0.133759,0.188505,0.001923,0.041184,0.002342,-0.088116,0.256917,-0.656182,0.554109,-0.103612,-0.556029,-0.010098,0.287048,0.205052,-0.35201,-0.720665,0.366816,-0.298621,-0.237483,0.059648,-0.292059
-1.00591,-3.426616,0.775774,-0.00221,0.110024,-0.030109,0.99347,-0.41917,0.041389,-0.014649,0.112231,0.084871,-0.018107,-0.401299,-0.050859,-0.132913,0.190549,0.001659,0.041053,0.002289,-0.087247,0.257971,-0.651393,0.601149,-0.096292,-0.586857,0.010182,0.327042,0.310392,-0.35178,-0.72074,0.366817,-0.299644,-0.237247,0.059749,-0.293568
-1.005761,-3.42661,0.775793,-0.002161,0.110067,-0.029998,0.993469,-0.419092,0.041376,-0.013179,0.112291,0.085367,-0.017828,-0.40175,-0.051215,-0.133229,0.191818,0.001406,0.041416,0.002359,-0.086214,0.258399,-0.647968,0.642296,-0.083827,-0.613017,0.025616,0.356057,0.406623,-0.351138,-0.721306,0.364923,-0.301194,-0.237109,0.059375,-0.296673
-1.005612,-3.426572,0.775782,-0.002097,0.110179,-0.03016,0.993452,-0.418896,0.041217,-0.013654,0.111964,0.084945,-0.018325,-0.402155,-0.051278,-0.132747,0.192345,0.001597,0.04139,0.002969,-0.085216,0.258506,-0.647721,0.678494,-0.068531,-0.633437,0.03997,0.375864,0.482607,-0.350645,-0.722401,0.362412,-0.303115,-0.236835,0.059787,-0.300011
-1.005487,-3.426463,0.775792,-0.002152,0.110298,-0.030117,0.99344,-0.418827,0.041184,-0.013365,0.111615,0.085083,-0.01858,-0.402271,-0.051302,-0.13266,0.192399,0.001781,0.040912,0.002963,-0.084868,0.258599,-0.64704,0.699179,-0.0584,-0.645566,0.039932,0.390145,0.537769,-0.351164,-0.724905,0.359775,-0.3055,-0.23813,0.060756,-0.301543
-1.005291,-3.426267,0.775764,-0.002129,0.110533,-0.029944,0.993419,-0.419002,0.040634,-0.013731,0.111266,0.084919,-0.018069,-0.402136,-0.05179,-0.132963,0.191775,0.001692,0.041736,0.002859,-0.084736,0.257806,-0.648353,0.708309,-0.050416,-0.646882,0.033606,0.393196,0.563163,-0.35125,-0.729103,0.35657,-0.307991,-0.241697,0.061349,-0.300158
-1.005192,-3.426057,0.775794,-0.002256,0.110716,-0.02988,0.9934,-0.419281,0.040522,-0.013845,0.111276,0.084688,-0.017762,-0.402137,-0.051827,-0.133104,0.19123,0.002009,0.041565,0.002024,-0.08527,0.256366,-0.652649,0.700379,-0.049504,-0.627494,0.02451,0.377127,0.54718,-0.352487,-0.732218,0.353346,-0.307754,-0.245722,0.059421,-0.29524
-1.005115,-3.42582,0.775831,-0.002421,0.110802,-0.029628,0.993398,-0.419699,0.040407,-0.014041,0.111744,0.084588,-0.017566,-0.401984,-0.052147,-0.133785,0.190986,0.001768,0.042346,0.00095,-0.086113,0.254209,-0.659539,0.663983,-0.063364,-0.585549,0.005934,0.331934,0.482984,-0.352362,-0.730589,0.349551,-0.303825,-0.246085,0.05392,-0.287541
-1.005078,-3.425526,0.77588,-0.002759,0.110763,-0.029403,0.993408,-0.419894,0.040494,-0.014324,0.112257,0.084062,-0.017133,-0.401775,-0.05203,-0.134184,0.191036,0.002153,0.04253,0.000853,-0.087183,0.251878,-0.667834,0.593397,-0.08863,-0.534096,-0.032512,0.261435,0.369432,-0.352726,-0.726532,0.34438,-0.297299,-0.245744,0.039348,-0.275556
-1.004949,-3.425154,0.775949,-0.003133,0.110678,-0.02921,0.993422,-0.419671,0.040491,-0.015055,0.112469,0.083334,-0.016664,-0.401246,-0.052027,-0.134753,0.190997,0.001899,0.042869,0.001638,-0.087735,0.250096,-0.668643,0.512298,-0.117647,-0.492301,-0.099105,0.203737,0.240681,-0.351586,-0.723493,0.337904,-0.291985,-0.246716,0.021605,-0.261353
-1.004626,-3.424889,0.775942,-0.003258,0.110918,-0.028795,0.993407,-0.419768,0.039878,-0.01602,0.11217,0.082873,-0.016261,-0.400682,-0.052569,-0.13554,0.190253,0.000996,0.044224,0.001357,-0.08714,0.248175,-0.676277,0.481838,-0.122918,-0.45789,-0.124762,0.155137,0.094055,-0.348544,-0.72367,0.332062,-0.290135,-0.247902,0.009302,-0.249221
-1.004242,-3.424574,0.776004,-0.003388,0.110843,-0.027688,0.993446,-0.419397,0.038643,-0.017271,0.11201,0.083161,-0.015493,-0.398904,-0.053651,-0.136996,0.18924,0.000555,0.044822,-0.002741,-0.084927,0.248316,-0.675643,0.484893,-0.108925,-0.447441,-0.102569,0.132894,-0.053335,-0.347621,-0.726765,0.330595,-0.290311,-0.249823,0.007209,-0.240864
-1.003686,-3.42428,0.776073,-0.003828,0.110504,-0.026639,0.993511,-0.418081,0.038108,-0.019467,0.111748,0.082582,-0.014827,-0.395466,-0.054055,-0.139162,0.186664,0.000139,0.045664,-0.007313,-0.082288,0.250066,-0.66964,0.499007,-0.092459,-0.451539,-0.061348,0.132526,-0.165012,-0.348072,-0.731656,0.333265,-0.291501,-0.250606,0.015419,-0.240055
-1.003565,-3.424275,0.776131,-0.004121,0.110116,-0.026675,0.993552,-0.416747,0.038595,-0.020079,0.111285,0.081974,-0.014507,-0.393295,-0.053313,-0.139668,0.184351,0.001634,0.046082,-0.008485,-0.08214,0.252524,-0.661309,0.508776,-0.085945,-0.459413,-0.031381,0.132569,-0.221365,-0.348184,-0.734711,0.33677,-0.293307,-0.249928,0.029871,-0.248993
-1.003419,-3.424268,0.776156,-0.004306,0.110031,-0.026767,0.993558,-0.41574,0.039089,-0.020108,0.110187,0.081903,-0.015287,-0.392408,-0.052736,-0.139485,0.183208,0.002407,0.045403,-0.007698,-0.082513,0.253624,-0.655093,0.518266,-0.085943,-0.470932,-0.013814,0.134635,-0.219079,-0.345411,-0.734197,0.33823,-0.294889,-0.247256,0.042139,-0.263918
-1.003356,-3.42431,0.77613,-0.004211,0.11022,-0.026948,0.993533,-0.415542,0.039214,-0.01928,0.109247,0.08231,-0.015759,-0.392741,-0.052595,-0.139012,0.182981,0.00259,0.045029,-0.006727,-0.083011,0.254381,-0.65126,0.539463,-0.085883,-0.491108,0.007827,0.153969,-0.15877,-0.341878,-0.733087,0.339416,-0.29706,-0.245672,0.047989,-0.280596
-1.003266,-3.424322,0.776104,-0.004084,0.110496,-0.027162,0.993497,-0.415616,0.039299,-0.018711,0.10858,0.082525,-0.016359,-0.393666,-0.052729,-0.138549,0.183621,0.002126,0.04503,-0.00695,-0.082795,0.254769,-0.648818,0.569299,-0.086454,-0.514278,0.030872,0.186173,-0.05252,-0.339777,-0.73135,0.34281,-0.297669,-0.244388,0.050524,-0.296335
-1.003205,-3.424271,0.776108,-0.003912,0.110844,-0.027276,0.993456,-0.416144,0.038894,-0.018412,0.108214,0.082895,-0.016147,-0.394826,-0.053058,-0.138168,0.184345,0.002181,0.04494,-0.007149,-0.082682,0.254808,-0.647016,0.587607,-0.092811,-0.528943,0.033475,0.204656,0.072398,-0.339314,-0.72854,0.346064,-0.296851,-0.242398,0.051151,-0.309794
-1.003149,-3.424196,0.776131,-0.003923,0.111058,-0.027485,0.993426,-0.416504,0.039161,-0.017881,0.108248,0.083317,-0.016613,-0.395802,-0.053034,-0.137841,0.18518,0.002371,0.04451,-0.005388,-0.081976,0.25499,-0.64721,0.592845,-0.104707,-0.539299,0.018698,0.210493,0.191191,-0.338716,-0.727996,0.347379,-0.296436,-0.241634,0.051142,-0.319702
-1.003083,-3.424103,0.776147,-0.003855,0.111168,-0.027781,0.993406,-0.416611,0.039032,-0.017541,0.108369,0.082899,-0.01617,-0.396401,-0.053097,-0.137472,0.185743,0.002782,0.044891,-0.003276,-0.081356,0.255186,-0.646932,0.596312,-0.112806,-0.548254,0.004664,0.212951,0.28875,-0.33843,-0.729109,0.347083,-0.296771,-0.24195,0.050781,-0.326007
-1.002944,-3.423995,0.776189,-0.003826,0.11126,-0.027983,0.99339,-0.416614,0.038975,-0.017166,0.108475,0.083009,-0.015787,-0.396612,-0.053103,-0.136817,0.18583,0.003071,0.04434,-0.00286,-0.080959,0.254995,-0.647396,0.598866,-0.115431,-0.552075,-0.007617,0.220966,0.352533,-0.338999,-0.730323,0.347638,-0.297289,-0.242515,0.050197,-0.328297
-1.002804,-3.423873,0.776205,-0.003842,0.111295,-0.02812,0.993382,-0.416306,0.038938,-0.017109,0.10824,0.082744,-0.015675,-0.396381,-0.053048,-0.136538,0.18548,0.003418,0.044461,-0.003818,-0.080886,0.254665,-0.644452,0.593668,-0.120395,-0.553812,-0.025335,0.231525,0.381688,-0.340148,-0.730676,0.348446,-0.297291,-0.242649,0.0504,-0.327141
-1.002665,-3.423828,0.776195,-0.003782,0.111407,-0.02812,0.99337,-0.416137,0.038852,-0.016414,0.107823,0.083134,-0.015594,-0.396148,-0.0532,-0.136383,0.184899,0.003397,0.044689,-0.005116,-0.080818,0.253856,-0.641175,0.595093,-0.122452,-0.558104,-0.035555,0.239324,0.388423,-0.339474,-0.730305,0.347199,-0.297468,-0.242244,0.051474,-0.323543
-1.00252,-3.423839,0.776181,-0.003615,0.111509,-0.028301,0.993354,-0.415724,0.038588,-0.016356,0.107061,0.083006,-0.015887,-0.396089,-0.053364,-0.136079,0.184613,0.002823,0.044732,-0.006395,-0.081108,0.253147,-0.638306,0.604815,-0.117098,-0.563076,-0.028826,0.241299,0.375836,-0.337646,-0.729623,0.345161,-0.297745,-0.241862,0.053118,-0.319552
-1.002454,-3.423856,0.776161,-0.003563,0.111586,-0.028316,0.993345,-0.415683,0.038662,-0.015676,0.106826,0.083431,-0.015936,-0.396326,-0.05352,-0.135987,0.184951,0.002193,0.044889,-0.007954,-0.081103,0.252704,-0.633882,0.612972,-0.108945,-0.569626,-0.017029,0.244894,0.35542,-0.336347,-0.729366,0.343791,-0.298136,-0.242126,0.05454,-0.316164
-1.002357,-3.423872,0.776126,-0.003585,0.111626,-0.028422,0.993337,-0.415424,0.038813,-0.015835,0.106537,0.082821,-0.016383,-0.396542,-0.053389,-0.135944,0.185464,0.001699,0.044818,-0.00843,-0.080537,0.252194,-0.629373,0.620405,-0.101427,-0.575412,-0.005343,0.252119,0.336695,-0.335227,-0.729749,0.343549,-0.298626,-0.2425,0.055759,-0.31442
-1.002257,-3.4239,0.776137,-0.003489,0.111704,-0.028432,0.993329,-0.415487,0.038617,-0.015618,0.106666,0.082469,-0.015908,-0.396724,-0.053491,-0.135744,0.185755,0.001561,0.044664,-0.008711,-0.080183,0.251804,-0.625274,0.628291,-0.094134,-0.583819,0.008235,0.261041,0.323875,-0.334717,-0.730732,0.343917,-0.299651,-0.243127,0.056389,-0.313363
-1.002203,-3.42392,0.776102,-0.003448,0.111747,-0.028518,0.993321,-0.415485,0.038615,-0.016023,0.10671,0.082139,-0.016253,-0.396729,-0.053502,-0.135673,0.185684,0.001217,0.044481,-0.008374,-0.079569,0.251716,-0.619635,0.632072,-0.089783,-0.590161,0.016223,0.269325,0.320295,-0.334636,-0.731277,0.343819,-0.299856,-0.24348,0.056613,-0.313219
-1.002145,-3.423988,0.776139,-0.003367,0.111854,-0.028584,0.993308,-0.415793,0.038567,-0.015575,0.107038,0.082182,-0.015921,-0.396865,-0.053473,-0.135326,0.185513,0.00151,0.044297,-0.007981,-0.079086,0.25137,-0.616156,0.634774,-0.087874,-0.595083,0.019414,0.278418,0.324481,-0.335106,-0.73154,0.343955,-0.299606,-0.243314,0.056844,-0.314212
-1.002103,-3.42406,0.776087,-0.00339,0.111887,-0.028728,0.9933,-0.415646,0.038982,-0.015484,0.106938,0.081621,-0.016718,-0.396757,-0.053186,-0.135388,0.185191,0.001411,0.044457,-0.007494,-0.078704,0.251532,-0.613343,0.639016,-0.08552,-0.601072,0.021784,0.285984,0.336415,-0.335994,-0.731843,0.343507,-0.299381,-0.243198,0.056616,-0.315976
-1.002068,-3.424159,0.776124,-0.003257,0.112057,-0.028633,0.993284,-0.416137,0.038541,-0.015574,0.107088,0.081761,-0.0155,-0.396858,-0.05331,-0.135158,0.184764,0.001718,0.044128,-0.007896,-0.078776,0.251493,-0.611303,0.641757,-0.083381,-0.603392,0.022239,0.290053,0.350419,-0.336625,-0.73205,0.343473,-0.299481,-0.242984,0.056271,-0.317976
-1.002063,-3.424282,0.77609,-0.0032,0.112119,-0.028777,0.993273,-0.416154,0.038802,-0.015531,0.107002,0.081853,-0.016013,-0.39683,-0.053098,-0.135101,0.184372,0.001705,0.044102,-0.008159,-0.079058,0.251724,-0.608241,0.643813,-0.08113,-0.606078,0.021027,0.293218,0.361575,-0.337464,-0.732357,0.343556,-0.299156,-0.242672,0.05617,-0.31894
-1.00198,-3.424482,0.776126,-0.003099,0.11213,-0.02904,0.993264,-0.415798,0.039092,-0.01518,0.106684,0.081897,-0.016031,-0.3968,-0.052901,-0.134889,0.184282,0.001371,0.044562,-0.008362,-0.079464,0.252265,-0.603797,0.650021,-0.080512,-0.613441,0.023896,0.29559,0.370203,-0.338234,-0.733317,0.343577,-0.298629,-0.242836,0.055878,-0.316758
-1.001916,-3.424592,0.776118,-0.003021,0.112174,-0.028971,0.993262,-0.415517,0.03911,-0.01493,0.106113,0.082384,-0.016421,-0.396708,-0.052795,-0.134452,0.184115,0.001649,0.043924,-0.008247,-0.079407,0.25252,-0.599739,0.655895,-0.078605,-0.618334,0.029092,0.297883,0.375315,-0.337637,-0.735186,0.341886,-0.297368,-0.243865,0.055482,-0.315332
-1.001869,-3.424688,0.776136,-0.002965,0.112254,-0.028796,0.993258,-0.41563,0.039038,-0.014933,0.105921,0.082986,-0.016457,-0.396674,-0.053025,-0.135103,0.184027,0.001076,0.04387,-0.007508,-0.078982,0.252965,-0.595591,0.659687,-0.075429,-0.622191,0.034091,0.302492,0.378156,-0.335811,-0.736877,0.340142,-0.296531,-0.24431,0.055363,-0.314243
-1.001814,-3.424772,0.776157,-0.002904,0.112274,-0.028568,0.993262,-0.41578,0.038668,-0.01561,0.106086,0.082976,-0.01637,-0.396766,-0.053232,-0.135269,0.184409,0.001367,0.043813,-0.007063,-0.078698,0.253383,-0.592219,0.662207,-0.071091,-0.62694,0.037114,0.310882,0.383894,-0.334435,-0.739132,0.33823,-0.296576,-0.245025,0.056143,-0.314701
-1.001768,-3.424816,0.776176,-0.002974,0.112225,-0.028417,0.993272,-0.415706,0.038824,-0.015868,0.106201,0.08298,-0.016481,-0.396785,-0.053212,-0.135619,0.184968,0.001325,0.04406,-0.006582,-0.078197,0.253916,-0.588983,0.665915,-0.066429,-0.631515,0.040298,0.32002,0.389165,-0.333871,-0.740281,0.336923,-0.296786,-0.245357,0.056994,-0.316514
-1.001753,-3.424861,0.776156,-0.002871,0.112184,-0.028232,0.993282,-0.415801,0.038463,-0.015888,0.106449,0.083129,-0.016136,-0.396663,-0.053537,-0.135834,0.185123,0.001043,0.043868,-0.006524,-0.078021,0.254253,-0.585812,0.670091,-0.06158,-0.636477,0.045253,0.32616,0.393429,-0.333924,-0.740658,0.33619,-0.297147,-0.245445,0.057533,-0.318248
-1.001798,-3.424878,0.776098,-0.003005,0.112182,-0.028178,0.993284,-0.415886,0.038844,-0.016039,0.106536,0.082581,-0.016965,-0.396752,-0.053183,-0.135945,0.185341,0.000862,0.043532,-0.006577,-0.07759,0.254372,-0.583873,0.672063,-0.058212,-0.640598,0.047943,0.331289,0.398253,-0.334446,-0.740327,0.336057,-0.297519,-0.245289,0.057753,-0.320039
-1.001815,-3.4249,0.776086,-0.003125,0.11221,-0.028291,0.993277,-0.415998,0.039132,-0.016298,0.106717,0.081874,-0.01695,-0.396928,-0.052961,-0.136181,0.185456,0.000484,0.0438,-0.006217,-0.077371,0.254521,-0.582111,0.673987,-0.055725,-0.645119,0.048425,0.337355,0.403439,-0.334886,-0.739464,0.336141,-0.297881,-0.245199,0.05707,-0.320274
-1.001852,-3.424894,0.776059,-0.003141,0.112255,-0.028351,0.99327,-0.41612,0.039254,-0.016181,0.106739,0.081608,-0.017,-0.39708,-0.052848,-0.136044,0.185388,0.000684,0.043793,-0.006075,-0.077254,0.254729,-0.580259,0.679242,-0.049743,-0.649853,0.0516,0.345044,0.408721,-0.334759,-0.738886,0.33542,-0.29829,-0.245372,0.056724,-0.320321
-1.00192,-3.424862,0.776071,-0.003146,0.112332,-0.028415,0.993259,-0.416365,0.039194,-0.016229,0.106675,0.08173,-0.016584,-0.397446,-0.052831,-0.135877,0.18544,0.001012,0.043854,-0.006257,-0.077124,0.254943,-0.577887,0.68462,-0.041944,-0.653789,0.055186,0.353627,0.415382,-0.335005,-0.739385,0.334783,-0.298583,-0.246056,0.056964,-0.319882
-1.001977,-3.424816,0.776069,-0.003027,0.112425,-0.028277,0.993253,-0.416681,0.038757,-0.016548,0.10648,0.082374,-0.016569,-0.39764,-0.053263,-0.136121,0.185335,0.001002,0.044002,-0.006684,-0.076898,0.255109,-0.575888,0.689752,-0.035879,-0.658692,0.057589,0.364023,0.422204,-0.335018,-0.739695,0.334159,-0.298431,-0.246334,0.057875,-0.318963
-1.002025,-3.424684,0.776082,-0.003043,0.112541,-0.028053,0.993246,-0.4171,0.038409,-0.016384,0.106421,0.083059,-0.016299,-0.397915,-0.053634,-0.136375,0.185358,0.001383,0.044364,-0.007217,-0.076329,0.255189,-0.575381,0.695095,-0.030138,-0.663099,0.060851,0.37379,0.427,-0.334927,-0.739964,0.333144,-0.297898,-0.246213,0.058593,-0.318163
-1.002091,-3.42459,0.77607,-0.003032,0.11256,-0.02801,0.993245,-0.417297,0.03814,-0.016769,0.106416,0.083301,-0.016171,-0.398062,-0.053834,-0.136387,0.185347,0.001533,0.044513,-0.007242,-0.076109,0.255464,-0.575073,0.697133,-0.026789,-0.66735,0.063196,0.378865,0.428361,-0.335289,-0.740962,0.332186,-0.297604,-0.246528,0.059333,-0.318585
-1.002072,-3.42447,0.776087,-0.003003,0.112546,-0.027997,0.993247,-0.417286,0.037964,-0.016484,0.106514,0.083506,-0.01621,-0.398006,-0.054092,-0.136353,0.185326,0.001581,0.044815,-0.007055,-0.076013,0.255665,-0.573816,0.6976,-0.024217,-0.670939,0.065459,0.379287,0.427346,-0.335407,-0.741893,0.33137,-0.297518,-0.246764,0.05987,-0.319453
-1.002101,-3.424307,0.776099,-0.002973,0.112493,-0.027993,0.993254,-0.41721,0.03755,-0.016632,0.106447,0.083593,-0.01587,-0.397897,-0.054351,-0.136223,0.185217,0.00171,0.044512,-0.007184,-0.075989,0.255898,-0.572629,0.692773,-0.024104,-0.670045,0.064695,0.372841,0.421661,-0.335673,-0.74205,0.330543,-0.297552,-0.24652,0.060106,-0.321063
-1.002123,-3.424184,0.776127,-0.002974,0.112452,-0.027851,0.993262,-0.417253,0.037357,-0.016619,0.10653,0.084083,-0.015834,-0.397641,-0.0546,-0.136225,0.184955,0.001824,0.044481,-0.007551,-0.076377,0.255975,-0.571764,0.679613,-0.030149,-0.657082,0.060172,0.350839,0.402922,-0.335953,-0.742127,0.330041,-0.297698,-0.246494,0.059482,-0.320819
-1.002138,-3.424008,0.77615,-0.003022,0.112377,-0.028033,0.993266,-0.417127,0.037409,-0.016086,0.106731,0.083824,-0.015921,-0.397377,-0.054622,-0.136145,0.184549,0.001657,0.04454,-0.007034,-0.077385,0.255855,-0.572485,0.647304,-0.045398,-0.625923,0.048112,0.300345,0.3587,-0.335764,-0.740882,0.329105,-0.29741,-0.24611,0.058733,-0.319851
-1.002223,-3.423762,0.776163,-0.003146,0.112263,-0.0282,0.993273,-0.417074,0.037519,-0.015868,0.107032,0.083524,-0.016144,-0.397284,-0.054604,-0.136014,0.184429,0.001909,0.045328,-0.005557,-0.077696,0.256395,-0.565684,0.597352,-0.066716,-0.587017,0.019671,0.242224,0.288379,-0.335226,-0.739612,0.327057,-0.297204,-0.246182,0.058067,-0.318454
-1.0023,-3.423617,0.776163,-0.003217,0.11239,-0.028538,0.993249,-0.417421,0.037582,-0.015765,0.107146,0.082849,-0.015206,-0.397847,-0.054389,-0.135499,0.184405,0.002264,0.04574,-0.004614,-0.078001,0.25742,-0.54712,0.563425,-0.08563,-0.559467,-0.008306,0.197384,0.22154,-0.33443,-0.738956,0.324453,-0.29822,-0.246101,0.058614,-0.316496
-1.002384,-3.423603,0.776152,-0.003208,0.112764,-0.028615,0.993204,-0.418316,0.03763,-0.01559,0.106991,0.0832,-0.015009,-0.398871,-0.054319,-0.135244,0.184427,0.002401,0.045785,-0.005569,-0.077246,0.258255,-0.526822,0.563062,-0.091002,-0.541048,-0.008861,0.171694,0.173243,-0.333519,-0.739492,0.323256,-0.300006,-0.246657,0.059265,-0.313935
-1.002351,-3.423531,0.776096,-0.002993,0.113218,-0.028558,0.993155,-0.419434,0.037097,-0.015419,0.107086,0.08391,-0.014924,-0.399728,-0.054864,-0.134941,0.184141,0.002531,0.045996,-0.008093,-0.076803,0.258708,-0.510206,0.583278,-0.089937,-0.522482,0.01387,0.155159,0.135784,-0.333846,-0.740808,0.325148,-0.30032,-0.247691,0.059665,-0.311433
-1.002442,-3.423556,0.776096,-0.002898,0.113323,-0.028631,0.993141,-0.419897,0.036975,-0.015214,0.107316,0.08408,-0.01477,-0.400257,-0.054951,-0.13474,0.184303,0.002786,0.045889,-0.007766,-0.075788,0.260471,-0.493184,0.602108,-0.09775,-0.508824,0.040478,0.137576,0.107938,-0.333937,-0.742041,0.326067,-0.299367,-0.24831,0.060046,-0.311686
-1.002489,-3.423714,0.776077,-0.002775,0.113292,-0.028527,0.993148,-0.419956,0.036967,-0.015079,0.107354,0.084726,-0.01518,-0.400406,-0.055115,-0.134854,0.184654,0.002692,0.045568,-0.005727,-0.074327,0.261812,-0.482508,0.633685,-0.106458,-0.506788,0.078691,0.12847,0.105429,-0.333266,-0.744055,0.32623,-0.298442,-0.248752,0.05961,-0.314721
-1.002716,-3.423866,0.776008,-0.002738,0.113383,-0.027947,0.993154,-0.420577,0.036593,-0.016147,0.106987,0.085465,-0.015526,-0.400743,-0.05547,-0.135913,0.184816,0.002528,0.045779,-0.005423,-0.073396,0.263156,-0.476009,0.667556,-0.116619,-0.502036,0.119575,0.128015,0.130881,-0.334617,-0.746449,0.327532,-0.298001,-0.248998,0.058903,-0.317461
-1.002961,-3.424018,0.776005,-0.002748,0.113549,-0.027316,0.993153,-0.42189,0.03591,-0.017854,0.107323,0.086464,-0.01444,-0.40146,-0.055892,-0.137112,0.185279,0.002756,0.045758,-0.005638,-0.073278,0.263816,-0.472973,0.685536,-0.133026,-0.490292,0.139277,0.128217,0.177893,-0.336926,-0.748191,0.329434,-0.297799,-0.248733,0.058523,-0.320666
-1.003,-3.424048,0.775969,-0.002705,0.113329,-0.027578,0.993171,-0.421518,0.036289,-0.017338,0.107842,0.086145,-0.014672,-0.401249,-0.05565,-0.13675,0.185592,0.002708,0.045315,-0.004645,-0.073722,0.264424,-0.468431,0.694984,-0.14871,-0.483688,0.142161,0.133905,0.244317,-0.338647,-0.748937,0.33115,-0.298468,-0.247856,0.058416,-0.322797
-1.002995,-3.424076,0.775992,-0.002586,0.113111,-0.027571,0.993196,-0.420739,0.035966,-0.017153,0.107291,0.086081,-0.014339,-0.400605,-0.055876,-0.136434,0.18532,0.002165,0.045214,-0.004102,-0.074545,0.265516,-0.467275,0.697569,-0.15981,-0.484169,0.133311,0.144857,0.322099,-0.339851,-0.748833,0.331982,-0.298807,-0.247086,0.058295,-0.324017
-1.003172,-3.424155,0.77599,-0.002616,0.112867,-0.027588,0.993224,-0.420196,0.03618,-0.017283,0.106816,0.086669,-0.014628,-0.400057,-0.055593,-0.13624,0.184799,0.002851,0.04553,-0.003814,-0.074881,0.266504,-0.465892,0.699545,-0.1654,-0.4912,0.119723,0.160829,0.400976,-0.340125,-0.748119,0.332735,-0.298897,-0.246405,0.058487,-0.323842
-1.00328,-3.424205,0.775972,-0.002582,0.112687,-0.027595,0.993244,-0.419867,0.036357,-0.016629,0.106704,0.086971,-0.015243,-0.399402,-0.055668,-0.136694,0.184054,0.0026,0.045931,-0.003938,-0.074615,0.266892,-0.466827,0.702253,-0.168485,-0.499814,0.106609,0.176838,0.466935,-0.340372,-0.747628,0.334443,-0.298804,-0.246431,0.0585,-0.321615
-1.003433,-3.42426,0.775964,-0.002555,0.112518,-0.027497,0.993266,-0.419779,0.036187,-0.017345,0.106743,0.086932,-0.015165,-0.399161,-0.055605,-0.136652,0.183967,0.002799,0.045168,-0.003947,-0.074089,0.267273,-0.467318,0.706617,-0.169123,-0.509237,0.095663,0.195104,0.513574,-0.339592,-0.746511,0.335291,-0.298829,-0.246646,0.058297,-0.319425
-1.00358,-3.424301,0.77594,-0.00252,0.112414,-0.027415,0.99328,-0.419913,0.036065,-0.017329,0.106988,0.0869,-0.014713,-0.399191,-0.055767,-0.136959,0.184233,0.00231,0.045268,-0.004116,-0.073839,0.267341,-0.468363,0.713102,-0.165264,-0.517869,0.088679,0.214961,0.542059,-0.338605,-0.745127,0.335832,-0.298999,-0.246883,0.057578,-0.317277
-1.003742,-3.424371,0.775901,-0.00249,0.112372,-0.027297,0.993288,-0.420153,0.036032,-0.017306,0.107126,0.086959,-0.01476,-0.399467,-0.055831,-0.136985,0.184642,0.002099,0.045288,-0.004522,-0.073763,0.267284,-0.469457,0.720526,-0.158071,-0.52633,0.084558,0.236399,0.553247,-0.33801,-0.744314,0.335989,-0.299646,-0.247672,0.057067,-0.316718
-1.003904,-3.424439,0.775836,-0.002524,0.112357,-0.027427,0.993286,-0.420216,0.036416,-0.017114,0.107009,0.086735,-0.015084,-0.399792,-0.05558,-0.136913,0.184853,0.001843,0.045617,-0.004465,-0.07373,0.267165,-0.468896,0.727735,-0.14962,-0.534539,0.082588,0.259649,0.55093,-0.338043,-0.7435,0.33655,-0.299927,-0.247927,0.057177,-0.316731
-1.004075,-3.42451,0.775814,-0.002504,0.112351,-0.027564,0.993283,-0.420381,0.03666,-0.01683,0.106989,0.086825,-0.015363,-0.400129,-0.055403,-0.136757,0.184916,0.001927,0.045465,-0.004424,-0.07386,0.267276,-0.466738,0.732958,-0.141137,-0.544055,0.083396,0.278926,0.542582,-0.338813,-0.742753,0.33716,-0.300122,-0.247969,0.057372,-0.317081
-1.00422,-3.424557,0.775773,-0.002572,0.112353,-0.027678,0.993279,-0.42049,0.037051,-0.016793,0.106898,0.086658,-0.015848,-0.400357,-0.055098,-0.136783,0.184878,0.002128,0.045686,-0.004281,-0.073737,0.267354,-0.464413,0.736949,-0.132849,-0.552372,0.084753,0.295463,0.534712,-0.339417,-0.742009,0.337363,-0.300049,-0.247703,0.057739,-0.317774
-1.004334,-3.424579,0.775769,-0.002474,0.112364,-0.02773,0.993277,-0.420763,0.036722,-0.017113,0.107027,0.086527,-0.01535,-0.400559,-0.055228,-0.136681,0.18478,0.002403,0.04575,-0.004333,-0.073918,0.267422,-0.462203,0.73725,-0.128004,-0.558669,0.085379,0.304455,0.527809,-0.340158,-0.741451,0.337641,-0.299934,-0.247437,0.057926,-0.318354
-1.004419,-3.424576,0.775789,-0.002428,0.112346,-0.027681,0.993281,-0.421015,0.036498,-0.017252,0.10725,0.086985,-0.015004,-0.400712,-0.055316,-0.136421,0.184942,0.002382,0.045102,-0.004341,-0.073941,0.267514,-0.45973,0.735361,-0.126136,-0.564452,0.085534,0.307179,0.523663,-0.34074,-0.74144,0.337861,-0.299816,-0.247468,0.058117,-0.318879
-1.004486,-3.424577,0.775779,-0.002334,0.112276,-0.027656,0.993289,-0.421024,0.036313,-0.017185,0.107351,0.087389,-0.015186,-0.400667,-0.055506,-0.136312,0.184958,0.002554,0.045192,-0.004428,-0.074,0.267571,-0.458484,0.733616,-0.124592,-0.568194,0.086538,0.30764,0.52132,-0.34075,-0.741689,0.337706,-0.299865,-0.247552,0.058248,-0.319423
-1.004524,-3.424569,0.775807,-0.002258,0.112215,-0.027621,0.993297,-0.420968,0.036073,-0.017219,0.107373,0.087767,-0.014867,-0.400518,-0.055667,-0.136336,0.184846,0.002524,0.045096,-0.004512,-0.074088,0.267704,-0.457525,0.732664,-0.123571,-0.571007,0.086557,0.309305,0.522659,-0.340477,-0.741855,0.337308,-0.299874,-0.247589,0.058439,-0.319875
-1.004569,-3.424574,0.775777,-0.002189,0.112129,-0.027582,0.993308,-0.420836,0.035972,-0.016918,0.107278,0.088282,-0.014939,-0.400245,-0.055815,-0.136234,0.18462,0.002164,0.04478,-0.004798,-0.074198,0.267906,-0.457406,0.73448,-0.121647,-0.574228,0.087014,0.313345,0.527716,-0.340218,-0.742055,0.337159,-0.299952,-0.247542,0.058585,-0.320009
-1.004636,-3.424567,0.77578,-0.002194,0.112134,-0.027479,0.993311,-0.420765,0.036057,-0.016624,0.106874,0.088911,-0.015384,-0.400221,-0.055912,-0.136574,0.184448,0.002268,0.045155,-0.00525,-0.074275,0.268246,-0.45743,0.737742,-0.119998,-0.579987,0.086094,0.321748,0.536894,-0.340139,-0.741851,0.337251,-0.299827,-0.247505,0.058415,-0.32018
-1.004726,-3.424584,0.775743,-0.00223,0.112106,-0.027573,0.993311,-0.420496,0.036272,-0.016627,0.106297,0.088788,-0.016008,-0.400168,-0.055733,-0.136505,0.18412,0.002373,0.04537,-0.005333,-0.074064,0.268397,-0.458812,0.744514,-0.116532,-0.58741,0.085985,0.334173,0.550748,-0.339792,-0.741787,0.337806,-0.299459,-0.247544,0.058275,-0.320382
-1.004726,-3.424521,0.775725,-0.002171,0.112076,-0.027754,0.99331,-0.420176,0.036172,-0.016458,0.105948,0.088419,-0.015715,-0.400058,-0.055758,-0.13614,0.18386,0.002541,0.045534,-0.00516,-0.073988,0.268575,-0.459078,0.748866,-0.11366,-0.592085,0.082203,0.346828,0.568691,-0.339695,-0.740696,0.339653,-0.298307,-0.246872,0.058294,-0.319917
-1.004641,-3.424457,0.775749,-0.002129,0.111939,-0.027947,0.99332,-0.419537,0.036152,-0.015906,0.105706,0.088143,-0.015516,-0.399654,-0.055763,-0.13574,0.18375,0.002445,0.045273,-0.00471,-0.073611,0.268781,-0.458944,0.751083,-0.113652,-0.594951,0.075173,0.356338,0.587513,-0.340457,-0.739683,0.342941,-0.297708,-0.246305,0.057908,-0.318174
-1.00462,-3.42441,0.775775,-0.002112,0.111759,-0.028093,0.993336,-0.418901,0.036146,-0.015927,0.105475,0.087924,-0.015544,-0.399443,-0.055732,-0.13544,0.184043,0.002507,0.044899,-0.004186,-0.073172,0.269205,-0.458672,0.75304,-0.114915,-0.595618,0.068942,0.360721,0.604113,-0.341408,-0.739283,0.345007,-0.29762,-0.246855,0.057472,-0.316351
-1.0046,-3.424372,0.775785,-0.002092,0.111647,-0.028101,0.993348,-0.418559,0.036001,-0.01579,0.105321,0.087915,-0.015299,-0.399307,-0.05584,-0.135269,0.184314,0.002355,0.044993,-0.003996,-0.073328,0.269429,-0.458964,0.752913,-0.115031,-0.596373,0.063101,0.361805,0.619648,-0.341649,-0.738135,0.34569,-0.29814,-0.247185,0.057548,-0.314512
-1.004603,-3.424371,0.775773,-0.002049,0.11159,-0.028096,0.993355,-0.418371,0.035909,-0.015866,0.105193,0.088095,-0.015274,-0.399211,-0.055977,-0.135334,0.184378,0.002368,0.045409,-0.004147,-0.073511,0.269576,-0.459295,0.753842,-0.115482,-0.597649,0.057873,0.363277,0.632371,-0.341872,-0.737448,0.34533,-0.298899,-0.247702,0.058289,-0.313916
-1.004603,-3.424379,0.775783,-0.002095,0.111603,-0.027975,0.993357,-0.418408,0.03599,-0.015904,0.105089,0.088489,-0.015334,-0.39925,-0.055991,-0.135524,0.184469,0.002557,0.0455,-0.004375,-0.073631,0.269538,-0.460317,0.754505,-0.116483,-0.598506,0.053839,0.364295,0.640244,-0.341764,-0.736968,0.345152,-0.299191,-0.247777,0.059159,-0.313674
-1.004631,-3.424399,0.775795,-0.002101,0.111625,-0.027887,0.993357,-0.418582,0.03588,-0.016195,0.10513,0.088713,-0.015323,-0.3993,-0.056007,-0.135645,0.184488,0.002488,0.045219,-0.004301,-0.073628,0.269441,-0.461033,0.755632,-0.117237,-0.599338,0.052729,0.364952,0.642337,-0.341785,-0.737047,0.345255,-0.299195,-0.24787,0.059266,-0.313719
-1.004654,-3.424406,0.775783,-0.002089,0.111646,-0.027761,0.993358,-0.418842,0.035789,-0.016225,0.10537,0.088879,-0.015535,-0.399343,-0.056079,-0.135689,0.184528,0.002434,0.044833,-0.004321,-0.073577,0.269357,-0.461426,0.757278,-0.116763,-0.600867,0.055393,0.365958,0.638005,-0.34204,-0.737657,0.345532,-0.299002,-0.248107,0.058921,-0.313911
-1.004651,-3.424394,0.775767,-0.002118,0.111665,-0.027803,0.993355,-0.418927,0.035882,-0.016191,0.105509,0.088721,-0.015692,-0.399374,-0.056017,-0.13575,0.184475,0.002409,0.044862,-0.004097,-0.073516,0.269301,-0.46021,0.757991,-0.115261,-0.603084,0.058016,0.368439,0.631901,-0.342154,-0.73804,0.345469,-0.298778,-0.248197,0.058135,-0.314241
-1.004688,-3.424372,0.775751,-0.002026,0.111714,-0.02763,0.993354,-0.419229,0.035514,-0.016418,0.105648,0.088835,-0.015582,-0.39929,-0.05628,-0.135929,0.184168,0.002155,0.04449,-0.004206,-0.073495,0.269237,-0.459479,0.759755,-0.112077,-0.606751,0.061552,0.372105,0.626462,-0.34235,-0.738763,0.345019,-0.299403,-0.248416,0.058227,-0.315289
-1.004757,-3.424391,0.775694,-0.002012,0.111717,-0.027474,0.993358,-0.419333,0.035547,-0.016323,0.105594,0.089048,-0.016457,-0.399172,-0.056325,-0.136051,0.183903,0.002124,0.044354,-0.004479,-0.073297,0.269264,-0.458499,0.7631,-0.107781,-0.609865,0.065228,0.378043,0.62285,-0.343138,-0.740119,0.344943,-0.300071,-0.249214,0.059076,-0.317247
-1.004736,-3.424332,0.775673,-0.002038,0.11173,-0.027507,0.993356,-0.419134,0.03546,-0.016145,0.10529,0.088328,-0.016261,-0.399186,-0.056326,-0.135832,0.183945,0.001591,0.044365,-0.004653,-0.073191,0.269059,-0.457459,0.765297,-0.104574,-0.61257,0.066741,0.382892,0.622404,-0.3445,-0.742565,0.345526,-0.301092,-0.250801,0.061911,-0.320586
-1.00474,-3.424311,0.775598,-0.002019,0.111709,-0.027568,0.993356,-0.418711,0.035591,-0.015964,0.104696,0.088019,-0.01648,-0.399018,-0.05628,-0.135781,0.183741,0.00086,0.043848,-0.004474,-0.07317,0.269009,-0.456982,0.767663,-0.102379,-0.615409,0.067454,0.385193,0.624597,-0.345707,-0.745298,0.345622,-0.301554,-0.252312,0.067748,-0.325991
-1.004714,-3.424291,0.775606,-0.002021,0.111782,-0.027572,0.993348,-0.418654,0.035334,-0.016449,0.104238,0.087744,-0.015756,-0.399083,-0.056339,-0.135694,0.183576,0.000764,0.044351,-0.004284,-0.073121,0.268955,-0.456864,0.76856,-0.101052,-0.616897,0.066071,0.38554,0.628109,-0.346324,-0.746445,0.345695,-0.301926,-0.252674,0.073032,-0.331691
-1.004679,-3.424275,0.775585,-0.002186,0.111867,-0.027677,0.993335,-0.418531,0.036128,-0.015693,0.103914,0.087874,-0.016894,-0.399235,-0.056055,-0.136055,0.183555,0.000799,0.044959,-0.003963,-0.072832,0.268851,-0.456264,0.768904,-0.101164,-0.617399,0.063794,0.383165,0.631772,-0.347655,-0.747796,0.345635,-0.301887,-0.253819,0.075653,-0.337006
-1.004613,-3.424268,0.775573,-0.00234,0.112012,-0.027767,0.993316,-0.418461,0.036551,-0.015772,0.103359,0.087448,-0.017199,-0.399441,-0.055656,-0.136045,0.183422,0.001435,0.045202,-0.00347,-0.072451,0.268647,-0.455382,0.768322,-0.101164,-0.617072,0.061378,0.379593,0.634411,-0.349376,-0.747633,0.345127,-0.29977,-0.254294,0.074622,-0.338169
-1.004523,-3.424226,0.775601,-0.002365,0.112166,-0.027856,0.993296,-0.418577,0.036478,-0.015834,0.103266,0.087046,-0.016666,-0.399734,-0.055509,-0.135794,0.183386,0.001921,0.044879,-0.003205,-0.072083,0.268281,-0.4545,0.765891,-0.102108,-0.616335,0.05791,0.376515,0.63385,-0.351155,-0.746206,0.344718,-0.296232,-0.253773,0.069779,-0.333859
-1.004365,-3.424151,0.775633,-0.002418,0.112348,-0.027852,0.993276,-0.418726,0.036533,-0.015891,0.103196,0.087062,-0.016951,-0.399785,-0.055526,-0.135807,0.183099,0.002045,0.04499,-0.002726,-0.071519,0.267798,-0.453978,0.763673,-0.101748,-0.615541,0.060265,0.368479,0.627112,-0.353839,-0.747431,0.3429,-0.292581,-0.25494,0.064108,-0.327779
-1.004211,-3.424108,0.775646,-0.00235,0.11252,-0.027828,0.993257,-0.418908,0.036184,-0.015766,0.103101,0.087283,-0.016343,-0.399786,-0.055753,-0.135878,0.182734,0.002374,0.045515,-0.002117,-0.071122,0.267516,-0.453446,0.761298,-0.101008,-0.61488,0.067166,0.358752,0.614099,-0.357086,-0.749738,0.340021,-0.289136,-0.25618,0.060266,-0.322369
-1.004149,-3.424115,0.775661,-0.00231,0.112727,-0.027833,0.993233,-0.419139,0.036163,-0.015919,0.102768,0.087817,-0.016514,-0.400159,-0.055888,-0.135885,0.182675,0.002435,0.046161,-0.001457,-0.070644,0.267258,-0.454283,0.762105,-0.101554,-0.614006,0.083089,0.346916,0.586797,-0.359776,-0.751489,0.336874,-0.286476,-0.256656,0.057047,-0.319239
-1.003986,-3.424078,0.775682,-0.002202,0.112997,-0.027776,0.993205,-0.419396,0.035772,-0.015842,0.102404,0.088216,-0.016127,-0.400683,-0.056127,-0.135489,0.182964,0.002474,0.045414,-0.00086,-0.070853,0.266895,-0.453604,0.758081,-0.103036,-0.61144,0.099206,0.332835,0.55091,-0.362468,-0.752664,0.33438,-0.28471,-0.258234,0.050638,-0.316944
-1.003952,-3.424114,0.775688,-0.001893,0.113325,-0.028171,0.993157,-0.419856,0.03539,-0.015651,0.102133,0.088636,-0.015443,-0.401774,-0.056345,-0.134884,0.183308,0.002014,0.044835,0.000309,-0.071963,0.266883,-0.452325,0.751616,-0.10468,-0.608888,0.114663,0.312595,0.510477,-0.36556,-0.752413,0.332981,-0.282974,-0.260519,0.041433,-0.313463
-1.004002,-3.424047,0.775703,-0.00164,0.113556,-0.028477,0.993122,-0.42057,0.035089,-0.014422,0.102523,0.089297,-0.01528,-0.403125,-0.056788,-0.134036,0.184462,0.001538,0.044898,0.001479,-0.072709,0.266711,-0.448857,0.739973,-0.106851,-0.605808,0.125035,0.288511,0.470212,-0.368649,-0.750409,0.332499,-0.281153,-0.262166,0.030666,-0.307409
-1.003736,-3.424034,0.77575,-0.001537,0.113922,-0.02838,0.993083,-0.421189,0.034696,-0.014741,0.102746,0.089278,-0.015278,-0.403538,-0.057085,-0.133966,0.184542,0.000981,0.044909,0.00187,-0.073378,0.266087,-0.444617,0.724631,-0.110844,-0.601034,0.12744,0.261442,0.431758,-0.373278,-0.748676,0.334148,-0.279501,-0.263305,0.02182,-0.299331
-1.003313,-3.423951,0.775802,-0.001598,0.114197,-0.028338,0.993053,-0.421311,0.034652,-0.014518,0.102984,0.088919,-0.015075,-0.403115,-0.057182,-0.134158,0.18378,0.000649,0.045659,0.00232,-0.072157,0.265917,-0.433603,0.707389,-0.119122,-0.595386,0.119623,0.232535,0.400965,-0.379551,-0.746844,0.337346,-0.277917,-0.264003,0.013678,-0.288983
-1.002903,-3.423982,0.77583,-0.001708,0.114494,-0.027958,0.993029,-0.420732,0.034519,-0.015401,0.101444,0.088442,-0.015172,-0.402111,-0.057114,-0.135084,0.182082,0.000456,0.045434,0.002477,-0.070661,0.26606,-0.420134,0.690611,-0.128041,-0.591584,0.103809,0.205507,0.383339,-0.38632,-0.746533,0.33987,-0.277677,-0.265136,0.011174,-0.281299
-1.002524,-3.424006,0.775884,-0.001828,0.114885,-0.027677,0.992991,-0.421189,0.034629,-0.015844,0.10147,0.088709,-0.015185,-0.401309,-0.057023,-0.13573,0.180056,0.000852,0.0462,0.002416,-0.069207,0.26624,-0.408851,0.679664,-0.131288,-0.589835,0.089634,0.183015,0.379824,-0.392609,-0.747553,0.341735,-0.278212,-0.266744,0.012961,-0.276741
-1.002162,-3.424018,0.775867,-0.001843,0.115399,-0.027527,0.992936,-0.421899,0.034623,-0.016083,0.101531,0.088747,-0.015631,-0.400735,-0.056972,-0.136046,0.177804,0.001285,0.046846,0.002355,-0.068101,0.266571,-0.398469,0.676442,-0.132316,-0.592514,0.076617,0.17311,0.386445,-0.396773,-0.748031,0.342069,-0.279142,-0.267523,0.016236,-0.274149
-1.001695,-3.424032,0.775853,-0.001877,0.116059,-0.027634,0.992856,-0.422047,0.034825,-0.016237,0.100295,0.08794,-0.015212,-0.400445,-0.056758,-0.136314,0.17549,0.001775,0.048168,0.002504,-0.067638,0.266526,-0.38857,0.674442,-0.128105,-0.598184,0.064616,0.172759,0.401997,-0.398381,-0.74746,0.341437,-0.28125,-0.267913,0.01836,-0.273059
-1.001373,-3.424253,0.775922,-0.001969,0.116674,-0.027697,0.992782,-0.422763,0.035394,-0.01587,0.099881,0.088021,-0.015476,-0.400925,-0.056144,-0.136356,0.174418,0.002673,0.047934,0.002378,-0.067989,0.2669,-0.377854,0.671638,-0.124255,-0.604324,0.052132,0.17133,0.421404,-0.399263,-0.747147,0.341087,-0.283694,-0.268676,0.019069,-0.273439
-1.000987,-3.424451,0.776017,-0.002326,0.117146,-0.027997,0.992717,-0.422956,0.036831,-0.015544,0.099574,0.0873,-0.015938,-0.401599,-0.054755,-0.135971,0.174366,0.004026,0.046985,0.003078,-0.068733,0.267355,-0.365589,0.657114,-0.127375,-0.606201,0.029745,0.159901,0.446943,-0.39918,-0.746876,0.341531,-0.285747,-0.269381,0.019208,-0.275137
-1.000469,-3.424572,0.776103,-0.002497,0.117582,-0.028018,0.992665,-0.423108,0.037331,-0.015922,0.099444,0.086717,-0.01616,-0.40172,-0.054156,-0.136219,0.174039,0.004429,0.046203,0.003341,-0.069571,0.267187,-0.352436,0.630569,-0.141198,-0.60142,0.000535,0.128088,0.474438,-0.399349,-0.746551,0.343625,-0.285778,-0.269379,0.020973,-0.279075
-0.999857,-3.424686,0.776177,-0.002514,0.118046,-0.028135,0.992606,-0.423203,0.037677,-0.015799,0.099416,0.086184,-0.01661,-0.401485,-0.053815,-0.136292,0.173205,0.004293,0.046192,0.003496,-0.069771,0.266621,-0.338858,0.611847,-0.147445,-0.599123,-0.013152,0.085355,0.506209,-0.399629,-0.745848,0.346789,-0.284134,-0.268998,0.020805,-0.2846
-0.99931,-3.424767,0.776227,-0.00244,0.11842,-0.028329,0.992556,-0.423138,0.037744,-0.015237,0.099357,0.08578,-0.016369,-0.401194,-0.053683,-0.135956,0.172332,0.004372,0.046446,0.003483,-0.069275,0.266304,-0.328845,0.603743,-0.144533,-0.595556,-0.006721,0.046294,0.54166,-0.400164,-0.744942,0.348974,-0.282628,-0.268403,0.01974,-0.289676
-0.998782,-3.424845,0.776308,-0.002393,0.118679,-0.028419,0.992523,-0.422623,0.037852,-0.015177,0.09881,0.085598,-0.016211,-0.400972,-0.053635,-0.135732,0.172149,0.004292,0.046776,0.003239,-0.068794,0.266242,-0.320514,0.594598,-0.142996,-0.589781,-0.005295,0.025117,0.570509,-0.400701,-0.744176,0.350966,-0.281876,-0.267445,0.019529,-0.293589
-0.998252,-3.425019,0.776415,-0.002131,0.118714,-0.028469,0.992518,-0.422331,0.037461,-0.014877,0.099613,0.085747,-0.015792,-0.400522,-0.053949,-0.135494,0.17257,0.003989,0.046387,0.003222,-0.069229,0.266427,-0.314288,0.586431,-0.142252,-0.586019,-0.011705,0.020626,0.58828,-0.400661,-0.743478,0.35197,-0.282429,-0.266661,0.019167,-0.295531
-0.997788,-3.425193,0.776544,-0.001946,0.118507,-0.028669,0.992537,-0.422,0.037554,-0.014364,0.101508,0.085207,-0.016738,-0.399917,-0.054011,-0.134996,0.173483,0.003371,0.046151,0.003648,-0.06962,0.266961,-0.310814,0.584431,-0.139582,-0.584357,-0.015517,0.023566,0.591433,-0.399915,-0.74333,0.352258,-0.283672,-0.266203,0.019014,-0.295717
-0.997293,-3.425375,0.776543,-0.002036,0.118394,-0.028815,0.992546,-0.420831,0.038185,-0.014368,0.101446,0.083556,-0.017099,-0.399532,-0.053597,-0.134948,0.17463,0.002573,0.046295,0.00409,-0.069743,0.267351,-0.309689,0.5882,-0.135203,-0.583467,-0.01383,0.030108,0.583549,-0.398952,-0.743396,0.351849,-0.284502,-0.266122,0.019322,-0.293755
-0.996974,-3.425612,0.776625,-0.002175,0.118433,-0.028778,0.992543,-0.420505,0.03857,-0.014998,0.101514,0.082941,-0.016821,-0.399879,-0.053166,-0.135156,0.176005,0.002702,0.046136,0.004108,-0.069965,0.26755,-0.309924,0.593449,-0.130961,-0.583452,-0.010862,0.038337,0.568481,-0.397789,-0.74345,0.351019,-0.285125,-0.266229,0.019868,-0.291493
-0.996681,-3.425861,0.776675,-0.002186,0.118515,-0.028747,0.992534,-0.42024,0.038981,-0.014971,0.101535,0.082617,-0.016923,-0.399945,-0.052854,-0.135399,0.176775,0.002499,0.045625,0.004381,-0.070351,0.267524,-0.311256,0.598577,-0.126388,-0.584555,-0.007506,0.04665,0.550348,-0.396157,-0.743613,0.349959,-0.285604,-0.26626,0.020951,-0.29058
-0.996481,-3.426104,0.776701,-0.00212,0.11864,-0.028602,0.992523,-0.420339,0.03886,-0.015656,0.101632,0.082377,-0.016412,-0.400112,-0.052797,-0.135712,0.177302,0.002114,0.045471,0.004582,-0.070623,0.26721,-0.314262,0.60328,-0.121881,-0.586087,-0.003096,0.053199,0.531733,-0.394697,-0.743776,0.350042,-0.285745,-0.265976,0.021916,-0.289763
-0.996285,-3.426249,0.776723,-0.002144,0.118774,-0.028377,0.992513,-0.420447,0.039018,-0.015683,0.101688,0.082513,-0.016908,-0.400195,-0.052737,-0.136114,0.177674,0.001778,0.044888,0.00488,-0.070665,0.266705,-0.320776,0.606563,-0.116881,-0.587423,-0.000835,0.061034,0.513157,-0.392982,-0.743706,0.350017,-0.285624,-0.265408,0.023187,-0.289207
-0.996179,-3.426433,0.776736,-0.002045,0.118848,-0.028075,0.992513,-0.420599,0.038712,-0.016254,0.10174,0.082516,-0.016307,-0.399969,-0.052942,-0.136613,0.177644,0.001141,0.044834,0.005228,-0.071067,0.266298,-0.332109,0.607583,-0.113188,-0.589247,-0.002367,0.071018,0.492961,-0.391515,-0.743503,0.349989,-0.28551,-0.2651,0.02346,-0.289425
-0.99615,-3.42657,0.776762,-0.002153,0.118949,-0.027458,0.992518,-0.421091,0.038543,-0.017457,0.101835,0.082872,-0.016502,-0.399957,-0.05308,-0.137701,0.177796,0.000824,0.045105,0.005248,-0.071083,0.265542,-0.3522,0.606692,-0.111975,-0.586109,-0.006835,0.081818,0.467123,-0.389833,-0.742576,0.350105,-0.285357,-0.264421,0.023492,-0.289867
-0.9962,-3.426768,0.776733,-0.002309,0.119091,-0.026739,0.992521,-0.421804,0.038633,-0.018651,0.101859,0.083484,-0.017283,-0.400021,-0.053108,-0.139047,0.177956,0.000356,0.044745,0.004753,-0.07118,0.264411,-0.38032,0.606215,-0.113686,-0.57419,-0.011346,0.085744,0.434017,-0.388523,-0.741405,0.350196,-0.284836,-0.26359,0.02296,-0.290901
-0.996364,-3.426955,0.776695,-0.002382,0.119395,-0.025393,0.992519,-0.423359,0.037838,-0.02076,0.101912,0.084853,-0.017484,-0.400338,-0.053816,-0.141326,0.177974,-0.000507,0.04484,0.001746,-0.072031,0.262686,-0.413492,0.61168,-0.116986,-0.555773,-0.015292,0.085741,0.399704,-0.388787,-0.739003,0.350573,-0.284422,-0.262516,0.022143,-0.291429
-0.996552,-3.427072,0.776525,-0.002569,0.119886,-0.024045,0.992493,-0.425276,0.037053,-0.023337,0.101796,0.08474,-0.017431,-0.401136,-0.054557,-0.143844,0.178264,-0.002048,0.045714,-0.002804,-0.072155,0.260194,-0.452994,0.61799,-0.111412,-0.534824,-0.017814,0.091244,0.369981,-0.389783,-0.736829,0.352046,-0.284671,-0.260586,0.022065,-0.292337
-0.996734,-3.427021,0.776376,-0.002809,0.120245,-0.02379,0.992455,-0.42711,0.037237,-0.024237,0.103039,0.084485,-0.01753,-0.402867,-0.054545,-0.144479,0.179936,-0.002529,0.046954,-0.006306,-0.071509,0.25892,-0.486329,0.628402,-0.10618,-0.518767,-0.017496,0.094936,0.34223,-0.392355,-0.733401,0.355042,-0.284952,-0.257147,0.022673,-0.293038
-0.996887,-3.427165,0.77633,-0.002919,0.120257,-0.023928,0.99245,-0.42758,0.037857,-0.02413,0.103638,0.084079,-0.018042,-0.404425,-0.054235,-0.144331,0.182485,-0.003198,0.046651,-0.008723,-0.07227,0.257556,-0.517933,0.638632,-0.097912,-0.512339,-0.016608,0.105822,0.323483,-0.393493,-0.730685,0.357388,-0.285571,-0.255278,0.023602,-0.295103
-0.996777,-3.427318,0.776372,-0.002637,0.119983,-0.024876,0.992461,-0.426769,0.038395,-0.02233,0.104416,0.083535,-0.018122,-0.405089,-0.053861,-0.142664,0.184562,-0.003745,0.046095,-0.008992,-0.073903,0.257108,-0.54336,0.656322,-0.085515,-0.51698,-0.005037,0.120365,0.315155,-0.393317,-0.728201,0.358922,-0.28517,-0.254823,0.024627,-0.296303
-0.996804,-3.427536,0.776404,-0.002491,0.119405,-0.025939,0.992504,-0.425095,0.039447,-0.020441,0.104572,0.082871,-0.01905,-0.405177,-0.052908,-0.140689,0.186342,-0.003877,0.044187,-0.007605,-0.074886,0.257402,-0.565369,0.674598,-0.070362,-0.525993,0.01605,0.138702,0.312008,-0.391197,-0.726604,0.35951,-0.284645,-0.254618,0.026188,-0.297536
-0.99662,-3.42755,0.776476,-0.002341,0.118895,-0.026493,0.992551,-0.423276,0.039766,-0.019373,0.104462,0.082151,-0.019706,-0.404521,-0.052716,-0.139478,0.187368,-0.004266,0.043515,-0.006443,-0.074672,0.257814,-0.579801,0.682051,-0.059512,-0.532065,0.032812,0.160799,0.307744,-0.388673,-0.726808,0.359813,-0.284717,-0.255061,0.026227,-0.297901
-0.996342,-3.42745,0.776506,-0.002181,0.11857,-0.026603,0.992587,-0.422135,0.039305,-0.018606,0.104503,0.081898,-0.019479,-0.403684,-0.053174,-0.139182,0.18779,-0.004567,0.043378,-0.005991,-0.07466,0.258232,-0.589217,0.679378,-0.053848,-0.53671,0.042052,0.176574,0.299685,-0.386682,-0.727289,0.359978,-0.285503,-0.255009,0.026453,-0.298556
-0.996172,-3.427412,0.776552,-0.002183,0.118411,-0.026679,0.992604,-0.421443,0.039257,-0.018823,0.104373,0.081769,-0.018805,-0.403237,-0.053177,-0.139182,0.187898,-0.004299,0.043267,-0.006234,-0.0751,0.258761,-0.595342,0.672702,-0.051292,-0.540908,0.046606,0.182816,0.288519,-0.385704,-0.727449,0.360237,-0.286973,-0.254579,0.026175,-0.29878
-0.995992,-3.427412,0.776583,-0.002323,0.118383,-0.026853,0.992602,-0.421027,0.03976,-0.018573,0.104382,0.08121,-0.019006,-0.402914,-0.052825,-0.139281,0.187648,-0.0035,0.043762,-0.006743,-0.075682,0.259181,-0.597194,0.664062,-0.04878,-0.543898,0.046745,0.183704,0.278563,-0.385911,-0.727414,0.360359,-0.288023,-0.25437,0.025566,-0.298061
-0.995907,-3.42743,0.776646,-0.00244,0.118428,-0.027225,0.992586,-0.421135,0.040312,-0.018318,0.104949,0.08058,-0.018734,-0.40301,-0.052246,-0.138737,0.187344,-0.002018,0.044045,-0.007511,-0.076628,0.259272,-0.597844,0.659442,-0.046948,-0.546081,0.045075,0.18369,0.273309,-0.385917,-0.727428,0.359577,-0.289829,-0.253228,0.025205,-0.293729
-0.995881,-3.427555,0.776659,-0.002532,0.118476,-0.027619,0.992569,-0.421396,0.041155,-0.017522,0.105759,0.079949,-0.019184,-0.403248,-0.051414,-0.138072,0.187205,-0.000957,0.043196,-0.008374,-0.07753,0.259608,-0.595721,0.65813,-0.04494,-0.547943,0.043464,0.181801,0.272113,-0.382668,-0.728008,0.350712,-0.298336,-0.250322,0.029994,-0.288658
-0.99576,-3.427632,0.776624,-0.002494,0.11862,-0.027918,0.992544,-0.421293,0.041434,-0.017036,0.105587,0.079071,-0.01898,-0.403534,-0.051142,-0.137583,0.187245,-0.001456,0.043347,-0.008627,-0.07813,0.259645,-0.590987,0.658786,-0.044698,-0.549081,0.041139,0.179036,0.274889,-0.37081,-0.724842,0.329155,-0.311964,-0.239434,0.043551,-0.289148
-0.995913,-3.427861,0.776579,-0.002449,0.11895,-0.02758,0.992514,-0.422269,0.04148,-0.017467,0.105323,0.079694,-0.019515,-0.404982,-0.051255,-0.138093,0.188581,-0.002043,0.042687,-0.008764,-0.077736,0.259294,-0.580785,0.655884,-0.047962,-0.548364,0.035741,0.174317,0.279996,-0.35339,-0.709475,0.296187,-0.33354,-0.214367,0.054234,-0.294192
-0.995112,-3.427661,0.776724,-0.00258,0.118776,-0.025133,0.9926,-0.421374,0.039135,-0.021106,0.104866,0.079654,-0.019261,-0.401557,-0.053407,-0.142017,0.187436,-0.004579,0.043544,-0.01221,-0.074191,0.258385,-0.562163,0.644988,-0.053252,-0.546303,0.026836,0.169977,0.289154,-0.339407,-0.695453,0.26006,-0.366004,-0.189376,0.057519,-0.303386
-0.994634,-3.427573,0.776851,-0.002853,0.118326,-0.02451,0.992668,-0.420176,0.038694,-0.023037,0.105389,0.07901,-0.018081,-0.398252,-0.053542,-0.143643,0.185074,-0.004607,0.044845,-0.012422,-0.071587,0.258967,-0.537896,0.637245,-0.058723,-0.542954,0.01899,0.163816,0.29782,-0.338783,-0.685208,0.228086,-0.400443,-0.174585,0.055338,-0.313813
-0.994349,-3.427617,0.776968,-0.00285,0.117587,-0.024803,0.992749,-0.417964,0.038905,-0.0231,0.105525,0.078024,-0.017562,-0.395021,-0.053234,-0.143693,0.182613,-0.004377,0.045613,-0.010182,-0.070176,0.260662,-0.51248,0.634802,-0.062704,-0.538143,0.016155,0.157722,0.302024,-0.346874,-0.680222,0.204738,-0.435175,-0.168087,0.052521,-0.321141
-0.994405,-3.427682,0.77696,-0.00252,0.117248,-0.025347,0.992776,-0.417134,0.038692,-0.021927,0.105682,0.077936,-0.017438,-0.394169,-0.053304,-0.142425,0.181712,-0.004044,0.045745,-0.006964,-0.069711,0.261486,-0.488754,0.632671,-0.064955,-0.53358,0.014919,0.150411,0.302766,-0.361304,-0.675358,0.190561,-0.470275,-0.161482,0.053545,-0.324882
-0.994431,-3.427709,0.776984,-0.002402,0.117152,-0.025572,0.992782,-0.416905,0.038746,-0.021458,0.105786,0.078009,-0.01767,-0.393892,-0.053231,-0.141792,0.181227,-0.003747,0.045584,-0.005199,-0.06936,0.261844,-0.468948,0.632761,-0.064083,-0.532621,0.015459,0.145704,0.304357,-0.382106,-0.669734,0.186407,-0.503365,-0.152128,0.062224,-0.325224
-0.994465,-3.427841,0.777108,-0.002424,0.117088,-0.025508,0.992791,-0.416804,0.038983,-0.021238,0.105738,0.078865,-0.017825,-0.393566,-0.052955,-0.141798,0.180789,-0.003201,0.044676,-0.004714,-0.067847,0.262409,-0.450641,0.635438,-0.061648,-0.534155,0.01832,0.142274,0.306395,-0.40764,-0.657946,0.180556,-0.52979,-0.143347,0.071385,-0.328874
-0.994576,-3.427982,0.777092,-0.002414,0.117061,-0.025362,0.992798,-0.41648,0.038997,-0.021561,0.104739,0.07943,-0.017926,-0.393345,-0.052815,-0.141942,0.18026,-0.003088,0.044286,-0.003279,-0.066804,0.263175,-0.437813,0.640133,-0.058308,-0.53716,0.025847,0.137221,0.307302,-0.433654,-0.646663,0.173681,-0.551869,-0.136313,0.083579,-0.331417
-0.994866,-3.428067,0.777046,-0.00248,0.117316,-0.024653,0.992785,-0.416581,0.038762,-0.022439,0.1023,0.081131,-0.017908,-0.393761,-0.053061,-0.142879,0.179747,-0.002639,0.044557,-0.002263,-0.065823,0.263661,-0.431182,0.642757,-0.05628,-0.541577,0.03029,0.144907,0.308775,-0.458298,-0.636088,0.166754,-0.566793,-0.130204,0.098905,-0.330915
-0.995211,-3.428199,0.777041,-0.002327,0.117634,-0.023877,0.992767,-0.418353,0.037912,-0.023757,0.102471,0.083769,-0.017932,-0.39414,-0.05376,-0.144158,0.178715,-0.002056,0.044654,-0.000774,-0.065655,0.264863,-0.428456,0.646375,-0.053683,-0.551558,0.035551,0.160854,0.313521,-0.477122,-0.624884,0.16091,-0.577852,-0.1263,0.108123,-0.325387
-0.995534,-3.428307,0.777005,-0.002414,0.117956,-0.02332,0.992742,-0.419861,0.037765,-0.024991,0.102479,0.085108,-0.018013,-0.394508,-0.053822,-0.145201,0.17747,-0.001449,0.045008,0.000134,-0.065525,0.265942,-0.429356,0.651879,-0.047032,-0.5633,0.042881,0.183728,0.321389,-0.491393,-0.616466,0.156246,-0.588459,-0.125357,0.120183,-0.31915
-0.995811,-3.428351,0.776957,-0.002709,0.118246,-0.022928,0.992716,-0.42112,0.038142,-0.025827,0.102401,0.085775,-0.018564,-0.394714,-0.053415,-0.146284,0.17606,-0.000503,0.045189,0.00039,-0.065294,0.266863,-0.429481,0.654159,-0.043542,-0.573561,0.047841,0.203027,0.329288,-0.501898,-0.612986,0.153156,-0.596967,-0.130394,0.130932,-0.317566
-0.996009,-3.428368,0.77697,-0.002886,0.118416,-0.02274,0.992699,-0.421876,0.038387,-0.026407,0.102415,0.086089,-0.019031,-0.394939,-0.053091,-0.146674,0.17522,0.000513,0.044843,0.000526,-0.065931,0.267606,-0.429507,0.651121,-0.042749,-0.58007,0.048355,0.21285,0.335895,-0.50861,-0.611938,0.150742,-0.60562,-0.138879,0.139999,-0.319963
-0.996108,-3.428368,0.776959,-0.003146,0.118455,-0.022642,0.992696,-0.421366,0.038938,-0.026572,0.100894,0.085913,-0.019641,-0.394976,-0.052607,-0.147163,0.17498,0.000771,0.044648,0.000369,-0.066488,0.268393,-0.429626,0.646558,-0.043282,-0.584609,0.045956,0.215782,0.341028,-0.512721,-0.611973,0.149113,-0.611765,-0.147349,0.144281,-0.324127
-0.996146,-3.428369,0.776942,-0.003167,0.11838,-0.022733,0.992703,-0.420921,0.039029,-0.027098,0.100264,0.085967,-0.019246,-0.395045,-0.052506,-0.147059,0.175287,0.000833,0.044884,-0.000061,-0.067227,0.269118,-0.429474,0.641939,-0.044356,-0.58734,0.04302,0.213091,0.343502,-0.513895,-0.608074,0.151649,-0.614879,-0.149939,0.144622,-0.327343
-0.996129,-3.428325,0.776952,-0.003106,0.118271,-0.022793,0.992715,-0.420645,0.03891,-0.02671,0.10022,0.086167,-0.019371,-0.395035,-0.052694,-0.146986,0.175752,0.00057,0.044797,-0.001128,-0.067757,0.269368,-0.4287,0.638513,-0.045204,-0.589581,0.040605,0.208256,0.344447,-0.514621,-0.60404,0.156229,-0.615308,-0.148736,0.142923,-0.330303
-0.996099,-3.428249,0.776975,-0.003189,0.118162,-0.022906,0.992725,-0.420119,0.039059,-0.026511,0.099918,0.086063,-0.019361,-0.395001,-0.052527,-0.146726,0.176112,0.000859,0.044404,-0.002028,-0.067698,0.269467,-0.428464,0.637229,-0.045559,-0.591304,0.03935,0.204949,0.343985,-0.514985,-0.601531,0.161061,-0.614112,-0.147434,0.140055,-0.329961
-0.996068,-3.428188,0.777009,-0.003146,0.118063,-0.023016,0.992734,-0.419839,0.038966,-0.026317,0.099979,0.086039,-0.019169,-0.394984,-0.052623,-0.146425,0.176453,0.00102,0.044654,-0.002406,-0.067539,0.26947,-0.428752,0.636732,-0.04561,-0.592244,0.039499,0.203821,0.34229,-0.51497,-0.599709,0.16399,-0.612403,-0.146149,0.137833,-0.328145
-0.996051,-3.428143,0.777012,-0.003027,0.117997,-0.023097,0.992741,-0.419744,0.038621,-0.026337,0.100186,0.085905,-0.018567,-0.39484,-0.052922,-0.146284,0.176437,0.000855,0.045022,-0.002364,-0.067194,0.269597,-0.429264,0.637251,-0.045275,-0.592538,0.041063,0.203185,0.339648,-0.514977,-0.598675,0.164804,-0.612399,-0.145844,0.136138,-0.325562
-0.996057,-3.42808,0.777013,-0.003021,0.118026,-0.023202,0.992735,-0.419793,0.038674,-0.026125,0.100218,0.085982,-0.018402,-0.394885,-0.052911,-0.146064,0.176328,0.000888,0.044911,-0.00213,-0.066585,0.269592,-0.428672,0.637835,-0.045648,-0.592461,0.041652,0.202791,0.337592,-0.515085,-0.598252,0.165115,-0.612896,-0.146784,0.134661,-0.32225
-0.996049,-3.428049,0.776996,-0.003009,0.118049,-0.0234,0.992727,-0.419718,0.038707,-0.026297,0.100183,0.085557,-0.018336,-0.394914,-0.052804,-0.145712,0.176128,0.000929,0.044938,-0.001714,-0.066406,0.269408,-0.428499,0.63822,-0.045004,-0.593397,0.04211,0.203035,0.336358,-0.514899,-0.598097,0.166115,-0.612908,-0.14789,0.134113,-0.318757
-0.996037,-3.428039,0.777001,-0.002867,0.11808,-0.02348,0.992722,-0.419804,0.038415,-0.025881,0.100301,0.085564,-0.018281,-0.394827,-0.052969,-0.145379,0.175833,0.000657,0.044642,-0.001611,-0.06645,0.269104,-0.42843,0.639581,-0.043598,-0.594604,0.043304,0.204397,0.335946,-0.514911,-0.598621,0.168267,-0.612134,-0.149446,0.133662,-0.316127
-0.995984,-3.428026,0.777005,-0.002749,0.118082,-0.023504,0.992722,-0.419802,0.038146,-0.025494,0.10046,0.085656,-0.01824,-0.394768,-0.053218,-0.145353,0.175813,0.000466,0.044601,-0.001578,-0.066447,0.268849,-0.42854,0.640216,-0.042184,-0.59497,0.04397,0.205466,0.336272,-0.514694,-0.599529,0.171769,-0.61108,-0.151217,0.132914,-0.314228
-0.995889,-3.428036,0.777036,-0.002745,0.118054,-0.023436,0.992727,-0.419641,0.038158,-0.025554,0.100529,0.085727,-0.018401,-0.3947,-0.053299,-0.145246,0.176215,0.000092,0.044747,-0.001624,-0.066317,0.268763,-0.428674,0.64044,-0.04137,-0.595252,0.044046,0.205456,0.337072,-0.514035,-0.599915,0.174594,-0.609767,-0.152437,0.132512,-0.313066
-0.995751,-3.428099,0.777005,-0.002773,0.118032,-0.023298,0.992733,-0.419421,0.038273,-0.025614,0.100536,0.085433,-0.018977,-0.394627,-0.053312,-0.14548,0.176789,-0.000718,0.044518,-0.001668,-0.066193,0.268667,-0.428784,0.64077,-0.04104,-0.595446,0.044076,0.204703,0.338191,-0.512946,-0.5986,0.175895,-0.609722,-0.15262,0.131885,-0.311994
-0.995597,-3.428176,0.777002,-0.002812,0.118052,-0.02311,0.992734,-0.419295,0.038254,-0.026157,0.100537,0.085032,-0.018817,-0.394648,-0.053371,-0.146015,0.177397,-0.001315,0.044482,-0.001686,-0.066259,0.268387,-0.428679,0.640492,-0.041116,-0.595412,0.043577,0.204086,0.339371,-0.512121,-0.598201,0.17555,-0.61031,-0.153444,0.131357,-0.31232
-0.995412,-3.428301,0.777027,-0.00295,0.118115,-0.022811,0.992734,-0.419181,0.038469,-0.026763,0.100375,0.084883,-0.019234,-0.394532,-0.053179,-0.146543,0.177786,-0.001594,0.044448,-0.001436,-0.066129,0.267964,-0.428789,0.63885,-0.041909,-0.595094,0.042229,0.203238,0.340262,-0.51105,-0.597262,0.175552,-0.610773,-0.152693,0.130879,-0.313526
-0.995215,-3.428417,0.777018,-0.003064,0.118188,-0.022492,0.992732,-0.419022,0.038539,-0.027753,0.100089,0.084347,-0.019272,-0.394333,-0.053119,-0.147437,0.177984,-0.002126,0.044604,-0.001099,-0.065892,0.267458,-0.428731,0.636687,-0.042971,-0.594792,0.040745,0.201946,0.34119,-0.510569,-0.598,0.174968,-0.611108,-0.152223,0.129631,-0.315708
-0.994993,-3.428519,0.777028,-0.003118,0.118343,-0.022095,0.992722,-0.419288,0.038399,-0.028338,0.100236,0.08422,-0.019276,-0.394389,-0.053245,-0.148129,0.178427,-0.002539,0.044414,-0.000827,-0.065768,0.266868,-0.428846,0.635025,-0.044134,-0.594822,0.039854,0.200364,0.341801,-0.510121,-0.598896,0.174927,-0.611363,-0.151319,0.128414,-0.319552
-0.99479,-3.428623,0.777019,-0.003184,0.118496,-0.02184,0.992709,-0.419347,0.038454,-0.029131,0.100173,0.083551,-0.01944,-0.394351,-0.05322,-0.148838,0.178556,-0.002904,0.044393,-0.000384,-0.065613,0.26629,-0.428852,0.634378,-0.044511,-0.594869,0.039987,0.199509,0.341965,-0.510034,-0.600565,0.176204,-0.611654,-0.150445,0.127313,-0.323951
-0.994566,-3.428726,0.777048,-0.00326,0.118705,-0.021665,0.992688,-0.419633,0.038576,-0.028972,0.100295,0.083367,-0.019568,-0.394487,-0.053106,-0.149187,0.178667,-0.002724,0.044258,-0.000209,-0.06571,0.265479,-0.42826,0.633657,-0.044582,-0.594756,0.039975,0.198923,0.342006,-0.51033,-0.602903,0.179651,-0.611967,-0.149822,0.126663,-0.32862
-0.994307,-3.428776,0.777039,-0.003383,0.118854,-0.021677,0.992669,-0.419446,0.038998,-0.029421,0.100086,0.082802,-0.019868,-0.394456,-0.052773,-0.149335,0.178596,-0.002381,0.044328,0.000184,-0.06564,0.264626,-0.427512,0.633126,-0.044363,-0.594458,0.03974,0.198694,0.341932,-0.51013,-0.605669,0.182821,-0.612433,-0.150027,0.125233,-0.333521
-0.994077,-3.428838,0.777065,-0.003399,0.118943,-0.021647,0.992659,-0.419312,0.039086,-0.029376,0.100093,0.082417,-0.01982,-0.394238,-0.052694,-0.149439,0.178413,-0.002238,0.044265,0.000231,-0.065782,0.263731,-0.426625,0.633416,-0.044086,-0.594469,0.040087,0.198289,0.342058,-0.509329,-0.606999,0.184333,-0.612981,-0.149499,0.124738,-0.337994
-0.993848,-3.428851,0.777084,-0.003353,0.11895,-0.021618,0.992659,-0.419033,0.038947,-0.029604,0.100184,0.081933,-0.019701,-0.394062,-0.052773,-0.149431,0.178656,-0.002205,0.044304,0.000035,-0.066085,0.262954,-0.425981,0.633842,-0.044037,-0.594297,0.040613,0.197788,0.342364,-0.508159,-0.607328,0.184458,-0.61302,-0.148853,0.124353,-0.342047
-0.993679,-3.428883,0.777134,-0.003321,0.118961,-0.021476,0.992661,-0.418832,0.038759,-0.029748,0.100114,0.08191,-0.019589,-0.393991,-0.052984,-0.149629,0.179075,-0.002547,0.044403,-0.000366,-0.066243,0.262336,-0.425539,0.633473,-0.045223,-0.59385,0.040003,0.197984,0.341991,-0.50712,-0.607962,0.183117,-0.612552,-0.148745,0.12423,-0.346327
-0.993523,-3.428859,0.777119,-0.003265,0.11901,-0.021319,0.992659,-0.418523,0.038429,-0.029983,0.09963,0.081804,-0.019241,-0.393743,-0.053241,-0.149717,0.179022,-0.003319,0.044173,-0.000787,-0.066102,0.261802,-0.425328,0.632418,-0.046413,-0.593641,0.039558,0.197688,0.340736,-0.506401,-0.608076,0.183291,-0.612579,-0.148039,0.123411,-0.347972
-0.993434,-3.428779,0.777108,-0.003249,0.119201,-0.02124,0.992638,-0.418718,0.038234,-0.030116,0.099343,0.081857,-0.019274,-0.393787,-0.053389,-0.149837,0.178608,-0.003616,0.044481,-0.001217,-0.065839,0.261479,-0.425003,0.630979,-0.047304,-0.594062,0.039019,0.197129,0.338844,-0.506013,-0.608762,0.183198,-0.612859,-0.147969,0.121809,-0.348737
-0.993388,-3.428731,0.77708,-0.003247,0.119438,-0.021289,0.992608,-0.419083,0.038231,-0.029907,0.099125,0.081982,-0.019449,-0.393883,-0.053376,-0.149822,0.177874,-0.003494,0.044825,-0.001311,-0.065714,0.261144,-0.424854,0.629831,-0.048014,-0.594307,0.038599,0.196693,0.337127,-0.505318,-0.609428,0.183387,-0.613003,-0.148383,0.119832,-0.349376
-0.993361,-3.428706,0.77707,-0.003324,0.119657,-0.021579,0.992575,-0.419331,0.038704,-0.029634,0.098994,0.081716,-0.020006,-0.394256,-0.052902,-0.149176,0.177395,-0.003063,0.044132,-0.001031,-0.065725,0.260895,-0.424311,0.629543,-0.048602,-0.594367,0.038786,0.19545,0.336582,-0.504597,-0.609851,0.183631,-0.612818,-0.148602,0.118301,-0.350638
-0.993304,-3.428689,0.777013,-0.003218,0.119735,-0.021886,0.992559,-0.419297,0.038945,-0.028399,0.099089,0.081463,-0.020894,-0.394116,-0.05267,-0.148493,0.176701,-0.00309,0.043578,-0.000716,-0.066168,0.260885,-0.423345,0.629672,-0.048678,-0.594406,0.038982,0.193963,0.337258,-0.503598,-0.61012,0.183756,-0.612374,-0.148619,0.118056,-0.352164
-0.993176,-3.428672,0.777011,-0.003207,0.119793,-0.022205,0.992545,-0.419006,0.039181,-0.028149,0.098944,0.08075,-0.020606,-0.394001,-0.052545,-0.148371,0.176295,-0.003337,0.044405,-0.000411,-0.066473,0.260716,-0.422698,0.629461,-0.048374,-0.593912,0.038678,0.192874,0.338756,-0.502483,-0.609978,0.184015,-0.611614,-0.148479,0.11789,-0.35323
-0.993043,-3.428674,0.777044,-0.003081,0.119855,-0.02227,0.992537,-0.419113,0.03881,-0.027751,0.099276,0.080606,-0.020107,-0.393953,-0.052795,-0.148231,0.176144,-0.00331,0.044508,-0.000656,-0.067087,0.26053,-0.42263,0.628787,-0.047559,-0.594231,0.038482,0.192432,0.340289,-0.501708,-0.610159,0.184542,-0.611091,-0.148398,0.118229,-0.353636
-0.992894,-3.428653,0.777075,-0.003229,0.11985,-0.022378,0.992534,-0.418843,0.039208,-0.027887,0.09932,0.08003,-0.019932,-0.394013,-0.052517,-0.148227,0.176625,-0.003389,0.044579,-0.000981,-0.067549,0.260271,-0.423931,0.628251,-0.04694,-0.594557,0.037977,0.193386,0.341942,-0.501525,-0.610989,0.185102,-0.610555,-0.148749,0.118587,-0.354371
-0.992727,-3.428629,0.777089,-0.003194,0.119931,-0.022325,0.992526,-0.418834,0.038958,-0.028247,0.09934,0.079978,-0.019554,-0.39409,-0.052712,-0.148347,0.17694,-0.00334,0.044783,-0.001304,-0.067665,0.259928,-0.424586,0.627853,-0.047771,-0.594333,0.037044,0.193719,0.343335,-0.501359,-0.611412,0.186195,-0.609958,-0.148848,0.118916,-0.354649
-0.992565,-3.428621,0.77714,-0.003308,0.12001,-0.022203,0.992519,-0.418831,0.039111,-0.028373,0.099325,0.080179,-0.0199,-0.394316,-0.052592,-0.148268,0.177562,-0.003163,0.043976,-0.001558,-0.067391,0.259521,-0.424682,0.627377,-0.048361,-0.594239,0.036512,0.193579,0.344202,-0.501086,-0.612035,0.186507,-0.609485,-0.149474,0.118569,-0.354661
-0.992413,-3.428608,0.777165,-0.003346,0.120086,-0.022111,0.992512,-0.418736,0.039003,-0.02877,0.099123,0.080139,-0.019626,-0.394363,-0.052616,-0.148383,0.177827,-0.003053,0.044359,-0.001428,-0.066698,0.259315,-0.423002,0.627689,-0.050165,-0.593748,0.036189,0.19213,0.344075,-0.500899,-0.612456,0.186701,-0.609407,-0.149852,0.118379,-0.354011
-0.992277,-3.428581,0.777199,-0.003295,0.120201,-0.021991,0.992501,-0.418808,0.038699,-0.028993,0.098991,0.080549,-0.019059,-0.394254,-0.052877,-0.148602,0.177607,-0.002843,0.044657,-0.001294,-0.066925,0.258956,-0.423028,0.627494,-0.050692,-0.593854,0.036179,0.190863,0.344289,-0.500316,-0.612197,0.186358,-0.609761,-0.149712,0.118631,-0.353016
-0.992139,-3.428585,0.777235,-0.003239,0.120256,-0.021987,0.992494,-0.418864,0.03853,-0.028862,0.099188,0.08077,-0.019139,-0.394228,-0.053103,-0.148972,0.177683,-0.002801,0.045452,-0.001166,-0.067238,0.258739,-0.422949,0.627449,-0.050989,-0.593492,0.036175,0.190602,0.344221,-0.499912,-0.612028,0.185914,-0.610072,-0.149795,0.118836,-0.352387
