0.147257,0.010555,0.727651,-0.045793,0.002019,-0.115582,0.99224,-0.706232,0.200974,-0.00728,0.74937,-0.045532,-0.045873,-0.121477,-0.004983,-0.254021,0.696287,-0.562689,-0.045351,0.0927,0.046989,0.054669,0.449221,0.890971,0.975406,-0.718493,-0.085264,0.323508,1.007467,-0.315314,-0.900591,-0.036104,-0.518965,-0.085254,0.003388,-1.315095
0.148084,0.010389,0.729712,-0.040836,0.007821,-0.116528,0.992317,-0.690902,0.180688,-0.026602,0.653168,-0.057656,-0.041518,-0.131666,-0.012624,-0.249661,0.687523,-0.554968,-0.04664,0.104321,0.037767,0.050451,0.423337,0.891139,0.965127,-0.725944,-0.102366,0.326409,1.017271,-0.313719,-0.906939,-0.060003,-0.524411,-0.074519,0.007753,-1.321604
0.150504,0.010988,0.731498,-0.036816,0.014465,-0.117461,0.992289,-0.683984,0.155336,-0.059891,0.573179,-0.061785,-0.039394,-0.139928,-0.019694,-0.24504,0.676466,-0.547591,-0.044107,0.114016,0.030872,0.041706,0.408491,0.902935,0.961815,-0.734588,-0.110214,0.32682,1.019966,-0.321917,-0.920856,-0.075621,-0.523641,-0.062018,0.012151,-1.327726
0.153829,0.012287,0.732993,-0.03536,0.023291,-0.116063,0.992339,-0.678762,0.146268,-0.0641,0.503765,0.020998,-0.059764,-0.147695,-0.022559,-0.246626,0.659324,-0.539199,-0.040113,0.118905,0.028667,0.036016,0.387361,0.927487,0.966554,-0.737532,-0.115151,0.3316,1.019437,-0.344011,-0.939909,-0.092354,-0.517909,-0.041418,0.017336,-1.334212
0.157745,0.014614,0.734268,-0.035456,0.031716,-0.113886,0.992354,-0.686195,0.135087,-0.069233,0.480786,0.076907,-0.034107,-0.154192,-0.025096,-0.25053,0.643903,-0.529348,-0.035989,0.119983,0.029028,0.031716,0.371321,0.953258,0.980839,-0.741572,-0.118432,0.338231,1.01681,-0.366421,-0.958496,-0.104223,-0.51231,-0.037583,0.018639,-1.344027
0.162574,0.017667,0.735096,-0.036077,0.040365,-0.11291,0.992129,-0.695102,0.131163,-0.068529,0.462963,0.118116,-0.0267,-0.162632,-0.027718,-0.252393,0.632617,-0.519878,-0.03075,0.123626,0.029703,0.034978,0.366359,0.985502,1.000471,-0.740686,-0.119594,0.348502,1.013866,-0.395224,-0.979034,-0.11374,-0.502569,-0.042665,0.018775,-1.353945
0.167891,0.021272,0.736428,-0.035134,0.050027,-0.113194,0.99169,-0.711138,0.123579,-0.065963,0.456598,0.157826,-0.009074,-0.17296,-0.034083,-0.252156,0.619454,-0.50813,-0.022781,0.12781,0.023366,0.034305,0.322919,1.01039,1.022962,-0.727413,-0.123486,0.351124,1.019308,-0.422982,-0.989893,-0.11909,-0.491172,-0.037712,0.019639,-1.369321
0.174318,0.02526,0.737563,-0.033639,0.059964,-0.114179,0.991078,-0.727261,0.117976,-0.057834,0.458099,0.167804,-0.003067,-0.184496,-0.042587,-0.24992,0.609641,-0.497558,-0.014613,0.136474,0.015922,0.036402,0.293687,1.045167,1.043764,-0.711774,-0.121014,0.351962,1.027532,-0.45203,-1.008494,-0.123063,-0.477227,-0.042782,0.019344,-1.382737
0.181288,0.029644,0.738327,-0.032055,0.069966,-0.116741,0.990176,-0.743802,0.114357,-0.04953,0.466142,0.158256,-0.001406,-0.19729,-0.051292,-0.245245,0.602261,-0.489371,-0.00672,0.148504,0.009209,0.037423,0.272633,1.087228,1.072199,-0.689393,-0.110896,0.348866,1.037972,-0.483259,-1.031135,-0.125575,-0.458271,-0.052749,0.01874,-1.393687
0.188697,0.033775,0.738957,-0.030933,0.079635,-0.119164,0.989192,-0.759008,0.11182,-0.040209,0.474845,0.146232,-0.000837,-0.208242,-0.059002,-0.240761,0.594174,-0.481879,-0.000773,0.166213,0.001125,0.034962,0.247618,1.137051,1.090742,-0.656536,-0.10393,0.340805,1.053582,-0.513058,-1.055521,-0.130775,-0.43048,-0.07697,0.017294,-1.403265
0.196421,0.038363,0.739665,-0.030621,0.090199,-0.121213,0.988045,-0.777441,0.108995,-0.032324,0.485559,0.135775,0.001885,-0.217444,-0.064594,-0.237403,0.579563,-0.47195,0.007545,0.170582,-0.006498,0.034019,0.224534,1.184018,1.10426,-0.624148,-0.101622,0.326932,1.073831,-0.549637,-1.077509,-0.130233,-0.401021,-0.108865,0.013803,-1.414419
0.204391,0.042759,0.740273,-0.03117,0.100726,-0.122429,0.986861,-0.795672,0.10676,-0.026818,0.497115,0.119333,0.005429,-0.225094,-0.068409,-0.236073,0.563548,-0.460179,0.015698,0.170321,-0.01244,0.032583,0.20132,1.229594,1.1061,-0.588594,-0.09915,0.306668,1.093924,-0.591627,-1.08966,-0.117957,-0.370608,-0.125494,0.011311,-1.425338
0.212498,0.046849,0.74067,-0.032495,0.11076,-0.123123,0.985656,-0.813323,0.104521,-0.024784,0.510623,0.098217,0.009733,-0.22905,-0.069752,-0.235643,0.543655,-0.447907,0.024302,0.165891,-0.01744,0.030909,0.164633,1.269855,1.078654,-0.547194,-0.096254,0.26866,1.118895,-0.641273,-1.089248,-0.091963,-0.339577,-0.126494,0.009783,-1.435438
0.220559,0.050758,0.741054,-0.034142,0.119631,-0.123923,0.984462,-0.830071,0.103239,-0.022824,0.527,0.079623,0.013658,-0.23034,-0.070253,-0.235333,0.523376,-0.433566,0.032197,0.163601,-0.02042,0.031044,0.118451,1.306278,1.028285,-0.503249,-0.102851,0.239885,1.135219,-0.693536,-1.087854,-0.0619,-0.307232,-0.131904,0.00784,-1.446169
0.228273,0.054128,0.741454,-0.035947,0.127214,-0.125682,0.983223,-0.844753,0.104046,-0.02069,0.544879,0.060729,0.016831,-0.229793,-0.068919,-0.23366,0.503583,-0.418145,0.037761,0.167667,-0.022241,0.032851,0.046546,1.346638,0.951182,-0.443537,-0.098398,0.208304,1.151651,-0.75202,-1.084624,-0.026613,-0.265997,-0.148155,0.003347,-1.45703
0.235933,0.057611,0.741753,-0.03778,0.134406,-0.126618,0.982077,-0.857704,0.1035,-0.018855,0.560447,0.043041,0.021606,-0.231483,-0.069669,-0.233279,0.490675,-0.404064,0.042842,0.170336,-0.022842,0.032777,-0.00895,1.37627,0.888712,-0.403046,-0.089332,0.187606,1.165521,-0.796753,-1.077546,0.004214,-0.236861,-0.157769,0.001632,-1.460233
0.243291,0.060874,0.742092,-0.039472,0.140584,-0.128413,0.980912,-0.869195,0.104184,-0.016208,0.577494,0.025378,0.027033,-0.230852,-0.069145,-0.229633,0.47482,-0.388762,0.049682,0.175629,-0.02322,0.033441,-0.102185,1.403711,0.789953,-0.346851,-0.078536,0.161324,1.184822,-0.857556,-1.068133,0.050255,-0.192722,-0.169994,-0.000995,-1.473191
0.25022,0.063942,0.742426,-0.041294,0.146565,-0.129601,0.979805,-0.879842,0.105079,-0.013529,0.59181,0.01052,0.032907,-0.231001,-0.068836,-0.227375,0.461842,-0.373578,0.056432,0.178759,-0.022345,0.034197,-0.19757,1.422241,0.693378,-0.300261,-0.064355,0.139854,1.200011,-0.914055,-1.058522,0.094007,-0.151978,-0.183053,-0.003714,-1.475608
0.256607,0.0668,0.742709,-0.042856,0.152289,-0.130266,0.978776,-0.889412,0.105625,-0.010198,0.604316,-0.002897,0.04126,-0.233919,-0.069965,-0.225943,0.454881,-0.361657,0.062558,0.175987,-0.023206,0.03686,-0.263098,1.441609,0.628665,-0.266961,-0.054961,0.128243,1.209392,-0.96453,-1.050465,0.135816,-0.117751,-0.193379,-0.004198,-1.477135
0.262612,0.069438,0.743162,-0.044151,0.156864,-0.131528,0.977827,-0.895482,0.105574,-0.007796,0.613463,-0.013445,0.046219,-0.235453,-0.07077,-0.221938,0.447866,-0.346542,0.069139,0.175799,-0.024762,0.043532,-0.360579,1.463962,0.53986,-0.22084,-0.048497,0.11875,1.218036,-1.021788,-1.08523,0.233408,-0.084564,-0.165974,-0.004958,-1.472798
0.267978,0.072006,0.743575,-0.045759,0.161779,-0.132131,0.97687,-0.903176,0.105875,-0.005758,0.6217,-0.022088,0.052134,-0.238081,-0.070469,-0.218975,0.440594,-0.331889,0.075598,0.17918,-0.022734,0.04772,-0.482461,1.476314,0.427823,-0.176757,-0.037257,0.108239,1.228718,-1.086959,-1.130242,0.350973,-0.056752,-0.122638,-0.004948,-1.463718
0.272821,0.074292,0.743893,-0.047169,0.167122,-0.132424,0.975863,-0.911883,0.105598,-0.00439,0.628144,-0.029159,0.058197,-0.243201,-0.070405,-0.216502,0.435479,-0.318837,0.080971,0.179895,-0.021111,0.049191,-0.582236,1.481167,0.337116,-0.14221,-0.023257,0.098732,1.238068,-1.147743,-1.139949,0.428257,-0.031573,-0.103159,-0.004773,-1.45042
0.277046,0.076365,0.744148,-0.048583,0.172,-0.132495,0.974936,-0.920008,0.105077,-0.004272,0.633707,-0.035024,0.063408,-0.247814,-0.070191,-0.215053,0.430498,-0.306892,0.086272,0.179968,-0.018613,0.050308,-0.691793,1.478366,0.234314,-0.102839,-0.01157,0.089828,1.246231,-1.206765,-1.120807,0.468929,0.019555,-0.094024,-0.003869,-1.453308
0.280663,0.078048,0.74448,-0.049571,0.17612,-0.132647,0.97413,-0.92641,0.104669,-0.003595,0.637678,-0.039328,0.067482,-0.251992,-0.070093,-0.212941,0.426498,-0.296908,0.090836,0.181512,-0.017866,0.052867,-0.826367,1.477349,0.102188,-0.050874,0.006259,0.079976,1.253626,-1.269163,-1.106368,0.533175,0.06645,-0.085467,-0.005348,-1.443346
0.284156,0.079709,0.744682,-0.050702,0.180307,-0.132636,0.973307,-0.933149,0.104492,-0.002883,0.64144,-0.04307,0.072206,-0.256202,-0.069536,-0.211098,0.422047,-0.286656,0.095721,0.181358,-0.017031,0.054409,-0.932008,1.466105,0.001703,-0.006943,0.019546,0.072758,1.258263,-1.317976,-1.085498,0.572903,0.111633,-0.090551,-0.006661,-1.429838
0.287285,0.081088,0.74481,-0.051795,0.183961,-0.132764,0.972548,-0.939582,0.105205,-0.001408,0.645908,-0.045996,0.077803,-0.259169,-0.068625,-0.210109,0.417391,-0.27813,0.099417,0.182639,-0.017587,0.056688,-1.043804,1.449266,-0.106933,0.042424,0.028578,0.066447,1.261181,-1.362489,-1.067647,0.614703,0.1566,-0.09384,-0.008875,-1.413805
0.290058,0.082277,0.744792,-0.052859,0.18714,-0.133161,0.97183,-0.945458,0.106448,-0.000441,0.650915,-0.050449,0.083541,-0.262049,-0.067366,-0.20846,0.413667,-0.271348,0.100969,0.185663,-0.018993,0.058656,-1.153355,1.427083,-0.21496,0.095441,0.040733,0.059699,1.262814,-1.400639,-1.046971,0.648305,0.202089,-0.093041,-0.01127,-1.394074
0.292543,0.08332,0.744603,-0.053838,0.189961,-0.134086,0.971101,-0.951346,0.10768,-0.00033,0.657221,-0.05664,0.086913,-0.264691,-0.065992,-0.206469,0.410475,-0.266432,0.102471,0.189901,-0.022007,0.060896,-1.253684,1.402323,-0.315038,0.148257,0.053836,0.052886,1.263177,-1.430304,-1.022865,0.670693,0.246786,-0.087445,-0.01332,-1.373625
0.29455,0.084192,0.744221,-0.054845,0.192651,-0.135172,0.970364,-0.958607,0.109608,-0.000735,0.665499,-0.062923,0.088701,-0.268259,-0.06452,-0.204617,0.408527,-0.262891,0.105519,0.194386,-0.025746,0.058238,-1.344521,1.36643,-0.410808,0.209056,0.073155,0.042551,1.259818,-1.453721,-0.994199,0.689537,0.297371,-0.08298,-0.016537,-1.349119
0.296447,0.084919,0.743839,-0.055722,0.195151,-0.135834,0.969722,-0.966025,0.110303,-0.001713,0.674001,-0.067287,0.089097,-0.270705,-0.063137,-0.203184,0.406165,-0.260966,0.106904,0.19656,-0.029316,0.05551,-1.397171,1.320931,-0.466181,0.264727,0.095315,0.027684,1.255142,-1.467914,-0.963746,0.701797,0.341045,-0.082439,-0.021598,-1.327144
0.298133,0.085583,0.743509,-0.056472,0.197305,-0.13618,0.969194,-0.972482,0.111009,-0.002296,0.681445,-0.070331,0.090088,-0.271668,-0.061947,-0.202652,0.402092,-0.258576,0.108484,0.200636,-0.033594,0.057248,-1.445525,1.275542,-0.509763,0.323348,0.113617,0.013387,1.259293,-1.479422,-0.939196,0.709263,0.380334,-0.081816,-0.027905,-1.30904
0.299429,0.086037,0.743092,-0.056919,0.199147,-0.136572,0.968736,-0.978276,0.11167,-0.002461,0.688127,-0.073838,0.091028,-0.272612,-0.061244,-0.202404,0.398648,-0.257536,0.110184,0.195394,-0.037132,0.060857,-1.485286,1.242953,-0.549742,0.385167,0.115174,0.004313,1.26516,-1.499035,-0.904917,0.721533,0.423045,-0.075866,-0.033226,-1.287875
0.300438,0.086406,0.742636,-0.057465,0.200894,-0.136864,0.968301,-0.984033,0.112386,-0.003196,0.694319,-0.077244,0.091547,-0.273932,-0.060026,-0.202376,0.396147,-0.257572,0.111044,0.185957,-0.039819,0.064691,-1.522423,1.219175,-0.59045,0.444685,0.125288,-0.00586,1.258324,-1.522074,-0.866216,0.734876,0.470577,-0.066709,-0.038229,-1.264143
0.301478,0.086773,0.74211,-0.058514,0.202779,-0.137289,0.967785,-0.990377,0.114034,-0.004685,0.70122,-0.081439,0.092416,-0.275428,-0.057647,-0.202216,0.393561,-0.25687,0.111349,0.19597,-0.042609,0.06526,-1.557311,1.174961,-0.626171,0.499346,0.1365,-0.01529,1.253484,-1.530873,-0.848134,0.740718,0.511521,-0.059003,-0.042757,-1.246783
0.302206,0.086956,0.7416,-0.05928,0.204489,-0.138422,0.967217,-0.996236,0.116169,-0.005888,0.707508,-0.085056,0.094035,-0.277756,-0.055338,-0.200887,0.391753,-0.256824,0.111769,0.200584,-0.045395,0.067735,-1.588846,1.142267,-0.659474,0.550274,0.148697,-0.02442,1.248975,-1.547399,-0.823904,0.750302,0.554851,-0.051178,-0.046069,-1.229784
0.302729,0.087128,0.741056,-0.060108,0.206104,-0.139393,0.966684,-1.002568,0.119168,-0.005735,0.714,-0.087735,0.095695,-0.279829,-0.053031,-0.199986,0.3896,-0.256827,0.112788,0.204189,-0.047748,0.070935,-1.613279,1.109198,-0.68252,0.59888,0.151321,-0.031014,1.244381,-1.564915,-0.800913,0.761042,0.59614,-0.046502,-0.049502,-1.217458
0.303059,0.08728,0.740522,-0.060845,0.207606,-0.140245,0.966193,-1.008834,0.122165,-0.005045,0.720114,-0.089276,0.097848,-0.281323,-0.050756,-0.198834,0.386448,-0.256858,0.114379,0.20746,-0.050444,0.073941,-1.632902,1.074183,-0.697379,0.646158,0.157936,-0.040044,1.23744,-1.580436,-0.778432,0.771157,0.635242,-0.03553,-0.051732,-1.201058
0.303297,0.0874,0.740002,-0.061641,0.208886,-0.140878,0.965774,-1.014894,0.124234,-0.005736,0.726414,-0.090515,0.100397,-0.282245,-0.048277,-0.198287,0.383426,-0.257087,0.114374,0.210291,-0.053631,0.076629,-1.645726,1.039135,-0.701812,0.686752,0.162715,-0.048397,1.233871,-1.59289,-0.757452,0.780153,0.671856,-0.024164,-0.053088,-1.186104
0.303393,0.08751,0.739443,-0.062204,0.21006,-0.141478,0.965396,-1.020358,0.125975,-0.006556,0.731798,-0.092147,0.101259,-0.283166,-0.046328,-0.197426,0.380573,-0.259692,0.113864,0.212084,-0.055961,0.080102,-1.65741,1.007261,-0.708382,0.725832,0.167209,-0.05586,1.231655,-1.605824,-0.737371,0.790458,0.70392,-0.011469,-0.053352,-1.171203
0.303229,0.087689,0.738895,-0.062835,0.211271,-0.14198,0.965017,-1.025527,0.127961,-0.006698,0.735375,-0.093338,0.103123,-0.285034,-0.044229,-0.19709,0.378932,-0.262417,0.113349,0.213003,-0.058414,0.083101,-1.667123,0.97839,-0.715908,0.760561,0.171532,-0.061789,1.233075,-1.617272,-0.719417,0.803311,0.733208,-0.000617,-0.052543,-1.158575
0.302892,0.087894,0.738346,-0.063406,0.212353,-0.142424,0.964677,-1.030245,0.130151,-0.006234,0.738303,-0.09462,0.104688,-0.287269,-0.042272,-0.196617,0.378295,-0.265855,0.110605,0.214129,-0.061218,0.086554,-1.674781,0.952468,-0.724532,0.78896,0.178195,-0.068147,1.23253,-1.62397,-0.703588,0.813891,0.756262,0.008234,-0.051321,-1.148068
0.302179,0.08815,0.737784,-0.063436,0.213159,-0.143169,0.964387,-1.034471,0.131058,-0.006578,0.740499,-0.0947,0.104581,-0.290712,-0.041695,-0.196178,0.380053,-0.271748,0.107996,0.215304,-0.064261,0.091135,-1.678089,0.928424,-0.728329,0.814877,0.182906,-0.073088,1.23326,-1.62975,-0.687961,0.823231,0.776375,0.016876,-0.049865,-1.13589
0.301272,0.088415,0.737115,-0.06331,0.213738,-0.143683,0.964191,-1.038421,0.131317,-0.006459,0.742749,-0.095604,0.104171,-0.29576,-0.041264,-0.194429,0.385867,-0.280583,0.102424,0.215828,-0.067019,0.096504,-1.677601,0.905104,-0.72906,0.840848,0.187364,-0.078984,1.227754,-1.63737,-0.672708,0.837213,0.795701,0.026758,-0.045557,-1.124277
0.29991,0.088719,0.736191,-0.062791,0.213551,-0.14426,0.96418,-1.042162,0.131683,-0.005128,0.746426,-0.096012,0.104872,-0.301397,-0.042269,-0.192639,0.395718,-0.293346,0.094261,0.217369,-0.070278,0.102602,-1.675136,0.878134,-0.729695,0.873254,0.188809,-0.084574,1.219273,-1.642113,-0.657521,0.856325,0.81658,0.035186,-0.041449,-1.107934
0.298098,0.08894,0.735012,-0.061709,0.212887,-0.144678,0.964334,-1.045722,0.130255,-0.003917,0.750756,-0.096153,0.103058,-0.307962,-0.0448,-0.192321,0.408866,-0.309794,0.087664,0.219483,-0.072919,0.111126,-1.669182,0.851807,-0.733622,0.905347,0.193317,-0.090216,1.213142,-1.644371,-0.639455,0.874398,0.83793,0.050684,-0.034983,-1.087683
0.295724,0.088988,0.733709,-0.0601,0.211997,-0.144779,0.964616,-1.049177,0.127992,-0.002577,0.753959,-0.095395,0.10191,-0.315317,-0.04901,-0.194626,0.423802,-0.328325,0.079114,0.221117,-0.07609,0.121946,-1.657716,0.825806,-0.737222,0.932584,0.19308,-0.093815,1.206826,-1.643189,-0.619408,0.890728,0.855115,0.053286,-0.035273,-1.061535
0.292506,0.088969,0.732233,-0.058336,0.211175,-0.144392,0.964963,-1.053379,0.124367,-0.002575,0.755691,-0.093659,0.100003,-0.32585,-0.053706,-0.198277,0.443207,-0.349298,0.068247,0.223318,-0.079382,0.134321,-1.644007,0.798756,-0.7465,0.956849,0.196098,-0.096726,1.202839,-1.637596,-0.597732,0.895807,0.87681,0.061707,-0.032452,-1.042696
0.288443,0.088697,0.73058,-0.056704,0.210737,-0.143557,0.96528,-1.059243,0.121274,-0.002946,0.755923,-0.0908,0.097653,-0.337847,-0.057492,-0.202045,0.462481,-0.370679,0.060211,0.224859,-0.081717,0.149382,-1.626006,0.773435,-0.754396,0.973264,0.203244,-0.101997,1.194346,-1.631039,-0.575745,0.896316,0.894265,0.068564,-0.028718,-1.037976
0.283101,0.088255,0.728276,-0.054176,0.210828,-0.142881,0.965506,-1.068555,0.11747,-0.002908,0.75645,-0.086554,0.094054,-0.363185,-0.064746,-0.202687,0.502917,-0.397734,0.052176,0.226474,-0.0856,0.164315,-1.605052,0.745532,-0.755941,1.000725,0.185658,-0.083275,1.239097,-1.635349,-0.537735,0.886756,0.941859,0.05407,-0.027531,-1.074401
0.27745,0.087463,0.725964,-0.052805,0.210738,-0.141704,0.965775,-1.078207,0.115268,-0.004643,0.756837,-0.081363,0.09082,-0.380938,-0.068311,-0.203649,0.528028,-0.418516,0.050461,0.223971,-0.087791,0.184591,-1.578043,0.727321,-0.755113,1.003932,0.191763,-0.080062,1.257617,-1.625057,-0.516425,0.884356,0.945235,0.045515,-0.031335,-1.074975
0.270499,0.086381,0.72293,-0.051643,0.211769,-0.141219,0.965683,-1.094684,0.116554,-0.006337,0.761157,-0.074444,0.086935,-0.410001,-0.071557,-0.202102,0.568185,-0.443405,0.052512,0.217145,-0.091683,0.20351,-1.547154,0.716885,-0.756565,1.002992,0.19929,-0.079373,1.267135,-1.614021,-0.493575,0.882045,0.944727,0.029634,-0.03638,-1.0734
0.264256,0.085342,0.720117,-0.050629,0.212759,-0.140678,0.965598,-1.108618,0.116403,-0.009063,0.763118,-0.06868,0.083454,-0.433801,-0.073552,-0.200951,0.598788,-0.464476,0.054721,0.219965,-0.095813,0.216001,-1.504912,0.691014,-0.743487,1.001692,0.216877,-0.082619,1.26926,-1.581034,-0.478404,0.865624,0.939191,0.005294,-0.043575,-1.077879
0.25692,0.083992,0.717068,-0.049526,0.214273,-0.14092,0.965285,-1.126089,0.117713,-0.01136,0.766153,-0.060184,0.079595,-0.463447,-0.074461,-0.199475,0.634898,-0.486943,0.053508,0.223229,-0.100648,0.235342,-1.472084,0.675819,-0.739737,0.994614,0.228681,-0.084145,1.272236,-1.557978,-0.470376,0.86374,0.928142,-0.018159,-0.049173,-1.086688
0.248608,0.082302,0.713686,-0.048332,0.218428,-0.142118,0.964238,-1.150905,0.121894,-0.015093,0.767968,-0.046987,0.073506,-0.506809,-0.074512,-0.196648,0.682141,-0.503167,0.050676,0.226867,-0.10715,0.250301,-1.443001,0.663251,-0.740219,0.989612,0.222738,-0.076895,1.285484,-1.535673,-0.466024,0.866206,0.913382,-0.041584,-0.051148,-1.098167
0.240197,0.080612,0.7098,-0.046596,0.220644,-0.142527,0.963759,-1.172301,0.124163,-0.016759,0.771438,-0.036041,0.069212,-0.545939,-0.075965,-0.193837,0.730805,-0.525955,0.047646,0.230198,-0.112774,0.269662,-1.41419,0.654,-0.736426,0.978304,0.210472,-0.06644,1.299849,-1.513125,-0.461493,0.867037,0.902364,-0.052424,-0.048458,-1.106188
0.232467,0.0788,0.705791,-0.044632,0.22206,-0.143206,0.963426,-1.19224,0.12665,-0.017741,0.777663,-0.026646,0.064782,-0.5819,-0.078376,-0.190296,0.778097,-0.544364,0.044476,0.233102,-0.118829,0.288023,-1.378145,0.650398,-0.725513,0.952785,0.21207,-0.06079,1.307397,-1.485137,-0.455577,0.859513,0.89239,-0.050906,-0.039887,-1.119348
0.225001,0.076756,0.701667,-0.042692,0.222452,-0.143327,0.963405,-1.210083,0.128169,-0.019434,0.785056,-0.018062,0.059895,-0.610964,-0.080314,-0.187572,0.818241,-0.56593,0.041954,0.235277,-0.123206,0.305445,-1.339679,0.649454,-0.714722,0.921583,0.227623,-0.057916,1.3143,-1.460483,-0.454594,0.868465,0.88023,-0.055489,-0.030156,-1.142776
0.217984,0.074811,0.697453,-0.040701,0.22147,-0.143147,0.963745,-1.225284,0.128757,-0.020661,0.79457,-0.010822,0.055763,-0.636606,-0.083147,-0.184742,0.858558,-0.585622,0.039826,0.237759,-0.127843,0.321899,-1.296643,0.646128,-0.697153,0.891879,0.23158,-0.051497,1.325566,-1.428593,-0.456747,0.875961,0.86336,-0.060515,-0.021391,-1.153688
0.211321,0.07269,0.693003,-0.03856,0.219243,-0.142879,0.964381,-1.238573,0.12916,-0.021423,0.806966,-0.005569,0.050941,-0.660633,-0.087284,-0.182508,0.902582,-0.605893,0.036167,0.238252,-0.130808,0.335406,-1.244246,0.64327,-0.670857,0.858382,0.235108,-0.046086,1.334867,-1.394803,-0.464225,0.891574,0.839576,-0.071447,-0.012932,-1.142601
0.204876,0.070567,0.688598,-0.036018,0.215841,-0.142611,0.965286,-1.249242,0.129444,-0.020463,0.820153,-0.00043,0.048696,-0.682946,-0.092564,-0.17955,0.948417,-0.62082,0.032102,0.238682,-0.133966,0.347187,-1.187481,0.643035,-0.640416,0.815133,0.251345,-0.042248,1.347851,-1.354571,-0.472203,0.902135,0.804893,-0.074475,0.000241,-1.144825
0.198097,0.067881,0.684593,-0.031799,0.211706,-0.142094,0.966426,-1.2541,0.128427,-0.018015,0.82526,0.00691,0.042827,-0.705992,-0.100491,-0.174373,0.995711,-0.634393,0.027781,0.237944,-0.140778,0.358316,-1.128373,0.647856,-0.610456,0.76325,0.276712,-0.040328,1.360348,-1.311847,-0.482518,0.90645,0.763471,-0.077218,0.012201,-1.158929
0.189842,0.064481,0.68088,-0.027666,0.206865,-0.141675,0.967662,-1.256518,0.127208,-0.018918,0.824156,0.018882,0.029222,-0.728277,-0.105552,-0.169957,1.039964,-0.646393,0.020309,0.238937,-0.147687,0.385136,-1.084506,0.668488,-0.591925,0.689427,0.289877,-0.043754,1.340751,-1.283953,-0.508612,0.907375,0.701214,-0.06703,0.025496,-1.180185
0.181831,0.060966,0.677156,-0.023762,0.201107,-0.141204,0.969047,-1.256995,0.126394,-0.018624,0.824159,0.030548,0.01765,-0.74495,-0.110188,-0.166713,1.078977,-0.660912,0.011389,0.241006,-0.153055,0.396043,-1.027817,0.681376,-0.567365,0.632979,0.302552,-0.039086,1.345217,-1.237677,-0.526936,0.897997,0.650846,-0.073596,0.033201,-1.189964
0.173716,0.057505,0.673499,-0.020229,0.194987,-0.140355,0.970501,-1.257002,0.125148,-0.020027,0.824331,0.043107,0.007236,-0.758622,-0.114382,-0.165124,1.114069,-0.675434,0.003152,0.240637,-0.156471,0.401823,-0.967089,0.698679,-0.550021,0.574033,0.304079,-0.035432,1.339154,-1.193734,-0.550496,0.901161,0.59669,-0.085944,0.039078,-1.198227
0.168015,0.056194,0.669486,-0.022849,0.18654,-0.138319,0.972393,-1.265935,0.126492,-0.025276,0.854947,0.049132,0.017227,-0.753726,-0.113464,-0.173265,1.137824,-0.69049,-0.002188,0.237447,-0.140616,0.401718,-0.898717,0.713937,-0.532713,0.512878,0.304567,-0.031688,1.328528,-1.142903,-0.572005,0.900495,0.547081,-0.082749,0.046002,-1.219262
0.161248,0.05404,0.665691,-0.020568,0.177521,-0.136397,0.974402,-1.262244,0.123834,-0.024377,0.863914,0.055949,0.017004,-0.753082,-0.119296,-0.173228,1.164873,-0.710157,-0.004579,0.231021,-0.135256,0.401131,-0.839041,0.743252,-0.54112,0.454327,0.308501,-0.026605,1.310337,-1.099585,-0.595249,0.913141,0.499121,-0.062582,0.057963,-1.226404
0.154934,0.050402,0.661596,-0.018016,0.167242,-0.138132,0.976025,-1.255927,0.127009,-0.02645,0.878636,0.053647,0.005467,-0.749678,-0.118718,-0.167375,1.191338,-0.732405,-0.005607,0.229952,-0.137699,0.396019,-0.784859,0.785124,-0.558783,0.397904,0.298472,-0.019198,1.274183,-1.063475,-0.616897,0.93413,0.451437,-0.056576,0.070418,-1.206959
0.148051,0.047167,0.657361,-0.01573,0.156041,-0.138873,0.977813,-1.248341,0.128518,-0.027725,0.891728,0.054991,-0.002849,-0.747589,-0.120132,-0.163253,1.222629,-0.749818,-0.005055,0.226242,-0.136797,0.389244,-0.734538,0.830512,-0.575751,0.343234,0.287206,-0.008215,1.239367,-1.034044,-0.647,0.96227,0.39998,-0.060308,0.082528,-1.17986
0.142582,0.044416,0.652809,-0.014234,0.142477,-0.138982,0.979889,-1.232429,0.130021,-0.02725,0.904945,0.044028,-0.01299,-0.737643,-0.123499,-0.1607,1.255029,-0.768732,-0.005712,0.22119,-0.131898,0.381515,-0.67923,0.875056,-0.584923,0.287859,0.271557,0.005282,1.208107,-0.998398,-0.679757,0.983683,0.346194,-0.0627,0.092737,-1.160002
0.136637,0.04153,0.648767,-0.012045,0.128696,-0.138441,0.981899,-1.217133,0.129027,-0.027504,0.9175,0.039898,-0.019665,-0.726595,-0.128226,-0.158336,1.284274,-0.785726,-0.006243,0.215735,-0.128169,0.372443,-0.622706,0.920224,-0.583046,0.232461,0.259896,0.018436,1.183296,-0.959319,-0.714356,0.997066,0.294308,-0.066637,0.100939,-1.146145
0.130962,0.038374,0.645453,-0.00993,0.11362,-0.13788,0.98386,-1.197216,0.128239,-0.027549,0.928953,0.034169,-0.024477,-0.710302,-0.132086,-0.156266,1.30944,-0.801333,-0.008251,0.211589,-0.125723,0.362727,-0.554131,0.965847,-0.56143,0.168207,0.245614,0.033953,1.160758,-0.913067,-0.754226,0.99775,0.236103,-0.074561,0.110854,-1.133702
0.127027,0.034226,0.642986,-0.008445,0.101284,-0.136865,0.985362,-1.176835,0.12785,-0.031392,0.934625,0.024081,-0.040039,-0.693221,-0.133035,-0.157539,1.32757,-0.815139,-0.014753,0.210346,-0.120439,0.342917,-0.496805,0.998196,-0.54814,0.121543,0.234999,0.041442,1.143352,-0.862432,-0.788678,0.989376,0.19427,-0.073504,0.115959,-1.127504
0.122884,0.031341,0.642087,-0.007428,0.086172,-0.135703,0.986967,-1.146701,0.125559,-0.032172,0.933617,0.016947,-0.047288,-0.66773,-0.135077,-0.158494,1.338673,-0.8232,-0.020239,0.21025,-0.11234,0.328618,-0.434856,1.034292,-0.524052,0.061919,0.229051,0.049918,1.126528,-0.801929,-0.827791,0.95933,0.143725,-0.070869,0.121643,-1.13259
0.119858,0.027963,0.641928,-0.006524,0.072394,-0.134652,0.988223,-1.116288,0.124739,-0.033899,0.93144,0.007789,-0.055446,-0.640613,-0.135846,-0.160977,1.343896,-0.830152,-0.028059,0.211788,-0.105001,0.30927,-0.377023,1.062918,-0.499748,0.009591,0.218437,0.057474,1.115719,-0.742273,-0.867656,0.925119,0.096806,-0.075513,0.12272,-1.138167
0.117489,0.024671,0.642762,-0.006053,0.059006,-0.134013,0.989203,-1.084573,0.125537,-0.034688,0.928028,-0.000466,-0.062852,-0.6108,-0.13516,-0.163843,1.343283,-0.834445,-0.036386,0.213496,-0.097332,0.288202,-0.319216,1.087596,-0.471435,-0.041151,0.208119,0.062538,1.108516,-0.673093,-0.901408,0.874018,0.052486,-0.076123,0.125491,-1.131776
0.116047,0.021457,0.644455,-0.005376,0.044952,-0.13463,0.989861,-1.049925,0.127535,-0.034977,0.926732,-0.00916,-0.07385,-0.576784,-0.133878,-0.165105,1.338,-0.836215,-0.044533,0.216847,-0.091489,0.267824,-0.246933,1.103117,-0.423543,-0.099469,0.195003,0.066092,1.104586,-0.58705,-0.925383,0.801355,0.001395,-0.074408,0.128728,-1.114719
0.115183,0.018737,0.647008,-0.004962,0.033574,-0.135157,0.990243,-1.018434,0.130735,-0.033843,0.921547,-0.016323,-0.081366,-0.546425,-0.132196,-0.166664,1.32807,-0.833058,-0.050409,0.216218,-0.085851,0.240655,-0.17388,1.109797,-0.372217,-0.156673,0.176298,0.068942,1.101997,-0.505372,-0.940579,0.730233,-0.0436,-0.066385,0.130944,-1.102793
0.114904,0.016333,0.650351,-0.005051,0.021002,-0.135348,0.990563,-0.978564,0.133913,-0.031093,0.908304,-0.023995,-0.090724,-0.509179,-0.130481,-0.168887,1.311724,-0.829987,-0.055545,0.21182,-0.077691,0.216697,-0.098186,1.115227,-0.316014,-0.218216,0.162005,0.070866,1.097316,-0.430778,-0.953429,0.659291,-0.092379,-0.062328,0.129917,-1.091981
0.114861,0.014432,0.653843,-0.004886,0.011857,-0.13556,0.990686,-0.946262,0.136347,-0.02824,0.893711,-0.026752,-0.093055,-0.47972,-0.129343,-0.170403,1.294642,-0.824243,-0.056868,0.205483,-0.071349,0.18908,-0.022718,1.120199,-0.24978,-0.275014,0.158534,0.071484,1.094658,-0.36712,-0.969688,0.58971,-0.138729,-0.068983,0.126174,-1.08771
0.114854,0.012651,0.657529,-0.004386,0.00438,-0.135562,0.990749,-0.917307,0.136886,-0.026189,0.877187,-0.023264,-0.097486,-0.453663,-0.128702,-0.172063,1.276288,-0.817568,-0.058636,0.198642,-0.065023,0.159989,0.050313,1.121114,-0.17913,-0.328409,0.146343,0.075919,1.093198,-0.307979,-0.985003,0.523855,-0.188087,-0.068552,0.124707,-1.085948
0.115267,0.011016,0.66162,-0.00386,-0.002573,-0.135359,0.990786,-0.887178,0.137345,-0.023546,0.857435,-0.018755,-0.101741,-0.426578,-0.128357,-0.173963,1.254546,-0.810028,-0.060127,0.190576,-0.059831,0.134871,0.122848,1.121701,-0.100849,-0.382272,0.138433,0.079865,1.089405,-0.251315,-0.998366,0.456073,-0.23839,-0.064068,0.125522,-1.081146
0.115865,0.009472,0.666016,-0.00346,-0.008651,-0.134982,0.990804,-0.85743,0.136884,-0.021111,0.835092,-0.014479,-0.104693,-0.400012,-0.127279,-0.175975,1.230113,-0.801007,-0.06121,0.182209,-0.058211,0.113854,0.195281,1.12083,-0.012463,-0.435945,0.13331,0.084411,1.082644,-0.199506,-1.010865,0.388212,-0.288785,-0.060697,0.125686,-1.075833
0.116439,0.007987,0.670753,-0.002838,-0.013647,-0.134378,0.990832,-0.82829,0.135772,-0.018303,0.80868,-0.006944,-0.105923,-0.375301,-0.126253,-0.177902,1.203671,-0.790264,-0.063064,0.174246,-0.05637,0.093679,0.264398,1.115882,0.076424,-0.484287,0.127727,0.090114,1.075324,-0.153866,-1.022973,0.324616,-0.334947,-0.057681,0.125513,-1.071057
0.116919,0.006618,0.675731,-0.002167,-0.017385,-0.13348,0.990897,-0.800751,0.133662,-0.016178,0.778533,0.003852,-0.105136,-0.353446,-0.124982,-0.180162,1.176347,-0.777769,-0.06707,0.168477,-0.051682,0.071786,0.323517,1.107864,0.15653,-0.525212,0.120767,0.096935,1.066968,-0.11384,-1.035622,0.266739,-0.37565,-0.054866,0.123451,-1.071959
0.117321,0.005148,0.680938,-0.001833,-0.019229,-0.132113,0.991046,-0.776286,0.13089,-0.016039,0.744868,0.017801,-0.102537,-0.334454,-0.122215,-0.183868,1.146279,-0.763231,-0.071442,0.164368,-0.045283,0.046935,0.37294,1.097205,0.229923,-0.560713,0.115137,0.103271,1.058301,-0.077671,-1.046249,0.207333,-0.409872,-0.053754,0.120414,-1.074097
0.117537,0.003683,0.686498,-0.001777,-0.018765,-0.12986,0.991353,-0.755027,0.12795,-0.016629,0.705866,0.033093,-0.098147,-0.31921,-0.118198,-0.188872,1.112708,-0.746305,-0.07454,0.159405,-0.039499,0.019678,0.415043,1.086359,0.301748,-0.591595,0.111943,0.10918,1.050355,-0.041577,-1.046179,0.154867,-0.452988,-0.023744,0.128653,-1.078184
0.117821,0.00219,0.692192,-0.001195,-0.016269,-0.126505,0.991832,-0.735921,0.123189,-0.017714,0.661563,0.04994,-0.095733,-0.307014,-0.115664,-0.195483,1.076488,-0.728529,-0.07642,0.152468,-0.036156,-0.0095,0.453556,1.075418,0.37354,-0.618334,0.106721,0.116417,1.042111,-0.021458,-1.063716,0.105796,-0.482351,-0.000927,0.135683,-1.088694
0.118021,0.000874,0.698343,-0.000342,-0.012308,-0.121411,0.992526,-0.715082,0.116771,-0.018086,0.605455,0.071563,-0.097761,-0.295899,-0.115176,-0.205294,1.036849,-0.709861,-0.077154,0.142271,-0.034136,-0.035962,0.488252,1.061979,0.449915,-0.639894,0.098295,0.13133,1.025773,-0.007624,-1.076913,0.047233,-0.503518,0.013078,0.140186,-1.098944
0.119037,-0.000344,0.704662,-0.000289,-0.008306,-0.116493,0.993157,-0.693894,0.112075,-0.020119,0.551202,0.089166,-0.099474,-0.281701,-0.112476,-0.214662,0.993004,-0.688146,-0.074975,0.135454,-0.03196,-0.058733,0.516339,1.053467,0.522537,-0.657848,0.0865,0.14822,1.014791,0.006841,-1.085288,-0.013045,-0.521493,0.025015,0.142927,-1.108921
0.120584,-0.00135,0.710536,-0.000332,-0.00393,-0.111786,0.993724,-0.676416,0.107907,-0.021995,0.504455,0.1021,-0.098438,-0.269095,-0.110257,-0.224346,0.952015,-0.665643,-0.072183,0.132248,-0.029975,-0.079297,0.532564,1.047346,0.58119,-0.671214,0.067964,0.159965,1.017398,0.019693,-1.087117,-0.070536,-0.539338,0.035566,0.141037,-1.119672
0.122892,-0.002051,0.716198,-0.000164,0.000631,-0.107861,0.994166,-0.661824,0.102716,-0.025884,0.464669,0.113159,-0.096878,-0.257193,-0.108503,-0.232089,0.912496,-0.641678,-0.070262,0.132659,-0.029129,-0.098172,0.535726,1.03998,0.615562,-0.677788,0.037759,0.167359,1.025459,0.027535,-1.090738,-0.121738,-0.553674,0.045524,0.138777,-1.128943
0.125756,-0.002381,0.721674,-0.000367,0.005022,-0.104362,0.994527,-0.646846,0.097775,-0.028594,0.428115,0.116488,-0.088119,-0.243549,-0.105333,-0.238676,0.871111,-0.617184,-0.069047,0.135129,-0.028885,-0.113198,0.524777,1.02528,0.622353,-0.682611,-0.019286,0.171912,1.046392,0.034871,-1.098237,-0.173735,-0.569289,0.062093,0.14517,-1.131282
0.129247,-0.002349,0.726739,-0.001634,0.009019,-0.101828,0.99476,-0.631876,0.093174,-0.035572,0.395721,0.115668,-0.070522,-0.228225,-0.099703,-0.244946,0.829427,-0.592106,-0.068931,0.140643,-0.026273,-0.125322,0.502481,1.009308,0.608297,-0.685666,-0.077738,0.16823,1.069679,0.040271,-1.105504,-0.223934,-0.587857,0.101874,0.160592,-1.135828
0.133336,-0.002141,0.731056,-0.002802,0.013496,-0.099092,0.994983,-0.622977,0.090871,-0.037764,0.373228,0.107863,-0.065196,-0.213824,-0.094839,-0.251794,0.79029,-0.571193,-0.069551,0.145482,-0.023935,-0.138428,0.483572,1.002635,0.597579,-0.690313,-0.115409,0.159333,1.08876,0.037302,-1.106318,-0.257378,-0.602931,0.164735,0.175477,-1.149433
0.137976,-0.001663,0.735213,-0.004722,0.017392,-0.097152,0.995106,-0.614753,0.090432,-0.040872,0.355993,0.103655,-0.061125,-0.196332,-0.087916,-0.256927,0.748509,-0.54906,-0.068644,0.152142,-0.020273,-0.14828,0.462347,1.006329,0.587809,-0.693737,-0.149216,0.153941,1.102627,0.024822,-1.104867,-0.277516,-0.614202,0.240204,0.188676,-1.167945
0.143092,-0.000602,0.738814,-0.006497,0.020439,-0.095723,0.995177,-0.608437,0.090054,-0.042561,0.345851,0.103243,-0.059857,-0.17698,-0.082575,-0.260985,0.708201,-0.530324,-0.064815,0.157299,-0.017093,-0.154672,0.438392,1.010547,0.572782,-0.694655,-0.197268,0.151473,1.122985,-0.000271,-1.106167,-0.285611,-0.61688,0.316515,0.203822,-1.182403
0.148609,0.001037,0.741503,-0.00815,0.022925,-0.095481,0.995134,-0.603186,0.090303,-0.042041,0.341076,0.102204,-0.05885,-0.15869,-0.078502,-0.263055,0.673036,-0.515705,-0.060364,0.162196,-0.014233,-0.157979,0.410405,1.015706,0.553403,-0.694441,-0.239986,0.147107,1.138797,-0.033692,-1.112673,-0.286311,-0.612628,0.37279,0.211966,-1.196003
0.154337,0.003333,0.743158,-0.010063,0.025478,-0.096822,0.994925,-0.603051,0.091509,-0.041791,0.344709,0.106774,-0.060631,-0.143588,-0.075073,-0.262716,0.644278,-0.505974,-0.054191,0.168499,-0.009505,-0.158242,0.382693,1.023479,0.537334,-0.691204,-0.276866,0.145376,1.146839,-0.071345,-1.12552,-0.287556,-0.605237,0.406858,0.215382,-1.204823
0.160381,0.006304,0.743931,-0.012196,0.028015,-0.09983,0.994535,-0.605696,0.093978,-0.039558,0.355199,0.10719,-0.055184,-0.132194,-0.072452,-0.259235,0.622666,-0.499309,-0.0483,0.175885,-0.004632,-0.155522,0.357888,1.031822,0.525753,-0.687616,-0.302529,0.139738,1.154979,-0.108267,-1.137664,-0.289611,-0.595012,0.409121,0.214602,-1.201828
0.166848,0.009793,0.744116,-0.014677,0.030542,-0.103289,0.994074,-0.611862,0.095026,-0.039363,0.373244,0.106093,-0.046139,-0.121229,-0.06927,-0.25352,0.602982,-0.49503,-0.043443,0.182577,0.002318,-0.150271,0.335982,1.045124,0.518849,-0.679426,-0.311611,0.134421,1.158626,-0.146707,-1.161098,-0.281433,-0.582863,0.402318,0.209465,-1.202007
0.173925,0.013938,0.744005,-0.017118,0.033821,-0.106816,0.993556,-0.626374,0.095233,-0.038478,0.405678,0.097942,-0.034064,-0.110889,-0.06731,-0.247632,0.582281,-0.491503,-0.035692,0.186377,0.010019,-0.144147,0.313602,1.051849,0.509892,-0.669936,-0.309405,0.124678,1.161494,-0.189654,-1.182034,-0.259684,-0.571261,0.392729,0.195346,-1.212538
0.181507,0.018475,0.743514,-0.019777,0.037271,-0.110644,0.992964,-0.642423,0.094891,-0.039351,0.440685,0.094289,-0.022677,-0.103348,-0.066673,-0.241454,0.568405,-0.488982,-0.028266,0.188981,0.017921,-0.136631,0.299301,1.064656,0.506683,-0.656961,-0.297939,0.116128,1.164699,-0.235765,-1.199975,-0.230057,-0.556072,0.382502,0.179846,-1.22729
0.189816,0.023271,0.742405,-0.022634,0.041083,-0.114469,0.992319,-0.660015,0.094772,-0.039044,0.476835,0.092595,-0.007262,-0.098721,-0.067279,-0.235393,0.561364,-0.490025,-0.021249,0.189901,0.024726,-0.12701,0.289422,1.086924,0.511647,-0.643535,-0.279137,0.108598,1.16993,-0.283165,-1.214675,-0.198637,-0.534525,0.371594,0.163484,-1.246155
0.198461,0.028478,0.740875,-0.026614,0.045771,-0.117657,0.991642,-0.678478,0.096842,-0.03657,0.513105,0.07767,0.006302,-0.094472,-0.065784,-0.230202,0.552482,-0.490141,-0.013565,0.188735,0.032624,-0.115395,0.277504,1.109327,0.523734,-0.628948,-0.259538,0.102736,1.176406,-0.3291,-1.230211,-0.171605,-0.510238,0.358502,0.143193,-1.277657
0.207228,0.033802,0.73931,-0.03004,0.051379,-0.120854,0.990885,-0.700218,0.099921,-0.032651,0.55651,0.045192,0.007729,-0.094627,-0.066485,-0.225288,0.547957,-0.49005,-0.005586,0.188718,0.037022,-0.102269,0.262995,1.139925,0.541457,-0.612465,-0.231984,0.096486,1.183318,-0.373911,-1.238955,-0.139918,-0.487189,0.350662,0.131852,-1.293968
0.215931,0.039017,0.73758,-0.033684,0.058343,-0.123643,0.990037,-0.723897,0.103938,-0.029221,0.597494,0.011598,0.009496,-0.098702,-0.066585,-0.221251,0.545292,-0.489245,0.002348,0.190202,0.039879,-0.088891,0.243827,1.177958,0.565768,-0.591461,-0.20501,0.096772,1.185741,-0.418809,-1.237345,-0.104179,-0.468239,0.350304,0.127255,-1.29595
0.224512,0.044114,0.735815,-0.037546,0.066913,-0.125973,0.989062,-0.74936,0.107117,-0.02881,0.634189,-0.020085,0.01168,-0.105948,-0.065532,-0.218344,0.541754,-0.487109,0.009025,0.191657,0.04086,-0.077569,0.212475,1.210906,0.577806,-0.56925,-0.191757,0.098828,1.18748,-0.460987,-1.232656,-0.076443,-0.448735,0.337018,0.118617,-1.298803
0.232816,0.048959,0.734066,-0.041593,0.077273,-0.127919,0.987895,-0.776773,0.110694,-0.029683,0.665481,-0.048874,0.012899,-0.116354,-0.063329,-0.217526,0.536303,-0.484431,0.015485,0.193617,0.040416,-0.06878,0.16663,1.24106,0.57701,-0.54485,-0.179733,0.098977,1.189895,-0.504116,-1.227965,-0.054562,-0.42938,0.315906,0.108151,-1.30447
0.240743,0.053758,0.732296,-0.04488,0.087976,-0.128944,0.986722,-0.804848,0.111279,-0.030877,0.694568,-0.074572,0.01675,-0.126846,-0.062528,-0.217891,0.528906,-0.483084,0.021611,0.19459,0.038372,-0.060825,0.097389,1.266196,0.553537,-0.515803,-0.170032,0.096799,1.193758,-0.551679,-1.221765,-0.033544,-0.407216,0.292622,0.097752,-1.311957
0.248213,0.058216,0.73071,-0.047731,0.098663,-0.129106,0.985555,-0.832033,0.11004,-0.032345,0.719814,-0.095014,0.025293,-0.137922,-0.062017,-0.219425,0.521885,-0.479107,0.027545,0.193897,0.034854,-0.052928,0.00847,1.279519,0.502524,-0.483541,-0.171521,0.090988,1.202218,-0.602763,-1.210998,-0.01058,-0.384753,0.271598,0.088118,-1.320351
0.25545,0.062319,0.729382,-0.049952,0.109227,-0.1289,0.984357,-0.85989,0.107916,-0.032742,0.746241,-0.111256,0.040077,-0.148888,-0.062539,-0.220982,0.514518,-0.474108,0.032806,0.193942,0.030585,-0.04636,-0.096509,1.288703,0.433108,-0.449354,-0.17827,0.08069,1.232983,-0.655486,-1.194915,0.014209,-0.359515,0.261433,0.08089,-1.328214
0.262371,0.066009,0.728041,-0.052779,0.11954,-0.128434,0.983071,-0.88548,0.106604,-0.034599,0.768159,-0.126794,0.045571,-0.157041,-0.060526,-0.224047,0.502207,-0.468328,0.037794,0.19363,0.027498,-0.041438,-0.210847,1.291755,0.351216,-0.415598,-0.170536,0.06885,1.246588,-0.706105,-1.174121,0.038969,-0.33409,0.254926,0.073764,-1.337092
0.269105,0.069526,0.726696,-0.055647,0.129068,-0.128442,0.981706,-0.909729,0.105519,-0.037402,0.790616,-0.140967,0.052054,-0.165101,-0.058426,-0.226033,0.492031,-0.46095,0.043654,0.196004,0.025198,-0.035554,-0.325449,1.29875,0.274929,-0.379764,-0.137487,0.052272,1.265161,-0.751095,-1.154371,0.057491,-0.312408,0.250895,0.066194,-1.34737
0.27552,0.07278,0.725305,-0.058721,0.13796,-0.128693,0.980284,-0.932882,0.105908,-0.039468,0.812788,-0.153724,0.058479,-0.172822,-0.055988,-0.228265,0.483711,-0.453213,0.049515,0.19843,0.023427,-0.029799,-0.437821,1.301707,0.194664,-0.344694,-0.110353,0.040063,1.269559,-0.795483,-1.138936,0.077038,-0.288592,0.228182,0.05569,-1.359191
0.281521,0.075757,0.724031,-0.06146,0.145936,-0.129164,0.978898,-0.954639,0.106353,-0.04075,0.834718,-0.162552,0.068133,-0.179153,-0.053644,-0.229086,0.475435,-0.446135,0.054177,0.200329,0.021946,-0.024487,-0.545259,1.299428,0.115302,-0.309169,-0.09115,0.02934,1.277856,-0.842652,-1.125732,0.103958,-0.262842,0.213029,0.046936,-1.373563
0.287463,0.078756,0.722675,-0.063999,0.153128,-0.130283,0.977488,-0.971361,0.106947,-0.041065,0.851335,-0.173976,0.079443,-0.184791,-0.051873,-0.228447,0.467816,-0.440066,0.058785,0.202142,0.020285,-0.019522,-0.643791,1.294001,0.037925,-0.274492,-0.063471,0.017934,1.248785,-0.889007,-1.111644,0.132018,-0.232325,0.192194,0.040849,-1.372175
0.292747,0.081292,0.721516,-0.065744,0.159898,-0.131607,0.97611,-0.98836,0.109131,-0.038837,0.868471,-0.185023,0.081988,-0.192069,-0.051296,-0.227364,0.463524,-0.434364,0.063283,0.204265,0.017492,-0.014747,-0.730526,1.284493,-0.029237,-0.238721,-0.041552,0.005396,1.239435,-0.934601,-1.091724,0.15963,-0.200583,0.179231,0.034415,-1.375956
0.297939,0.083932,0.72041,-0.067093,0.166272,-0.133954,0.974632,-1.003188,0.111169,-0.036523,0.883862,-0.195263,0.087717,-0.199784,-0.051334,-0.224477,0.460007,-0.428987,0.066232,0.204686,0.014671,-0.010701,-0.805802,1.272942,-0.081378,-0.201949,-0.02041,-0.006481,1.243317,-0.984001,-1.065957,0.193091,-0.165949,0.166779,0.028171,-1.378674
0.302698,0.086373,0.719416,-0.068393,0.172158,-0.136775,0.973127,-1.015197,0.113976,-0.034264,0.895947,-0.20771,0.092899,-0.207122,-0.050963,-0.22025,0.456094,-0.424043,0.068653,0.207507,0.01156,-0.006846,-0.878002,1.264239,-0.133253,-0.163105,0.004276,-0.017595,1.248528,-1.032176,-1.043621,0.226721,-0.128291,0.145452,0.021204,-1.378263
0.307116,0.088648,0.718557,-0.069522,0.177815,-0.13977,0.971603,-1.026038,0.117314,-0.031241,0.906452,-0.220361,0.098,-0.213604,-0.050283,-0.215222,0.449653,-0.418524,0.072789,0.208551,0.008269,-0.003431,-0.945117,1.254515,-0.177961,-0.121383,0.025493,-0.027174,1.250239,-1.078826,-1.018034,0.258385,-0.086158,0.1161,0.012551,-1.381839
0.311189,0.090687,0.717893,-0.070852,0.183136,-0.142908,0.970061,-1.036668,0.122386,-0.0273,0.916365,-0.229699,0.103246,-0.220239,-0.048806,-0.209941,0.444303,-0.411983,0.077692,0.210449,0.005652,-0.000552,-1.010499,1.237027,-0.218231,-0.0773,0.039367,-0.035097,1.248802,-1.122659,-0.987733,0.292777,-0.04544,0.088151,0.003519,-1.395614
0.314948,0.092516,0.717341,-0.072048,0.188207,-0.145399,0.968631,-1.047134,0.125809,-0.025258,0.925307,-0.235729,0.107846,-0.227057,-0.047281,-0.204416,0.440479,-0.40519,0.081931,0.210276,0.001793,0.001717,-1.070243,1.210547,-0.255578,-0.03372,0.040753,-0.043081,1.237913,-1.161196,-0.959942,0.326043,-0.001134,0.02947,-0.012261,-1.357805
0.318242,0.094188,0.716945,-0.073211,0.192958,-0.147209,0.967335,-1.056995,0.129122,-0.021993,0.932587,-0.238707,0.114748,-0.233977,-0.045911,-0.199716,0.437182,-0.398801,0.084256,0.208372,-0.001965,0.005043,-1.12767,1.187162,-0.290901,0.006736,0.05182,-0.053165,1.234584,-1.197595,-0.931702,0.357752,0.040881,-0.027186,-0.030738,-1.344888
0.321166,0.095729,0.716577,-0.074043,0.197436,-0.148732,0.966134,-1.067062,0.131287,-0.019975,0.939172,-0.239655,0.121588,-0.240167,-0.045141,-0.195708,0.433529,-0.393449,0.088276,0.205859,-0.005775,0.009035,-1.186655,1.169145,-0.326568,0.047726,0.074176,-0.063928,1.237649,-1.232744,-0.912973,0.402234,0.080379,-0.058986,-0.045922,-1.33692
0.323818,0.096968,0.716148,-0.074875,0.200869,-0.149723,0.965209,-1.07311,0.132595,-0.018361,0.942642,-0.240381,0.126059,-0.243922,-0.044468,-0.193271,0.430353,-0.389322,0.09019,0.206858,-0.005083,0.013233,-1.244152,1.157506,-0.362288,0.096911,0.089615,-0.068874,1.236709,-1.266044,-0.953678,0.510027,0.104432,-0.040278,-0.055653,-1.299498
0.325935,0.098465,0.715637,-0.076178,0.205194,-0.151163,0.963972,-1.08553,0.136661,-0.015448,0.951467,-0.238645,0.133879,-0.250811,-0.042277,-0.191336,0.427373,-0.38548,0.091581,0.209204,-0.004414,0.01521,-1.299712,1.131943,-0.396402,0.143069,0.108066,-0.079619,1.2366,-1.289752,-0.947366,0.556954,0.135034,-0.030697,-0.081979,-1.23406
0.327573,0.09959,0.715199,-0.076919,0.208798,-0.152742,0.96289,-1.094659,0.139412,-0.013146,0.956099,-0.237539,0.143296,-0.256766,-0.040794,-0.189357,0.42457,-0.383146,0.091081,0.209627,-0.003398,0.018858,-1.350935,1.115667,-0.431115,0.19358,0.127507,-0.090511,1.234466,-1.320364,-0.91589,0.587393,0.186226,-0.027528,-0.101504,-1.203731
0.328832,0.100606,0.714833,-0.077473,0.212153,-0.154277,0.961867,-1.101227,0.142109,-0.010627,0.957126,-0.241144,0.149818,-0.26027,-0.039395,-0.188753,0.417246,-0.380214,0.091369,0.211067,-0.001993,0.021687,-1.400781,1.100977,-0.465774,0.242122,0.150726,-0.101425,1.233376,-1.351158,-0.874531,0.601427,0.249867,-0.018883,-0.119403,-1.177449
0.329908,0.101691,0.714307,-0.078627,0.215285,-0.156514,0.960715,-1.107874,0.145798,-0.010426,0.95995,-0.24662,0.154253,-0.264345,-0.036376,-0.186575,0.411067,-0.377374,0.091864,0.216387,-0.00244,0.024508,-1.451452,1.080866,-0.503548,0.288309,0.166737,-0.10961,1.233497,-1.384544,-0.815198,0.573684,0.319512,-0.023316,-0.126277,-1.191288
0.33059,0.102734,0.713867,-0.079794,0.218268,-0.159658,0.959428,-1.115721,0.150767,-0.011312,0.96444,-0.250258,0.154159,-0.270425,-0.032964,-0.183286,0.407395,-0.374146,0.092823,0.220627,-0.00592,0.027911,-1.509007,1.069743,-0.550059,0.33852,0.192541,-0.114744,1.241024,-1.424108,-0.754061,0.541049,0.395211,-0.03511,-0.125787,-1.22204
0.3307,0.103364,0.713686,-0.080079,0.220932,-0.162925,0.958244,-1.121897,0.155407,-0.011628,0.965476,-0.250783,0.148042,-0.277185,-0.030685,-0.178511,0.404157,-0.37123,0.092945,0.219325,-0.009007,0.031489,-1.570995,1.067679,-0.606648,0.404915,0.204173,-0.107671,1.258062,-1.466884,-0.708764,0.548089,0.473721,-0.037612,-0.132817,-1.225561
0.330451,0.103638,0.713794,-0.07932,0.223344,-0.164649,0.957453,-1.126439,0.158131,-0.009297,0.963029,-0.248856,0.140787,-0.282609,-0.030366,-0.174783,0.400132,-0.369121,0.092895,0.216779,-0.01524,0.03821,-1.640253,1.062583,-0.670117,0.477344,0.202972,-0.11123,1.251175,-1.500381,-0.708192,0.618366,0.532662,-0.004477,-0.163012,-1.164371
0.329923,0.104069,0.713692,-0.079888,0.225981,-0.164197,0.956865,-1.133667,0.157968,-0.011825,0.961863,-0.245095,0.137539,-0.287412,-0.028768,-0.175768,0.396663,-0.368016,0.094315,0.220816,-0.014722,0.041033,-1.689942,1.044753,-0.709909,0.5308,0.215518,-0.113511,1.247605,-1.539704,-0.688511,0.615694,0.599776,0.008372,-0.164612,-1.154273
0.329267,0.104226,0.713534,-0.079994,0.228291,-0.16284,0.956539,-1.139499,0.155478,-0.014546,0.959395,-0.241854,0.136302,-0.291243,-0.028234,-0.178878,0.394049,-0.36782,0.094976,0.220126,-0.018402,0.045794,-1.739829,1.028311,-0.754734,0.585427,0.228964,-0.11577,1.244515,-1.578429,-0.677269,0.629896,0.664062,0.015496,-0.166983,-1.150055
0.328422,0.104054,0.713588,-0.079393,0.230024,-0.16103,0.956481,-1.143354,0.151503,-0.01649,0.95522,-0.237924,0.136124,-0.294939,-0.029085,-0.182715,0.393682,-0.368837,0.094189,0.219659,-0.023402,0.051683,-1.783314,1.008195,-0.797639,0.638552,0.231509,-0.119534,1.234334,-1.618895,-0.678375,0.654582,0.723037,0.012667,-0.17274,-1.140614
0.327313,0.103688,0.713899,-0.078699,0.231159,-0.159568,0.956509,-1.145473,0.148481,-0.01769,0.949897,-0.232345,0.135586,-0.298821,-0.029787,-0.186498,0.395108,-0.370203,0.09142,0.218498,-0.028685,0.058538,-1.818579,0.989891,-0.83574,0.683085,0.235127,-0.127226,1.220954,-1.65812,-0.680589,0.682178,0.777034,0.011677,-0.176203,-1.128333
0.325996,0.103194,0.714394,-0.078063,0.231768,-0.157469,0.956762,-1.146416,0.144915,-0.018929,0.943717,-0.225081,0.135198,-0.302602,-0.030801,-0.190581,0.398773,-0.371089,0.089387,0.224009,-0.032841,0.067199,-1.851093,0.966593,-0.871685,0.721083,0.243271,-0.131993,1.216305,-1.692337,-0.689961,0.712658,0.824633,0.021859,-0.173028,-1.116893
0.324453,0.102463,0.714873,-0.077311,0.232153,-0.155571,0.95704,-1.147047,0.142233,-0.019537,0.937184,-0.217407,0.134878,-0.306408,-0.031692,-0.193421,0.402727,-0.373093,0.089312,0.228397,-0.037625,0.076013,-1.880931,0.946768,-0.908418,0.752586,0.258273,-0.135387,1.216884,-1.721202,-0.698314,0.748015,0.863093,0.034262,-0.169757,-1.098184
0.322622,0.10149,0.715134,-0.076343,0.232004,-0.153744,0.957449,-1.148414,0.138835,-0.021435,0.93338,-0.208942,0.134172,-0.31,-0.033269,-0.195808,0.408355,-0.377858,0.090173,0.231057,-0.042899,0.08576,-1.905174,0.92987,-0.941487,0.781502,0.2762,-0.136621,1.220409,-1.747936,-0.704803,0.78419,0.899409,0.046901,-0.157109,-1.093669
0.320564,0.100454,0.71511,-0.075143,0.231978,-0.151959,0.957835,-1.150862,0.135293,-0.022877,0.930651,-0.201588,0.136101,-0.314252,-0.035015,-0.198232,0.414708,-0.38582,0.089141,0.232197,-0.048508,0.096213,-1.920747,0.911987,-0.962945,0.813483,0.28188,-0.136504,1.217282,-1.770793,-0.707505,0.819492,0.928516,0.058683,-0.140931,-1.096017
0.318026,0.099325,0.714855,-0.074164,0.232024,-0.150663,0.958105,-1.153336,0.133981,-0.02306,0.926739,-0.195841,0.133849,-0.321863,-0.03657,-0.20111,0.426036,-0.394778,0.086496,0.232989,-0.053054,0.107712,-1.927275,0.896043,-0.972565,0.842073,0.282279,-0.135071,1.214488,-1.786545,-0.703979,0.841113,0.947241,0.061065,-0.131308,-1.092892
0.315061,0.098198,0.714424,-0.07291,0.232025,-0.149615,0.958365,-1.158476,0.1326,-0.023488,0.92616,-0.188579,0.134001,-0.331866,-0.039097,-0.204146,0.441695,-0.406202,0.083564,0.233073,-0.057497,0.120758,-1.923155,0.882624,-0.972561,0.864575,0.276755,-0.133796,1.208104,-1.794127,-0.697454,0.851743,0.954891,0.057196,-0.124825,-1.091617
0.311885,0.097064,0.713562,-0.07142,0.231797,-0.148503,0.958705,-1.163862,0.131339,-0.022091,0.926505,-0.182318,0.135885,-0.341141,-0.041782,-0.206193,0.456283,-0.420923,0.081772,0.231907,-0.06165,0.135801,-1.910114,0.873977,-0.966279,0.875497,0.278233,-0.134722,1.20661,-1.793337,-0.68775,0.854491,0.952834,0.0426,-0.126171,-1.095751
0.308202,0.095837,0.712344,-0.06891,0.231321,-0.147758,0.959119,-1.16941,0.128879,-0.019261,0.926467,-0.175511,0.143314,-0.356262,-0.047583,-0.207225,0.48192,-0.440404,0.078904,0.230795,-0.068269,0.153135,-1.889784,0.867436,-0.954445,0.878703,0.280938,-0.13379,1.209796,-1.787752,-0.677004,0.855001,0.947037,0.018845,-0.129103,-1.103337
0.303877,0.094621,0.710927,-0.06569,0.230516,-0.147903,0.959516,-1.175685,0.127369,-0.013906,0.92764,-0.166795,0.151741,-0.377559,-0.055446,-0.206397,0.518421,-0.461984,0.073424,0.233432,-0.077408,0.173869,-1.861993,0.861369,-0.938111,0.871686,0.285021,-0.131039,1.217876,-1.778784,-0.670814,0.856819,0.937032,-0.016659,-0.13373,-1.116292
0.299371,0.093248,0.708996,-0.06274,0.229243,-0.149132,0.959829,-1.182999,0.128045,-0.010118,0.933,-0.160432,0.154533,-0.401592,-0.062177,-0.202424,0.561244,-0.484656,0.066948,0.236445,-0.087514,0.196769,-1.826156,0.859996,-0.920619,0.854998,0.294183,-0.126851,1.230985,-1.76498,-0.663446,0.866731,0.920155,-0.06662,-0.144059,-1.12284
0.294968,0.091903,0.706479,-0.060424,0.227308,-0.151232,0.960109,-1.191121,0.13104,-0.007385,0.943588,-0.158434,0.15352,-0.425363,-0.067249,-0.196019,0.606235,-0.507855,0.061332,0.237631,-0.096641,0.220358,-1.780193,0.861569,-0.906504,0.837456,0.303651,-0.122234,1.2429,-1.742278,-0.649155,0.872823,0.903437,-0.111834,-0.150894,-1.13002
0.290417,0.090697,0.703402,-0.058571,0.225458,-0.15256,0.96045,-1.200541,0.132741,-0.006397,0.955615,-0.159095,0.153481,-0.448231,-0.071746,-0.190777,0.650459,-0.531758,0.058019,0.237519,-0.105361,0.24425,-1.72709,0.864762,-0.897103,0.817684,0.321779,-0.124427,1.244989,-1.710703,-0.631426,0.873908,0.890475,-0.141515,-0.152284,-1.136372
0.285413,0.089342,0.699935,-0.05603,0.224235,-0.152933,0.960828,-1.211829,0.132582,-0.004834,0.966816,-0.159993,0.151516,-0.475774,-0.078432,-0.185952,0.701081,-0.555198,0.05622,0.232956,-0.118064,0.267011,-1.672307,0.866576,-0.881877,0.804435,0.331597,-0.126215,1.241569,-1.680179,-0.61092,0.877971,0.882426,-0.164598,-0.144274,-1.148729
0.280008,0.087772,0.696453,-0.05436,0.223245,-0.151527,0.961377,-1.224698,0.130605,-0.006362,0.977202,-0.157602,0.149912,-0.498342,-0.083147,-0.1856,0.742459,-0.577988,0.055181,0.232426,-0.126986,0.285017,-1.605375,0.848281,-0.837201,0.801294,0.330574,-0.12314,1.244349,-1.630963,-0.589029,0.860543,0.876818,-0.175268,-0.141099,-1.149817
0.274622,0.086611,0.692738,-0.055141,0.229257,-0.147215,0.960587,-1.247336,0.125956,-0.015782,0.973778,-0.154038,0.122202,-0.531799,-0.083829,-0.193807,0.778303,-0.591831,0.054708,0.230737,-0.124678,0.293348,-1.553162,0.830845,-0.807115,0.798611,0.327564,-0.114308,1.254719,-1.593052,-0.585478,0.86012,0.864528,-0.179071,-0.133153,-1.148839
0.266798,0.086491,0.69009,-0.053661,0.230411,-0.146524,0.960501,-1.262581,0.124698,-0.018341,0.969736,-0.138519,0.120562,-0.562527,-0.088136,-0.192675,0.815243,-0.605162,0.054626,0.231522,-0.130304,0.314308,-1.502687,0.824556,-0.780949,0.784998,0.327504,-0.108756,1.261136,-1.559864,-0.578652,0.857495,0.848853,-0.176691,-0.121009,-1.154264
0.259945,0.085194,0.685582,-0.052026,0.231643,-0.146092,0.96036,-1.28343,0.124638,-0.019956,0.979427,-0.132335,0.11591,-0.594613,-0.092004,-0.190917,0.860753,-0.626371,0.052733,0.231939,-0.136821,0.333205,-1.456958,0.821014,-0.765611,0.773313,0.321907,-0.1001,1.267375,-1.528647,-0.573787,0.856409,0.830944,-0.170022,-0.104783,-1.161271
0.253153,0.08365,0.680667,-0.050591,0.231699,-0.145677,0.960486,-1.302811,0.124874,-0.022306,0.991922,-0.128798,0.111429,-0.622872,-0.095075,-0.189249,0.90491,-0.650549,0.048987,0.232912,-0.141889,0.352709,-1.417683,0.818304,-0.757721,0.763163,0.298345,-0.082569,1.281563,-1.499772,-0.571479,0.859396,0.814673,-0.166717,-0.091348,-1.164571
0.246593,0.082372,0.675872,-0.048538,0.230617,-0.145806,0.960833,-1.318876,0.125288,-0.022393,1.004084,-0.125877,0.106918,-0.648407,-0.099849,-0.186424,0.947981,-0.671619,0.04645,0.234512,-0.14712,0.372074,-1.380152,0.820919,-0.757887,0.749524,0.288932,-0.072616,1.284789,-1.470136,-0.568498,0.860797,0.799425,-0.168532,-0.081006,-1.169705
0.239561,0.080936,0.670572,-0.049386,0.218079,-0.145374,0.963779,-1.293544,0.124471,-0.028894,0.999612,-0.186218,0.091155,-0.648833,-0.101299,-0.183043,0.995831,-0.695085,0.048243,0.240883,-0.144049,0.41239,-1.419511,0.898179,-0.909382,0.717625,0.137005,0.019967,1.15918,-1.506655,-0.636831,0.988962,0.759629,-0.054632,0.04022,-1.064284
0.23219,0.079539,0.666689,-0.04578,0.226436,-0.145383,0.962026,-1.336827,0.122466,-0.031556,1.01101,-0.142483,0.095527,-0.697864,-0.105915,-0.181794,1.034599,-0.70191,0.04069,0.23866,-0.151203,0.414195,-1.371312,0.886271,-0.861113,0.705773,0.159774,0.011112,1.190837,-1.45871,-0.617969,0.940711,0.748235,-0.087722,0.015256,-1.098669
0.224096,0.078185,0.662753,-0.04229,0.225883,-0.144685,0.962421,-1.355705,0.120291,-0.030082,1.01815,-0.116564,0.093577,-0.726819,-0.112194,-0.178139,1.073595,-0.715797,0.035309,0.23709,-0.155725,0.422338,-1.311857,0.874578,-0.82286,0.68717,0.166119,0.006704,1.206917,-1.407614,-0.599651,0.91309,0.736931,-0.106786,0.000272,-1.134425
0.216883,0.076818,0.658941,-0.039007,0.222281,-0.143062,0.963641,-1.363994,0.116559,-0.02795,1.023008,-0.101949,0.088175,-0.743736,-0.119424,-0.175397,1.107433,-0.733205,0.030322,0.235456,-0.156888,0.432008,-1.248242,0.862788,-0.785385,0.659638,0.165956,0.006365,1.221619,-1.355363,-0.587639,0.894694,0.719918,-0.124897,-0.009786,-1.164711
0.210042,0.075531,0.655601,-0.035488,0.216799,-0.140464,0.965406,-1.365724,0.109509,-0.026477,1.025325,-0.089746,0.080439,-0.754505,-0.128324,-0.172348,1.139114,-0.748639,0.026016,0.233265,-0.155847,0.441006,-1.177856,0.84824,-0.746467,0.622665,0.156284,0.009518,1.232024,-1.295853,-0.57963,0.87496,0.696285,-0.134506,-0.0134,-1.199787
0.203405,0.074671,0.652919,-0.031723,0.210805,-0.137414,0.967301,-1.364034,0.1013,-0.023091,1.024204,-0.076398,0.07674,-0.762933,-0.138775,-0.169083,1.16775,-0.760632,0.024241,0.24026,-0.151208,0.467151,-1.134827,0.836499,-0.724917,0.571797,0.143315,0.015479,1.240931,-1.247183,-0.590312,0.860155,0.657755,-0.104598,-0.004809,-1.257194
0.195168,0.072731,0.650808,-0.028905,0.20283,-0.135865,0.969312,-1.357345,0.098755,-0.021747,1.018875,-0.060317,0.07122,-0.769887,-0.143455,-0.166481,1.195998,-0.767513,0.014413,0.246192,-0.147485,0.474903,-1.074145,0.815573,-0.690778,0.543528,0.113915,0.027377,1.239665,-1.187056,-0.588943,0.845785,0.633479,-0.115547,-0.00577,-1.296667
0.187347,0.070178,0.648933,-0.026216,0.194681,-0.134377,0.971265,-1.348459,0.096938,-0.021548,1.011819,-0.04569,0.064051,-0.773089,-0.146106,-0.164405,1.218897,-0.776263,0.003505,0.248782,-0.145408,0.476602,-1.009161,0.79877,-0.665639,0.512256,0.097496,0.034168,1.235102,-1.121542,-0.58566,0.835126,0.599747,-0.124709,-0.00647,-1.325146
0.178987,0.067145,0.647668,-0.023373,0.185789,-0.130898,0.973551,-1.335776,0.092403,-0.021234,0.998891,-0.027531,0.054439,-0.772282,-0.150656,-0.165081,1.238994,-0.785219,-0.00619,0.244459,-0.141561,0.475479,-0.946352,0.791287,-0.645862,0.472513,0.099696,0.036476,1.230601,-1.057499,-0.586572,0.826531,0.560144,-0.135365,-0.006832,-1.348588
0.171688,0.063815,0.647058,-0.020753,0.174444,-0.131185,0.975669,-1.314813,0.093166,-0.022202,0.988673,-0.017987,0.048154,-0.763895,-0.149195,-0.160637,1.252786,-0.793582,-0.015087,0.246447,-0.143815,0.473806,-0.8915,0.805646,-0.651885,0.427436,0.127572,0.03462,1.231208,-0.991021,-0.584269,0.81019,0.518554,-0.142662,-0.006351,-1.370078
0.162178,0.060787,0.647543,-0.017521,0.1612,-0.126157,0.978669,-1.282925,0.084314,-0.02132,0.959105,-0.003175,0.039818,-0.750799,-0.156749,-0.162749,1.26454,-0.796686,-0.019759,0.235902,-0.140766,0.474961,-0.841132,0.820019,-0.648221,0.388533,0.132498,0.04077,1.227607,-0.930241,-0.58709,0.791573,0.478958,-0.142908,-0.004897,-1.398219
0.15477,0.05733,0.648252,-0.015149,0.146749,-0.126395,0.980948,-1.24768,0.086967,-0.019536,0.937924,0.003931,0.027044,-0.732729,-0.156595,-0.160396,1.272584,-0.798007,-0.023548,0.233212,-0.143222,0.470088,-0.783594,0.84936,-0.644031,0.340713,0.132378,0.050057,1.216019,-0.86581,-0.59115,0.773171,0.428551,-0.153198,-0.003865,-1.421198
0.147192,0.052521,0.649036,-0.012197,0.135033,-0.129486,0.982268,-1.21934,0.09466,-0.019567,0.9201,0.011177,0.015833,-0.722705,-0.151554,-0.155765,1.280193,-0.797482,-0.02913,0.236374,-0.147184,0.454975,-0.729546,0.880909,-0.641525,0.293889,0.129396,0.058894,1.199208,-0.808661,-0.60303,0.760855,0.379215,-0.160445,-0.004154,-1.425662
0.139342,0.048102,0.650206,-0.0094,0.121352,-0.128869,0.984164,-1.184121,0.093973,-0.021704,0.89436,0.023908,0.002055,-0.703396,-0.151375,-0.155696,1.282846,-0.799135,-0.032655,0.233007,-0.147241,0.440695,-0.684032,0.916317,-0.644022,0.249047,0.135127,0.065446,1.186179,-0.762558,-0.626716,0.760407,0.32996,-0.159151,-0.003753,-1.416265
0.131788,0.04409,0.653098,-0.007645,0.104766,-0.129766,0.985965,-1.137013,0.096616,-0.021034,0.861798,0.035972,-0.005963,-0.673623,-0.149125,-0.155618,1.27591,-0.794163,-0.031632,0.230901,-0.147341,0.427213,-0.624605,0.948661,-0.624486,0.199092,0.12879,0.069398,1.17412,-0.726988,-0.658214,0.769867,0.277651,-0.161541,-0.002981,-1.403924
0.125938,0.038764,0.656488,-0.005785,0.08874,-0.13021,0.98749,-1.089587,0.099799,-0.0213,0.833406,0.043618,-0.01148,-0.638994,-0.146272,-0.157827,1.264871,-0.790966,-0.032066,0.22912,-0.147006,0.407498,-0.564181,0.98489,-0.60338,0.147438,0.133951,0.070002,1.165583,-0.692667,-0.696624,0.777896,0.22126,-0.1583,-0.001038,-1.387604
0.12116,0.033579,0.660756,-0.00419,0.071449,-0.1306,0.988848,-1.036524,0.102292,-0.021497,0.803106,0.053176,-0.01926,-0.597503,-0.143524,-0.160383,1.248529,-0.784433,-0.031531,0.227449,-0.145642,0.385794,-0.49286,1.02136,-0.56719,0.090356,0.136803,0.072208,1.155528,-0.658132,-0.738936,0.779199,0.162719,-0.154404,0.004179,-1.36504
0.11718,0.028712,0.665805,-0.002572,0.054262,-0.130628,0.989942,-0.98221,0.103523,-0.02038,0.77215,0.064037,-0.025433,-0.552193,-0.14172,-0.16324,1.22628,-0.777243,-0.032522,0.225969,-0.142954,0.360541,-0.421758,1.056411,-0.526173,0.032731,0.138286,0.073002,1.148715,-0.623648,-0.784004,0.770959,0.106291,-0.144657,0.01078,-1.341043
0.114681,0.02367,0.671007,-0.001287,0.039494,-0.130555,0.990653,-0.931824,0.105536,-0.01963,0.743786,0.066571,-0.030278,-0.508789,-0.138884,-0.166984,1.20188,-0.768261,-0.033688,0.225088,-0.13789,0.328439,-0.350857,1.090845,-0.481393,-0.025218,0.140991,0.073394,1.142723,-0.584297,-0.829891,0.750386,0.047102,-0.126704,0.019996,-1.315007
0.112944,0.0187,0.676047,-0.000615,0.026513,-0.130829,0.99105,-0.884601,0.110467,-0.017059,0.71642,0.065276,-0.039579,-0.468181,-0.13336,-0.170254,1.176573,-0.757945,-0.035214,0.225513,-0.131253,0.291474,-0.276898,1.124074,-0.427846,-0.084526,0.143538,0.073599,1.137362,-0.539751,-0.868133,0.709452,-0.008171,-0.119229,0.025578,-1.310186
0.111899,0.013748,0.681017,0.000917,0.014111,-0.129392,0.991493,-0.838221,0.111849,-0.014042,0.688597,0.062943,-0.05144,-0.426174,-0.131515,-0.175371,1.14904,-0.750614,-0.039669,0.225164,-0.123642,0.257445,-0.202654,1.153888,-0.365,-0.143601,0.143962,0.074876,1.133374,-0.49829,-0.916609,0.672761,-0.07017,-0.102934,0.0338,-1.294198
0.110639,0.00955,0.685318,0.002315,0.005765,-0.128211,0.991727,-0.803582,0.113753,-0.011255,0.663121,0.063956,-0.056732,-0.396402,-0.129097,-0.179159,1.125869,-0.741405,-0.042074,0.224435,-0.115024,0.220632,-0.123402,1.174494,-0.288393,-0.198403,0.135782,0.077543,1.135364,-0.458695,-0.963064,0.631287,-0.130446,-0.092993,0.038745,-1.286279
0.109078,0.005647,0.689575,0.003987,-0.001279,-0.126868,0.991911,-0.769999,0.114855,-0.007567,0.633347,0.063054,-0.062093,-0.370889,-0.127005,-0.182253,1.102827,-0.729428,-0.042966,0.222992,-0.10601,0.187291,-0.040218,1.187854,-0.201161,-0.254745,0.121008,0.082462,1.135367,-0.422595,-1.011276,0.58886,-0.191052,-0.079886,0.043982,-1.280303
0.108497,0.001997,0.694531,0.005284,-0.008689,-0.125653,0.992022,-0.729956,0.115776,-0.004154,0.59582,0.062479,-0.069827,-0.339941,-0.124948,-0.186035,1.072545,-0.714251,-0.042335,0.221364,-0.094886,0.161117,0.043056,1.195103,-0.108873,-0.311999,0.111582,0.086804,1.131136,-0.39296,-1.060711,0.547277,-0.248876,-0.062416,0.053382,-1.264864
0.106987,-0.001147,0.698807,0.006804,-0.014693,-0.123778,0.992178,-0.69607,0.113507,-0.004621,0.55922,0.065345,-0.073862,-0.316248,-0.124034,-0.189399,1.047677,-0.699692,-0.041215,0.215088,-0.08538,0.14497,0.137453,1.192133,0.006705,-0.379783,0.09964,0.094842,1.118692,-0.363261,-1.111008,0.493573,-0.312502,-0.039657,0.070049,-1.238271
0.106067,-0.003919,0.702887,0.008031,-0.015791,-0.122616,0.992296,-0.675406,0.113741,-0.001437,0.527608,0.068401,-0.068708,-0.303318,-0.121309,-0.192442,1.022836,-0.684756,-0.040909,0.214114,-0.074899,0.123083,0.208058,1.191938,0.095813,-0.431829,0.092877,0.09908,1.111706,-0.341535,-1.164104,0.457016,-0.369977,-0.021371,0.076634,-1.238956
0.104643,-0.006376,0.706751,0.010093,-0.016068,-0.120513,0.99253,-0.655673,0.111829,0.003449,0.491714,0.074321,-0.063718,-0.293914,-0.121032,-0.195632,1.000417,-0.671528,-0.042299,0.205647,-0.067216,0.102205,0.278735,1.182929,0.186508,-0.489173,0.083358,0.105841,1.100486,-0.310383,-1.200601,0.390553,-0.41676,0.013018,0.090836,-1.237195
0.103552,-0.008166,0.710725,0.011375,-0.016286,-0.119237,0.992667,-0.63698,0.110432,0.005633,0.457957,0.082036,-0.058394,-0.283506,-0.118868,-0.197307,0.975117,-0.657285,-0.043625,0.197392,-0.063511,0.0835,0.345204,1.184453,0.275265,-0.535502,0.078975,0.117481,1.078934,-0.271449,-1.223336,0.320163,-0.450569,0.020847,0.104693,-1.215651
0.102683,-0.00955,0.713703,0.013157,-0.014969,-0.11794,0.992821,-0.62687,0.107153,0.00719,0.434293,0.082377,-0.054078,-0.279058,-0.118841,-0.19855,0.95657,-0.647773,-0.043252,0.192365,-0.057894,0.06288,0.395578,1.18717,0.344239,-0.573288,0.068269,0.125251,1.07067,-0.236861,-1.256068,0.26606,-0.486291,0.033445,0.110668,-1.213483
0.101996,-0.010559,0.716741,0.015248,-0.013277,-0.117223,0.9929,-0.6192,0.102219,0.007054,0.412754,0.086415,-0.049194,-0.275168,-0.120633,-0.200108,0.936932,-0.638642,-0.040866,0.18858,-0.053597,0.043896,0.443824,1.190496,0.412673,-0.609768,0.052636,0.135313,1.061755,-0.203138,-1.291186,0.211339,-0.520461,0.051028,0.119572,-1.21043
0.101877,-0.011162,0.719133,0.017085,-0.011359,-0.115876,0.993052,-0.615276,0.096404,0.00797,0.397997,0.088727,-0.036288,-0.272605,-0.122977,-0.200977,0.921385,-0.631425,-0.038479,0.184167,-0.049133,0.024463,0.481395,1.194122,0.469722,-0.636909,0.033669,0.145009,1.056034,-0.179296,-1.327291,0.164829,-0.545644,0.070667,0.128041,-1.207892
0.102393,-0.011398,0.721495,0.018961,-0.00937,-0.115408,0.993093,-0.612673,0.092852,0.009904,0.386147,0.094973,-0.027441,-0.270016,-0.125478,-0.200651,0.906275,-0.623567,-0.036597,0.180275,-0.045257,0.009324,0.51949,1.19481,0.532547,-0.663897,0.011499,0.156897,1.050133,-0.156774,-1.363574,0.107933,-0.56778,0.092759,0.135763,-1.21302
0.103649,-0.01124,0.723482,0.020268,-0.007535,-0.115402,0.993084,-0.610136,0.090906,0.014389,0.37814,0.102001,-0.024404,-0.267247,-0.127239,-0.19935,0.893326,-0.616563,-0.035214,0.177574,-0.041562,-0.002782,0.552891,1.192529,0.592994,-0.689738,-0.014098,0.17043,1.043127,-0.135697,-1.399003,0.048932,-0.587528,0.116237,0.14249,-1.221724
0.105569,-0.010663,0.725149,0.021152,-0.006037,-0.116236,0.992978,-0.608663,0.089667,0.01694,0.375044,0.109208,-0.024328,-0.263766,-0.128773,-0.197204,0.881966,-0.610104,-0.033062,0.178732,-0.037798,-0.011424,0.581201,1.191508,0.644028,-0.714849,-0.040993,0.183381,1.03818,-0.115015,-1.430738,-0.004023,-0.608001,0.145266,0.149867,-1.226095
0.108212,-0.009613,0.726586,0.021197,-0.004656,-0.117771,0.992804,-0.608963,0.088859,0.017585,0.377049,0.116163,-0.023034,-0.259312,-0.129049,-0.194607,0.871003,-0.603517,-0.031624,0.182482,-0.033345,-0.017175,0.606662,1.192018,0.692913,-0.739911,-0.059799,0.192513,1.034845,-0.094382,-1.461615,-0.05672,-0.619745,0.174373,0.156877,-1.231015
0.111565,-0.008125,0.72797,0.020414,-0.003169,-0.120121,0.992544,-0.610507,0.089126,0.016329,0.382696,0.122703,-0.022442,-0.253998,-0.127699,-0.191259,0.859037,-0.596997,-0.031027,0.187637,-0.028193,-0.020129,0.631148,1.1908,0.73686,-0.761569,-0.081696,0.20213,1.032327,-0.074687,-1.4931,-0.107428,-0.625998,0.206283,0.164226,-1.235071
0.115646,-0.006124,0.729281,0.018725,-0.001348,-0.123149,0.992211,-0.612049,0.091089,0.015727,0.389491,0.124382,-0.02343,-0.247616,-0.124116,-0.186771,0.845374,-0.590772,-0.030744,0.194111,-0.022224,-0.021828,0.654944,1.193321,0.775128,-0.776963,-0.107231,0.210594,1.033189,-0.058998,-1.528375,-0.154566,-0.627694,0.232201,0.167584,-1.24156
0.120339,-0.003745,0.730765,0.017671,0.000822,-0.126626,0.991793,-0.617691,0.092442,0.014683,0.403224,0.133594,-0.031836,-0.241202,-0.12324,-0.182116,0.830723,-0.584609,-0.026945,0.2016,-0.0178,-0.021729,0.677109,1.204941,0.810341,-0.78324,-0.126487,0.214194,1.036576,-0.04979,-1.568375,-0.193988,-0.624335,0.248639,0.162748,-1.255054
0.12586,-0.001009,0.731583,0.0143,0.00377,-0.131331,0.991228,-0.619558,0.097311,0.014189,0.411534,0.138048,-0.033801,-0.235412,-0.116631,-0.176427,0.815948,-0.578751,-0.02206,0.211284,-0.010434,-0.021057,0.689238,1.224053,0.836613,-0.781762,-0.149949,0.211839,1.044597,-0.049632,-1.606254,-0.217969,-0.619936,0.27163,0.145797,-1.28568
0.131755,0.00209,0.732333,0.01129,0.007207,-0.135475,0.99069,-0.622723,0.103157,0.016992,0.418785,0.144299,-0.03614,-0.230323,-0.111835,-0.170869,0.801792,-0.573475,-0.018472,0.220419,-0.005624,-0.018805,0.687966,1.252654,0.860737,-0.768373,-0.149398,0.200671,1.05183,-0.06147,-1.643428,-0.224614,-0.609387,0.273043,0.127674,-1.307624
0.138403,0.00562,0.732824,0.00678,0.012007,-0.139197,0.990169,-0.629378,0.111305,0.018644,0.42835,0.14702,-0.033503,-0.224523,-0.10434,-0.167097,0.783397,-0.568641,-0.01285,0.228915,0.00102,-0.015687,0.674839,1.285125,0.880207,-0.744523,-0.13568,0.177679,1.073643,-0.086372,-1.672973,-0.214745,-0.59697,0.257143,0.102387,-1.332365
0.145726,0.009728,0.733315,0.001516,0.017552,-0.142273,0.989671,-0.639459,0.117867,0.015561,0.442076,0.143632,-0.024009,-0.218196,-0.096362,-0.164411,0.763161,-0.562511,-0.006721,0.236169,0.006321,-0.009978,0.657293,1.321495,0.901693,-0.710949,-0.112247,0.158554,1.093762,-0.122529,-1.701103,-0.198113,-0.580951,0.227226,0.093787,-1.324178
0.153648,0.014109,0.733853,-0.003956,0.024253,-0.145065,0.989117,-0.654238,0.123802,0.01435,0.462269,0.133816,-0.012988,-0.211956,-0.088355,-0.162893,0.739319,-0.555362,-0.002241,0.242866,0.010581,-0.002071,0.637612,1.362008,0.923055,-0.670085,-0.079011,0.142613,1.11027,-0.166992,-1.718782,-0.179204,-0.566482,0.194035,0.081761,-1.324686
0.162165,0.018863,0.734476,-0.00881,0.032176,-0.147628,0.98848,-0.675171,0.128465,0.011736,0.489589,0.124752,-0.004442,-0.206557,-0.082358,-0.161873,0.713171,-0.54824,0.001152,0.248333,0.010285,0.00777,0.615397,1.40532,0.934538,-0.623119,-0.060892,0.134462,1.124984,-0.218478,-1.730094,-0.159939,-0.54988,0.14719,0.066368,-1.334894
0.17134,0.023907,0.734732,-0.014535,0.041196,-0.150556,0.987636,-0.699432,0.134735,0.007923,0.519087,0.117628,0.00473,-0.202684,-0.073643,-0.158944,0.686309,-0.54083,0.002893,0.254415,0.008744,0.018222,0.5892,1.452949,0.936914,-0.57326,-0.046227,0.127971,1.134061,-0.275217,-1.730407,-0.135533,-0.531264,0.107083,0.051565,-1.351638
0.181283,0.029249,0.734446,-0.021887,0.05102,-0.154898,0.986369,-0.723555,0.148608,0.008453,0.550778,0.091308,0.003903,-0.199973,-0.061024,-0.155012,0.66001,-0.531718,0.007239,0.26411,0.006989,0.02915,0.561141,1.507163,0.941908,-0.522153,-0.016916,0.118495,1.143161,-0.34164,-1.713804,-0.101113,-0.509537,0.079522,0.036378,-1.384549
0.191735,0.034594,0.734058,-0.028283,0.062501,-0.159532,0.984806,-0.755912,0.161884,0.010498,0.592963,0.063643,0.010957,-0.20118,-0.050904,-0.149723,0.633969,-0.519405,0.01632,0.274206,0.000719,0.038612,0.529823,1.563358,0.947237,-0.469238,0.013277,0.110991,1.149783,-0.420062,-1.693735,-0.051887,-0.481748,0.0491,0.028492,-1.388569
0.202357,0.04023,0.7337,-0.034265,0.075473,-0.164383,0.982908,-0.790888,0.174025,0.010004,0.633667,0.039084,0.018082,-0.206433,-0.042318,-0.144387,0.608215,-0.505246,0.026666,0.279644,-0.010241,0.04755,0.487958,1.612797,0.940956,-0.413141,0.019316,0.108281,1.154721,-0.520702,-1.658501,0.016094,-0.448027,0.015131,0.021365,-1.389175
0.212536,0.045926,0.732915,-0.042174,0.088842,-0.168911,0.980713,-0.82556,0.188583,0.006315,0.670486,0.011447,0.016536,-0.212333,-0.029056,-0.140557,0.581435,-0.489662,0.033962,0.257151,-0.007687,0.0438,0.393854,1.641448,0.869535,-0.330173,0.036466,0.092904,1.165183,-1.008873,-1.568747,0.473342,-0.330252,-0.032518,0.011403,-1.399284
0.222512,0.051429,0.732056,-0.046709,0.102193,-0.171315,0.978788,-0.858738,0.19266,0.001842,0.701452,-0.011274,0.018623,-0.220955,-0.024433,-0.138631,0.560043,-0.478403,0.039527,0.249194,-0.016949,0.054013,0.344624,1.668542,0.872834,-0.286518,0.058749,0.083093,1.175159,-1.101738,-1.515199,0.5291,-0.278838,-0.055654,0.01033,-1.400589
0.232003,0.056788,0.731163,-0.050865,0.115682,-0.172615,0.976849,-0.890509,0.194678,-0.001866,0.727704,-0.031902,0.022818,-0.230994,-0.020711,-0.138569,0.540541,-0.464792,0.044807,0.23517,-0.025599,0.065038,0.280088,1.692734,0.860279,-0.23861,0.067776,0.073606,1.188617,-1.201778,-1.46028,0.587825,-0.217134,-0.079642,0.009661,-1.372302
0.240576,0.062086,0.730329,-0.054337,0.128837,-0.171906,0.97514,-0.921706,0.191891,-0.007112,0.749347,-0.046458,0.028252,-0.240148,-0.018708,-0.140957,0.519358,-0.452565,0.049414,0.213209,-0.018504,0.075431,0.118352,1.692624,0.748813,-0.184027,0.082166,0.057477,1.20373,-1.399439,-1.385407,0.738618,-0.120105,-0.093594,0.004682,-1.370995
0.24831,0.066964,0.729525,-0.057101,0.14213,-0.171565,0.973193,-0.951653,0.189,-0.011477,0.766233,-0.05863,0.034467,-0.253983,-0.017723,-0.143864,0.503901,-0.441922,0.052387,0.200413,-0.021633,0.086037,0.031665,1.705004,0.716045,-0.153663,0.103411,0.047573,1.214838,-1.47248,-1.327786,0.768263,-0.065585,-0.109853,0.004308,-1.41759
0.254963,0.071593,0.728812,-0.060544,0.154772,-0.170496,0.971242,-0.979733,0.187297,-0.01553,0.779048,-0.069394,0.038409,-0.263243,-0.01416,-0.149215,0.480563,-0.427454,0.056361,0.188308,-0.010817,0.093793,-0.181023,1.701754,0.545284,-0.107789,0.12487,0.034816,1.223215,-1.591789,-1.262155,0.851426,0.024641,-0.130043,-0.002836,-1.433468
0.260803,0.075679,0.72808,-0.065145,0.165625,-0.170602,0.969133,-1.005343,0.189433,-0.021153,0.793443,-0.078899,0.044527,-0.268518,-0.007041,-0.153254,0.455866,-0.413323,0.060493,0.206399,0.008346,0.095368,-0.62302,1.661487,0.135034,-0.053481,0.148823,0.028217,1.225618,-1.681954,-1.236028,0.929827,0.09748,-0.152151,-0.007135,-1.432774
0.26611,0.079074,0.72715,-0.068715,0.174272,-0.171246,0.967255,-1.026471,0.190849,-0.025854,0.808245,-0.089152,0.0517,-0.271403,-0.001796,-0.154821,0.434556,-0.401537,0.065996,0.233671,0.014214,0.088998,-1.073633,1.603829,-0.292839,0.03026,0.184703,0.019158,1.236002,-1.727814,-1.215265,0.977736,0.172447,-0.17564,-0.01283,-1.428512
0.271045,0.081952,0.726034,-0.071188,0.182051,-0.171791,0.965545,-1.044512,0.190981,-0.028408,0.820926,-0.100762,0.057223,-0.27551,0.000954,-0.1559,0.419042,-0.391921,0.070869,0.251353,0.009469,0.090741,-1.358419,1.546134,-0.558064,0.112869,0.199399,0.012806,1.238601,-1.750917,-1.189293,0.992199,0.236719,-0.187593,-0.018087,-1.421083
0.275486,0.0845,0.724901,-0.072821,0.18917,-0.171996,0.964017,-1.062793,0.190018,-0.02997,0.834801,-0.10864,0.064247,-0.281276,0.002087,-0.156094,0.408307,-0.384795,0.073642,0.263264,0.000955,0.0935,-1.546909,1.480447,-0.731543,0.196744,0.205793,0.004833,1.225757,-1.768315,-1.161344,1.000235,0.298602,-0.202629,-0.024753,-1.407151
0.279426,0.086589,0.723813,-0.074108,0.19538,-0.172128,0.962656,-1.077797,0.189794,-0.029637,0.845378,-0.116143,0.067327,-0.28731,0.002642,-0.156774,0.401082,-0.379331,0.075917,0.27259,-0.007157,0.097687,-1.67687,1.416969,-0.851651,0.277059,0.218202,-0.005874,1.219634,-1.786621,-1.133016,1.008232,0.357713,-0.219665,-0.032302,-1.391939
0.282778,0.088302,0.722966,-0.07496,0.201037,-0.171502,0.961536,-1.092505,0.187896,-0.03032,0.855375,-0.120648,0.072074,-0.292428,0.002453,-0.159048,0.393874,-0.374286,0.079009,0.277576,-0.016374,0.103798,-1.777715,1.356901,-0.950027,0.356726,0.227502,-0.019026,1.20592,-1.812018,-1.123798,1.056405,0.392687,-0.211645,-0.042769,-1.350553
0.285694,0.08949,0.722257,-0.076108,0.206038,-0.170661,0.960537,-1.10528,0.186515,-0.03185,0.863761,-0.12428,0.076421,-0.295676,0.00356,-0.161583,0.385575,-0.36839,0.083063,0.284208,-0.020728,0.108525,-1.839695,1.298055,-1.01164,0.42945,0.236668,-0.031842,1.201346,-1.841777,-1.135392,1.124044,0.398527,-0.163539,-0.054317,-1.242915
0.288117,0.090525,0.721434,-0.077881,0.210006,-0.169813,0.959685,-1.116675,0.186222,-0.034168,0.872559,-0.127911,0.081951,-0.296865,0.006262,-0.162888,0.377361,-0.363663,0.087466,0.284907,-0.020455,0.110828,-1.872289,1.250257,-1.049725,0.488906,0.245195,-0.04247,1.192605,-1.867632,-1.102692,1.127897,0.454001,-0.154988,-0.051844,-1.215956
0.290297,0.091443,0.720628,-0.07941,0.213474,-0.168771,0.958978,-1.126306,0.185283,-0.036329,0.879782,-0.131935,0.087061,-0.296579,0.008603,-0.162991,0.368216,-0.359803,0.092736,0.282733,-0.021586,0.113429,-1.900282,1.209177,-1.08133,0.543048,0.253794,-0.051838,1.193725,-1.88239,-1.045331,1.095942,0.536645,-0.171304,-0.047682,-1.256789
0.29212,0.092286,0.720027,-0.080254,0.216995,-0.16827,0.958205,-1.134041,0.183838,-0.038332,0.883182,-0.13661,0.090752,-0.298864,0.009476,-0.162727,0.362058,-0.356809,0.096184,0.283588,-0.025032,0.116668,-1.922079,1.171682,-1.104427,0.591623,0.258188,-0.060267,1.18847,-1.892792,-1.011615,1.094603,0.584545,-0.168913,-0.048746,-1.257883
0.29349,0.093066,0.719688,-0.080533,0.220109,-0.168362,0.957455,-1.139142,0.182502,-0.039121,0.883319,-0.141285,0.095683,-0.303004,0.00938,-0.162159,0.35895,-0.353885,0.098398,0.285057,-0.02839,0.119801,-1.934575,1.138268,-1.115565,0.63472,0.262812,-0.067549,1.185507,-1.898743,-0.984853,1.089805,0.617984,-0.164269,-0.050937,-1.247679
0.294399,0.093909,0.719684,-0.080663,0.222749,-0.168486,0.956812,-1.141919,0.181667,-0.038632,0.879999,-0.145058,0.097132,-0.307988,0.009158,-0.161735,0.35792,-0.350292,0.099058,0.283435,-0.031923,0.123534,-1.940916,1.111712,-1.119971,0.672811,0.265747,-0.072864,1.184681,-1.903032,-0.958081,1.087265,0.646724,-0.15888,-0.05196,-1.239428
0.294846,0.094616,0.719936,-0.080557,0.22497,-0.168401,0.956316,-1.143442,0.179939,-0.039175,0.875035,-0.147143,0.097046,-0.313328,0.008516,-0.162453,0.358122,-0.34678,0.099488,0.280575,-0.035665,0.12706,-1.935964,1.083819,-1.112461,0.712397,0.254496,-0.07589,1.176916,-1.90457,-0.932764,1.085494,0.671889,-0.154608,-0.05322,-1.230075
0.29497,0.095233,0.720236,-0.080279,0.226864,-0.167651,0.956024,-1.144657,0.177302,-0.039083,0.869477,-0.146967,0.097636,-0.317914,0.007262,-0.16366,0.358243,-0.343996,0.100005,0.277458,-0.038973,0.130483,-1.927531,1.054383,-1.100735,0.753062,0.247292,-0.077499,1.176786,-1.906707,-0.9091,1.090333,0.698402,-0.150644,-0.054431,-1.216637
0.294782,0.095712,0.720462,-0.079639,0.228387,-0.166169,0.955973,-1.145533,0.173426,-0.039135,0.863162,-0.144753,0.097685,-0.322679,0.004798,-0.165734,0.360807,-0.344127,0.100531,0.273471,-0.040993,0.134009,-1.913718,1.023643,-1.093624,0.798893,0.239976,-0.083186,1.156697,-1.911582,-0.88583,1.10892,0.72993,-0.147645,-0.056286,-1.195594
0.294149,0.096201,0.720489,-0.078762,0.229303,-0.164335,0.956143,-1.146196,0.168404,-0.03887,0.857479,-0.14185,0.099078,-0.328769,0.001243,-0.167424,0.368193,-0.347929,0.100699,0.267604,-0.041849,0.139654,-1.894802,0.998433,-1.088942,0.838198,0.233894,-0.087531,1.140797,-1.916355,-0.862454,1.133021,0.758418,-0.143561,-0.057781,-1.176749
0.293152,0.096663,0.720281,-0.077732,0.229737,-0.162861,0.956376,-1.147044,0.164094,-0.037706,0.853577,-0.139768,0.101377,-0.335199,-0.002589,-0.168115,0.37764,-0.354741,0.100038,0.263084,-0.043223,0.147815,-1.873023,0.979302,-1.080999,0.863453,0.234779,-0.089303,1.136919,-1.915486,-0.842463,1.145243,0.779988,-0.14208,-0.059573,-1.163229
0.291877,0.096932,0.719762,-0.076205,0.229916,-0.162259,0.956558,-1.149157,0.161056,-0.034764,0.852468,-0.137822,0.105331,-0.344653,-0.007849,-0.169728,0.393207,-0.365084,0.098776,0.259509,-0.046254,0.156123,-1.848609,0.961641,-1.07407,0.886241,0.23228,-0.09004,1.13295,-1.910518,-0.82219,1.155241,0.801578,-0.130663,-0.058699,-1.146318
0.29022,0.09716,0.719239,-0.073646,0.230486,-0.161973,0.95667,-1.151571,0.157255,-0.029933,0.849188,-0.135355,0.11258,-0.358426,-0.014928,-0.169977,0.413549,-0.376729,0.096355,0.25579,-0.052381,0.164864,-1.824673,0.947076,-1.06639,0.903189,0.228823,-0.089969,1.131839,-1.905709,-0.80384,1.164293,0.821727,-0.123807,-0.057572,-1.134096
0.287809,0.097007,0.719023,-0.070297,0.231287,-0.161904,0.95674,-1.153018,0.153857,-0.022464,0.841219,-0.129856,0.121728,-0.376254,-0.022842,-0.169139,0.437993,-0.387887,0.093852,0.252049,-0.060989,0.17444,-1.801427,0.936361,-1.057877,0.911636,0.229201,-0.089986,1.135125,-1.896516,-0.788852,1.161523,0.835888,-0.119279,-0.056608,-1.123812
0.284895,0.096878,0.718719,-0.06772,0.231334,-0.162059,0.956888,-1.155542,0.151248,-0.018346,0.836562,-0.121395,0.125825,-0.393399,-0.028842,-0.166425,0.463458,-0.399831,0.092125,0.249452,-0.06733,0.185441,-1.777642,0.928715,-1.047767,0.912982,0.232665,-0.089533,1.142056,-1.882453,-0.776767,1.151776,0.841848,-0.115597,-0.054994,-1.118807
0.282038,0.096838,0.717671,-0.066396,0.230798,-0.162475,0.95704,-1.160064,0.151181,-0.016133,0.838491,-0.117101,0.123803,-0.4088,-0.032654,-0.162667,0.489253,-0.414388,0.094418,0.249839,-0.070229,0.19705,-1.747365,0.926391,-1.026739,0.897585,0.244535,-0.095185,1.141916,-1.86532,-0.768992,1.142009,0.843896,-0.113275,-0.05331,-1.116436
0.279199,0.096716,0.716006,-0.064982,0.230366,-0.163109,0.957134,-1.168631,0.151245,-0.014925,0.847257,-0.115346,0.121465,-0.424417,-0.036925,-0.158594,0.51578,-0.4324,0.098884,0.252795,-0.072483,0.207981,-1.711726,0.921572,-0.992231,0.88308,0.244033,-0.092573,1.156854,-1.845924,-0.765071,1.135935,0.844905,-0.115156,-0.052853,-1.11563
0.276082,0.09641,0.713714,-0.063054,0.230707,-0.164228,0.956989,-1.179923,0.151839,-0.012496,0.857129,-0.11444,0.121598,-0.443836,-0.041549,-0.154388,0.545855,-0.453984,0.101941,0.257372,-0.074794,0.217641,-1.678834,0.915889,-0.966214,0.866839,0.250528,-0.083742,1.20528,-1.825664,-0.762323,1.130709,0.841258,-0.12322,-0.05434,-1.117683
0.272702,0.096145,0.710863,-0.060522,0.230913,-0.165744,0.956841,-1.192613,0.152648,-0.008239,0.869493,-0.114019,0.123199,-0.469378,-0.04815,-0.150031,0.587387,-0.476702,0.102596,0.262668,-0.078963,0.227874,-1.642838,0.909914,-0.941284,0.847801,0.267457,-0.089164,1.217933,-1.798152,-0.757131,1.114629,0.838805,-0.119443,-0.052992,-1.115818
0.269038,0.095673,0.707639,-0.058123,0.230231,-0.166216,0.957072,-1.205249,0.151924,-0.00535,0.88411,-0.113551,0.123884,-0.495961,-0.054497,-0.145013,0.635847,-0.49984,0.101425,0.265087,-0.08239,0.238297,-1.597449,0.897699,-0.902991,0.835619,0.286012,-0.103651,1.209806,-1.768149,-0.74619,1.101293,0.8443,-0.124249,-0.052146,-1.121851
0.265656,0.095324,0.704169,-0.056549,0.228359,-0.165015,0.957823,-1.215409,0.148763,-0.004645,0.899229,-0.11485,0.124416,-0.513659,-0.060653,-0.143456,0.674428,-0.522491,0.101992,0.266481,-0.082194,0.247417,-1.555037,0.878744,-0.87593,0.834479,0.30035,-0.11219,1.20566,-1.729456,-0.735971,1.080073,0.848981,-0.132893,-0.052467,-1.129107
0.26198,0.09468,0.699839,-0.053743,0.228178,-0.163735,0.958247,-1.231903,0.145061,-0.002249,0.917361,-0.115375,0.123961,-0.541633,-0.069929,-0.14085,0.725971,-0.546541,0.103437,0.266231,-0.085717,0.255238,-1.550895,0.850914,-0.898425,0.880378,0.284551,-0.075468,1.293251,-1.6965,-0.727752,1.071838,0.850646,-0.129108,-0.047417,-1.140445
0.257547,0.093958,0.694967,-0.05197,0.228422,-0.16236,0.95852,-1.251171,0.14202,-0.003426,0.936251,-0.117279,0.122627,-0.568025,-0.075959,-0.139828,0.772116,-0.575392,0.102379,0.266605,-0.087165,0.268786,-1.531939,0.844292,-0.899286,0.870653,0.277319,-0.071416,1.292776,-1.667851,-0.726266,1.066542,0.848221,-0.137319,-0.047494,-1.142914
0.252935,0.093018,0.690054,-0.049871,0.228646,-0.161796,0.958674,-1.269538,0.14029,-0.003709,0.953456,-0.119897,0.120821,-0.593783,-0.081337,-0.137715,0.815363,-0.601235,0.100429,0.266622,-0.091357,0.281546,-1.504423,0.83777,-0.884776,0.860404,0.282335,-0.08002,1.268041,-1.638478,-0.719097,1.065565,0.847181,-0.139574,-0.045011,-1.148208
0.24792,0.091787,0.684908,-0.049686,0.226759,-0.161604,0.959164,-1.285068,0.14162,-0.007333,0.973925,-0.126116,0.117755,-0.612427,-0.081505,-0.136393,0.855249,-0.629103,0.098683,0.268788,-0.092813,0.302251,-1.491346,0.834514,-0.892233,0.853395,0.288266,-0.087796,1.244291,-1.616001,-0.713717,1.076001,0.845748,-0.136414,-0.041866,-1.15144
0.243377,0.088992,0.679747,-0.046861,0.228125,-0.162687,0.958799,-1.305881,0.144525,-0.008021,0.99232,-0.130697,0.112339,-0.640588,-0.082858,-0.131612,0.898116,-0.655789,0.095526,0.275571,-0.098506,0.323617,-1.480495,0.82821,-0.888209,0.847199,0.287595,-0.09453,1.213376,-1.600208,-0.710373,1.086794,0.84688,-0.1262,-0.036163,-1.155369
0.237465,0.08767,0.674101,-0.042917,0.22814,-0.16457,0.958659,-1.325133,0.145883,-0.005798,1.008332,-0.132245,0.10705,-0.673878,-0.087905,-0.122318,0.949067,-0.679285,0.095146,0.276757,-0.106977,0.341024,-1.45639,0.822696,-0.878296,0.848362,0.276673,-0.088907,1.211784,-1.580235,-0.694348,1.091232,0.856424,-0.122288,-0.032626,-1.153764
0.231351,0.086055,0.668509,-0.038349,0.22834,-0.165935,0.95857,-1.343402,0.146894,-0.002659,1.020621,-0.131817,0.096719,-0.708621,-0.093744,-0.112784,1.000675,-0.699652,0.09514,0.275073,-0.117634,0.359312,-1.432174,0.818483,-0.87304,0.850809,0.259048,-0.079606,1.213387,-1.559469,-0.676744,1.089657,0.864409,-0.114719,-0.028347,-1.150354
0.22478,0.085034,0.663533,-0.041132,0.236965,-0.163633,0.956755,-1.375661,0.149725,-0.012242,1.019107,-0.121675,0.068196,-0.748032,-0.087134,-0.122508,1.030723,-0.706399,0.091452,0.270213,-0.10445,0.360967,-1.414257,0.807436,-0.864198,0.858994,0.241408,-0.073494,1.199033,-1.554713,-0.67052,1.101523,0.877673,-0.099244,-0.021933,-1.144171
0.217013,0.086168,0.660167,-0.040444,0.240306,-0.163451,0.955982,-1.39511,0.147513,-0.017655,1.0125,-0.107308,0.075859,-0.780499,-0.08889,-0.12246,1.057247,-0.71133,0.094332,0.261746,-0.103684,0.372147,-1.388683,0.807024,-0.856791,0.858715,0.236747,-0.069323,1.194169,-1.546295,-0.658097,1.109019,0.881956,-0.093361,-0.01722,-1.141814
0.210376,0.085299,0.655205,-0.037754,0.24117,-0.163874,0.955802,-1.413783,0.147347,-0.016126,1.01953,-0.100855,0.075444,-0.810842,-0.092302,-0.118191,1.095902,-0.725244,0.093908,0.258394,-0.108028,0.385742,-1.361018,0.803754,-0.850643,0.856149,0.232043,-0.064467,1.194349,-1.532424,-0.651398,1.112222,0.880984,-0.087589,-0.012249,-1.145895
0.203835,0.083993,0.650277,-0.035094,0.241852,-0.163502,0.955795,-1.43247,0.146694,-0.016001,1.026993,-0.091801,0.073889,-0.839666,-0.095706,-0.115051,1.133822,-0.738279,0.092289,0.255276,-0.110893,0.397345,-1.32979,0.800324,-0.837701,0.84917,0.22923,-0.059464,1.19945,-1.516163,-0.648031,1.114101,0.877902,-0.080776,-0.007451,-1.153222
0.196893,0.082588,0.645679,-0.032731,0.242629,-0.162287,0.955889,-1.451494,0.144575,-0.017155,1.032157,-0.077389,0.074049,-0.868486,-0.098781,-0.113621,1.170148,-0.747962,0.088865,0.251521,-0.111565,0.405493,-1.29424,0.795211,-0.81941,0.840405,0.22264,-0.053575,1.204496,-1.496239,-0.646681,1.116398,0.87223,-0.074646,-0.003463,-1.161453
0.189621,0.081,0.641512,-0.030152,0.241562,-0.161104,0.956443,-1.465221,0.142414,-0.017748,1.035036,-0.06264,0.073277,-0.893917,-0.10218,-0.111649,1.206326,-0.754039,0.084123,0.249375,-0.111952,0.412914,-1.254171,0.788631,-0.798473,0.829451,0.218859,-0.048124,1.210454,-1.471532,-0.647712,1.118146,0.863452,-0.075708,-0.002022,-1.170966
0.182798,0.07904,0.637647,-0.027082,0.237795,-0.160137,0.957641,-1.470994,0.140714,-0.01698,1.037829,-0.052095,0.069359,-0.910245,-0.106726,-0.10922,1.23808,-0.766248,0.079678,0.247403,-0.1137,0.421255,-1.207679,0.782935,-0.771907,0.814298,0.214177,-0.042521,1.217767,-1.442346,-0.648931,1.117332,0.851866,-0.077598,-0.000434,-1.188539
0.176368,0.076319,0.63413,-0.024868,0.233541,-0.15973,0.958815,-1.474342,0.141498,-0.018703,1.040497,-0.043758,0.062413,-0.922529,-0.106507,-0.107122,1.265798,-0.777464,0.073735,0.248855,-0.116668,0.425842,-1.15878,0.77969,-0.749498,0.793739,0.210842,-0.037223,1.226205,-1.402508,-0.651379,1.103939,0.833863,-0.076281,0.001433,-1.211342
0.169278,0.072165,0.631276,-0.02128,0.226363,-0.156163,0.961208,-1.468667,0.136318,-0.019631,1.037254,-0.030902,0.052633,-0.927855,-0.112291,-0.108339,1.295861,-0.787377,0.064551,0.245191,-0.115819,0.431654,-1.105707,0.7735,-0.726652,0.771196,0.215054,-0.034304,1.235718,-1.360469,-0.659666,1.097249,0.808987,-0.082362,0.000973,-1.227599
0.163877,0.070278,0.629817,-0.018066,0.217827,-0.15246,0.963837,-1.455223,0.129402,-0.015735,1.030634,-0.019238,0.049258,-0.924961,-0.121094,-0.106678,1.316846,-0.793993,0.061622,0.239424,-0.11342,0.435469,-1.047663,0.772483,-0.706874,0.741008,0.22052,-0.032448,1.239204,-1.313457,-0.670919,1.087783,0.779395,-0.089816,0.000108,-1.248599
0.158027,0.067728,0.629365,-0.015501,0.209336,-0.14949,0.966225,-1.439131,0.124687,-0.014449,1.018771,-0.005155,0.044301,-0.919212,-0.126218,-0.107595,1.33001,-0.798543,0.056008,0.234338,-0.112767,0.435454,-0.985953,0.780856,-0.688695,0.7039,0.22102,-0.028838,1.243827,-1.259635,-0.686052,1.075464,0.733236,-0.076082,0.004444,-1.256346
0.151063,0.063708,0.629975,-0.013273,0.200735,-0.147189,0.968434,-1.419402,0.123002,-0.016079,0.999249,0.012498,0.036234,-0.912222,-0.127346,-0.11172,1.339032,-0.798138,0.046723,0.232337,-0.11413,0.432618,-0.9257,0.799617,-0.675453,0.659078,0.224299,-0.026102,1.243188,-1.204535,-0.712976,1.06572,0.669197,-0.072739,0.008129,-1.23662
0.143187,0.05846,0.631148,-0.012592,0.195251,-0.14543,0.969829,-1.403771,0.122913,-0.026526,0.972508,0.031665,0.025055,-0.910954,-0.122175,-0.120955,1.343228,-0.792089,0.033076,0.230072,-0.112051,0.416645,-0.856582,0.823725,-0.651756,0.603005,0.241859,-0.027804,1.244068,-1.152464,-0.744755,1.063616,0.60387,-0.082839,0.009412,-1.229002
0.133661,0.052377,0.631171,-0.010804,0.184469,-0.143832,0.972197,-1.378494,0.124122,-0.032905,0.946526,0.051299,0.013426,-0.903925,-0.118652,-0.127706,1.356349,-0.789337,0.01907,0.228187,-0.114335,0.406424,-0.789985,0.858554,-0.632069,0.54882,0.251926,-0.02617,1.237606,-1.107331,-0.773807,1.069241,0.546898,-0.088486,0.014222,-1.223045
