0.794739,-0.522373,0.781371,-0.002056,0.000635,0.027235,0.999627,0.017008,0.067286,0.052519,0.079994,-0.125189,-0.031035,0.054359,-0.056662,-0.191449,0.07252,-0.16222,0.084547,-0.014049,-0.014522,0.021716,-0.101111,0.230919,-0.230215,1.529778,0.130406,0.093503,-0.361824,-0.068718,-0.281173,0.279917,1.380393,-0.14637,0.173732,0.335782
0.794528,-0.522358,0.78135,-0.002061,0.000571,0.027237,0.999627,0.016897,0.067257,0.052464,0.079892,-0.125245,-0.031238,0.054251,-0.056635,-0.191355,0.072426,-0.162378,0.084262,-0.013961,-0.014568,0.021724,-0.101123,0.23086,-0.230429,1.530243,0.130029,0.093404,-0.361297,-0.067234,-0.28121,0.278332,1.379771,-0.147063,0.172765,0.336566
0.794368,-0.522352,0.781329,-0.002075,0.000493,0.027239,0.999627,0.016883,0.067273,0.052452,0.079839,-0.125376,-0.031429,0.054231,-0.056604,-0.191367,0.07236,-0.162556,0.084456,-0.013888,-0.014577,0.021506,-0.101102,0.230677,-0.231096,1.530979,0.129573,0.093251,-0.360669,-0.065776,-0.281261,0.276412,1.378918,-0.147854,0.173199,0.337649
0.794268,-0.522336,0.781291,-0.00201,0.000355,0.027192,0.999628,0.017111,0.067127,0.052588,0.079813,-0.125502,-0.031627,0.05447,-0.056766,-0.191288,0.072264,-0.162848,0.084225,-0.014134,-0.01451,0.020759,-0.100708,0.230396,-0.230861,1.531866,0.128941,0.093027,-0.359882,-0.063449,-0.281478,0.274043,1.377702,-0.148396,0.173267,0.339191
0.794246,-0.522304,0.781301,-0.002013,0.000249,0.027377,0.999623,0.01722,0.067016,0.052213,0.07986,-0.12544,-0.031604,0.054787,-0.056844,-0.191403,0.072196,-0.162963,0.084655,-0.014443,-0.014452,0.02055,-0.100617,0.230215,-0.230568,1.532022,0.12901,0.092935,-0.359451,-0.061917,-0.281528,0.27207,1.377806,-0.148587,0.172232,0.338793
0.794205,-0.522323,0.781253,-0.001987,0.000137,0.02717,0.999629,0.017524,0.067079,0.05257,0.079868,-0.125698,-0.03182,0.054947,-0.056846,-0.191445,0.072183,-0.163228,0.084513,-0.01406,-0.014615,0.020125,-0.100671,0.230656,-0.228892,1.532404,0.129263,0.092452,-0.361223,-0.060531,-0.281548,0.270247,1.378141,-0.14876,0.171713,0.339301
0.794366,-0.5223,0.781222,-0.001968,-0.000153,0.027276,0.999626,0.018544,0.06705,0.052524,0.079614,-0.125945,-0.032465,0.055862,-0.056944,-0.191559,0.07228,-0.163685,0.084645,-0.013878,-0.014586,0.019464,-0.10037,0.230769,-0.227989,1.532542,0.130573,0.091938,-0.363508,-0.057762,-0.281763,0.267115,1.379178,-0.148151,0.169167,0.340154
0.794617,-0.522329,0.781208,-0.001981,-0.000487,0.027324,0.999625,0.019908,0.067174,0.052397,0.079198,-0.126155,-0.032966,0.056987,-0.056859,-0.19175,0.072427,-0.164204,0.085109,-0.013365,-0.014662,0.018384,-0.099909,0.231014,-0.226068,1.533474,0.133597,0.091958,-0.368158,-0.054587,-0.281384,0.262304,1.384423,-0.14976,0.164786,0.338612
0.794931,-0.522371,0.781184,-0.001967,-0.000783,0.027253,0.999626,0.021511,0.067298,0.052462,0.078415,-0.126467,-0.033896,0.057922,-0.056837,-0.191904,0.072791,-0.164769,0.086,-0.011501,-0.014358,0.016782,-0.10058,0.230842,-0.224763,1.535575,0.135089,0.094324,-0.372954,-0.052095,-0.280247,0.257449,1.401379,-0.154192,0.157151,0.33464
0.795403,-0.522322,0.781102,-0.001797,-0.000914,0.027056,0.999632,0.022676,0.066999,0.052709,0.078545,-0.127941,-0.03495,0.058471,-0.057273,-0.191384,0.073708,-0.166093,0.085586,-0.007068,-0.011503,0.013747,-0.102554,0.229991,-0.222841,1.539042,0.137629,0.101141,-0.383119,-0.05444,-0.281437,0.251365,1.441855,-0.158081,0.154488,0.340741
0.795852,-0.522263,0.781082,-0.0016,-0.001483,0.025859,0.999663,0.024761,0.067117,0.055071,0.07981,-0.129564,-0.036928,0.058728,-0.057661,-0.189433,0.076375,-0.16787,0.085285,-0.002911,-0.008366,0.007812,-0.105649,0.23048,-0.222515,1.544671,0.143132,0.115173,-0.401748,-0.07857,-0.284798,0.251172,1.529309,-0.174915,0.170073,0.359216
0.795872,-0.522246,0.781124,-0.001341,-0.00262,0.023494,0.99972,0.026993,0.067591,0.059384,0.08306,-0.130948,-0.038886,0.058167,-0.057911,-0.18504,0.08089,-0.169568,0.084185,-0.00152,-0.005012,0.004716,-0.111402,0.236411,-0.23004,1.544996,0.149885,0.123341,-0.419709,-0.120857,-0.296502,0.281699,1.606912,-0.197123,0.216288,0.360512
0.795647,-0.522268,0.781202,-0.000963,-0.003805,0.020752,0.999777,0.028685,0.067878,0.063861,0.087059,-0.131588,-0.039625,0.057462,-0.058268,-0.18023,0.084833,-0.170663,0.083275,-0.002495,-0.00189,0.0023,-0.119811,0.249234,-0.234301,1.539097,0.15149,0.123849,-0.429022,-0.159071,-0.321088,0.326546,1.630181,-0.225633,0.243634,0.341363
0.795222,-0.522584,0.781387,-0.000382,-0.005201,0.017842,0.999827,0.030034,0.068297,0.068859,0.09233,-0.132186,-0.040017,0.056224,-0.058635,-0.174785,0.090023,-0.172052,0.082607,-0.009294,0.001504,0.000508,-0.127623,0.269077,-0.224856,1.527899,0.147463,0.121816,-0.432016,-0.197375,-0.359251,0.353395,1.615595,-0.236138,0.242859,0.316278
0.794883,-0.523066,0.781569,0.000407,-0.006511,0.015538,0.999858,0.030943,0.06824,0.072711,0.097842,-0.132795,-0.039698,0.05489,-0.059457,-0.170298,0.095981,-0.174319,0.080996,-0.020436,0.00514,-0.000685,-0.133091,0.293658,-0.204003,1.507373,0.141743,0.118604,-0.427846,-0.230997,-0.408948,0.335333,1.572914,-0.183339,0.207531,0.273045
0.794561,-0.523896,0.781693,0.001468,-0.00771,0.013519,0.999878,0.031565,0.067997,0.076128,0.103137,-0.133009,-0.038955,0.053439,-0.060453,-0.166307,0.102094,-0.177751,0.078361,-0.030919,0.010302,-0.001091,-0.137994,0.319286,-0.181396,1.481847,0.132706,0.114458,-0.425718,-0.2584,-0.454729,0.297256,1.528588,-0.122443,0.174428,0.249607
0.794226,-0.525048,0.781857,0.00277,-0.008788,0.011574,0.999891,0.032105,0.067562,0.079391,0.10773,-0.131027,-0.037937,0.051946,-0.061535,-0.162651,0.10763,-0.181027,0.077272,-0.041563,0.015421,-0.001399,-0.141188,0.345356,-0.156734,1.453656,0.122645,0.11051,-0.422875,-0.283312,-0.494575,0.245715,1.469095,-0.056287,0.140075,0.256989
0.793965,-0.526413,0.781976,0.004093,-0.009751,0.010024,0.999894,0.032785,0.067253,0.082233,0.111338,-0.129325,-0.036564,0.050868,-0.062325,-0.159266,0.112401,-0.184036,0.076025,-0.052037,0.020821,-0.001198,-0.143609,0.370868,-0.131367,1.422338,0.113688,0.106781,-0.417137,-0.30171,-0.52879,0.201317,1.38429,-0.010162,0.114708,0.288038
0.793604,-0.528036,0.781997,0.005556,-0.010675,0.009125,0.999886,0.033052,0.066753,0.08392,0.114641,-0.127429,-0.035367,0.050193,-0.063315,-0.157053,0.116554,-0.187458,0.074428,-0.063266,0.026567,-0.000199,-0.143707,0.394742,-0.103142,1.385779,0.104093,0.10346,-0.406601,-0.310576,-0.560154,0.170863,1.262424,0.009605,0.096743,0.320884
0.793387,-0.529943,0.782135,0.006896,-0.011419,0.009089,0.99987,0.03297,0.066599,0.083864,0.117321,-0.124628,-0.034245,0.049825,-0.06369,-0.156485,0.120168,-0.190525,0.074826,-0.07432,0.032981,0.002591,-0.138442,0.417343,-0.069027,1.336166,0.094601,0.097721,-0.395071,-0.304035,-0.59024,0.144244,1.099062,0.017845,0.081063,0.338255
0.793425,-0.532134,0.782198,0.008517,-0.011913,0.010097,0.999842,0.032267,0.065811,0.082004,0.119721,-0.12132,-0.033183,0.050501,-0.064772,-0.158054,0.122544,-0.193682,0.072852,-0.084063,0.040137,0.007247,-0.124261,0.437388,-0.025771,1.267869,0.082173,0.094522,-0.39068,-0.270811,-0.615957,0.100262,0.882793,0.035719,0.081316,0.340667
0.793617,-0.534516,0.782254,0.010281,-0.011762,0.012104,0.999805,0.02995,0.06458,0.078472,0.121796,-0.11761,-0.032233,0.050977,-0.066016,-0.161377,0.123437,-0.197165,0.072084,-0.089245,0.049216,0.011189,-0.104913,0.451782,0.019266,1.189408,0.065604,0.094297,-0.395732,-0.22146,-0.627902,0.035231,0.638413,0.066884,0.093001,0.333278
0.794235,-0.536985,0.782276,0.011996,-0.009952,0.015898,0.999752,0.022861,0.062755,0.070993,0.125296,-0.114663,-0.031268,0.049668,-0.067652,-0.168537,0.122982,-0.200467,0.074835,-0.078327,0.059051,0.013463,-0.069329,0.462336,0.053415,1.060522,0.057724,0.133099,-0.418633,-0.115999,-0.614628,-0.061832,0.316716,0.113784,0.172976,0.272097
0.794614,-0.539612,0.782251,0.013774,-0.008399,0.019927,0.999671,0.015729,0.060979,0.063406,0.129067,-0.111315,-0.031073,0.047698,-0.069454,-0.175699,0.124603,-0.204441,0.073932,-0.07751,0.067332,0.012732,-0.031469,0.470753,0.091774,0.951123,0.053849,0.167587,-0.434422,-0.055737,-0.587482,-0.118896,0.068951,0.165145,0.196643,0.187185
0.794896,-0.542072,0.7823,0.015534,-0.007585,0.024876,0.999541,0.009511,0.058581,0.054336,0.133055,-0.107028,-0.030013,0.047222,-0.071754,-0.184318,0.127096,-0.208782,0.074779,-0.081388,0.076536,0.013845,-0.002096,0.476381,0.123653,0.865419,0.049563,0.190922,-0.442106,-0.022861,-0.568831,-0.153245,-0.14018,0.205185,0.202985,0.096808
0.794902,-0.544378,0.782425,0.017243,-0.007473,0.028979,0.999403,0.005877,0.056484,0.047566,0.135062,-0.101575,-0.029204,0.04748,-0.073768,-0.190742,0.129643,-0.21229,0.074719,-0.087142,0.086009,0.017006,0.012879,0.479661,0.150366,0.817485,0.045248,0.1931,-0.441252,-0.015486,-0.563375,-0.179734,-0.299388,0.217683,0.184592,0.052176
0.794719,-0.546452,0.782462,0.018956,-0.006645,0.033283,0.999244,-0.001314,0.053614,0.039183,0.140103,-0.097345,-0.027522,0.045485,-0.076558,-0.198314,0.133194,-0.216827,0.075726,-0.090264,0.096014,0.023641,0.037184,0.481078,0.17476,0.751222,0.04389,0.213815,-0.4464,0.00707,-0.554488,-0.197054,-0.47252,0.24011,0.196068,-0.064524
0.794388,-0.548435,0.782566,0.020699,-0.006035,0.036725,0.999093,-0.007134,0.050933,0.032809,0.143763,-0.09217,-0.026459,0.043618,-0.079133,-0.204043,0.136287,-0.220536,0.074894,-0.09253,0.106405,0.031031,0.051322,0.482586,0.19116,0.714828,0.041053,0.219707,-0.45047,0.016789,-0.545998,-0.207401,-0.593989,0.24993,0.191853,-0.111061
0.793984,-0.550164,0.782687,0.022415,-0.005029,0.039303,0.998963,-0.013985,0.048149,0.027633,0.148398,-0.087172,-0.024578,0.040397,-0.081848,-0.208554,0.139329,-0.223895,0.074052,-0.093317,0.116799,0.040319,0.066097,0.484037,0.205672,0.681772,0.042506,0.229032,-0.455762,0.035667,-0.537847,-0.205839,-0.692954,0.25145,0.179373,-0.15836
0.793422,-0.551673,0.782861,0.024079,-0.003573,0.041098,0.998859,-0.021953,0.045387,0.02393,0.153444,-0.081966,-0.0228,0.035966,-0.084536,-0.211556,0.141549,-0.225991,0.072573,-0.093387,0.127611,0.050321,0.080268,0.48513,0.218438,0.65453,0.046319,0.238856,-0.460808,0.064634,-0.526141,-0.183252,-0.761725,0.246505,0.159273,-0.193425
0.792854,-0.553037,0.783036,0.025618,-0.001908,0.04255,0.998764,-0.030391,0.042895,0.021223,0.158784,-0.07713,-0.020948,0.031414,-0.08688,-0.21377,0.142607,-0.227582,0.072343,-0.092649,0.138127,0.06084,0.092025,0.485629,0.228634,0.63402,0.049322,0.247301,-0.465521,0.109063,-0.506989,-0.12878,-0.797614,0.244447,0.143059,-0.216241
0.792276,-0.554211,0.783158,0.026954,-0.000223,0.04369,0.998681,-0.038724,0.04072,0.019068,0.164232,-0.073273,-0.019442,0.026958,-0.088945,-0.215499,0.143099,-0.228386,0.071846,-0.09055,0.149258,0.072541,0.099507,0.485492,0.235446,0.620279,0.049654,0.254137,-0.469571,0.171106,-0.487769,-0.030803,-0.80074,0.260393,0.12711,-0.214302
0.791808,-0.555033,0.783195,0.028129,0.001765,0.044688,0.998603,-0.047582,0.038493,0.017405,0.169997,-0.070472,-0.01816,0.022053,-0.091148,-0.216701,0.143328,-0.229693,0.072024,-0.089797,0.160318,0.08344,0.106316,0.484902,0.242825,0.610189,0.050724,0.259406,-0.47333,0.252353,-0.497152,0.096101,-0.765879,0.264328,0.117925,-0.167753
0.791146,-0.555367,0.783205,0.029031,0.004869,0.046119,0.998502,-0.061209,0.035838,0.015094,0.179445,-0.068499,-0.01569,0.014037,-0.093904,-0.218803,0.144514,-0.23067,0.074589,-0.091735,0.168513,0.086959,0.116253,0.48678,0.251412,0.602912,0.054207,0.262013,-0.481229,0.314884,-0.57911,0.164283,-0.673447,0.147085,0.124982,0.08814
0.789639,-0.554929,0.78335,0.030115,0.007595,0.044572,0.998523,-0.072014,0.033161,0.018381,0.185143,-0.064082,-0.015381,0.002191,-0.097695,-0.214609,0.15023,-0.232161,0.074693,-0.090413,0.17461,0.094056,0.121242,0.487949,0.261223,0.595981,0.053056,0.263999,-0.484111,0.320374,-0.730733,0.200926,-0.537445,-0.063382,0.161162,0.451498
0.786594,-0.556302,0.780769,0.035349,0.01628,0.042563,0.998335,-0.097957,0.023893,0.024724,0.190939,-0.064102,-0.025208,-0.032815,-0.110551,-0.208584,0.171916,-0.2552,0.083943,-0.080123,0.162975,0.085981,0.126727,0.501524,0.267648,0.590305,0.046311,0.264073,-0.487227,0.335685,-0.777893,0.233,-0.266309,-0.133474,0.115857,0.757755
0.789483,-0.555521,0.783329,0.031279,0.01323,0.047977,0.998271,-0.093053,0.029173,0.012738,0.19705,-0.060248,-0.013607,-0.014679,-0.102318,-0.219979,0.161518,-0.236111,0.073104,-0.096371,0.171277,0.096069,0.139445,0.502292,0.277255,0.579914,0.05336,0.268309,-0.486393,0.317004,-0.751672,0.165204,0.034552,-0.097928,0.264104,0.753918
0.789661,-0.554454,0.783288,0.031974,0.012805,0.048631,0.998223,-0.092658,0.025792,0.012374,0.198164,-0.058669,-0.011358,-0.012454,-0.105623,-0.220357,0.160073,-0.236098,0.072504,-0.10858,0.176606,0.103941,0.151868,0.511276,0.281917,0.570782,0.05582,0.270389,-0.486133,0.263692,-0.90042,0.093559,0.122642,-0.319442,0.27992,0.855153
0.789834,-0.55386,0.783171,0.032948,0.013663,0.050023,0.998111,-0.094658,0.021843,0.010813,0.197796,-0.057428,-0.010574,-0.014092,-0.109546,-0.22259,0.161378,-0.238403,0.073178,-0.12832,0.183344,0.113794,0.16792,0.517853,0.293585,0.561528,0.060086,0.269319,-0.48563,0.28144,-0.912549,-0.024945,0.111461,-0.278903,0.251964,0.776358
0.789942,-0.553234,0.783355,0.034591,0.016061,0.050064,0.998018,-0.099821,0.016715,0.011487,0.197345,-0.052677,-0.007898,-0.022834,-0.115733,-0.222136,0.168879,-0.24192,0.073398,-0.13304,0.191687,0.124963,0.171538,0.519635,0.295695,0.544418,0.06838,0.274584,-0.487554,0.352521,-0.797697,-0.148123,-0.015579,-0.065837,0.330574,0.497444
0.789864,-0.552748,0.783872,0.035994,0.017874,0.048829,0.997998,-0.103104,0.013289,0.013778,0.195722,-0.04526,-0.008281,-0.031151,-0.120285,-0.219449,0.17611,-0.242007,0.07036,-0.139048,0.201133,0.135683,0.175527,0.519473,0.304704,0.528033,0.067284,0.277442,-0.485228,0.404064,-0.711505,-0.118395,-0.203863,0.108736,0.274582,0.004313
0.789363,-0.551985,0.784316,0.036985,0.019398,0.046614,0.99804,-0.106423,0.011037,0.017854,0.195161,-0.038747,-0.008329,-0.039844,-0.123824,-0.214716,0.183056,-0.240495,0.066635,-0.139886,0.210889,0.146369,0.173406,0.514176,0.315189,0.506873,0.063617,0.280709,-0.474832,0.444245,-0.724784,-0.032151,-0.374539,0.114203,0.104456,-0.318538
0.78926,-0.551096,0.784651,0.037345,0.020451,0.044707,0.998092,-0.108663,0.010003,0.021734,0.195631,-0.034775,-0.008235,-0.045843,-0.12587,-0.210773,0.188002,-0.238699,0.064642,-0.139706,0.219383,0.156447,0.171918,0.505161,0.326585,0.473416,0.059153,0.284267,-0.465177,0.468456,-0.784131,0.049196,-0.492055,0.038383,0.007431,-0.340521
0.789387,-0.549893,0.784931,0.037126,0.022005,0.043596,0.998117,-0.112157,0.00941,0.024771,0.196482,-0.032684,-0.00766,-0.052467,-0.127329,-0.207845,0.193253,-0.236373,0.063031,-0.135145,0.221888,0.16315,0.170706,0.497269,0.330964,0.422682,0.04891,0.290117,-0.450461,0.491149,-0.833587,0.134605,-0.497745,-0.003968,-0.072153,-0.192503
0.789135,-0.548651,0.785063,0.036116,0.025374,0.042144,0.998136,-0.12166,0.010659,0.027829,0.200493,-0.033887,-0.008162,-0.065362,-0.1273,-0.204393,0.201287,-0.235239,0.060915,-0.135361,0.216443,0.167306,0.177086,0.489429,0.340507,0.347037,0.035448,0.302929,-0.426973,0.483828,-0.862439,0.195209,-0.370959,-0.046992,-0.020715,0.155414
0.789013,-0.547437,0.784983,0.035294,0.027927,0.04037,0.998171,-0.128594,0.01177,0.031073,0.204203,-0.036329,-0.008891,-0.074757,-0.126954,-0.201013,0.206113,-0.23278,0.058223,-0.130032,0.206346,0.173713,0.174674,0.489126,0.346186,0.270456,0.026819,0.301807,-0.421415,0.496266,-0.788811,0.201299,-0.130642,0.015338,0.054384,0.314887
0.789099,-0.545794,0.785297,0.033577,0.030421,0.0384,0.998235,-0.134803,0.014463,0.034517,0.2078,-0.04041,-0.007544,-0.081669,-0.124644,-0.197093,0.206248,-0.227462,0.055933,-0.128084,0.18819,0.176201,0.175557,0.493679,0.355356,0.186356,0.028035,0.307048,-0.419679,0.445249,-0.693779,0.112949,0.15413,0.026885,0.270052,0.41255
0.788866,-0.543874,0.785262,0.032912,0.032361,0.036739,0.998258,-0.140359,0.014158,0.037839,0.21167,-0.044946,-0.00573,-0.086729,-0.125221,-0.194068,0.204963,-0.224445,0.056141,-0.134316,0.180002,0.183954,0.169854,0.492733,0.36148,0.113095,0.020801,0.311977,-0.402883,0.43336,-0.600801,-0.033848,0.262858,0.1393,0.37425,0.252482
0.788011,-0.541126,0.785123,0.032308,0.033339,0.034851,0.998314,-0.144236,0.01254,0.041827,0.215249,-0.049639,-0.00367,-0.091102,-0.127316,-0.190835,0.2051,-0.222385,0.05906,-0.143446,0.189846,0.194033,0.15697,0.488578,0.358799,0.046875,0.01055,0.316755,-0.385824,0.491008,-0.548739,-0.081919,0.098637,0.281692,0.252323,-0.312536
0.787026,-0.537553,0.785189,0.031839,0.034742,0.033212,0.998337,-0.14861,0.009212,0.045227,0.216849,-0.050261,-0.00134,-0.095447,-0.130877,-0.187595,0.202936,-0.217972,0.061492,-0.162188,0.196808,0.200566,0.153688,0.482608,0.363425,-0.02492,0.00243,0.323606,-0.357748,0.525545,-0.614439,-0.080984,-0.109962,0.202389,0.142682,-0.564845
0.786157,-0.534135,0.785635,0.030742,0.03563,0.030588,0.998424,-0.149806,0.008241,0.048992,0.215389,-0.049884,-0.0015,-0.098821,-0.132118,-0.18387,0.200253,-0.211101,0.061102,-0.180188,0.202185,0.210422,0.144962,0.474221,0.369842,-0.091155,-0.006878,0.322115,-0.341651,0.552156,-0.676186,-0.039715,-0.297708,0.138258,0.065489,-0.617412
0.785303,-0.530447,0.785939,0.029723,0.037239,0.026244,0.998519,-0.150922,0.007591,0.056448,0.212206,-0.050972,-0.000521,-0.104834,-0.13309,-0.176623,0.197794,-0.204074,0.06079,-0.188391,0.207398,0.21695,0.125812,0.466411,0.366587,-0.145032,-0.021378,0.318144,-0.326738,0.569241,-0.74095,0.045402,-0.441139,0.10134,-0.033364,-0.585803
0.784542,-0.526425,0.786063,0.028216,0.039937,0.020352,0.998596,-0.153871,0.008554,0.067697,0.209355,-0.054233,0.001782,-0.115271,-0.132691,-0.165807,0.197678,-0.197329,0.060986,-0.191948,0.210183,0.220561,0.103798,0.458229,0.359348,-0.189536,-0.036127,0.316377,-0.306615,0.555183,-0.828156,0.132687,-0.479195,0.033475,-0.131124,-0.343687
0.783329,-0.522548,0.786114,0.026807,0.043652,0.01413,0.998587,-0.159767,0.009764,0.079388,0.206614,-0.057481,0.003115,-0.129028,-0.131887,-0.154221,0.19774,-0.190652,0.06094,-0.18928,0.205147,0.220036,0.0823,0.460885,0.345843,-0.221263,-0.039048,0.317793,-0.300143,0.510893,-0.896903,0.183936,-0.393273,-0.057985,-0.087641,0.106111
0.782705,-0.518622,0.786121,0.024855,0.046384,0.007575,0.998586,-0.161922,0.012021,0.090816,0.203168,-0.063282,0.005077,-0.137929,-0.129517,-0.144202,0.194065,-0.181374,0.061021,-0.178787,0.197953,0.221713,0.062344,0.464613,0.330629,-0.243385,-0.040537,0.314708,-0.307805,0.4947,-0.875779,0.218001,-0.184098,-0.046175,-0.002249,0.248427
0.782423,-0.514499,0.786074,0.022274,0.050049,0.002716,0.998495,-0.168091,0.014804,0.100264,0.203029,-0.070984,0.008134,-0.14731,-0.126184,-0.134036,0.189032,-0.171911,0.061045,-0.172116,0.181683,0.221276,0.045466,0.483354,0.322661,-0.257819,-0.02014,0.317737,-0.329809,0.404711,-0.789637,0.177608,0.140465,-0.053449,0.198334,0.370503
0.782007,-0.510102,0.786013,0.021151,0.052817,-0.000825,0.99838,-0.172459,0.012849,0.107062,0.20103,-0.074262,0.009973,-0.152074,-0.127626,-0.127847,0.179883,-0.162765,0.064079,-0.173585,0.172172,0.225804,0.042561,0.502456,0.326352,-0.268234,-0.001218,0.326539,-0.355629,0.360823,-0.691218,0.03705,0.327158,0.04177,0.339071,0.288
0.781233,-0.505294,0.785907,0.020663,0.054523,-0.002319,0.998296,-0.176178,0.007634,0.11034,0.199608,-0.075727,0.011335,-0.15285,-0.132241,-0.125354,0.168638,-0.154976,0.069513,-0.178874,0.179895,0.234296,0.042334,0.51249,0.32654,-0.266371,0.009441,0.327297,-0.365328,0.398057,-0.61305,-0.034371,0.233045,0.209714,0.238586,-0.216717
0.780403,-0.499723,0.785787,0.020457,0.056226,-0.002516,0.998205,-0.181292,-0.000014,0.111396,0.199314,-0.074524,0.01422,-0.153075,-0.139396,-0.124912,0.157265,-0.146459,0.077092,-0.190208,0.189815,0.241359,0.051965,0.516611,0.331625,-0.261847,0.013492,0.327535,-0.36621,0.43184,-0.683455,-0.005922,0.039959,0.127825,0.124064,-0.488469
0.779454,-0.494573,0.78593,0.019465,0.057219,-0.003716,0.998165,-0.183537,-0.004585,0.113572,0.197002,-0.073164,0.014923,-0.155028,-0.143786,-0.123456,0.151367,-0.137105,0.078913,-0.199093,0.195654,0.251512,0.063468,0.513199,0.338423,-0.256704,0.008915,0.330785,-0.360123,0.437277,-0.748157,0.049758,-0.128063,0.049182,0.052863,-0.54148
0.778358,-0.489349,0.78603,0.018361,0.058815,-0.00549,0.998085,-0.187014,-0.008852,0.117238,0.194174,-0.071826,0.017276,-0.160568,-0.147841,-0.11996,0.148247,-0.127415,0.08068,-0.199428,0.205783,0.262276,0.065248,0.496716,0.337115,-0.246845,-0.002328,0.331759,-0.353176,0.433852,-0.776223,0.145822,-0.259538,0.048837,-0.024064,-0.527939
0.777182,-0.483904,0.785993,0.01741,0.061704,-0.007993,0.997911,-0.193411,-0.01318,0.123587,0.191404,-0.07062,0.022263,-0.171961,-0.152228,-0.113902,0.149739,-0.118929,0.083898,-0.190098,0.214882,0.268286,0.063662,0.481305,0.32556,-0.241825,-0.00778,0.332802,-0.342252,0.407437,-0.810129,0.267766,-0.316627,0.054588,-0.112565,-0.322275
0.774601,-0.477948,0.785622,0.016571,0.067044,-0.011525,0.997546,-0.209909,-0.017147,0.131781,0.19398,-0.070444,0.027339,-0.194083,-0.157017,-0.105255,0.155877,-0.112351,0.088101,-0.17772,0.215506,0.26933,0.060082,0.476476,0.311549,-0.242204,-0.007479,0.332704,-0.336319,0.313778,-0.870246,0.353825,-0.263211,-0.03112,-0.084013,0.235278
0.772457,-0.472456,0.78522,0.015526,0.0695,-0.013194,0.997374,-0.219784,-0.021253,0.136281,0.196612,-0.070124,0.029527,-0.205945,-0.161824,-0.101974,0.1585,-0.103691,0.088994,-0.161954,0.211594,0.275589,0.053776,0.479929,0.292731,-0.247554,-0.006007,0.327677,-0.350816,0.280525,-0.839972,0.388909,-0.086541,0.018369,-0.029075,0.371474
0.770831,-0.466289,0.785406,0.012546,0.071632,-0.016454,0.997217,-0.229366,-0.020593,0.142525,0.202629,-0.071444,0.034677,-0.216832,-0.161456,-0.094657,0.159817,-0.089798,0.088349,-0.15049,0.20538,0.276885,0.049107,0.493449,0.280445,-0.247921,0.007907,0.321191,-0.377488,0.11758,-0.898321,0.432897,0.135918,-0.146125,0.133416,0.481607
0.768095,-0.460043,0.785102,0.010414,0.073421,-0.020869,0.997028,-0.239923,-0.020818,0.151353,0.209611,-0.073654,0.03951,-0.230695,-0.162319,-0.084718,0.163726,-0.078097,0.087007,-0.135763,0.200116,0.279618,0.048173,0.511411,0.273949,-0.248739,0.016881,0.318392,-0.391184,-0.06835,-0.969463,0.50933,0.407476,-0.318777,0.203167,0.636778
0.765732,-0.453883,0.784363,0.008739,0.075725,-0.024351,0.996793,-0.25165,-0.022724,0.158467,0.21726,-0.078899,0.042839,-0.246331,-0.164912,-0.076544,0.171384,-0.072025,0.085739,-0.138721,0.192943,0.288676,0.055898,0.521056,0.295519,-0.244389,0.021841,0.320501,-0.396785,-0.164737,-0.936477,0.454163,0.645914,-0.232715,0.181404,0.520502
0.763357,-0.447768,0.783567,0.007361,0.076711,-0.027461,0.996648,-0.258928,-0.025819,0.164658,0.221501,-0.082646,0.044217,-0.258268,-0.168392,-0.069638,0.177926,-0.065962,0.085469,-0.142239,0.186419,0.296731,0.069919,0.529893,0.320226,-0.243044,0.022996,0.323527,-0.391196,-0.198795,-0.903754,0.303588,0.713214,-0.10429,0.177317,0.39345
0.760803,-0.441851,0.782897,0.005497,0.077343,-0.03019,0.996532,-0.265162,-0.027714,0.169458,0.224426,-0.085447,0.044396,-0.268321,-0.170531,-0.063959,0.182293,-0.057756,0.086134,-0.14126,0.180213,0.304062,0.080088,0.542706,0.337863,-0.245222,0.021196,0.327373,-0.377849,-0.231725,-0.914466,0.199988,0.671787,-0.056292,0.158174,0.317781
0.758743,-0.436304,0.782388,0.003429,0.07823,-0.033097,0.99638,-0.269293,-0.028931,0.174523,0.223688,-0.088109,0.044991,-0.277547,-0.171337,-0.057892,0.18472,-0.047952,0.087147,-0.143199,0.174535,0.312828,0.095159,0.546789,0.355602,-0.246353,0.012864,0.332446,-0.35955,-0.267433,-0.946783,0.137918,0.583116,-0.049973,0.124924,0.215799
0.75648,-0.430953,0.781777,0.001336,0.079743,-0.035994,0.996164,-0.273797,-0.030211,0.179372,0.22014,-0.090483,0.046734,-0.288319,-0.171471,-0.051395,0.186801,-0.038524,0.088287,-0.143167,0.170965,0.31879,0.104835,0.544962,0.363666,-0.24003,0.00311,0.338006,-0.345475,-0.307141,-0.974216,0.094094,0.500688,-0.042935,0.108141,0.102334
0.754246,-0.426097,0.78115,-0.000793,0.081483,-0.038976,0.995912,-0.279122,-0.030519,0.184405,0.217225,-0.09271,0.048541,-0.298815,-0.1705,-0.044825,0.187555,-0.029536,0.088896,-0.139412,0.168437,0.323216,0.107878,0.543092,0.362149,-0.230866,-0.00036,0.340978,-0.33753,-0.350663,-0.984793,0.053765,0.438588,-0.016816,0.114013,0.018318
0.751822,-0.421623,0.780519,-0.002939,0.083162,-0.040889,0.995693,-0.285713,-0.030614,0.187967,0.216075,-0.094634,0.049873,-0.307967,-0.169638,-0.039587,0.187012,-0.021126,0.090283,-0.134647,0.165655,0.328481,0.104276,0.540868,0.35601,-0.226044,0.002379,0.342528,-0.333866,-0.390757,-0.974836,0.014778,0.393938,0.016755,0.116594,-0.042901
0.749445,-0.417735,0.779936,-0.005052,0.084627,-0.041657,0.995529,-0.293331,-0.030449,0.189539,0.217567,-0.096465,0.05127,-0.314604,-0.168948,-0.036904,0.184451,-0.013301,0.091816,-0.129062,0.162001,0.335044,0.095521,0.538093,0.346363,-0.22581,0.004869,0.341409,-0.335546,-0.421502,-0.952563,-0.017665,0.357025,0.053832,0.111968,-0.086327
0.747113,-0.414595,0.779522,-0.006847,0.085909,-0.041686,0.995407,-0.301931,-0.030125,0.189861,0.221445,-0.09612,0.052369,-0.319571,-0.168516,-0.035643,0.180779,-0.006032,0.093069,-0.122577,0.157037,0.342281,0.083473,0.533827,0.334375,-0.226992,0.00439,0.338345,-0.339465,-0.442599,-0.929728,-0.038853,0.32387,0.080212,0.107798,-0.122067
0.744986,-0.412122,0.779192,-0.008613,0.087015,-0.041055,0.995323,-0.310333,-0.029401,0.188581,0.226308,-0.096459,0.053317,-0.323084,-0.16786,-0.036148,0.176824,0.000285,0.094073,-0.11618,0.152341,0.350145,0.072069,0.531161,0.321734,-0.226812,0.004854,0.334972,-0.345968,-0.455882,-0.911161,-0.048773,0.289846,0.094146,0.102105,-0.158606
0.742832,-0.410109,0.778788,-0.010419,0.087935,-0.040826,0.995235,-0.318162,-0.027784,0.18741,0.231358,-0.099036,0.054302,-0.327165,-0.166276,-0.03655,0.174507,0.005536,0.094519,-0.109761,0.1482,0.357654,0.064195,0.529936,0.311551,-0.224158,0.00747,0.333258,-0.353519,-0.465378,-0.889987,-0.048367,0.258219,0.108406,0.093138,-0.194452
0.740986,-0.408586,0.778372,-0.011911,0.088892,-0.041211,0.995117,-0.325403,-0.025788,0.18729,0.236409,-0.101713,0.055177,-0.332516,-0.164373,-0.036141,0.174633,0.009956,0.094305,-0.103485,0.142766,0.364633,0.060406,0.529832,0.304302,-0.21962,0.008774,0.333,-0.359822,-0.473853,-0.869355,-0.038087,0.232469,0.117352,0.08073,-0.217158
0.739247,-0.40736,0.778002,-0.013104,0.089957,-0.041971,0.994975,-0.33183,-0.023919,0.188079,0.239798,-0.103848,0.0568,-0.33905,-0.162427,-0.034838,0.176131,0.014853,0.094136,-0.097177,0.135535,0.371409,0.058799,0.530271,0.299449,-0.21391,0.007642,0.334059,-0.363321,-0.482957,-0.850959,-0.021738,0.211545,0.119786,0.074383,-0.226092
0.737605,-0.406591,0.777762,-0.014097,0.091089,-0.043041,0.994812,-0.337689,-0.02156,0.189495,0.242123,-0.104873,0.057499,-0.346319,-0.159991,-0.032609,0.17862,0.019919,0.093913,-0.090797,0.128305,0.378232,0.058495,0.531526,0.295681,-0.208123,0.006224,0.335423,-0.363044,-0.495185,-0.832533,-0.002466,0.195222,0.121296,0.070352,-0.224679
0.73586,-0.405965,0.777619,-0.014972,0.092397,-0.044035,0.994635,-0.344263,-0.019034,0.191003,0.244597,-0.104587,0.057972,-0.354599,-0.157695,-0.030177,0.181991,0.025562,0.094286,-0.084521,0.121725,0.385651,0.057872,0.53289,0.291423,-0.204278,0.00668,0.338973,-0.359538,-0.512807,-0.813306,0.016529,0.185544,0.124403,0.066671,-0.21581
0.734145,-0.405629,0.777406,-0.015838,0.093917,-0.045105,0.994432,-0.351588,-0.015828,0.192934,0.247847,-0.104651,0.058652,-0.363827,-0.155037,-0.027917,0.186434,0.030325,0.095414,-0.078249,0.116184,0.392824,0.055945,0.533161,0.284684,-0.200611,0.006861,0.344651,-0.355906,-0.537721,-0.796362,0.035157,0.179814,0.123231,0.064374,-0.204038
0.732267,-0.405435,0.777205,-0.016564,0.095699,-0.04567,0.994224,-0.360583,-0.012793,0.194459,0.252403,-0.103742,0.061515,-0.374126,-0.152893,-0.026711,0.191626,0.036783,0.096237,-0.073228,0.112399,0.400227,0.051908,0.532776,0.27402,-0.19696,0.007399,0.349814,-0.354939,-0.568314,-0.783516,0.052299,0.176915,0.117105,0.058049,-0.193501
0.730514,-0.405437,0.776911,-0.017068,0.097658,-0.046622,0.993981,-0.369842,-0.009885,0.196167,0.257242,-0.104099,0.066013,-0.384664,-0.150786,-0.025665,0.195903,0.043565,0.097693,-0.068428,0.109465,0.407365,0.045993,0.533378,0.260891,-0.193897,0.010919,0.353302,-0.360251,-0.602112,-0.768401,0.066712,0.174233,0.115282,0.053894,-0.186149
0.728749,-0.405536,0.776549,-0.017268,0.099782,-0.047557,0.993722,-0.379163,-0.007921,0.197314,0.261263,-0.104754,0.070336,-0.395065,-0.149302,-0.024435,0.199624,0.048319,0.0989,-0.063379,0.108018,0.414112,0.037777,0.534042,0.245764,-0.191626,0.016257,0.354922,-0.368942,-0.635232,-0.753732,0.076808,0.16804,0.115834,0.049283,-0.182483
0.727083,-0.405611,0.776122,-0.01715,0.102204,-0.048575,0.993429,-0.387689,-0.007004,0.198065,0.262687,-0.105328,0.073332,-0.405126,-0.148448,-0.022721,0.201896,0.051711,0.099978,-0.057958,0.107514,0.42065,0.028973,0.534538,0.230571,-0.190081,0.025322,0.354492,-0.383522,-0.667697,-0.739095,0.082311,0.157545,0.117883,0.043186,-0.182237
0.725477,-0.405582,0.775642,-0.016505,0.105052,-0.049333,0.993105,-0.395702,-0.007763,0.199003,0.261062,-0.104845,0.07381,-0.415128,-0.149062,-0.021285,0.202556,0.054776,0.101559,-0.052678,0.107136,0.426932,0.020261,0.533223,0.215906,-0.188617,0.031827,0.354558,-0.400174,-0.697263,-0.724165,0.085842,0.145368,0.123062,0.032643,-0.185385
0.72391,-0.405379,0.775217,-0.015707,0.108185,-0.049595,0.992769,-0.40378,-0.009544,0.199452,0.257976,-0.102688,0.074158,-0.424947,-0.150721,-0.020815,0.202064,0.058597,0.103838,-0.048355,0.107361,0.433247,0.012367,0.529439,0.201336,-0.186165,0.032487,0.355199,-0.411016,-0.726534,-0.70988,0.088811,0.133079,0.130991,0.024192,-0.190653
0.722187,-0.405008,0.774791,-0.015036,0.111264,-0.050065,0.992415,-0.412653,-0.011001,0.200011,0.256056,-0.10039,0.075325,-0.435196,-0.152118,-0.020328,0.20185,0.062883,0.106354,-0.044187,0.108469,0.440023,0.005669,0.526117,0.185854,-0.182798,0.03274,0.356934,-0.419634,-0.758652,-0.69723,0.091936,0.120124,0.141546,0.019528,-0.193636
0.720458,-0.404471,0.774262,-0.014527,0.114206,-0.051153,0.992033,-0.42181,-0.011475,0.201453,0.255851,-0.099542,0.075641,-0.44654,-0.152711,-0.018782,0.20366,0.066826,0.109135,-0.03828,0.109325,0.446716,-0.001448,0.523105,0.171075,-0.179128,0.03351,0.357293,-0.427773,-0.790134,-0.685092,0.095432,0.106754,0.149655,0.013305,-0.198222
0.718829,-0.403613,0.773711,-0.014164,0.116887,-0.053364,0.991609,-0.430784,-0.010848,0.204567,0.257338,-0.099839,0.076213,-0.459729,-0.152478,-0.014646,0.208507,0.07292,0.115008,-0.03,0.108379,0.453244,-0.007877,0.521627,0.157998,-0.174168,0.034925,0.356575,-0.434522,-0.823858,-0.676003,0.097802,0.095146,0.148832,0.004242,-0.204141
0.717098,-0.402682,0.773247,-0.014059,0.118986,-0.056767,0.991172,-0.438874,-0.008595,0.209515,0.260047,-0.10073,0.076962,-0.47498,-0.150631,-0.008178,0.217108,0.0833,0.124341,-0.020175,0.105311,0.46029,-0.012709,0.520128,0.148469,-0.166603,0.0351,0.356552,-0.43873,-0.85651,-0.66579,0.09881,0.08569,0.145978,-0.000886,-0.214642
0.715637,-0.401599,0.772915,-0.014198,0.120559,-0.060279,0.990773,-0.445059,-0.005761,0.214968,0.262301,-0.101083,0.07649,-0.491254,-0.148353,0.000055,0.229136,0.097498,0.137738,-0.010714,0.101221,0.466501,-0.015626,0.518499,0.139873,-0.1569,0.034302,0.358529,-0.439996,-0.886072,-0.653877,0.096885,0.07541,0.140738,-0.0032,-0.24208
0.714203,-0.400232,0.772849,-0.014979,0.121636,-0.062637,0.990483,-0.44974,-0.003007,0.218862,0.263306,-0.099726,0.075964,-0.508735,-0.14667,0.006509,0.246322,0.115544,0.155989,-0.003291,0.098366,0.471663,-0.018703,0.51726,0.130767,-0.147767,0.035072,0.360523,-0.440933,-0.912425,-0.64492,0.091847,0.064586,0.134916,0.002618,-0.278632
0.712788,-0.398588,0.772991,-0.016139,0.12208,-0.064611,0.990284,-0.452412,-0.000401,0.222299,0.262919,-0.096876,0.077051,-0.529435,-0.146189,0.008316,0.270751,0.142162,0.185045,0.003496,0.096592,0.476225,-0.022105,0.516552,0.121498,-0.141391,0.035718,0.361797,-0.442082,-0.935452,-0.642186,0.083042,0.054264,0.127513,0.003025,-0.310941
0.711605,-0.396666,0.773399,-0.0176,0.121727,-0.066361,0.990186,-0.452446,0.002007,0.2257,0.261498,-0.093874,0.079838,-0.555249,-0.148774,0.001562,0.303258,0.182819,0.231198,0.009936,0.096013,0.481902,-0.026671,0.516313,0.112606,-0.136925,0.035708,0.361498,-0.444724,-0.954418,-0.655735,0.073721,0.044837,0.104758,-0.001192,-0.352533
0.708891,-0.39871,0.774626,-0.022252,0.121248,-0.073313,0.989661,-0.452873,0.022188,0.231666,0.262541,-0.090648,0.0779,-0.589905,-0.139555,-0.050818,0.342878,0.241337,0.261796,0.02641,0.097036,0.489116,-0.03087,0.518687,0.10852,-0.134347,0.035108,0.360677,-0.445637,-0.967587,-0.67744,0.064594,0.033767,0.07452,-0.00755,-0.414398
0.703227,-0.40575,0.776087,-0.025353,0.123605,-0.090415,0.987879,-0.46223,0.057966,0.251801,0.267894,-0.089266,0.067702,-0.648114,-0.138755,-0.191186,0.39624,0.310584,0.2618,0.063801,0.091885,0.493618,-0.039344,0.522904,0.106988,-0.131293,0.032376,0.358789,-0.444011,-0.974978,-0.706551,0.056523,0.023016,0.045775,-0.022038,-0.50523
0.694564,-0.408718,0.775593,-0.014192,0.124801,-0.115312,0.985356,-0.475743,0.068646,0.297034,0.276465,-0.085801,0.063774,-0.723295,-0.21135,-0.399086,0.472611,0.385248,0.2618,0.111467,0.069496,0.501544,-0.054352,0.522198,0.104734,-0.125275,0.030069,0.35661,-0.442927,-0.974474,-0.748041,0.046473,0.017318,0.001917,-0.051885,-0.627361
0.689221,-0.403544,0.773797,0.000815,0.123608,-0.143191,0.981945,-0.478589,0.063159,0.351736,0.279558,-0.082884,0.068648,-0.770539,-0.31466,-0.575078,0.554616,0.383583,0.2618,0.156599,0.045693,0.5082,-0.05834,0.520882,0.107483,-0.1198,0.028522,0.357477,-0.439454,-0.967383,-0.779373,0.035183,0.023071,-0.02582,-0.075679,-0.730645
0.688742,-0.396634,0.773562,0.01084,0.125205,-0.163235,0.97855,-0.479317,0.056555,0.391832,0.273873,-0.078717,0.075816,-0.821809,-0.39152,-0.652878,0.660788,0.313055,0.2618,0.195919,0.026816,0.509524,-0.059186,0.52134,0.110227,-0.113763,0.026432,0.357674,-0.433745,-0.955205,-0.798402,0.021087,0.042034,-0.058225,-0.089414,-0.81288
0.689169,-0.391433,0.773972,0.017029,0.127743,-0.177282,0.975686,-0.480868,0.053202,0.419765,0.266949,-0.07823,0.083193,-0.89195,-0.445296,-0.677195,0.788165,0.229261,0.2618,0.230321,0.010692,0.509341,-0.054641,0.523197,0.114253,-0.110367,0.021441,0.35989,-0.420821,-0.943102,-0.805351,0.015594,0.077834,-0.087018,-0.097578,-0.894711
0.688006,-0.389327,0.774793,0.022409,0.129607,-0.187693,0.973381,-0.483439,0.051955,0.439825,0.261015,-0.072916,0.087406,-0.970053,-0.483338,-0.689762,0.911081,0.163372,0.2618,0.259742,-0.003329,0.509577,-0.047883,0.524783,0.119685,-0.108017,0.017902,0.364455,-0.414249,-0.934229,-0.804818,0.023901,0.136283,-0.118667,-0.116706,-0.957331
0.685488,-0.389136,0.775204,0.027314,0.130925,-0.191803,0.972278,-0.487642,0.047676,0.450945,0.255192,-0.06633,0.090923,-1.055561,-0.510943,-0.68822,1.024276,0.128319,0.2618,0.280514,-0.017026,0.509622,-0.040679,0.528222,0.124652,-0.10644,0.01781,0.364778,-0.415214,-0.92837,-0.795089,0.058285,0.223591,-0.156383,-0.115073,-1.022322
0.683356,-0.388753,0.775034,0.032506,0.132173,-0.190745,0.972157,-0.492403,0.0365,0.455821,0.248102,-0.06086,0.097165,-1.13891,-0.538246,-0.680439,1.122511,0.111262,0.2618,0.292493,-0.030649,0.509421,-0.033981,0.532361,0.129487,-0.104861,0.019989,0.366629,-0.419124,-0.934893,-0.777869,0.110067,0.349822,-0.185811,-0.126177,-1.07786
0.682286,-0.387265,0.774552,0.039704,0.13343,-0.187564,0.972337,-0.497655,0.017401,0.459654,0.240487,-0.055118,0.105222,-1.216516,-0.57739,-0.675887,1.211692,0.092088,0.2618,0.301427,-0.045599,0.509027,-0.030056,0.534942,0.130666,-0.102107,0.021201,0.366656,-0.423025,-0.951913,-0.74308,0.193178,0.517411,-0.205311,-0.107507,-1.112175
0.682889,-0.38439,0.773945,0.049345,0.134878,-0.181303,0.972883,-0.502994,-0.012075,0.461279,0.230644,-0.048138,0.115734,-1.293453,-0.633559,-0.665072,1.299186,0.068026,0.2618,0.30251,-0.061318,0.508107,-0.027633,0.53375,0.131922,-0.098214,0.023196,0.366647,-0.425151,-0.989302,-0.680164,0.312137,0.743575,-0.220887,-0.071664,-1.137245
0.683715,-0.381908,0.773461,0.057587,0.135732,-0.174381,0.973577,-0.50718,-0.03898,0.460255,0.223368,-0.043547,0.122938,-1.36353,-0.685253,-0.653543,1.37555,0.049703,0.2618,0.306191,-0.070237,0.507244,-0.02543,0.53065,0.129412,-0.095292,0.024577,0.36629,-0.425508,-1.025654,-0.577747,0.449785,1.021765,-0.23747,0.001375,-1.124522
0.683973,-0.380597,0.772805,0.06319,0.135882,-0.165411,0.974773,-0.510721,-0.060922,0.453853,0.219657,-0.039237,0.1266,-1.42859,-0.723899,-0.638463,1.437392,0.043449,0.2618,0.312297,-0.069122,0.506857,-0.024961,0.525487,0.120891,-0.091708,0.022422,0.366446,-0.423615,-1.049184,-0.446313,0.600741,1.316632,-0.244253,0.150509,-0.953829
0.684494,-0.379683,0.771997,0.066005,0.137347,-0.154438,0.97618,-0.517217,-0.078575,0.442083,0.218823,-0.036403,0.130957,-1.488457,-0.750757,-0.620805,1.485319,0.037216,0.2618,0.321417,-0.0625,0.507009,-0.029626,0.522808,0.107024,-0.087076,0.021024,0.367954,-0.422332,-1.036922,-0.327737,0.811663,1.523072,-0.326768,0.336081,-0.409276
0.684568,-0.379396,0.771392,0.066105,0.138744,-0.144706,0.977466,-0.52339,-0.088796,0.429117,0.21999,-0.033342,0.135807,-1.533846,-0.763296,-0.608222,1.51725,0.029924,0.2618,0.32982,-0.056042,0.508354,-0.035625,0.525208,0.094631,-0.078996,0.021217,0.372921,-0.422115,-0.985601,-0.259039,1.111741,1.524531,-0.560509,0.317878,0.298919
0.679948,-0.383488,0.77014,0.061457,0.135263,-0.142454,0.978588,-0.522065,-0.076279,0.420896,0.227535,-0.032153,0.134018,-1.542168,-0.732427,-0.628192,1.526189,0.003985,0.2618,0.337105,-0.056578,0.511905,-0.023,0.53984,0.100542,-0.07284,0.023707,0.377791,-0.42472,-0.995319,-0.238934,1.330677,1.349023,-0.642253,0.235102,0.44262
0.680711,-0.383808,0.771759,0.048423,0.131758,-0.139081,0.980281,-0.510249,-0.056328,0.406041,0.231666,-0.038915,0.137273,-1.543066,-0.706656,-0.620433,1.550937,-0.000219,0.2618,0.302158,-0.035846,0.51113,0.027551,0.51192,0.141259,-0.079182,0.017283,0.37012,-0.420985,-0.941445,-0.245597,1.114057,1.154321,-0.286279,0.070399,0.605991
0.688089,-0.378731,0.775171,0.04327,0.131288,-0.139671,0.980501,-0.496971,-0.056448,0.403165,0.226411,-0.044305,0.146685,-1.532192,-0.72654,-0.6038,1.574058,0.02468,0.2618,0.287208,-0.035204,0.509671,0.057065,0.502242,0.150012,-0.06899,0.013585,0.373968,-0.423456,-0.794718,-0.13423,0.826073,1.088753,0.026085,0.138102,0.84445
0.69472,-0.373145,0.777355,0.048762,0.134256,-0.143765,0.979249,-0.495395,-0.072608,0.414192,0.219234,-0.043875,0.152867,-1.520464,-0.765666,-0.590796,1.587608,0.031948,0.2618,0.279219,-0.050089,0.509109,0.063198,0.511382,0.14999,-0.055371,0.014279,0.373052,-0.439742,-0.770739,-0.089804,0.806945,0.916188,0.02615,0.154213,0.910428
0.698813,-0.368762,0.778847,0.053679,0.136168,-0.145481,0.978474,-0.494525,-0.086979,0.418433,0.210523,-0.040557,0.154926,-1.515082,-0.793604,-0.568368,1.598033,0.015631,0.258438,0.273522,-0.065764,0.508681,0.071224,0.528354,0.154882,-0.054888,0.023452,0.367049,-0.455264,-0.804852,-0.129066,0.85257,0.683588,-0.077534,0.101789,0.87068
0.699418,-0.366469,0.778418,0.055054,0.138165,-0.148446,0.977672,-0.496327,-0.090788,0.425539,0.204638,-0.04205,0.156571,-1.514386,-0.790461,-0.556456,1.610987,-0.021034,0.243687,0.275862,-0.067183,0.507615,0.073329,0.524542,0.161789,-0.059189,0.028776,0.363948,-0.466149,-0.793333,-0.140672,0.817776,0.589402,-0.025604,0.086407,0.836467
0.698934,-0.366299,0.778199,0.050275,0.136626,-0.145826,0.97854,-0.490369,-0.085589,0.420166,0.20188,-0.039799,0.140911,-1.516902,-0.772825,-0.546192,1.598796,-0.012745,0.241283,0.273587,-0.058801,0.506649,0.071511,0.515598,0.168306,-0.057146,0.024869,0.366151,-0.469098,-0.721229,-0.109893,0.737336,0.602191,0.118864,0.120894,0.811396
0.697691,-0.366231,0.778102,0.047553,0.136373,-0.143544,0.979049,-0.489651,-0.081748,0.415563,0.200243,-0.028847,0.111438,-1.518907,-0.756509,-0.541801,1.592016,-0.007427,0.256202,0.268266,-0.054287,0.505677,0.06579,0.510751,0.173947,-0.056298,0.020401,0.367318,-0.463072,-0.676351,-0.079562,0.645072,0.674846,0.244293,0.17808,0.83494
0.696232,-0.366055,0.778104,0.045985,0.136376,-0.13893,0.979788,-0.491965,-0.081579,0.406701,0.199517,-0.015577,0.086741,-1.520938,-0.752966,-0.540777,1.587224,0.000932,0.2618,0.263272,-0.053444,0.505247,0.056648,0.519948,0.173086,-0.059025,0.022602,0.366724,-0.457932,-0.689843,-0.08932,0.53579,0.775292,0.349787,0.189632,0.841008
0.696231,-0.364397,0.778425,0.044818,0.136375,-0.134935,0.980401,-0.493079,-0.084795,0.401229,0.199038,-0.010291,0.082027,-1.520362,-0.760561,-0.538543,1.588779,0.00055,0.2618,0.26192,-0.052817,0.504866,0.047578,0.529143,0.168806,-0.062729,0.024154,0.369263,-0.454872,-0.744751,-0.157685,0.451384,0.928037,0.364984,0.226456,0.842393
0.696206,-0.362549,0.778702,0.044091,0.135827,-0.133381,0.980722,-0.493423,-0.086779,0.399384,0.199678,-0.007034,0.086672,-1.519597,-0.769476,-0.537257,1.593436,-0.001836,0.25427,0.27117,-0.04952,0.505303,0.038439,0.534672,0.154578,-0.06314,0.023439,0.371504,-0.451865,-0.842988,-0.279925,0.396392,1.158013,0.248256,0.166905,0.705446
0.696084,-0.361345,0.779086,0.04193,0.135527,-0.132594,0.980965,-0.493235,-0.084299,0.398095,0.200495,-0.005542,0.094836,-1.519618,-0.771218,-0.53739,1.597018,-0.001535,0.24815,0.292441,-0.036691,0.506443,0.02516,0.538885,0.125936,-0.058401,0.021708,0.373523,-0.452545,-0.943318,-0.406831,0.402291,1.447384,0.166684,0.196442,0.490012
0.695122,-0.361088,0.779272,0.039263,0.135745,-0.131525,0.981189,-0.495704,-0.079133,0.396766,0.203245,-0.003661,0.10874,-1.519823,-0.769291,-0.544927,1.59812,0.004122,0.253338,0.30453,-0.024005,0.507553,0.01609,0.540235,0.105181,-0.049569,0.024555,0.374264,-0.459253,-1.03163,-0.511505,0.410369,1.661986,0.1691,0.207712,0.07849
0.694392,-0.361039,0.779311,0.035168,0.135079,-0.127716,0.98194,-0.495329,-0.075293,0.389829,0.204872,-0.005854,0.12471,-1.520227,-0.765246,-0.547279,1.599695,0.009505,0.257072,0.292528,-0.01974,0.50746,0.026208,0.541466,0.113053,-0.04823,0.034081,0.370889,-0.470743,-1.078515,-0.585802,0.369507,1.7,0.157745,0.164011,-0.407896
0.692931,-0.361051,0.779189,0.032931,0.135254,-0.126316,0.982174,-0.496691,-0.072623,0.387264,0.203607,-0.004397,0.13245,-1.519862,-0.757923,-0.554456,1.608963,-0.010551,0.252208,0.280129,-0.025942,0.506648,0.053133,0.548392,0.13684,-0.054867,0.04075,0.366065,-0.479835,-1.128114,-0.627633,0.381161,1.7,0.060446,0.084208,-0.773187
0.691837,-0.360331,0.778917,0.033056,0.135735,-0.128713,0.981792,-0.498933,-0.071256,0.391652,0.203889,-0.00581,0.134855,-1.519313,-0.749664,-0.566394,1.601636,-0.019282,0.254036,0.26762,-0.043393,0.506099,0.083858,0.5548,0.168161,-0.051616,0.040424,0.3682,-0.474847,-1.149943,-0.679963,0.419972,1.608148,0.011929,0.000595,-0.874847
0.691591,-0.360255,0.779233,0.032737,0.135219,-0.131013,0.98157,-0.49912,-0.06775,0.393575,0.206945,-0.006036,0.135659,-1.518608,-0.744243,-0.574241,1.587288,0.000432,0.255754,0.252016,-0.05739,0.505862,0.11474,0.552166,0.197956,-0.038414,0.03698,0.378398,-0.464261,-1.166523,-0.727021,0.467349,1.489548,-0.046673,-0.048036,-0.982586
0.691669,-0.359485,0.779575,0.033902,0.134783,-0.135367,0.980999,-0.498813,-0.066464,0.400418,0.208367,-0.006011,0.138572,-1.517248,-0.737564,-0.577182,1.580874,0.009759,0.256078,0.237851,-0.068042,0.50517,0.135017,0.542768,0.220402,-0.026525,0.033938,0.39004,-0.451995,-1.18279,-0.761193,0.49464,1.36826,-0.091414,-0.070098,-1.095604
0.692356,-0.358284,0.779551,0.035413,0.133995,-0.139699,0.980446,-0.496323,-0.067299,0.408088,0.208234,-0.008572,0.140397,-1.516425,-0.736539,-0.579331,1.578553,0.008278,0.25414,0.226628,-0.073552,0.504965,0.144329,0.532359,0.234416,-0.027566,0.034361,0.392159,-0.442468,-1.18954,-0.780974,0.490991,1.25439,-0.122148,-0.085028,-1.163206
0.692893,-0.357183,0.779443,0.036147,0.133204,-0.142477,0.980128,-0.49355,-0.068009,0.412467,0.207263,-0.009816,0.137682,-1.516225,-0.741381,-0.583781,1.578923,0.001645,0.251499,0.220074,-0.073345,0.505513,0.143635,0.520662,0.239595,-0.036649,0.036242,0.386215,-0.442099,-1.176268,-0.782384,0.465311,1.163172,-0.139106,-0.085936,-1.200158
0.692914,-0.356472,0.779429,0.035852,0.132714,-0.143647,0.980034,-0.491343,-0.068046,0.412285,0.204735,-0.007681,0.12835,-1.51671,-0.747489,-0.590174,1.578032,-0.003811,0.250651,0.220778,-0.068808,0.506622,0.13416,0.509677,0.236466,-0.046944,0.035422,0.380914,-0.446416,-1.143385,-0.764503,0.440265,1.1054,-0.152975,-0.064265,-1.237785
0.692464,-0.356066,0.779644,0.034612,0.132705,-0.143577,0.98009,-0.490379,-0.066784,0.409408,0.201637,-0.003433,0.116895,-1.517627,-0.751988,-0.596833,1.574159,-0.007698,0.25088,0.227867,-0.060615,0.507876,0.119119,0.500911,0.225975,-0.056709,0.032344,0.375697,-0.450096,-1.098165,-0.721387,0.425858,1.096309,-0.166369,-0.028451,-1.261602
0.692156,-0.355868,0.780151,0.033015,0.132257,-0.143173,0.980265,-0.488201,-0.064798,0.406907,0.198817,0.000841,0.106961,-1.518404,-0.755724,-0.600097,1.569386,-0.011193,0.245967,0.244776,-0.051583,0.508382,0.101753,0.504305,0.205898,-0.063806,0.034143,0.367611,-0.4546,-1.047499,-0.64455,0.458559,1.163246,-0.165061,0.024176,-1.243478
0.691821,-0.356117,0.78083,0.031697,0.13077,-0.143583,0.980448,-0.48379,-0.061521,0.405265,0.196472,0.002799,0.106485,-1.519654,-0.757309,-0.597055,1.56579,-0.009965,0.243356,0.262803,-0.040383,0.508854,0.089854,0.50802,0.181783,-0.063833,0.034931,0.364981,-0.451179,-1.022772,-0.50973,0.517612,1.332651,-0.169223,0.084173,-1.087901
0.691999,-0.356472,0.781239,0.031123,0.130875,-0.144654,0.980295,-0.481876,-0.058916,0.406456,0.193952,0.001779,0.110882,-1.520456,-0.760328,-0.597946,1.562745,-0.010608,0.239312,0.279247,-0.027952,0.510308,0.080988,0.511364,0.159672,-0.054982,0.033663,0.364131,-0.447323,-1.004733,-0.378584,0.563825,1.474921,-0.150495,0.128975,-0.61668
0.69153,-0.357483,0.781064,0.031089,0.132537,-0.14657,0.979788,-0.484674,-0.05502,0.409216,0.192805,-0.00023,0.116933,-1.522107,-0.75378,-0.601008,1.555297,-0.017152,0.242642,0.296959,-0.024897,0.511959,0.066039,0.523753,0.139966,-0.033275,0.033979,0.36799,-0.447167,-0.977019,-0.31361,0.713426,1.452534,-0.293094,0.127619,0.136941
0.689198,-0.359932,0.780564,0.028709,0.13463,-0.147816,0.979388,-0.49066,-0.045109,0.40964,0.194064,0.00083,0.117268,-1.526191,-0.721387,-0.59556,1.542383,-0.034397,0.255712,0.301609,-0.032482,0.513505,0.062392,0.546131,0.141531,-0.012987,0.033859,0.369204,-0.449354,-0.975516,-0.279122,0.950927,1.253136,-0.448131,0.018066,0.227504
0.690246,-0.36008,0.78169,0.024311,0.13452,-0.146311,0.979748,-0.48788,-0.03753,0.403961,0.195348,-0.001032,0.110606,-1.52504,-0.724456,-0.590633,1.557251,-0.011593,0.246912,0.287182,-0.019807,0.513816,0.078214,0.530434,0.157134,-0.003353,0.034778,0.362639,-0.450346,-0.886658,-0.224934,0.840128,1.094238,-0.131125,-0.0458,0.484875
0.693276,-0.358877,0.782181,0.029329,0.138135,-0.149634,0.978605,-0.494974,-0.043876,0.410582,0.197617,-0.001729,0.102242,-1.519372,-0.750304,-0.59807,1.565387,0.018145,0.244468,0.274921,-0.028715,0.513586,0.087,0.518467,0.172385,0.013042,0.026947,0.365254,-0.435714,-0.779345,-0.100498,0.689006,1.015442,0.09825,0.029832,0.600343
0.694568,-0.358671,0.781658,0.035855,0.142153,-0.152403,0.977384,-0.505652,-0.05236,0.419263,0.200055,-0.001925,0.096386,-1.51602,-0.764225,-0.599077,1.564419,0.028402,0.248675,0.271345,-0.041853,0.513386,0.083549,0.518835,0.177645,0.028327,0.02178,0.36969,-0.425217,-0.710589,-0.012558,0.640587,0.904379,0.183215,0.047876,0.667505
0.694084,-0.359364,0.780719,0.037959,0.143198,-0.151754,0.977253,-0.510965,-0.05464,0.421466,0.203924,-0.002576,0.094975,-1.517305,-0.756339,-0.587108,1.559544,0.01598,0.246138,0.269766,-0.052476,0.513065,0.080022,0.532481,0.17941,0.038626,0.023648,0.370743,-0.421651,-0.678121,0.023668,0.646503,0.791192,0.211935,0.076083,0.714802
0.692942,-0.360428,0.779693,0.037418,0.143116,-0.149699,0.977603,-0.513521,-0.053601,0.419684,0.207474,-0.004281,0.093749,-1.519714,-0.740216,-0.57534,1.553495,-0.005363,0.241674,0.266074,-0.056867,0.512538,0.079255,0.540219,0.182252,0.041349,0.028399,0.368303,-0.42272,-0.666934,0.021055,0.64735,0.697132,0.223718,0.076363,0.71879
0.692144,-0.361145,0.779093,0.036199,0.142964,-0.147853,0.977952,-0.515213,-0.051757,0.416858,0.210559,-0.005417,0.09159,-1.521102,-0.728334,-0.566754,1.549105,-0.013168,0.241172,0.26407,-0.058876,0.511405,0.077827,0.539259,0.182734,0.041679,0.027987,0.367333,-0.424319,-0.662822,-0.004841,0.629486,0.674764,0.237555,0.091991,0.71168
0.691593,-0.36154,0.778808,0.036377,0.143161,-0.146702,0.97809,-0.516792,-0.052378,0.415402,0.211174,-0.004236,0.087704,-1.521093,-0.722486,-0.560489,1.543852,-0.002804,0.247703,0.261166,-0.063072,0.509824,0.074485,0.533521,0.182388,0.042613,0.027067,0.365991,-0.429089,-0.67528,-0.044152,0.573832,0.737242,0.270454,0.101015,0.702501
0.690891,-0.361816,0.77858,0.038468,0.144866,-0.144468,0.978092,-0.52147,-0.057327,0.413335,0.207775,0.001151,0.085357,-1.520576,-0.721789,-0.555839,1.535064,0.007237,0.254036,0.260818,-0.066029,0.50801,0.066623,0.529892,0.174159,0.041879,0.030109,0.364804,-0.436424,-0.7372,-0.111787,0.488195,0.918635,0.286671,0.132785,0.699993
0.689839,-0.361552,0.778165,0.039664,0.145284,-0.143094,0.978184,-0.523298,-0.061219,0.412999,0.204913,0.002778,0.084771,-1.515892,-0.719544,-0.553308,1.528815,0.007924,0.253268,0.269891,-0.064149,0.507178,0.057067,0.528032,0.158384,0.041212,0.035561,0.364515,-0.445455,-0.838593,-0.222576,0.401601,1.186423,0.250532,0.149202,0.621753
0.688634,-0.361597,0.777726,0.039621,0.147225,-0.140351,0.978293,-0.529016,-0.062858,0.409382,0.202963,0.006055,0.085158,-1.51389,-0.718861,-0.553517,1.525424,0.010085,0.254816,0.282446,-0.051531,0.507431,0.041245,0.52126,0.1357,0.041946,0.039149,0.364716,-0.452634,-0.958502,-0.344111,0.242715,1.508492,0.306806,0.25901,0.366777
0.68536,-0.36343,0.7769,0.040627,0.148989,-0.141482,0.977821,-0.538001,-0.058596,0.41007,0.204913,0.010327,0.082656,-1.511721,-0.721831,-0.575101,1.521813,0.053406,0.2618,0.283855,-0.043576,0.508169,0.031634,0.512482,0.132627,0.049466,0.044968,0.361548,-0.464163,-1.039102,-0.467324,-0.061612,1.699789,0.665513,0.208775,-0.077975
0.682497,-0.364717,0.77606,0.041144,0.147144,-0.143462,0.977791,-0.538408,-0.055323,0.414305,0.208986,0.008082,0.081399,-1.489354,-0.711402,-0.590305,1.498898,0.057316,0.2618,0.289448,-0.052538,0.508895,0.034938,0.528301,0.136731,0.04792,0.051293,0.360254,-0.471037,-1.077466,-0.512986,-0.060242,1.7,0.785313,0.195498,-0.141277
0.680358,-0.366136,0.775859,0.039024,0.150104,-0.143862,0.977369,-0.548314,-0.045294,0.412817,0.21262,0.011252,0.076702,-1.483125,-0.687395,-0.58695,1.47783,0.037193,0.2618,0.285112,-0.06442,0.506225,0.04872,0.539911,0.160005,0.039602,0.051358,0.360274,-0.467312,-1.132326,-0.541978,0.117533,1.668338,0.867759,0.284434,0.320942
0.678661,-0.367604,0.775914,0.035394,0.150631,-0.145899,0.977124,-0.551286,-0.032754,0.412148,0.216838,0.009657,0.074305,-1.464285,-0.66103,-0.589891,1.450472,0.016738,0.2618,0.277558,-0.066658,0.504288,0.06609,0.539602,0.18162,0.038483,0.046118,0.363592,-0.455192,-1.136413,-0.590495,0.215336,1.571038,0.921654,0.237196,0.835329
0.676505,-0.370297,0.776233,0.028924,0.150912,-0.148684,0.976874,-0.553974,-0.012085,0.409009,0.223416,0.008615,0.070932,-1.438514,-0.622703,-0.590283,1.415244,0.006563,0.2618,0.272983,-0.061045,0.503372,0.075956,0.539023,0.193786,0.046331,0.040176,0.368068,-0.443932,-1.137748,-0.642063,0.238368,1.44666,0.988551,0.192267,1.092929
0.674227,-0.373452,0.777164,0.019573,0.149305,-0.151621,0.976901,-0.552209,0.014184,0.403162,0.231721,0.006348,0.068263,-1.4028,-0.572097,-0.581261,1.371693,0.013967,0.2618,0.266169,-0.054126,0.502367,0.084299,0.539595,0.204774,0.056328,0.040122,0.37395,-0.432903,-1.135623,-0.67967,0.242169,1.329486,1.023741,0.195975,1.147483
0.67407,-0.375477,0.778844,0.010033,0.147302,-0.153797,0.97701,-0.546636,0.038115,0.396142,0.238275,0.003868,0.064027,-1.356808,-0.52941,-0.565902,1.32808,0.029716,0.2618,0.254943,-0.047297,0.501216,0.091608,0.538419,0.217752,0.057842,0.042256,0.375238,-0.42496,-1.119337,-0.710935,0.235118,1.210838,1.012352,0.212035,1.139899
0.674954,-0.377172,0.780365,0.001494,0.145422,-0.154813,0.977181,-0.539713,0.057692,0.38847,0.242642,-0.001024,0.059572,-1.302192,-0.492931,-0.547423,1.285716,0.040917,0.2618,0.242432,-0.041133,0.500313,0.096047,0.533144,0.232898,0.049691,0.043648,0.373154,-0.420131,-1.090317,-0.736408,0.214634,1.095868,0.970054,0.227934,1.122074
0.675383,-0.38007,0.781574,-0.007422,0.143528,-0.153605,0.977625,-0.533198,0.076996,0.376943,0.246167,-0.005786,0.054247,-1.244169,-0.448515,-0.52213,1.240356,0.057345,0.2618,0.230494,-0.032755,0.4995,0.095068,0.524976,0.245758,0.038379,0.041318,0.370969,-0.416712,-1.047861,-0.757103,0.188181,0.982424,0.930847,0.235404,1.100667
0.674961,-0.385061,0.782517,-0.016248,0.141953,-0.149564,0.978374,-0.529163,0.096302,0.360509,0.250049,-0.008559,0.045526,-1.181496,-0.391493,-0.494652,1.183698,0.077973,0.2618,0.219832,-0.021138,0.498622,0.087672,0.516803,0.251752,0.026892,0.039713,0.370696,-0.414141,-0.992692,-0.771605,0.15642,0.872767,0.9115,0.23919,1.058331
0.673601,-0.392098,0.783011,-0.024261,0.140384,-0.143175,0.97939,-0.527519,0.114623,0.339656,0.254786,-0.011034,0.03399,-1.111753,-0.325735,-0.469044,1.113511,0.099067,0.2618,0.209213,-0.007989,0.497884,0.078554,0.512304,0.249699,0.01754,0.040013,0.370386,-0.412387,-0.924183,-0.780264,0.129166,0.765197,0.913212,0.237099,1.000582
0.673064,-0.399972,0.783331,-0.03245,0.138566,-0.133343,0.980799,-0.525946,0.130361,0.312565,0.259906,-0.014798,0.021852,-1.038285,-0.252965,-0.429431,1.03702,0.120614,0.2618,0.196933,0.006921,0.496976,0.069514,0.513092,0.242212,0.010393,0.042041,0.369434,-0.415173,-0.845807,-0.786404,0.110739,0.668298,0.928019,0.234169,0.921547
0.672754,-0.409478,0.783311,-0.039803,0.137405,-0.120949,0.982297,-0.526252,0.143636,0.279934,0.263585,-0.017434,0.00612,-0.958067,-0.165351,-0.372675,0.947134,0.117606,0.2618,0.182859,0.020871,0.49558,0.06264,0.516645,0.235682,0.006245,0.047059,0.366981,-0.423953,-0.762633,-0.792668,0.098106,0.581658,0.943697,0.231474,0.834291
0.673742,-0.419141,0.783271,-0.046385,0.1355,-0.103917,0.98422,-0.525536,0.150054,0.240862,0.266628,-0.018257,-0.0111,-0.873763,-0.075015,-0.294076,0.852574,0.094237,0.2618,0.163933,0.035748,0.494927,0.060517,0.521866,0.230075,0.005821,0.052934,0.365191,-0.435036,-0.67459,-0.802321,0.087326,0.508491,0.958229,0.224437,0.749008
0.675856,-0.428457,0.783177,-0.050073,0.131023,-0.084045,0.98654,-0.51751,0.146274,0.200723,0.265501,-0.013517,-0.032008,-0.784911,0.003391,-0.206833,0.763876,0.071138,0.2618,0.142586,0.049416,0.496878,0.064173,0.527016,0.224136,0.010289,0.056494,0.366374,-0.447623,-0.574416,-0.817511,0.071712,0.444449,0.974955,0.206638,0.681475
0.680223,-0.435135,0.782822,-0.05065,0.130862,-0.065544,0.987934,-0.516595,0.135031,0.168357,0.264696,-0.012904,-0.042908,-0.706866,0.060068,-0.124695,0.674193,0.083897,0.2618,0.119942,0.05961,0.4965,0.07067,0.527606,0.22359,0.013871,0.055024,0.367575,-0.446573,-0.513465,-0.821542,0.056775,0.430018,0.97855,0.191278,0.645385
0.684025,-0.428111,0.77899,-0.030059,0.126787,-0.042125,0.990579,-0.503672,0.057099,0.164536,0.250148,-0.0059,-0.025078,-0.58682,0.023235,0.001397,0.537631,-0.025545,0.2618,0.082184,0.041033,0.497203,0.085125,0.527324,0.214493,0.021024,0.055631,0.368353,-0.447355,-0.442257,-0.820372,0.034035,0.428421,0.990846,0.171375,0.610544
0.684826,-0.431694,0.776813,-0.017359,0.124624,-0.028637,0.991639,-0.5018,0.022317,0.157564,0.249304,0.002524,-0.028977,-0.509776,0.003127,0.02942,0.446956,-0.121306,0.174576,0.066255,0.033059,0.497439,0.096444,0.529272,0.210323,0.032333,0.057427,0.367709,-0.453799,-0.39248,-0.805561,0.006808,0.444869,0.99779,0.157713,0.583651
0.684739,-0.43965,0.775786,-0.009794,0.123116,-0.020632,0.992129,-0.502006,0.010511,0.150624,0.251629,0.013011,-0.038029,-0.454402,-0.005304,-0.00042,0.381369,-0.186119,0.080271,0.064495,0.033961,0.496371,0.104733,0.534395,0.205103,0.054072,0.061359,0.364425,-0.464001,-0.350624,-0.791622,-0.021782,0.464556,1.001728,0.14586,0.562738
0.68415,-0.447786,0.776401,-0.007479,0.122046,-0.013311,0.992407,-0.505512,0.01066,0.137065,0.255907,0.031538,-0.04414,-0.433323,-0.000147,-0.024677,0.36003,-0.190406,0.039137,0.064853,0.047678,0.49544,0.111539,0.536165,0.200257,0.08613,0.066293,0.362578,-0.470633,-0.321907,-0.789207,-0.042631,0.486385,1.003986,0.134593,0.551399
0.682634,-0.45623,0.777523,-0.004334,0.120558,-0.007887,0.992666,-0.510293,0.011509,0.12617,0.261622,0.055947,-0.049161,-0.426927,0.000812,-0.033482,0.352668,-0.176795,0.028896,0.063156,0.058148,0.495971,0.122947,0.534755,0.198497,0.124969,0.066619,0.36318,-0.459699,-0.315094,-0.795543,-0.04475,0.519231,1.006376,0.120774,0.54654
0.68063,-0.464228,0.778891,-0.001779,0.11754,-0.006208,0.993047,-0.509229,0.016829,0.120274,0.263808,0.076384,-0.060522,-0.418353,0.004935,-0.037772,0.342685,-0.16514,0.03362,0.05982,0.06409,0.496324,0.141874,0.530804,0.19422,0.173051,0.062213,0.363857,-0.441122,-0.334066,-0.799752,-0.027375,0.569356,1.002704,0.102243,0.548752
0.678999,-0.471916,0.779728,0.001205,0.114129,-0.006119,0.993446,-0.507501,0.023075,0.118308,0.268425,0.093672,-0.076829,-0.406216,0.007853,-0.038449,0.329201,-0.158959,0.043536,0.054902,0.065539,0.492593,0.160786,0.527202,0.18422,0.234856,0.059767,0.359212,-0.432862,-0.363802,-0.789731,-0.007269,0.626222,1.001399,0.089774,0.536559
0.677934,-0.479256,0.780391,0.004241,0.111033,-0.006172,0.993789,-0.507686,0.029213,0.116231,0.275976,0.112227,-0.097795,-0.395778,0.012055,-0.038594,0.319122,-0.154687,0.042776,0.050909,0.067839,0.484217,0.171874,0.523541,0.169382,0.310734,0.064122,0.351221,-0.443136,-0.387638,-0.772672,0.007714,0.671869,0.993799,0.07957,0.508413
0.677121,-0.486286,0.781187,0.007081,0.107049,-0.005905,0.994211,-0.507799,0.035578,0.115129,0.286643,0.137533,-0.128151,-0.384113,0.016268,-0.040109,0.311347,-0.148667,0.03508,0.046703,0.072017,0.476964,0.174165,0.519074,0.15693,0.396067,0.077425,0.331638,-0.460338,-0.411557,-0.756962,0.029478,0.715186,0.96923,0.053444,0.47887
0.676814,-0.492854,0.782513,0.010321,0.103385,-0.002917,0.994584,-0.514621,0.041116,0.121029,0.305705,0.18108,-0.171561,-0.370808,0.016685,-0.04474,0.301384,-0.141469,0.024041,0.039728,0.076769,0.4718,0.169459,0.511645,0.146636,0.484456,0.084349,0.314769,-0.463248,-0.434175,-0.744692,0.058668,0.759682,0.937889,0.009141,0.455412
0.675966,-0.498853,0.783991,0.012849,0.100276,0.00213,0.994874,-0.52965,0.052229,0.142475,0.330216,0.237774,-0.21859,-0.359474,0.015505,-0.0544,0.292434,-0.133983,0.014073,0.032396,0.08203,0.470546,0.16483,0.501663,0.139521,0.552765,0.084304,0.30793,-0.451127,-0.450881,-0.730316,0.07596,0.795764,0.913977,-0.023017,0.430279
0.674487,-0.501531,0.785323,0.017625,0.098386,0.012387,0.994915,-0.555207,0.058043,0.198455,0.361816,0.306365,-0.261795,-0.352267,0.000247,-0.068938,0.287769,-0.134166,0.004044,0.018795,0.086168,0.469592,0.15506,0.489172,0.129821,0.6087,0.07626,0.300374,-0.442121,-0.462343,-0.716327,0.079149,0.82721,0.892779,-0.053461,0.402233
0.670727,-0.499215,0.785775,0.021068,0.098995,0.031373,0.99437,-0.601788,0.064616,0.302833,0.411442,0.376628,-0.2618,-0.356314,-0.026433,-0.095027,0.293065,-0.140864,-0.001731,-0.005519,0.094369,0.469966,0.139903,0.476809,0.120314,0.648371,0.069313,0.287422,-0.440162,-0.476232,-0.70462,0.07467,0.857841,0.868913,-0.087914,0.373165
0.665905,-0.499445,0.785255,0.015801,0.09841,0.051146,0.993705,-0.650232,0.106043,0.409071,0.473259,0.425817,-0.2618,-0.357019,-0.030807,-0.132507,0.293012,-0.142743,-0.014059,-0.027274,0.112032,0.473821,0.129466,0.469555,0.113266,0.673856,0.070137,0.270802,-0.441081,-0.492857,-0.68955,0.072845,0.892414,0.845073,-0.13278,0.349677
0.663441,-0.506481,0.784272,0.004917,0.099298,0.063783,0.992999,-0.684417,0.165904,0.461301,0.528124,0.376465,-0.2618,-0.355382,-0.008056,-0.166963,0.280813,-0.134098,-0.025683,-0.039035,0.137621,0.475731,0.121369,0.462702,0.108845,0.695951,0.075199,0.256778,-0.442398,-0.518436,-0.670192,0.078255,0.938948,0.833763,-0.182855,0.325163
0.662452,-0.516336,0.78465,-0.002124,0.101082,0.074861,0.992055,-0.738462,0.221679,0.483028,0.620735,0.289393,-0.2618,-0.350966,0.011212,-0.196137,0.260508,-0.123119,-0.03493,-0.051157,0.158455,0.47731,0.113733,0.455256,0.10197,0.711628,0.075197,0.251954,-0.446304,-0.545202,-0.648904,0.079875,0.987512,0.839589,-0.22554,0.299403
0.658827,-0.520636,0.786136,-0.003457,0.104768,0.090045,0.990406,-0.818993,0.250422,0.513636,0.74303,0.22327,-0.2618,-0.354223,0.006399,-0.223247,0.243771,-0.110319,-0.036748,-0.065849,0.170763,0.476012,0.100541,0.449576,0.087073,0.722412,0.074112,0.249852,-0.453183,-0.566932,-0.625488,0.068469,1.030004,0.846259,-0.262653,0.266573
0.6536,-0.521255,0.787751,-0.003723,0.108619,0.104179,0.988602,-0.914666,0.259943,0.536778,0.877342,0.196944,-0.2618,-0.359557,-0.005157,-0.246001,0.227268,-0.094413,-0.031626,-0.075774,0.18475,0.474986,0.082703,0.445132,0.067606,0.72621,0.074863,0.246107,-0.464907,-0.590105,-0.596708,0.046475,1.076069,0.854592,-0.309463,0.221416
0.648198,-0.520946,0.788752,-0.005069,0.110789,0.113293,0.987352,-1.012732,0.253594,0.541535,1.006691,0.179981,-0.2618,-0.361857,-0.011095,-0.262063,0.210018,-0.076454,-0.025323,-0.074537,0.205347,0.476391,0.065724,0.441692,0.047994,0.719652,0.07607,0.241968,-0.479844,-0.61637,-0.565444,0.022895,1.131279,0.865673,-0.375069,0.166334
0.643483,-0.520013,0.789074,-0.007845,0.11205,0.117074,0.986751,-1.111093,0.241683,0.543162,1.132637,0.159725,-0.2618,-0.362857,-0.009958,-0.269096,0.193467,-0.059903,-0.020552,-0.058785,0.232115,0.47823,0.051007,0.436414,0.030169,0.703315,0.076751,0.244783,-0.486358,-0.65339,-0.53206,-0.006112,1.207975,0.874664,-0.467135,0.098572
0.639806,-0.52139,0.789267,-0.00947,0.112453,0.117032,0.986696,-1.206631,0.232992,0.544742,1.252275,0.134007,-0.2618,-0.363015,-0.004433,-0.271115,0.179946,-0.0515,-0.022584,-0.032668,0.261029,0.4799,0.038296,0.429925,0.009036,0.682771,0.073871,0.248151,-0.490565,-0.70213,-0.499041,-0.034924,1.309068,0.885603,-0.581549,0.024583
0.637275,-0.523187,0.789214,-0.011101,0.112178,0.114148,0.987048,-1.292847,0.232592,0.554389,1.360177,0.1105,-0.2618,-0.364782,0.004109,-0.26812,0.173905,-0.045732,-0.030994,0.003911,0.292526,0.48039,0.02244,0.426294,-0.01916,0.665884,0.072808,0.251346,-0.500195,-0.759389,-0.470199,-0.062511,1.430697,0.90087,-0.715328,-0.049967
0.634686,-0.523619,0.788498,-0.012958,0.110138,0.108618,0.987878,-1.369799,0.231754,0.567218,1.449981,0.097207,-0.2618,-0.367163,0.013396,-0.259119,0.17575,-0.041971,-0.039221,0.048222,0.322688,0.482668,0.006706,0.427073,-0.049041,0.649327,0.073874,0.25485,-0.512031,-0.809904,-0.448235,-0.08515,1.550805,0.877098,-0.831678,-0.132637
0.632191,-0.522768,0.787113,-0.015083,0.107291,0.1019,0.988877,-1.437996,0.229554,0.586014,1.524467,0.083402,-0.2618,-0.369199,0.022837,-0.247944,0.180416,-0.040728,-0.046563,0.094742,0.348357,0.485185,-0.009382,0.432709,-0.080856,0.635737,0.07317,0.255194,-0.520809,-0.844336,-0.431733,-0.0583,1.657252,0.730986,-0.91076,-0.272955
0.630419,-0.520766,0.785182,-0.018665,0.107429,0.088878,0.990056,-1.515017,0.230398,0.594668,1.589312,0.082343,-0.2618,-0.37906,0.039962,-0.225243,0.184813,-0.03693,-0.061854,0.136473,0.364277,0.484828,-0.02078,0.434004,-0.094838,0.635758,0.074092,0.257782,-0.526129,-0.875269,-0.405719,0.046469,1.672618,-0.324393,-0.384795,-0.683593
0.628438,-0.51916,0.783693,-0.019529,0.104806,0.081696,0.990939,-1.565721,0.230263,0.621878,1.632236,0.086961,-0.2618,-0.381028,0.047002,-0.211535,0.189684,-0.0336,-0.068405,0.134565,0.353411,0.50022,-0.015427,0.439936,-0.071087,0.651509,0.073931,0.254219,-0.526011,-0.882315,-0.328308,0.106505,1.470914,-0.5417,-0.014425,-0.598902
0.628593,-0.519822,0.785014,-0.012679,0.095117,0.078127,0.992315,-1.57,0.219657,0.644212,1.656755,0.071058,-0.2618,-0.359897,0.039357,-0.198993,0.191825,-0.03499,-0.071609,0.122614,0.333583,0.514979,0.0121,0.447335,-0.055104,0.668677,0.063838,0.24899,-0.514173,-0.844733,-0.317984,0.226587,1.153954,-0.403191,0.067671,-0.590294
0.629394,-0.520258,0.787062,-0.003077,0.083616,0.073579,0.993773,-1.57,0.186797,0.639886,1.66917,0.051928,-0.2618,-0.334312,0.026588,-0.182715,0.196413,-0.03896,-0.074757,0.118798,0.320896,0.52,0.033804,0.444161,-0.06094,0.69387,0.05318,0.2457,-0.500154,-0.804343,-0.308756,0.21463,0.860575,-0.384962,0.091391,-0.569999
0.629793,-0.520305,0.787831,0.001115,0.076301,0.071115,0.994545,-1.57,0.181115,0.649392,1.6862,0.048776,-0.2618,-0.318783,0.021478,-0.174597,0.199723,-0.041921,-0.07613,0.119441,0.313283,0.52,0.039096,0.44611,-0.074558,0.725372,0.053088,0.242421,-0.50417,-0.781727,-0.298492,0.190707,0.628794,-0.35824,0.123419,-0.507859
0.629962,-0.520889,0.78797,0.002274,0.073233,0.072198,0.994696,-1.57,0.185368,0.66145,1.699923,0.050044,-0.2618,-0.312461,0.019463,-0.175681,0.202305,-0.044779,-0.07792,0.118278,0.313682,0.52,0.032261,0.444102,-0.090729,0.752857,0.061562,0.239325,-0.514992,-0.780024,-0.254642,0.12074,0.492804,-0.294996,0.13614,-0.517901
0.630074,-0.521225,0.787811,0.002038,0.071583,0.073047,0.994754,-1.57,0.187406,0.666684,1.709868,0.053308,-0.2618,-0.309673,0.020005,-0.177417,0.20464,-0.046635,-0.079474,0.118092,0.31549,0.52,0.021884,0.439458,-0.102669,0.774086,0.066159,0.235184,-0.51309,-0.779173,-0.179033,0.029916,0.44171,-0.262684,0.124636,-0.580108
0.629876,-0.520986,0.78722,0.000354,0.071202,0.0738,0.994728,-1.57,0.186637,0.669344,1.713663,0.051713,-0.2618,-0.310797,0.022518,-0.17999,0.207747,-0.048207,-0.080202,0.115791,0.316118,0.52,0.015112,0.433158,-0.105213,0.785892,0.06716,0.231591,-0.508137,-0.787356,-0.118812,-0.053643,0.469162,-0.265141,0.093945,-0.623009
0.629563,-0.520344,0.786318,-0.00214,0.071322,0.075408,0.994597,-1.57,0.185754,0.67179,1.714533,0.047859,-0.2618,-0.313275,0.025237,-0.184547,0.211341,-0.050434,-0.079672,0.113845,0.316723,0.52,0.009204,0.42672,-0.104758,0.78644,0.068071,0.229331,-0.509335,-0.788513,-0.08456,-0.134147,0.55604,-0.299735,0.03223,-0.640888
0.629844,-0.52016,0.785603,-0.005261,0.07225,0.077499,0.994357,-1.57,0.19214,0.673074,1.716573,0.043635,-0.2618,-0.315314,0.029589,-0.190027,0.212057,-0.0516,-0.079181,0.117878,0.312822,0.52,0.001542,0.428384,-0.104961,0.775608,0.0704,0.226608,-0.517265,-0.778763,-0.105432,-0.204144,0.731229,-0.420012,-0.076074,-0.614828
0.630454,-0.520945,0.785147,-0.007975,0.073765,0.081338,0.993921,-1.57,0.200728,0.672387,1.717049,0.04101,-0.2618,-0.317021,0.032881,-0.199003,0.211606,-0.054519,-0.079963,0.12647,0.314394,0.518458,-0.007898,0.429324,-0.109251,0.756375,0.06974,0.22091,-0.529721,-0.765331,-0.165644,-0.252067,0.952285,-0.588113,-0.138801,-0.622652
0.631058,-0.520675,0.784443,-0.012021,0.074352,0.084859,0.993542,-1.57,0.20392,0.666326,1.714779,0.033468,-0.2618,-0.316265,0.038206,-0.208191,0.209918,-0.056095,-0.078876,0.13681,0.31948,0.514215,-0.017673,0.426378,-0.110473,0.743843,0.067862,0.218371,-0.541806,-0.765894,-0.272091,-0.281566,1.280643,-0.795088,-0.166351,-0.650431
0.631015,-0.518685,0.783609,-0.014747,0.073251,0.087159,0.993388,-1.57,0.196753,0.658974,1.707875,0.023855,-0.2618,-0.312859,0.039743,-0.21297,0.209425,-0.058955,-0.073979,0.147653,0.325209,0.514885,-0.026125,0.422415,-0.1093,0.738808,0.061993,0.220012,-0.546819,-0.758328,-0.391837,-0.254232,1.572357,-0.789209,-0.20885,-0.652287
0.631461,-0.517942,0.783943,-0.013862,0.071458,0.090319,0.993249,-1.57,0.184974,0.647552,1.701631,0.018539,-0.2618,-0.305901,0.034921,-0.217042,0.208382,-0.063032,-0.07233,0.153152,0.330942,0.519482,-0.032347,0.41964,-0.109792,0.734117,0.066302,0.225588,-0.554511,-0.71576,-0.458098,-0.369104,1.699998,-0.153789,-0.677428,-0.597865
0.631975,-0.519251,0.783983,-0.017168,0.075626,0.096471,0.99231,-1.57,0.212069,0.657562,1.705931,0.020596,-0.2618,-0.310488,0.037864,-0.230252,0.201764,-0.061924,-0.072843,0.151455,0.330266,0.517722,-0.017078,0.430783,-0.09654,0.702511,0.069583,0.232793,-0.55155,-0.709208,-0.462902,-0.328486,1.69731,0.819913,-0.895693,-0.261868
0.631813,-0.518628,0.784054,-0.01944,0.078145,0.100494,0.991674,-1.57,0.221116,0.657441,1.703802,0.020323,-0.2618,-0.314139,0.037752,-0.238554,0.198893,-0.060017,-0.071809,0.13757,0.321969,0.518372,0.01884,0.436039,-0.069215,0.672759,0.066294,0.233119,-0.53715,-0.697011,-0.473346,-0.257117,1.699999,1.008988,-0.835958,-0.087545
0.631342,-0.517819,0.784015,-0.021342,0.080347,0.104287,0.991067,-1.57,0.22783,0.660634,1.700274,0.020691,-0.2618,-0.318029,0.036802,-0.24627,0.197487,-0.06035,-0.070765,0.126423,0.316532,0.517016,0.038662,0.437022,-0.055254,0.671507,0.062929,0.232704,-0.529713,-0.697586,-0.470388,-0.231796,1.693169,1.044735,-0.814847,0.011849
0.631142,-0.517065,0.783966,-0.023148,0.081996,0.105303,0.990784,-1.57,0.240643,0.662495,1.70129,0.021953,-0.2618,-0.32039,0.038304,-0.249565,0.19468,-0.060701,-0.071934,0.116702,0.307034,0.515136,0.047626,0.442255,-0.047323,0.697793,0.067895,0.23584,-0.533028,-0.710227,-0.406123,-0.152721,1.7,1.106982,-0.707366,-0.049585
0.631328,-0.516643,0.784068,-0.024013,0.083675,0.106618,0.990482,-1.57,0.247657,0.659931,1.69923,0.024553,-0.2618,-0.322689,0.038189,-0.252271,0.193183,-0.062697,-0.072913,0.111246,0.306359,0.512353,0.047235,0.441092,-0.050514,0.727621,0.076005,0.243674,-0.536925,-0.740946,-0.368651,-0.113936,1.7,1.107163,-0.680341,-0.090065
0.632093,-0.516396,0.784263,-0.024791,0.087131,0.108848,0.989922,-1.57,0.254557,0.65429,1.693936,0.028922,-0.2618,-0.327817,0.036951,-0.25646,0.191744,-0.06448,-0.074975,0.111733,0.31291,0.507623,0.035078,0.436768,-0.063098,0.755255,0.084178,0.246957,-0.535575,-0.784081,-0.319423,-0.087336,1.7,1.094314,-0.644053,-0.118381
0.634048,-0.51786,0.78567,-0.023956,0.093571,0.112224,0.988977,-1.56617,0.262832,0.645418,1.683231,0.029294,-0.2618,-0.336426,0.033388,-0.262333,0.187665,-0.065373,-0.07995,0.116729,0.317201,0.49476,0.022008,0.431008,-0.080551,0.776109,0.084145,0.24026,-0.529669,-0.82833,-0.25785,-0.03057,1.7,1.04575,-0.55023,-0.12933
0.636839,-0.520419,0.788196,-0.020858,0.099094,0.114234,0.988279,-1.553329,0.273709,0.628651,1.669745,0.032582,-0.2618,-0.341076,0.028511,-0.264937,0.181463,-0.064014,-0.084015,0.120524,0.315857,0.486994,0.014691,0.421901,-0.08939,0.787746,0.071304,0.224992,-0.527927,-0.884408,-0.183494,0.041797,1.661372,0.886881,-0.406359,-0.056211
0.639703,-0.522118,0.790983,-0.018253,0.101696,0.116955,0.987748,-1.531438,0.287298,0.610567,1.656352,0.054319,-0.2618,-0.338752,0.023572,-0.267934,0.174785,-0.06184,-0.089269,0.11349,0.305535,0.48843,0.008489,0.411007,-0.076098,0.805924,0.063405,0.203909,-0.54418,-0.863769,-0.120936,0.164928,1.378817,0.55256,-0.148569,0.126057
0.641597,-0.521058,0.792547,-0.01508,0.103824,0.122835,0.986866,-1.505328,0.287865,0.602839,1.63418,0.08583,-0.2618,-0.339421,0.009826,-0.274379,0.178102,-0.066657,-0.090807,0.095441,0.292858,0.487333,0.019222,0.406543,-0.061379,0.81205,0.056097,0.193034,-0.558895,-0.85775,-0.129108,0.283411,1.11366,0.325563,-0.0982,0.118111
0.642833,-0.517678,0.793959,-0.008947,0.103879,0.129985,0.986019,-1.464639,0.256854,0.58738,1.587038,0.093129,-0.2618,-0.33738,-0.014932,-0.279557,0.188495,-0.076295,-0.086153,0.092765,0.286662,0.486191,0.014728,0.400978,-0.065228,0.818935,0.062014,0.188474,-0.573252,-0.814635,-0.093589,0.217663,0.849119,0.206317,-0.058657,-0.009108
0.644482,-0.512566,0.795114,0.002237,0.104553,0.133764,0.98548,-1.423692,0.199866,0.551171,1.521982,0.08179,-0.2618,-0.337503,-0.050585,-0.274808,0.203927,-0.087883,-0.07894,0.093443,0.261527,0.474247,0.015467,0.406864,-0.071065,0.833979,0.069629,0.188342,-0.575861,-0.767011,-0.021325,0.178763,0.630675,0.121341,-0.050262,-0.163772
0.647956,-0.508113,0.797344,0.018694,0.105308,0.133819,0.985217,-1.381966,0.132821,0.480336,1.446361,0.115872,-0.2618,-0.337625,-0.09321,-0.259653,0.222958,-0.101757,-0.076453,0.090797,0.220011,0.463492,0.031205,0.413784,-0.064564,0.841599,0.071392,0.187272,-0.57068,-0.757576,-0.000782,0.170752,0.485049,0.14531,-0.028343,-0.172708
0.651914,-0.504162,0.79923,0.034763,0.105159,0.131256,0.985142,-1.31834,0.070176,0.389547,1.343734,0.186118,-0.2618,-0.337901,-0.132291,-0.241625,0.243076,-0.116505,-0.076512,0.088959,0.17398,0.452101,0.048881,0.421803,-0.056118,0.850848,0.072258,0.186978,-0.565797,-0.744245,0.007145,0.16164,0.372147,0.226567,0.028776,-0.151788
0.656067,-0.49811,0.800088,0.046613,0.098982,0.126835,0.985872,-1.196573,0.020005,0.301114,1.197834,0.225635,-0.239405,-0.323458,-0.161738,-0.22326,0.258934,-0.130349,-0.070243,0.087523,0.133628,0.448327,0.071361,0.429589,-0.047689,0.859898,0.074299,0.185823,-0.560431,-0.718506,-0.001781,0.149827,0.280681,0.34398,0.120299,-0.119031
0.661415,-0.488362,0.799873,0.05316,0.095788,0.116464,0.987135,-1.053599,-0.004701,0.220389,1.017918,0.272671,-0.184947,-0.31381,-0.180097,-0.1983,0.267881,-0.142643,-0.060657,0.084399,0.099952,0.43661,0.100865,0.42959,-0.031899,0.873186,0.078071,0.183462,-0.560201,-0.690606,0.01446,0.135382,0.240367,0.449744,0.185307,-0.089473
0.666866,-0.477103,0.798792,0.05685,0.0902,0.098634,0.989395,-0.901816,-0.019415,0.119388,0.827875,0.327323,-0.139713,-0.299887,-0.187308,-0.16202,0.270971,-0.150613,-0.052265,0.088171,0.068202,0.426432,0.129938,0.427401,-0.017347,0.894134,0.082108,0.179508,-0.567331,-0.658774,0.023247,0.121919,0.228509,0.563035,0.233916,-0.040838
0.673591,-0.463278,0.797311,0.055848,0.084525,0.07285,0.992184,-0.744027,-0.036434,-0.031411,0.630282,0.406422,-0.117368,-0.287142,-0.181278,-0.114112,0.271373,-0.15549,-0.042489,0.101466,0.044581,0.416206,0.151126,0.420866,-0.007986,0.923714,0.087384,0.174537,-0.574082,-0.627354,0.010164,0.105135,0.241008,0.660373,0.264675,0.088772
0.680684,-0.448674,0.790749,0.028869,0.077521,0.045805,0.995519,-0.537515,0.034607,-0.154184,0.396606,0.239917,-0.13771,-0.272104,-0.118904,-0.085358,0.272672,-0.161895,-0.035945,0.121134,0.068027,0.40217,0.165239,0.416975,0.000411,0.951561,0.094575,0.169365,-0.58459,-0.589619,-0.007228,0.087029,0.270604,0.749777,0.280062,0.257991
0.687677,-0.434169,0.785373,0.002461,0.071309,0.032962,0.996906,-0.413016,0.115282,-0.148755,0.269107,0.115226,-0.120423,-0.245561,-0.070559,-0.081267,0.259718,-0.160072,-0.025684,0.119015,0.09326,0.388622,0.173518,0.413252,0.002701,0.974282,0.099953,0.160898,-0.591616,-0.545219,-0.027174,0.064571,0.323931,0.82853,0.292959,0.450224
0.694185,-0.419957,0.784177,-0.006244,0.074499,0.032682,0.996666,-0.369491,0.129977,-0.120133,0.229876,0.052335,-0.106001,-0.234118,-0.071496,-0.084375,0.242424,-0.148815,-0.016684,0.094912,0.084128,0.367603,0.171132,0.411372,0.001505,0.995398,0.096317,0.15072,-0.585796,-0.53779,-0.069079,-0.062009,0.399913,1.030037,0.104212,0.657981
0.700029,-0.405458,0.784917,-0.00893,0.08003,0.035096,0.996134,-0.356664,0.115317,-0.108524,0.209378,0.036774,-0.085737,-0.23038,-0.088274,-0.087114,0.229971,-0.135055,-0.008332,0.07399,0.068297,0.350688,0.1456,0.414346,-0.006614,1.01523,0.087437,0.150056,-0.568809,-0.488559,-0.11315,-0.086621,0.490095,1.181824,0.179278,0.889957
0.703364,-0.390255,0.785735,-0.013902,0.084004,0.035854,0.995723,-0.353979,0.10164,-0.107474,0.202355,0.021788,-0.082789,-0.233284,-0.099814,-0.088804,0.228351,-0.118111,-0.006081,0.067844,0.058108,0.343691,0.117344,0.425112,-0.010097,1.003133,0.07901,0.152927,-0.548136,-0.436818,-0.155904,-0.128997,0.589022,1.221846,0.320346,1.112589
0.705422,-0.3761,0.786604,-0.018932,0.084054,0.033657,0.995713,-0.348779,0.096239,-0.101301,0.206262,0.002208,-0.079755,-0.236444,-0.107424,-0.086231,0.237278,-0.101365,-0.011863,0.067302,0.049137,0.343656,0.102973,0.439158,-0.000826,0.962643,0.069991,0.154872,-0.525293,-0.377588,-0.180738,-0.184266,0.673986,1.151584,0.465306,1.157287
0.707482,-0.363251,0.787327,-0.023159,0.083203,0.028231,0.995863,-0.346736,0.093076,-0.089767,0.222744,-0.019969,-0.071086,-0.244336,-0.112099,-0.076461,0.254432,-0.08694,-0.021269,0.06921,0.034899,0.339915,0.105104,0.45197,0.025429,0.908607,0.05581,0.162275,-0.498639,-0.337753,-0.208631,-0.264292,0.792746,0.983001,0.661143,1.193144
0.709692,-0.351105,0.787808,-0.026992,0.080067,0.020308,0.996217,-0.340134,0.090981,-0.074232,0.241715,-0.0399,-0.059286,-0.24998,-0.116223,-0.071865,0.273358,-0.069508,-0.021021,0.071385,0.016499,0.335759,0.117325,0.463069,0.060504,0.857109,0.041884,0.177249,-0.47144,-0.318445,-0.270228,-0.331301,0.961814,0.753764,0.851649,1.294867
0.712568,-0.339809,0.788349,-0.031025,0.076284,0.011233,0.99654,-0.330124,0.091491,-0.056869,0.257528,-0.054856,-0.044216,-0.253692,-0.120292,-0.07628,0.291604,-0.048897,-0.015772,0.07679,0.000968,0.332792,0.126811,0.473569,0.088652,0.814185,0.034663,0.195602,-0.453109,-0.294647,-0.34256,-0.372361,1.138632,0.503624,0.895307,1.453414
0.715678,-0.330209,0.789149,-0.0345,0.073455,0.001572,0.9967,-0.317429,0.093738,-0.038191,0.26384,-0.065941,-0.031616,-0.259212,-0.124747,-0.088611,0.308974,-0.027651,-0.012284,0.082994,-0.010953,0.327218,0.133234,0.48543,0.105215,0.782332,0.036583,0.207288,-0.447065,-0.255079,-0.404675,-0.400824,1.290652,0.332141,0.854646,1.55845
0.718787,-0.321752,0.790187,-0.037875,0.071399,-0.007473,0.9967,-0.303258,0.096848,-0.020531,0.262654,-0.074642,-0.022726,-0.265576,-0.130532,-0.111578,0.326509,-0.008513,-0.010841,0.08695,-0.019748,0.320341,0.137142,0.498711,0.113388,0.755869,0.041633,0.216201,-0.451632,-0.198527,-0.443945,-0.432879,1.390154,0.261617,0.794965,1.589902
0.721828,-0.314605,0.791103,-0.04074,0.069547,-0.014899,0.996635,-0.287553,0.099269,-0.004866,0.25572,-0.081847,-0.01445,-0.267931,-0.136436,-0.139336,0.339218,0.001144,-0.016289,0.087232,-0.026746,0.312314,0.139144,0.51267,0.116652,0.734081,0.047712,0.221448,-0.458784,-0.130495,-0.46568,-0.473916,1.446437,0.254612,0.754872,1.57943
0.724926,-0.308645,0.791767,-0.042943,0.069177,-0.021557,0.996447,-0.27544,0.100816,0.008978,0.248569,-0.089226,-0.007318,-0.269829,-0.141134,-0.163082,0.347385,0.004381,-0.019729,0.087344,-0.033372,0.301143,0.136697,0.526899,0.118072,0.715029,0.051882,0.227514,-0.461387,-0.058102,-0.476388,-0.51237,1.475346,0.284013,0.727725,1.543938
0.727772,-0.30362,0.792133,-0.044757,0.068872,-0.026363,0.996272,-0.264354,0.101155,0.019301,0.240611,-0.095189,-0.004254,-0.265559,-0.140802,-0.169693,0.343649,0.00385,-0.006398,0.08377,-0.039005,0.288025,0.133691,0.540181,0.119566,0.699013,0.049941,0.232933,-0.460706,0.014021,-0.480062,-0.540851,1.481479,0.339877,0.699483,1.489193
0.730333,-0.299829,0.792156,-0.045754,0.067775,-0.029829,0.996204,-0.253221,0.100255,0.027103,0.23432,-0.100249,-0.002815,-0.254564,-0.135126,-0.15888,0.329939,-0.002722,0.007504,0.076061,-0.045979,0.274029,0.132433,0.551956,0.126226,0.686076,0.049979,0.236759,-0.459373,0.074366,-0.479145,-0.566529,1.484769,0.425633,0.701132,1.420187
