-1.335383,-3.249234,0.77817,0.016896,-0.01217,0.041881,0.998906,-0.109167,-0.00614,-0.104689,0.242625,-0.06489,-0.023503,-0.004316,-0.051464,-0.078559,0.19899,-0.222255,0.055359,-0.035138,0.108108,0.023638,-0.513174,0.286598,-0.353698,0.535806,-0.201125,0.073068,0.157687,-0.424324,-0.48974,0.233528,0.327695,0.138675,-0.123158,-0.503095
-1.335582,-3.247434,0.778464,0.016089,-0.00974,0.041686,0.998954,-0.115318,-0.007193,-0.104458,0.243321,-0.062876,-0.022103,-0.000669,-0.051795,-0.078292,0.178649,-0.210791,0.058514,-0.022883,0.109334,0.022074,-0.518701,0.267057,-0.362678,0.540187,-0.207895,0.077709,0.152003,-0.53655,-0.556452,0.255732,0.426661,0.088586,-0.132366,-0.542232
-1.336104,-3.245622,0.77853,0.014495,-0.006481,0.040162,0.999067,-0.124101,-0.005735,-0.102423,0.245564,-0.062752,-0.022042,0.000605,-0.049797,-0.076069,0.156811,-0.19725,0.061148,-0.012458,0.11471,0.020939,-0.529474,0.251053,-0.362516,0.545479,-0.20688,0.081113,0.159765,-0.684394,-0.605224,0.31396,0.589181,0.049553,-0.152271,-0.546647
-1.336899,-3.243779,0.778706,0.014102,-0.003562,0.037381,0.999195,-0.130967,-0.00638,-0.097689,0.245674,-0.059661,-0.02032,0.001008,-0.050195,-0.070969,0.136618,-0.184603,0.063195,0.004682,0.118249,0.022373,-0.539996,0.233514,-0.360792,0.547133,-0.207963,0.083525,0.163898,-0.835799,-0.642282,0.41306,0.772719,0.029379,-0.160287,-0.519183
-1.337612,-3.241972,0.77891,0.014178,0.000045,0.033363,0.999343,-0.137642,-0.007061,-0.090073,0.243321,-0.056061,-0.016011,-0.00014,-0.051051,-0.062576,0.115428,-0.171516,0.064542,0.029868,0.120151,0.024624,-0.549135,0.220869,-0.370454,0.536828,-0.21192,0.084679,0.166752,-0.973696,-0.664014,0.544193,0.956385,0.032223,-0.153019,-0.453256
-1.338131,-3.240268,0.779001,0.014128,0.004455,0.029604,0.999452,-0.145741,-0.007403,-0.082922,0.240211,-0.051706,-0.010152,0.0003,-0.051554,-0.054235,0.087616,-0.153936,0.066816,0.059632,0.121972,0.0266,-0.559747,0.210835,-0.384994,0.522072,-0.213278,0.087592,0.161905,-1.074485,-0.670345,0.673914,1.106972,0.056443,-0.137575,-0.349314
-1.338475,-3.238771,0.779191,0.013296,0.009629,0.026149,0.999523,-0.155048,-0.00568,-0.076946,0.236683,-0.051073,-0.007732,0.001094,-0.050103,-0.046819,0.055948,-0.133047,0.069353,0.087775,0.123445,0.026685,-0.568722,0.207851,-0.40006,0.503918,-0.213517,0.088959,0.148909,-1.13626,-0.671434,0.778758,1.196538,0.08772,-0.111514,-0.21372
-1.338686,-3.237662,0.779251,0.01313,0.013409,0.024311,0.999528,-0.162068,-0.005783,-0.073182,0.234123,-0.049277,-0.006781,-0.000283,-0.05054,-0.043393,0.037664,-0.120973,0.07176,0.105867,0.120016,0.02897,-0.579404,0.213435,-0.405004,0.490802,-0.213016,0.086775,0.131606,-1.159854,-0.668331,0.82848,1.215121,0.102631,-0.101119,-0.107208
-1.338395,-3.236716,0.779321,0.0123,0.015703,0.02363,0.999522,-0.165884,-0.004751,-0.071609,0.232674,-0.049647,-0.006397,-0.003319,-0.04977,-0.041879,0.03248,-0.114884,0.073577,0.111899,0.117189,0.032355,-0.592702,0.231812,-0.400099,0.485901,-0.208042,0.083071,0.125623,-1.161206,-0.660047,0.839484,1.184249,0.110212,-0.111645,-0.033124
-1.337903,-3.23565,0.779484,0.011205,0.01717,0.025608,0.999462,-0.16782,-0.004777,-0.073956,0.229767,-0.048335,-0.006163,-0.00693,-0.049625,-0.044532,0.035484,-0.113379,0.074756,0.100228,0.112324,0.035508,-0.613232,0.265699,-0.389473,0.501581,-0.199896,0.080907,0.124336,-1.134674,-0.64408,0.81268,1.109196,0.1303,-0.126713,0.067652
-1.337358,-3.234752,0.779629,0.009996,0.017927,0.030064,0.999337,-0.168665,-0.006034,-0.081388,0.226065,-0.046501,-0.00629,-0.009309,-0.049882,-0.052026,0.042157,-0.115573,0.075199,0.072696,0.103408,0.038094,-0.654101,0.32234,-0.384432,0.547106,-0.183336,0.076315,0.129745,-1.093011,-0.633414,0.786235,0.991253,0.146939,-0.133389,0.153364
-1.336981,-3.233877,0.779577,0.008906,0.018579,0.03588,0.999144,-0.170143,-0.008572,-0.091714,0.221939,-0.041801,-0.006382,-0.010256,-0.051093,-0.063057,0.047481,-0.118629,0.076023,0.039232,0.094586,0.04054,-0.71844,0.409818,-0.408858,0.614456,-0.138815,0.078284,0.151121,-1.063052,-0.647396,0.778715,0.857896,0.12941,-0.12403,0.182262
-1.337009,-3.232862,0.779825,0.007929,0.020427,0.039971,0.998961,-0.173963,-0.010989,-0.100324,0.216992,-0.033742,-0.006617,-0.012881,-0.052256,-0.071494,0.047634,-0.115836,0.07735,0.014593,0.087174,0.043377,-0.794339,0.479629,-0.440697,0.711022,-0.091513,0.10771,0.188063,-1.054407,-0.67454,0.757525,0.769076,0.071672,-0.107559,0.143308
-1.337464,-3.231348,0.780155,0.007877,0.022963,0.039789,0.998913,-0.176488,-0.012919,-0.099728,0.208498,-0.023963,-0.005989,-0.01953,-0.054712,-0.070922,0.047666,-0.111683,0.078461,0.002955,0.079577,0.044236,-0.862065,0.500099,-0.445524,0.819755,-0.097515,0.135586,0.221891,-1.071148,-0.687714,0.747485,0.764274,0.033856,-0.100295,0.059814
-1.338302,-3.229468,0.780439,0.007785,0.026021,0.036855,0.998951,-0.180547,-0.013456,-0.094196,0.201843,-0.016317,-0.005666,-0.028611,-0.056523,-0.065248,0.046552,-0.106165,0.079081,0.000644,0.074341,0.043823,-0.923599,0.495726,-0.442726,0.911919,-0.118199,0.140215,0.230684,-1.114475,-0.687936,0.766489,0.834001,-0.00196,-0.088937,-0.020708
-1.338885,-3.227475,0.780434,0.00767,0.028307,0.031984,0.999058,-0.183369,-0.012666,-0.084888,0.199002,-0.014775,-0.005806,-0.035282,-0.057439,-0.056137,0.043279,-0.101161,0.079877,0.003134,0.069595,0.044442,-0.986198,0.497592,-0.474808,0.973864,-0.116179,0.142003,0.22488,-1.147674,-0.657836,0.771147,0.949479,-0.0008,-0.066002,-0.049071
-1.339142,-3.225748,0.780531,0.007565,0.029528,0.026811,0.999176,-0.185247,-0.011578,-0.075481,0.200157,-0.015595,-0.00422,-0.03963,-0.057709,-0.046688,0.040961,-0.097053,0.080294,0.002718,0.062067,0.046881,-1.045151,0.50103,-0.526772,1.023765,-0.101514,0.141013,0.209854,-1.141487,-0.603936,0.72836,1.039091,0.052253,-0.043922,-0.008799
-1.339028,-3.224429,0.780618,0.006858,0.030081,0.023323,0.999252,-0.186083,-0.009439,-0.069111,0.202213,-0.017105,-0.004286,-0.043118,-0.056537,-0.039971,0.042604,-0.095373,0.079634,-0.01059,0.051826,0.050406,-1.096798,0.508668,-0.597557,1.078553,-0.08425,0.143632,0.200685,-1.106397,-0.558997,0.717907,1.023054,0.097295,-0.045668,0.044979
-1.338437,-3.223249,0.780749,0.005607,0.029931,0.022267,0.999288,-0.186018,-0.007544,-0.067394,0.205313,-0.018677,-0.004508,-0.045245,-0.054951,-0.038036,0.048444,-0.096442,0.079162,-0.037429,0.040754,0.055081,-1.13625,0.514939,-0.667696,1.143732,-0.072973,0.155004,0.149895,-1.077074,-0.551769,0.801578,0.913592,0.081464,-0.063319,0.076666
-1.33766,-3.22207,0.780955,0.003841,0.029833,0.021969,0.999306,-0.186404,-0.005297,-0.06775,0.208959,-0.021021,-0.004089,-0.047373,-0.052495,-0.037714,0.055187,-0.096608,0.078963,-0.069378,0.030375,0.059398,-1.147858,0.512804,-0.694638,1.198745,-0.082695,0.130829,0.037514,-1.049635,-0.559071,0.858672,0.782614,0.061647,-0.071849,0.085426
-1.336899,-3.220829,0.780956,0.002092,0.030393,0.021668,0.999301,-0.187149,-0.003001,-0.067928,0.210561,-0.023896,-0.004761,-0.049997,-0.05019,-0.037449,0.059865,-0.097101,0.078764,-0.092024,0.023933,0.060465,-1.140621,0.507528,-0.717818,1.20877,-0.099491,0.06829,-0.098955,-1.020739,-0.57135,0.836007,0.685447,0.051364,-0.070053,0.050639
-1.336239,-3.219165,0.781017,0.001,0.030499,0.019847,0.999337,-0.185715,-0.001802,-0.065386,0.210781,-0.026231,-0.004383,-0.050512,-0.049424,-0.035121,0.060674,-0.095203,0.0794,-0.092167,0.025229,0.057683,-1.116784,0.503567,-0.756306,1.140498,-0.092856,0.039996,-0.139034,-1.007211,-0.595081,0.783389,0.653586,0.045728,-0.064681,0.012883
-1.335502,-3.21756,0.78112,0.000777,0.030563,0.015425,0.999414,-0.182694,-0.00098,-0.058993,0.2101,-0.028472,-0.004086,-0.049259,-0.049359,-0.027661,0.056264,-0.091436,0.079232,-0.069922,0.028083,0.055118,-1.082807,0.50136,-0.780211,1.029115,-0.079925,0.02205,-0.138593,-1.019088,-0.632236,0.739213,0.681311,0.037855,-0.055946,-0.031601
-1.335385,-3.215695,0.781178,0.001012,0.033762,0.010504,0.999374,-0.184614,-0.000895,-0.050954,0.202775,-0.02541,-0.004375,-0.050671,-0.050503,-0.019229,0.038943,-0.078872,0.079618,-0.039295,0.033633,0.05209,-1.053537,0.491377,-0.763901,0.92981,-0.089107,0.019989,-0.146171,-1.075344,-0.680359,0.745168,0.766335,0.030759,-0.047707,-0.066079
-1.335702,-3.213591,0.781433,0.002259,0.035357,0.001053,0.999372,-0.185838,0.000083,-0.030873,0.203663,-0.025048,-0.002719,-0.057034,-0.052316,0.000392,0.033314,-0.067907,0.081177,0.005718,0.040865,0.054062,-1.026222,0.476933,-0.7556,0.836428,-0.090841,0.03627,-0.131739,-1.145762,-0.710406,0.783838,0.902902,0.016552,-0.047564,-0.11686
-1.336448,-3.211672,0.781658,0.003184,0.037641,-0.004233,0.999277,-0.192949,-0.001065,-0.019145,0.208598,-0.023476,0.000214,-0.063911,-0.05498,0.01141,0.028291,-0.059267,0.083739,0.0425,0.050017,0.056326,-1.01244,0.465607,-0.763715,0.769236,-0.092106,0.04463,-0.119564,-1.218887,-0.724022,0.851146,1.057915,0.016337,-0.051484,-0.097435
-1.337438,-3.21025,0.781627,0.003974,0.040271,-0.008361,0.999146,-0.200381,-0.001863,-0.010192,0.21108,-0.021481,0.001453,-0.068633,-0.057196,0.019767,0.017892,-0.050447,0.086004,0.071265,0.055595,0.058265,-1.003424,0.458854,-0.774676,0.718535,-0.102929,0.04817,-0.119363,-1.258964,-0.724845,0.891703,1.177558,0.037102,-0.043637,-0.033027
-1.338231,-3.209319,0.781521,0.004194,0.042805,-0.010653,0.999018,-0.205984,-0.001891,-0.005593,0.20994,-0.020485,0.001953,-0.071998,-0.058166,0.024004,0.007741,-0.043258,0.087447,0.085275,0.056558,0.058133,-1.000208,0.465948,-0.786275,0.677677,-0.106416,0.042118,-0.120257,-1.258527,-0.717879,0.895916,1.223488,0.053018,-0.030847,0.006148
-1.338627,-3.208759,0.781491,0.004181,0.044085,-0.011038,0.998958,-0.207005,-0.002264,-0.004383,0.205356,-0.019305,0.001767,-0.074697,-0.058758,0.025429,0.005233,-0.039997,0.088188,0.079432,0.052252,0.057418,-0.996931,0.48737,-0.789728,0.648292,-0.109455,0.034668,-0.118462,-1.224353,-0.700093,0.88533,1.188172,0.0555,-0.036245,0.021785
-1.33904,-3.208451,0.781522,0.003722,0.04413,-0.0083,0.998984,-0.205659,-0.003344,-0.008264,0.199253,-0.016123,0.001664,-0.077116,-0.059284,0.021605,0.010878,-0.041318,0.089609,0.049029,0.043669,0.057364,-1.006374,0.526606,-0.787246,0.640183,-0.101682,0.027805,-0.107265,-1.155059,-0.674041,0.85109,1.063946,0.053456,-0.053873,0.019253
-1.339294,-3.208698,0.781574,0.003088,0.043488,-0.000459,0.999049,-0.205389,-0.006964,-0.022356,0.195035,-0.01093,0.000993,-0.076492,-0.061016,0.007288,0.019524,-0.047338,0.090141,0.002337,0.033484,0.060038,-1.060433,0.59214,-0.815325,0.66512,-0.039384,0.026,-0.061812,-1.070145,-0.65763,0.827586,0.8604,0.029822,-0.036451,-0.010757
-1.339144,-3.209007,0.78148,0.001014,0.042524,0.00874,0.999057,-0.207218,-0.008674,-0.041137,0.19696,-0.009466,0.000301,-0.071066,-0.060104,-0.011701,0.022859,-0.052018,0.089899,-0.045061,0.028567,0.064069,-1.124548,0.636957,-0.832145,0.754382,0.055097,0.027137,0.004975,-1.002268,-0.651296,0.824466,0.657115,-0.017016,0.034791,-0.01831
-1.339282,-3.209102,0.781521,-0.000245,0.042577,0.012804,0.999011,-0.208651,-0.008745,-0.049772,0.196228,-0.008282,-0.000088,-0.070031,-0.058884,-0.020124,0.024016,-0.052044,0.089192,-0.078049,0.022182,0.06512,-1.162945,0.629722,-0.79864,0.892098,0.07262,0.041518,0.017504,-0.942096,-0.641774,0.801838,0.495739,-0.043747,0.07554,-0.018445
-1.339502,-3.209156,0.781449,-0.000858,0.043488,0.012798,0.998972,-0.209641,-0.007463,-0.051605,0.193402,-0.008158,-0.00187,-0.072883,-0.057402,-0.020799,0.025146,-0.053182,0.087875,-0.097061,0.016004,0.064238,-1.186508,0.606325,-0.753795,1.019922,0.048731,0.044407,-0.013535,-0.896565,-0.639937,0.764274,0.372968,-0.061157,0.098451,-0.037831
-1.339573,-3.208958,0.781432,-0.001165,0.044345,0.011506,0.998949,-0.209291,-0.006136,-0.050711,0.189724,-0.008466,-0.00376,-0.075779,-0.056373,-0.018644,0.025756,-0.052986,0.087485,-0.107097,0.011725,0.062186,-1.196536,0.588565,-0.740742,1.090776,0.007262,0.023028,-0.076516,-0.869057,-0.650081,0.715098,0.292891,-0.075217,0.115899,-0.073004
-1.33956,-3.208639,0.781412,-0.001401,0.044589,0.010353,0.998951,-0.209212,-0.005489,-0.049761,0.189259,-0.009532,-0.003986,-0.07685,-0.055789,-0.016812,0.02587,-0.052692,0.087131,-0.113694,0.010967,0.060533,-1.197784,0.589695,-0.77551,1.081941,-0.004297,-0.001625,-0.10753,-0.866418,-0.663243,0.667976,0.268651,-0.078482,0.119244,-0.101025
-1.339782,-3.208229,0.781405,-0.002082,0.044273,0.009519,0.998972,-0.209931,-0.004031,-0.048625,0.192153,-0.010858,-0.004596,-0.077088,-0.054366,-0.01572,0.026265,-0.050905,0.086537,-0.104444,0.014384,0.059915,-1.211106,0.586599,-0.843728,1.020437,0.01073,-0.034239,-0.11711,-0.892342,-0.683584,0.636629,0.301344,-0.075678,0.117633,-0.139926
-1.340562,-3.207579,0.781318,-0.001792,0.044109,0.00802,0.998993,-0.212032,-0.004722,-0.04543,0.196006,-0.012431,-0.003307,-0.078711,-0.055322,-0.012872,0.026598,-0.050872,0.08644,-0.081568,0.018732,0.060162,-1.233995,0.563446,-0.892801,0.953579,0.046784,-0.071516,-0.116688,-0.966512,-0.694478,0.643035,0.396076,-0.068007,0.102487,-0.208265
-1.341683,-3.206694,0.781119,-0.001737,0.044809,0.005091,0.998981,-0.214942,-0.004164,-0.040175,0.197563,-0.014961,-0.002305,-0.081906,-0.055404,-0.006993,0.023431,-0.047052,0.08708,-0.060586,0.026332,0.06069,-1.241925,0.53022,-0.892869,0.890244,0.056599,-0.121174,-0.145974,-1.096215,-0.689066,0.715406,0.543519,-0.079362,0.089232,-0.224142
-1.34295,-3.205849,0.780967,-0.00097,0.046722,0.00138,0.998906,-0.219173,-0.004335,-0.032668,0.196252,-0.014203,-0.00183,-0.086931,-0.056725,0.000313,0.017036,-0.04141,0.088138,-0.038786,0.033074,0.060745,-1.246724,0.500518,-0.901362,0.820444,0.038359,-0.153021,-0.197813,-1.218952,-0.660211,0.814217,0.705884,-0.08711,0.057473,-0.179474
-1.343907,-3.20546,0.780877,0.000465,0.048632,-0.003657,0.99881,-0.221138,-0.004287,-0.022065,0.192068,-0.012488,-0.001386,-0.092388,-0.058293,0.010475,0.01108,-0.037223,0.08959,-0.015027,0.036881,0.061556,-1.253401,0.485537,-0.919687,0.750621,0.018362,-0.168959,-0.240673,-1.311691,-0.618335,0.922682,0.857231,-0.087747,0.00254,-0.108045
-1.344432,-3.205706,0.780686,0.001039,0.050509,-0.00895,0.998683,-0.223297,-0.001227,-0.012141,0.190058,-0.013488,-0.002406,-0.098742,-0.056598,0.020836,0.008347,-0.033873,0.089393,0.008606,0.039629,0.061177,-1.252378,0.486228,-0.920007,0.685198,0.005858,-0.170363,-0.264841,-1.356046,-0.578448,1.009311,0.963721,-0.067384,-0.04903,-0.009026
-1.344486,-3.206123,0.780765,0.001658,0.050942,-0.01182,0.99863,-0.222535,0.000079,-0.006458,0.188455,-0.013237,-0.001808,-0.100996,-0.055973,0.026528,0.007901,-0.032528,0.089791,0.026462,0.039811,0.060598,-1.235545,0.507444,-0.890877,0.618053,0.002693,-0.162577,-0.262846,-1.355545,-0.559635,1.055414,0.99634,-0.0467,-0.083853,0.068127
-1.344005,-3.20684,0.780856,0.001876,0.049733,-0.014004,0.998663,-0.218706,0.002088,-0.002434,0.189568,-0.014988,-0.001266,-0.099346,-0.054354,0.030725,0.009575,-0.03279,0.089667,0.031928,0.038491,0.057921,-1.191955,0.565154,-0.83859,0.538673,0.007537,-0.15095,-0.237871,-1.330522,-0.561608,1.072172,0.94495,-0.045007,-0.098988,0.107633
-1.3428,-3.207604,0.780873,0.001956,0.047034,-0.015257,0.998775,-0.211113,0.003877,0.000531,0.191642,-0.018809,-0.000665,-0.093735,-0.052859,0.033515,0.013581,-0.037033,0.089548,0.020689,0.037082,0.054954,-1.114793,0.667977,-0.760342,0.441302,0.034846,-0.119534,-0.185252,-1.284545,-0.5891,1.043771,0.812729,-0.064944,-0.076317,0.115221
-1.340829,-3.208644,0.780801,0.001733,0.044773,-0.016237,0.998864,-0.202767,0.006468,0.002001,0.192449,-0.023672,-0.001881,-0.087165,-0.050437,0.035306,0.016417,-0.04139,0.088495,0.000793,0.035762,0.054462,-1.007838,0.81976,-0.672651,0.330697,0.106672,-0.044371,-0.076931,-1.202829,-0.637512,0.94016,0.625697,-0.092085,-0.014024,0.10627
-1.338652,-3.20978,0.780853,0.002002,0.043335,-0.01689,0.998916,-0.197156,0.007934,0.003293,0.194977,-0.027126,-0.00249,-0.081497,-0.049153,0.036553,0.018003,-0.045117,0.087211,-0.010588,0.032833,0.05124,-0.891339,0.951686,-0.598373,0.296273,0.162599,0.018681,0.031479,-1.075349,-0.698413,0.77885,0.427967,-0.112724,0.053812,0.067055
-1.335862,-3.210749,0.78095,0.002151,0.042181,-0.015674,0.998985,-0.193121,0.00804,0.001127,0.199934,-0.032118,-0.002864,-0.074112,-0.048842,0.034365,0.01844,-0.049588,0.087382,-0.009275,0.030473,0.046776,-0.753069,0.990454,-0.502662,0.338703,0.135286,0.070716,0.107997,-0.910223,-0.761008,0.587154,0.254978,-0.124643,0.121599,-0.009134
-1.33356,-3.211675,0.780976,0.001885,0.041226,-0.011237,0.999085,-0.192184,0.006933,-0.006845,0.206283,-0.035475,-0.002889,-0.066532,-0.049048,0.02565,0.018986,-0.055268,0.087554,-0.005274,0.028789,0.043549,-0.618889,0.954305,-0.391098,0.376751,0.044884,0.136073,0.156545,-0.739496,-0.80995,0.399594,0.151464,-0.126471,0.163725,-0.102241
-1.331576,-3.212268,0.780958,0.001165,0.039707,-0.004003,0.999203,-0.191239,0.004308,-0.020354,0.212283,-0.0389,-0.002121,-0.057797,-0.04987,0.011622,0.021429,-0.06221,0.088411,-0.001734,0.028773,0.043416,-0.521686,0.905417,-0.304924,0.36591,-0.014075,0.197314,0.242947,-0.578375,-0.838881,0.226147,0.123439,-0.124674,0.183753,-0.217021
-1.329902,-3.212612,0.781091,0.000746,0.038857,0.004348,0.999235,-0.190001,-0.000089,-0.035741,0.212647,-0.037976,-0.001388,-0.051256,-0.052067,-0.004483,0.025151,-0.068367,0.088671,0.000018,0.027454,0.042088,-0.468146,0.850148,-0.252628,0.339854,-0.029455,0.239716,0.312794,-0.450077,-0.838439,0.088022,0.163944,-0.109321,0.201332,-0.358638
-1.329028,-3.212631,0.781105,0.000285,0.037693,0.012573,0.99921,-0.18965,-0.004836,-0.051163,0.214117,-0.037412,-0.000349,-0.044832,-0.054405,-0.020447,0.028101,-0.073213,0.088919,0.001882,0.026273,0.041863,-0.45004,0.754357,-0.203288,0.329887,-0.038494,0.261948,0.356479,-0.375274,-0.804026,0.001023,0.236746,-0.064374,0.247323,-0.478409
-1.329065,-3.212404,0.78113,0.000516,0.035971,0.020044,0.999152,-0.188231,-0.011031,-0.064934,0.213704,-0.034945,0.000814,-0.037891,-0.058374,-0.034993,0.02944,-0.077836,0.089316,-0.002185,0.02496,0.043539,-0.451729,0.621578,-0.16725,0.324354,-0.05703,0.269412,0.404179,-0.359236,-0.74071,-0.010323,0.293321,-0.007774,0.295067,-0.567066
-1.32961,-3.212131,0.781067,0.000393,0.034115,0.023384,0.999144,-0.185494,-0.013425,-0.071504,0.21302,-0.033884,0.000662,-0.032442,-0.059803,-0.041918,0.028942,-0.079392,0.088896,-0.012913,0.026083,0.044036,-0.471054,0.509569,-0.192314,0.317159,-0.068872,0.278029,0.445154,-0.398035,-0.678913,0.082525,0.309665,0.011455,0.325055,-0.56085
-1.330321,-3.211787,0.78097,-0.000065,0.032236,0.023124,0.999213,-0.181271,-0.012486,-0.071254,0.211566,-0.034547,0.000211,-0.029796,-0.059149,-0.042084,0.030193,-0.079771,0.088642,-0.027837,0.028029,0.043227,-0.512278,0.436528,-0.274697,0.322398,-0.057453,0.269156,0.412912,-0.466508,-0.628501,0.230161,0.297908,-0.031901,0.32231,-0.469464
-1.330964,-3.211842,0.780796,-0.00047,0.02973,0.021534,0.999326,-0.175802,-0.010203,-0.068397,0.211583,-0.037027,-0.001341,-0.02761,-0.057412,-0.03953,0.034304,-0.081961,0.08741,-0.040954,0.03005,0.044603,-0.557688,0.421312,-0.366945,0.316158,-0.006845,0.278059,0.30321,-0.534023,-0.617633,0.361358,0.261816,-0.105464,0.320795,-0.362869
-1.331183,-3.211649,0.780543,-0.000701,0.028015,0.01873,0.999432,-0.174144,-0.007901,-0.06278,0.217889,-0.04257,-0.000765,-0.029813,-0.056082,-0.033682,0.044296,-0.087159,0.087661,-0.045418,0.032008,0.050777,-0.578594,0.459651,-0.409257,0.279675,0.053925,0.267587,0.243758,-0.544219,-0.648974,0.379016,0.201201,-0.160318,0.323261,-0.315211
-1.330482,-3.211775,0.78069,-0.000711,0.027288,0.022137,0.999382,-0.17077,-0.00997,-0.069351,0.214068,-0.039553,-0.001214,-0.022929,-0.057073,-0.040323,0.038616,-0.085694,0.087518,-0.055783,0.032114,0.045604,-0.535653,0.512493,-0.390162,0.227226,0.074304,0.270768,0.243224,-0.466828,-0.677594,0.305747,0.133723,-0.161902,0.34104,-0.341063
-1.328917,-3.21181,0.780815,-0.000492,0.027133,0.02268,0.999374,-0.167879,-0.01076,-0.070543,0.213499,-0.041405,-0.000497,-0.020626,-0.057715,-0.041533,0.04019,-0.088516,0.087358,-0.057552,0.033577,0.044803,-0.4463,0.585901,-0.333723,0.162298,0.070264,0.287834,0.258955,-0.350117,-0.732784,0.210608,0.065969,-0.129279,0.34608,-0.38646
-1.327211,-3.211661,0.780683,-0.000282,0.027361,0.021034,0.999404,-0.164992,-0.010336,-0.067635,0.213161,-0.044858,0.000031,-0.01995,-0.057787,-0.038473,0.041698,-0.091981,0.087941,-0.054564,0.035591,0.044783,-0.33153,0.645052,-0.265513,0.120158,0.04062,0.3115,0.291031,-0.230403,-0.805724,0.147455,0.024703,-0.091384,0.342524,-0.448544
-1.325418,-3.211557,0.78075,0.000152,0.027543,0.018624,0.999447,-0.16154,-0.009777,-0.062795,0.212566,-0.048029,-0.000001,-0.019775,-0.057978,-0.033547,0.044004,-0.095064,0.087584,-0.047767,0.035805,0.042849,-0.21107,0.632673,-0.195519,0.099864,-0.055347,0.36529,0.395871,-0.126655,-0.822509,0.114735,0.021116,0.011072,0.355073,-0.582021
-1.324486,-3.211306,0.781141,0.000688,0.027573,0.016358,0.999486,-0.15969,-0.009854,-0.057974,0.212993,-0.048634,0.002006,-0.019937,-0.058596,-0.028908,0.044893,-0.095226,0.087025,-0.039612,0.034473,0.039882,-0.12954,0.538592,-0.144858,0.088886,-0.205896,0.389276,0.592985,-0.067606,-0.758711,0.111542,0.0266,0.134424,0.370018,-0.696706
-1.325051,-3.210849,0.781137,0.001173,0.026719,0.014735,0.999534,-0.159515,-0.010617,-0.054459,0.21619,-0.049921,0.002367,-0.021116,-0.059834,-0.025931,0.048356,-0.098227,0.086956,-0.034994,0.035514,0.037637,-0.102627,0.421326,-0.153629,0.081774,-0.305187,0.343912,0.760429,-0.069426,-0.669294,0.166604,0.035193,0.178505,0.356858,-0.698637
-1.326073,-3.210783,0.780907,0.001067,0.02471,0.01489,0.999583,-0.158905,-0.010543,-0.054476,0.221741,-0.054438,0.003041,-0.019197,-0.059697,-0.026651,0.051309,-0.101419,0.086372,-0.039898,0.037595,0.038282,-0.120657,0.319849,-0.224816,0.098845,-0.359576,0.309053,0.801018,-0.112983,-0.556469,0.26501,0.06173,0.176936,0.308435,-0.597924
-1.326836,-3.2105,0.780345,0.000508,0.023342,0.01618,0.999596,-0.159482,-0.010545,-0.056455,0.226934,-0.060185,0.002913,-0.015043,-0.059364,-0.02943,0.048796,-0.103989,0.087798,-0.047611,0.03656,0.044224,-0.13848,0.193437,-0.285554,0.133471,-0.406343,0.260978,0.715433,-0.147619,-0.453652,0.334232,0.069254,0.175403,0.240232,-0.479728
-1.32727,-3.210248,0.780004,-0.000195,0.022077,0.018057,0.999593,-0.15961,-0.01063,-0.060048,0.231123,-0.064819,0.00356,-0.009522,-0.058781,-0.033077,0.044233,-0.104278,0.089545,-0.051257,0.034755,0.048896,-0.121459,0.101072,-0.315296,0.137011,-0.467902,0.200637,0.706958,-0.155141,-0.420167,0.334689,0.037766,0.166034,0.227224,-0.474555
-1.327331,-3.210247,0.780303,-0.000183,0.022029,0.019213,0.999573,-0.158865,-0.011462,-0.062232,0.228823,-0.062789,0.004824,-0.008523,-0.059253,-0.035104,0.043177,-0.102908,0.089677,-0.051493,0.033935,0.047265,-0.094751,0.090272,-0.321837,0.119769,-0.505561,0.183146,0.726725,-0.131111,-0.416443,0.298375,0.009982,0.176443,0.228821,-0.507727
-1.32699,-3.210481,0.780662,-0.00007,0.022172,0.019158,0.999571,-0.156836,-0.01128,-0.062187,0.224833,-0.060291,0.005316,-0.009962,-0.059111,-0.034967,0.046225,-0.103216,0.087955,-0.04983,0.034118,0.045949,-0.039302,0.126951,-0.336256,0.083081,-0.531633,0.187746,0.733264,-0.08569,-0.430279,0.261114,-0.004554,0.216134,0.240972,-0.542606
-1.326212,-3.210346,0.780413,-0.000141,0.022421,0.018312,0.999581,-0.155179,-0.010658,-0.060647,0.223628,-0.063302,0.004198,-0.011878,-0.058856,-0.033495,0.050872,-0.108179,0.088054,-0.045294,0.03352,0.04565,0.023535,0.149659,-0.336396,0.060606,-0.570995,0.196753,0.745976,-0.022519,-0.431442,0.227026,0.001429,0.290091,0.260102,-0.593907
-1.325271,-3.210148,0.779994,-0.00041,0.022015,0.017782,0.999599,-0.154829,-0.009876,-0.059468,0.228533,-0.069836,0.002719,-0.013342,-0.058412,-0.032538,0.058924,-0.115946,0.088948,-0.042365,0.030821,0.048319,0.098407,0.10792,-0.330874,0.052071,-0.657802,0.203386,0.77436,0.039936,-0.382913,0.200896,0.03082,0.437638,0.281302,-0.694249
-1.324344,-3.209848,0.780044,-0.000872,0.021316,0.018774,0.999596,-0.154618,-0.009994,-0.061384,0.233872,-0.073931,0.003835,-0.011942,-0.058171,-0.034418,0.063513,-0.118628,0.088373,-0.042711,0.032555,0.051322,0.154272,0.031152,-0.311487,0.064261,-0.706817,0.16205,0.838542,0.093154,-0.278287,0.176416,0.06894,0.606832,0.269279,-0.813433
-1.323982,-3.209448,0.779958,-0.000966,0.019616,0.017296,0.999658,-0.153884,-0.009525,-0.057996,0.242798,-0.080474,0.005296,-0.012268,-0.057985,-0.031598,0.07259,-0.123793,0.087361,-0.039449,0.035001,0.055878,0.182598,-0.072892,-0.309029,0.079475,-0.732515,0.133743,0.893324,0.119165,-0.163982,0.172686,0.099374,0.700963,0.243047,-0.891206
-1.324474,-3.209337,0.779946,-0.000959,0.019123,0.017028,0.999672,-0.154426,-0.009633,-0.057706,0.244884,-0.080524,0.006354,-0.013208,-0.058053,-0.031222,0.075097,-0.124682,0.086509,-0.038613,0.032104,0.056719,0.192763,-0.139644,-0.327182,0.08672,-0.750728,0.112467,0.902041,0.123857,-0.106135,0.196271,0.103462,0.722293,0.216198,-0.906609
-1.325152,-3.209108,0.779605,-0.001299,0.01857,0.015488,0.999707,-0.154852,-0.008202,-0.054912,0.24785,-0.084744,0.004309,-0.015046,-0.057165,-0.028387,0.078291,-0.126409,0.087245,-0.040596,0.035331,0.05888,0.189571,-0.185665,-0.388513,0.087448,-0.745803,0.086143,0.860855,0.108253,-0.050824,0.248422,0.10022,0.717377,0.186609,-0.889211
-1.325982,-3.209263,0.77946,-0.001385,0.018683,0.014095,0.999725,-0.156403,-0.006924,-0.052426,0.248966,-0.084882,0.00468,-0.016971,-0.056208,-0.025777,0.077966,-0.126057,0.087155,-0.042069,0.040084,0.058032,0.169682,-0.202583,-0.443767,0.089893,-0.736327,0.063628,0.818954,0.085382,0.004003,0.29669,0.092878,0.715553,0.162892,-0.84216
-1.32657,-3.20959,0.779631,-0.001642,0.020897,0.013784,0.999685,-0.158683,-0.005711,-0.053143,0.241689,-0.081428,0.003019,-0.019835,-0.054926,-0.025651,0.070555,-0.120541,0.086022,-0.041151,0.037585,0.05051,0.123238,-0.16741,-0.452186,0.085299,-0.728965,0.04766,0.779831,0.046976,0.002515,0.318424,0.081265,0.709173,0.144939,-0.797564
-1.327297,-3.209422,0.779739,-0.001481,0.02113,0.011696,0.999707,-0.157414,-0.004843,-0.049225,0.237105,-0.079127,0.00306,-0.020911,-0.054681,-0.021467,0.067216,-0.117457,0.086315,-0.036527,0.037964,0.039,0.035741,-0.087463,-0.410303,0.1011,-0.681381,0.073059,0.73386,-0.022113,-0.051865,0.305585,0.082094,0.637044,0.132909,-0.739438
-1.328225,-3.20965,0.779881,-0.001337,0.019565,0.010834,0.999749,-0.153667,-0.004132,-0.047336,0.234456,-0.077048,0.003101,-0.018869,-0.054235,-0.0197,0.066538,-0.115701,0.085602,-0.033482,0.035745,0.030191,-0.078368,0.038192,-0.33533,0.140856,-0.61422,0.156328,0.667678,-0.113675,-0.160943,0.267814,0.104485,0.530859,0.147104,-0.657658
-1.328863,-3.209636,0.779943,-0.001569,0.016633,0.011494,0.999794,-0.14789,-0.004021,-0.048913,0.234093,-0.077518,0.002606,-0.012348,-0.053956,-0.021176,0.065603,-0.115344,0.085991,-0.035059,0.034236,0.025319,-0.165604,0.154104,-0.280178,0.191776,-0.562787,0.250656,0.553383,-0.208137,-0.283457,0.233255,0.141905,0.434116,0.182094,-0.561321
-1.329112,-3.209548,0.779918,-0.001366,0.014491,0.011736,0.999825,-0.144194,-0.004797,-0.049051,0.235797,-0.078174,0.002493,-0.007678,-0.054641,-0.02148,0.065664,-0.115926,0.086645,-0.035334,0.03242,0.020747,-0.225743,0.217142,-0.244383,0.2493,-0.523013,0.29191,0.441275,-0.285633,-0.34256,0.197501,0.191013,0.387895,0.207223,-0.464845
-1.329287,-3.209749,0.779965,-0.001627,0.012845,0.011432,0.999851,-0.141634,-0.003636,-0.048418,0.237959,-0.079229,0.0025,-0.005617,-0.053515,-0.020792,0.068376,-0.117032,0.085615,-0.033919,0.030781,0.016787,-0.278228,0.234846,-0.214112,0.306247,-0.513071,0.319159,0.312292,-0.353381,-0.346007,0.161664,0.250777,0.382113,0.217578,-0.367189
-1.329523,-3.209738,0.779867,-0.001972,0.011902,0.011605,0.99986,-0.140828,-0.002923,-0.048531,0.239964,-0.080838,0.003686,-0.005368,-0.052828,-0.021127,0.07176,-0.118413,0.086455,-0.031872,0.030193,0.013168,-0.329437,0.245302,-0.203056,0.356192,-0.481653,0.322243,0.17165,-0.414835,-0.354965,0.150578,0.309333,0.364484,0.22214,-0.270192
-1.329533,-3.209664,0.779802,-0.002331,0.010822,0.012304,0.999863,-0.139387,-0.002674,-0.049781,0.241812,-0.083166,0.003751,-0.004068,-0.052338,-0.022466,0.074807,-0.119814,0.086183,-0.029609,0.02818,0.011172,-0.373048,0.244421,-0.20804,0.392067,-0.467692,0.32949,0.10115,-0.46336,-0.376631,0.177266,0.35644,0.329411,0.232813,-0.191046
-1.329194,-3.209681,0.779715,-0.002742,0.008928,0.01397,0.999859,-0.137235,-0.002807,-0.052841,0.246258,-0.085725,0.004288,-0.001063,-0.052003,-0.025576,0.080361,-0.123645,0.086218,-0.027812,0.027486,0.012107,-0.426422,0.236638,-0.226588,0.438141,-0.44654,0.341788,0.074783,-0.501927,-0.376831,0.223338,0.399395,0.306755,0.258526,-0.134275
-1.328773,-3.209626,0.779585,-0.003062,0.006247,0.014845,0.999866,-0.136738,-0.002942,-0.054185,0.258607,-0.092426,0.005014,-0.000597,-0.051746,-0.027036,0.094856,-0.131819,0.085835,-0.024054,0.028171,0.017973,-0.467108,0.197803,-0.259923,0.469115,-0.425165,0.347732,0.052219,-0.521434,-0.334912,0.273959,0.422325,0.306785,0.270012,-0.095642
-1.328055,-3.209434,0.779454,-0.003222,0.004934,0.017488,0.99983,-0.136615,-0.004633,-0.05886,0.264896,-0.095206,0.005001,0.000992,-0.052739,-0.03215,0.102922,-0.138246,0.085424,-0.025657,0.030267,0.021783,-0.497458,0.179574,-0.297611,0.480065,-0.410413,0.358476,0.019352,-0.534833,-0.303166,0.306338,0.423269,0.318566,0.258746,-0.036957
-1.327172,-3.209291,0.779438,-0.003128,0.004208,0.019608,0.999794,-0.135583,-0.006424,-0.062706,0.26729,-0.095956,0.0054,0.002317,-0.053944,-0.036175,0.108468,-0.141953,0.085258,-0.027334,0.030894,0.021527,-0.505071,0.179947,-0.32601,0.466938,-0.398784,0.365559,0.006806,-0.567372,-0.324628,0.331621,0.412163,0.294555,0.239353,-0.020441
-1.326302,-3.208802,0.779525,-0.003055,0.004145,0.01934,0.9998,-0.133202,-0.007313,-0.062726,0.265526,-0.095474,0.006317,0.001964,-0.05485,-0.036296,0.111954,-0.142898,0.084765,-0.023182,0.030885,0.018453,-0.500109,0.197589,-0.343056,0.448206,-0.389063,0.36993,0.029796,-0.643603,-0.418721,0.376087,0.408211,0.19302,0.213517,-0.034111
-1.325568,-3.208344,0.779618,-0.003045,0.005026,0.01581,0.999858,-0.132271,-0.005821,-0.056971,0.263973,-0.094881,0.006076,0.000059,-0.054215,-0.030477,0.110498,-0.140904,0.084732,-0.010123,0.034224,0.017246,-0.467983,0.188239,-0.346111,0.4174,-0.420296,0.402701,0.075098,-0.737873,-0.480905,0.420549,0.435409,0.134013,0.188786,-0.066269
-1.325438,-3.207968,0.779991,-0.002875,0.008839,0.008689,0.999919,-0.135169,-0.002106,-0.044,0.256495,-0.088725,0.006328,-0.004744,-0.052221,-0.017515,0.094957,-0.128534,0.084355,0.003891,0.039272,0.01824,-0.387497,0.182563,-0.359108,0.324402,-0.545437,0.451392,0.220522,-0.876533,-0.523771,0.494894,0.508584,0.090058,0.12275,-0.102795
-1.324896,-3.207716,0.780262,-0.002645,0.012366,-0.00236,0.999917,-0.139326,0.004217,-0.023739,0.257584,-0.088989,0.005741,-0.011648,-0.048602,0.003569,0.082815,-0.116504,0.084287,0.024245,0.042926,0.024364,-0.242762,0.160047,-0.415766,0.190492,-0.716364,0.422063,0.465753,-1.016827,-0.538712,0.585944,0.58821,0.049773,0.047632,-0.105034
-1.32422,-3.207618,0.780628,-0.002382,0.01637,-0.01389,0.999767,-0.145589,0.010963,-0.002367,0.261419,-0.088672,0.006786,-0.019262,-0.044724,0.025494,0.069803,-0.102257,0.084985,0.054272,0.045623,0.030384,-0.08713,0.142653,-0.518021,0.075887,-0.839507,0.324712,0.683458,-1.150921,-0.555335,0.697632,0.665153,0.002909,-0.002583,-0.074591
-1.323379,-3.207858,0.780706,-0.002002,0.019928,-0.022922,0.999537,-0.15231,0.016577,0.014928,0.267543,-0.090815,0.007725,-0.025563,-0.041588,0.043419,0.059346,-0.092728,0.0858,0.088979,0.044111,0.039769,0.069106,0.120534,-0.650643,-0.01922,-0.933065,0.272407,0.789292,-1.259245,-0.563994,0.796259,0.739245,-0.029656,-0.043146,-0.026093
-1.322595,-3.207985,0.780762,-0.001417,0.022852,-0.025854,0.999403,-0.160026,0.017782,0.021684,0.2737,-0.090728,0.008992,-0.029125,-0.04161,0.049864,0.051506,-0.085815,0.087402,0.114644,0.036712,0.051899,0.206927,0.066855,-0.774146,-0.065218,-0.992379,0.219457,0.80916,-1.340661,-0.569371,0.876694,0.79572,-0.060019,-0.068621,0.004242
-1.322494,-3.208046,0.780804,-0.001354,0.024796,-0.023195,0.999422,-0.17016,0.01646,0.017724,0.282789,-0.089154,0.010521,-0.031118,-0.042691,0.045554,0.04825,-0.081528,0.089098,0.129104,0.028995,0.063844,0.304094,0.008524,-0.88084,-0.090053,-1.019227,0.164864,0.792703,-1.408062,-0.57294,0.960411,0.84929,-0.101498,-0.090116,0.022164
-1.323305,-3.207645,0.780932,-0.001329,0.027292,-0.016224,0.999495,-0.181974,0.01133,0.005678,0.286669,-0.083237,0.01198,-0.034227,-0.046085,0.033285,0.04607,-0.079654,0.091553,0.130422,0.025726,0.072853,0.350643,-0.042394,-0.96099,-0.087009,-1.022981,0.110185,0.760379,-1.443838,-0.562832,1.019763,0.900466,-0.112927,-0.112291,0.064506
-1.323598,-3.207644,0.780771,-0.001592,0.029723,-0.008906,0.999517,-0.191011,0.007123,-0.007027,0.287172,-0.079254,0.011127,-0.037337,-0.048482,0.019374,0.046962,-0.081911,0.092061,0.125324,0.023154,0.077532,0.372458,-0.095256,-1.019014,-0.070269,-1.022294,0.05658,0.726959,-1.45891,-0.544708,1.062666,0.946868,-0.099947,-0.12874,0.153735
-1.323693,-3.207382,0.780614,-0.002269,0.031558,-0.0009,0.999499,-0.196364,0.002617,-0.021643,0.283479,-0.076489,0.010974,-0.038811,-0.050712,0.003422,0.049058,-0.086093,0.093547,0.114043,0.022858,0.077202,0.367486,-0.150064,-1.029573,-0.048557,-0.997535,-0.004416,0.724835,-1.4517,-0.534626,1.0749,0.960469,-0.069953,-0.14094,0.281166
-1.323618,-3.207452,0.780701,-0.002858,0.033498,0.007025,0.99941,-0.200053,-0.001167,-0.034974,0.27676,-0.072066,0.010194,-0.040468,-0.052403,-0.010998,0.050711,-0.087568,0.093423,0.093328,0.023604,0.071725,0.332297,-0.17872,-1.003093,-0.0339,-0.967666,-0.040688,0.727848,-1.436855,-0.538757,1.063488,0.936139,-0.048264,-0.147446,0.342697
-1.323053,-3.20756,0.780722,-0.003326,0.034706,0.014629,0.999285,-0.200998,-0.00549,-0.049733,0.269398,-0.068143,0.009885,-0.040278,-0.054332,-0.026006,0.053673,-0.091263,0.093419,0.067103,0.025525,0.065054,0.293475,-0.184468,-0.968219,-0.007767,-0.934043,-0.067123,0.747202,-1.41721,-0.553632,1.042149,0.89405,-0.038597,-0.143992,0.370719
-1.322376,-3.207925,0.780851,-0.003469,0.035581,0.019278,0.999175,-0.20016,-0.008151,-0.059427,0.262293,-0.064141,0.009545,-0.040658,-0.055595,-0.035778,0.056981,-0.094516,0.09375,0.043867,0.026241,0.060918,0.25777,-0.166382,-0.948515,0.026063,-0.915766,-0.074913,0.76769,-1.403104,-0.566614,1.023433,0.856217,-0.045517,-0.12861,0.359533
-1.32163,-3.208132,0.780851,-0.003428,0.035927,0.019326,0.999162,-0.197821,-0.008179,-0.060594,0.257871,-0.062555,0.008727,-0.041754,-0.055636,-0.037081,0.060206,-0.097127,0.093708,0.035461,0.025693,0.060192,0.232989,-0.152358,-0.941151,0.049772,-0.926434,-0.066537,0.774516,-1.389512,-0.56939,1.005371,0.835331,-0.051031,-0.114784,0.334641
-1.320962,-3.20835,0.780919,-0.00328,0.03549,0.016745,0.999224,-0.19463,-0.006323,-0.056161,0.256871,-0.062893,0.008283,-0.042111,-0.054545,-0.032603,0.062799,-0.098098,0.092741,0.03808,0.025269,0.058159,0.207114,-0.148898,-0.908273,0.04805,-0.93712,-0.060614,0.775307,-1.358331,-0.571712,0.967647,0.818774,-0.033929,-0.111972,0.334454
-1.320137,-3.208404,0.780996,-0.003315,0.032926,0.01371,0.999358,-0.188148,-0.003732,-0.050271,0.260258,-0.066035,0.007255,-0.037871,-0.052929,-0.026372,0.066103,-0.100519,0.091201,0.038673,0.025747,0.050012,0.171412,-0.145729,-0.815347,0.033649,-0.926078,-0.050904,0.789469,-1.297328,-0.606408,0.895185,0.765378,-0.014486,-0.11242,0.326905
-1.319062,-3.20854,0.78097,-0.003745,0.028365,0.013785,0.999496,-0.180427,-0.002585,-0.050808,0.269245,-0.072842,0.009515,-0.027253,-0.051506,-0.026351,0.069515,-0.105052,0.091296,0.042459,0.025237,0.04179,0.066579,-0.087016,-0.650189,0.045855,-0.907177,0.051255,0.812352,-1.166125,-0.686392,0.755701,0.641319,-0.022548,-0.05564,0.241178
-1.317771,-3.209332,0.781041,-0.002894,0.023678,0.017089,0.999569,-0.171519,-0.0057,-0.056895,0.274823,-0.074158,0.009903,-0.014939,-0.053409,-0.032369,0.073658,-0.11061,0.090588,0.040151,0.020738,0.033593,-0.085624,0.06144,-0.484256,0.09248,-0.871021,0.237004,0.737481,-1.000777,-0.731274,0.596619,0.54323,-0.012316,0.032711,0.100537
-1.316628,-3.209913,0.781193,-0.001949,0.019582,0.021661,0.999572,-0.161826,-0.009975,-0.065016,0.274309,-0.072201,0.010346,-0.004396,-0.056414,-0.040482,0.079323,-0.115936,0.090847,0.030501,0.015387,0.026358,-0.206721,0.198503,-0.388798,0.151556,-0.775408,0.372843,0.631803,-0.8471,-0.724332,0.450498,0.493185,0.022368,0.10897,-0.017222
-1.315802,-3.210365,0.781129,-0.002088,0.015975,0.023358,0.999597,-0.156514,-0.010137,-0.068192,0.281704,-0.076342,0.01062,-0.000357,-0.056084,-0.043667,0.09308,-0.125346,0.09004,0.022511,0.017489,0.023799,-0.312645,0.282085,-0.354101,0.202601,-0.642331,0.442786,0.544915,-0.735131,-0.689443,0.345241,0.471811,0.044813,0.165363,-0.098149
-1.315566,-3.210766,0.780986,-0.001745,0.014075,0.024951,0.999588,-0.154204,-0.011583,-0.07141,0.285361,-0.078428,0.010666,0.003007,-0.056929,-0.047329,0.097955,-0.130083,0.089226,0.012993,0.013312,0.022633,-0.414302,0.348291,-0.351147,0.265279,-0.519168,0.472397,0.442388,-0.650152,-0.642872,0.265562,0.458248,0.061104,0.20018,-0.138908
-1.315521,-3.210851,0.780757,-0.001838,0.013209,0.025461,0.999587,-0.153485,-0.011691,-0.072925,0.287702,-0.079576,0.009334,0.005571,-0.056639,-0.048565,0.097765,-0.131441,0.088237,0.002889,0.012886,0.022842,-0.490169,0.376585,-0.378649,0.319269,-0.440829,0.458608,0.385027,-0.594889,-0.580759,0.220777,0.462901,0.083509,0.219,-0.147431
-1.315895,-3.210724,0.780769,-0.001661,0.013023,0.024567,0.999612,-0.153733,-0.011817,-0.071509,0.288502,-0.079305,0.009011,0.006086,-0.056905,-0.046677,0.095933,-0.130652,0.08732,-0.004345,0.01404,0.023529,-0.550895,0.38092,-0.432331,0.378146,-0.377537,0.397466,0.320416,-0.556925,-0.503303,0.209652,0.473138,0.129583,0.21134,-0.127264
-1.316324,-3.210282,0.78081,-0.001418,0.013563,0.022668,0.99965,-0.154662,-0.011894,-0.068025,0.287942,-0.079051,0.009024,0.004104,-0.057459,-0.043284,0.094609,-0.129834,0.086001,-0.009633,0.015664,0.025864,-0.58934,0.36582,-0.484708,0.422862,-0.349046,0.31961,0.241557,-0.534227,-0.445306,0.226176,0.474313,0.173753,0.184177,-0.081051
-1.316863,-3.209535,0.78085,-0.001288,0.014214,0.020603,0.999686,-0.155316,-0.011866,-0.063827,0.286087,-0.078326,0.009697,0.001191,-0.058188,-0.039297,0.093956,-0.128312,0.086255,-0.015533,0.016562,0.028825,-0.607457,0.361636,-0.507999,0.440899,-0.343231,0.295365,0.186297,-0.51652,-0.432493,0.238786,0.451693,0.182419,0.169984,-0.059044
-1.317279,-3.208818,0.781047,-0.000732,0.016834,0.02118,0.999634,-0.157308,-0.01449,-0.064787,0.275767,-0.070327,0.009456,-0.000139,-0.060742,-0.040311,0.082837,-0.120558,0.086768,-0.024253,0.015473,0.024842,-0.621687,0.378321,-0.477614,0.459858,-0.330693,0.277782,0.13247,-0.488168,-0.467852,0.227632,0.40917,0.157896,0.164852,-0.095968
-1.317398,-3.208045,0.781179,-0.000614,0.017379,0.019058,0.999667,-0.15744,-0.01443,-0.060455,0.274342,-0.068524,0.010198,-0.002188,-0.061403,-0.036158,0.081875,-0.118406,0.087076,-0.028847,0.015725,0.022754,-0.619619,0.382697,-0.425998,0.503156,-0.302262,0.27277,0.079527,-0.460787,-0.498982,0.220012,0.392562,0.127617,0.164248,-0.197393
-1.31748,-3.207391,0.781248,-0.000668,0.016947,0.016856,0.999714,-0.156897,-0.013794,-0.055756,0.276577,-0.069437,0.011483,-0.004265,-0.061421,-0.031786,0.085593,-0.118091,0.087332,-0.032654,0.015757,0.02286,-0.617464,0.353984,-0.369087,0.587582,-0.293818,0.235284,-0.005319,-0.4533,-0.484388,0.21931,0.427471,0.142609,0.165122,-0.249193
-1.317881,-3.207121,0.781145,-0.000727,0.016038,0.014665,0.999764,-0.15649,-0.01265,-0.051741,0.280217,-0.070851,0.011799,-0.005546,-0.060865,-0.027499,0.089226,-0.120125,0.087165,-0.035148,0.014363,0.026269,-0.616684,0.29855,-0.329546,0.656337,-0.319661,0.192573,-0.065944,-0.471781,-0.438438,0.242012,0.482408,0.168878,0.150505,-0.243967
-1.318417,-3.206724,0.78115,-0.000746,0.014429,0.011989,0.999824,-0.154861,-0.011443,-0.046523,0.284494,-0.072193,0.012279,-0.005442,-0.060283,-0.022081,0.092442,-0.120383,0.08652,-0.039829,0.013832,0.03369,-0.615343,0.250442,-0.328894,0.677046,-0.340181,0.126494,-0.075615,-0.508759,-0.384638,0.289349,0.526797,0.182528,0.117546,-0.198996
-1.319073,-3.206476,0.781003,-0.001119,0.014962,0.0093,0.999844,-0.156702,-0.00927,-0.041765,0.285678,-0.073906,0.011439,-0.008034,-0.058693,-0.01688,0.090834,-0.119204,0.085498,-0.040871,0.014378,0.038516,-0.605858,0.209629,-0.345882,0.656388,-0.363075,0.043593,-0.055909,-0.540835,-0.338489,0.33266,0.536532,0.18765,0.043911,-0.139304
-1.319786,-3.206688,0.780935,-0.00114,0.015944,0.007733,0.999842,-0.159088,-0.007899,-0.039143,0.284879,-0.073568,0.011491,-0.010073,-0.05768,-0.01386,0.086831,-0.117223,0.085088,-0.036166,0.01279,0.039731,-0.600957,0.193537,-0.349722,0.617902,-0.355406,-0.005417,-0.010849,-0.557426,-0.331831,0.356834,0.501455,0.176593,0.002957,-0.125194
-1.320228,-3.206715,0.781073,-0.00108,0.016671,0.008425,0.999825,-0.15982,-0.008287,-0.039971,0.281309,-0.071586,0.011051,-0.010973,-0.057987,-0.014582,0.084394,-0.114324,0.085288,-0.034349,0.012032,0.038393,-0.585088,0.21493,-0.349793,0.566772,-0.328901,-0.030752,0.057159,-0.551985,-0.362936,0.356054,0.445917,0.151218,-0.01167,-0.15217
-1.319988,-3.206764,0.781108,-0.001025,0.01727,0.01112,0.999788,-0.159355,-0.009879,-0.044297,0.276565,-0.0695,0.010566,-0.010044,-0.059057,-0.019066,0.08282,-0.114309,0.085844,-0.035444,0.012071,0.035581,-0.560587,0.254742,-0.343639,0.524936,-0.30932,-0.02032,0.11884,-0.525439,-0.394285,0.317439,0.411003,0.143908,-0.010556,-0.18374
-1.319611,-3.207118,0.780997,-0.000822,0.017761,0.014923,0.999731,-0.159645,-0.012179,-0.050589,0.273479,-0.068113,0.010168,-0.008948,-0.060519,-0.025845,0.083125,-0.11676,0.087366,-0.036833,0.011334,0.033251,-0.540817,0.319601,-0.3535,0.49813,-0.287946,-0.002807,0.165509,-0.485093,-0.434063,0.278901,0.38441,0.146144,-0.000881,-0.215927
-1.319118,-3.207785,0.780903,-0.000817,0.01783,0.018882,0.999662,-0.160139,-0.013932,-0.058288,0.272848,-0.068174,0.01141,-0.007721,-0.061065,-0.033435,0.085664,-0.120222,0.087838,-0.035562,0.011374,0.031329,-0.530414,0.392959,-0.377393,0.485423,-0.254467,0.023005,0.187064,-0.440989,-0.462835,0.243348,0.374392,0.157422,0.014317,-0.240591
-1.318802,-3.208483,0.780939,-0.000681,0.017914,0.022013,0.999597,-0.16362,-0.015668,-0.064434,0.278019,-0.068269,0.012445,-0.007243,-0.061695,-0.040011,0.088337,-0.122918,0.08796,-0.031241,0.009931,0.0283,-0.527657,0.428692,-0.380778,0.495486,-0.222087,0.086663,0.165747,-0.402206,-0.478155,0.218225,0.369876,0.167483,0.028085,-0.291823
-1.318483,-3.208823,0.78086,-0.000588,0.017332,0.023192,0.999581,-0.163349,-0.01622,-0.066509,0.280456,-0.06962,0.012609,-0.00565,-0.061855,-0.042411,0.090111,-0.125734,0.088081,-0.026904,0.008191,0.026983,-0.527959,0.42565,-0.361694,0.51523,-0.214214,0.209135,0.043449,-0.381368,-0.500101,0.224707,0.367775,0.148252,0.032023,-0.321358
-1.318489,-3.209137,0.780681,-0.000828,0.017108,0.023743,0.999571,-0.163855,-0.015682,-0.068066,0.282159,-0.070493,0.011779,-0.004542,-0.060971,-0.043342,0.089456,-0.125411,0.087609,-0.023731,0.009432,0.025743,-0.535455,0.426777,-0.354559,0.521147,-0.15629,0.343798,-0.090565,-0.373494,-0.516237,0.252228,0.36267,0.126229,0.039094,-0.324477
-1.318377,-3.20944,0.78075,-0.000307,0.017104,0.024432,0.999555,-0.162774,-0.016845,-0.06923,0.279689,-0.068235,0.011559,-0.002054,-0.061898,-0.044508,0.085492,-0.124405,0.08753,-0.023966,0.010435,0.024697,-0.533299,0.418445,-0.352836,0.518319,-0.111091,0.409287,-0.156696,-0.372761,-0.506553,0.275274,0.355123,0.119919,0.033775,-0.297496
-1.318512,-3.209551,0.780709,-0.000315,0.016585,0.022713,0.999604,-0.164278,-0.015441,-0.065215,0.286047,-0.071173,0.011809,-0.004625,-0.061144,-0.040702,0.091784,-0.128205,0.08696,-0.02142,0.011547,0.027299,-0.522877,0.386126,-0.349631,0.512551,-0.119988,0.395683,-0.134494,-0.384235,-0.490421,0.293904,0.343695,0.095364,0.026207,-0.283099
-1.318816,-3.209568,0.780599,-0.000272,0.017039,0.024299,0.999559,-0.166353,-0.016705,-0.06825,0.286198,-0.071019,0.011915,-0.004519,-0.061844,-0.043655,0.090181,-0.12901,0.087672,-0.021435,0.012638,0.02643,-0.517109,0.356832,-0.343911,0.509467,-0.155117,0.363929,-0.077366,-0.379568,-0.483374,0.281199,0.326089,0.074551,0.008039,-0.317478
-1.318894,-3.209719,0.780553,-0.000187,0.017235,0.026755,0.999493,-0.168098,-0.018428,-0.07265,0.286807,-0.070021,0.012253,-0.003722,-0.062776,-0.048231,0.089843,-0.12988,0.08818,-0.021573,0.013481,0.02462,-0.513876,0.341516,-0.342071,0.500733,-0.180985,0.325854,0.007981,-0.365255,-0.468696,0.24474,0.320963,0.064519,-0.005716,-0.415837
-1.318966,-3.209795,0.780417,-0.000405,0.016723,0.028477,0.999454,-0.168179,-0.01904,-0.075975,0.288095,-0.070812,0.011999,-0.002765,-0.062861,-0.051593,0.091845,-0.13163,0.088559,-0.021364,0.01599,0.022491,-0.518276,0.338425,-0.343937,0.509476,-0.184261,0.279905,0.081019,-0.357971,-0.468283,0.22772,0.336912,0.055153,-0.017228,-0.521015
-1.318789,-3.209804,0.780475,-0.000592,0.016065,0.029068,0.999448,-0.167044,-0.018956,-0.076983,0.288944,-0.070672,0.011335,-0.0021,-0.062617,-0.052692,0.094639,-0.131935,0.088354,-0.022569,0.016528,0.020667,-0.516807,0.309358,-0.332115,0.539674,-0.211177,0.25829,0.10748,-0.365288,-0.464519,0.233925,0.379574,0.063775,-0.01602,-0.572813
-1.318776,-3.209818,0.780408,-0.000309,0.015566,0.028592,0.99947,-0.165307,-0.019378,-0.076557,0.288247,-0.071669,0.012509,-0.001682,-0.063077,-0.052029,0.095944,-0.13459,0.088045,-0.022299,0.016502,0.019056,-0.513145,0.259357,-0.313896,0.573845,-0.251919,0.221656,0.090503,-0.379567,-0.440169,0.240719,0.427172,0.086483,-0.011997,-0.562919
-1.319054,-3.209976,0.780424,0.000183,0.015128,0.027849,0.999498,-0.165143,-0.019794,-0.074643,0.289342,-0.071023,0.012877,-0.00098,-0.063717,-0.050574,0.095139,-0.134611,0.088226,-0.021353,0.018181,0.01931,-0.518189,0.227013,-0.312904,0.592388,-0.261687,0.178354,0.074089,-0.393689,-0.395237,0.235622,0.464327,0.114006,-0.017741,-0.518331
-1.319299,-3.210233,0.780396,0.000161,0.014629,0.025726,0.999562,-0.163385,-0.017941,-0.071396,0.288959,-0.072203,0.012355,-0.000217,-0.062423,-0.046819,0.09318,-0.133283,0.087113,-0.019932,0.020214,0.020279,-0.519312,0.193568,-0.306044,0.602837,-0.271266,0.11926,0.058964,-0.404165,-0.335319,0.220512,0.493649,0.150186,-0.028055,-0.454852
-1.319397,-3.210663,0.780515,0.000385,0.014298,0.024482,0.999598,-0.161638,-0.01695,-0.068879,0.287196,-0.071398,0.01187,0.000884,-0.06167,-0.044112,0.09073,-0.130274,0.086005,-0.019941,0.021861,0.021034,-0.522783,0.166963,-0.298929,0.611778,-0.282218,0.05182,0.064992,-0.411295,-0.277452,0.201493,0.522358,0.192908,-0.035919,-0.379631
-1.319646,-3.210585,0.780508,0.000691,0.014426,0.022999,0.999631,-0.160638,-0.01668,-0.066059,0.284874,-0.070696,0.012272,0.000276,-0.062026,-0.041351,0.089248,-0.12994,0.086713,-0.019963,0.02408,0.021587,-0.521033,0.156624,-0.29938,0.612349,-0.290103,0.02254,0.06216,-0.415761,-0.233369,0.17954,0.550317,0.236359,-0.037535,-0.309232
-1.319813,-3.210921,0.780595,0.000844,0.014856,0.021819,0.999651,-0.160641,-0.015637,-0.063601,0.283187,-0.069985,0.011254,-0.001843,-0.061437,-0.03928,0.089705,-0.129099,0.085958,-0.018432,0.025754,0.020659,-0.51441,0.155442,-0.294236,0.611624,-0.301852,0.020936,0.033328,-0.414148,-0.201259,0.146732,0.574004,0.281189,-0.026048,-0.243503
-1.31981,-3.211122,0.780655,0.000728,0.014887,0.022038,0.999646,-0.15994,-0.015157,-0.064425,0.28175,-0.069346,0.010672,-0.002557,-0.060917,-0.039485,0.090996,-0.128291,0.085927,-0.016117,0.028119,0.018653,-0.506724,0.154648,-0.278863,0.615902,-0.313864,0.022717,0.032615,-0.408142,-0.188934,0.11177,0.598459,0.317876,-0.010389,-0.190737
-1.319582,-3.210928,0.780537,0.000521,0.014907,0.023664,0.999609,-0.160141,-0.016045,-0.067507,0.281924,-0.071775,0.012261,-0.001737,-0.06135,-0.04252,0.091583,-0.129853,0.086609,-0.01453,0.029796,0.016705,-0.489531,0.128838,-0.249831,0.619287,-0.352559,0.040013,0.029108,-0.398818,-0.180425,0.07739,0.627308,0.354513,0.004882,-0.133526
-1.319199,-3.210496,0.78048,0.000594,0.014114,0.024904,0.99959,-0.159574,-0.017593,-0.069023,0.284934,-0.073253,0.012978,-0.000374,-0.062683,-0.044637,0.095166,-0.13206,0.087505,-0.014882,0.031352,0.016105,-0.45767,0.050965,-0.195085,0.621773,-0.445,0.075048,-0.005417,-0.389643,-0.135198,0.022394,0.666733,0.426312,0.016964,-0.059214
-1.318698,-3.209959,0.780463,0.000926,0.013472,0.025884,0.999574,-0.158275,-0.01981,-0.070461,0.286194,-0.073522,0.013995,0.001554,-0.064631,-0.046751,0.097071,-0.135235,0.087903,-0.018046,0.037153,0.014464,-0.434412,-0.024685,-0.145386,0.623557,-0.52968,0.094281,-0.043163,-0.381241,-0.057457,-0.045193,0.703915,0.531558,0.016448,0.016904
-1.318187,-3.209535,0.780335,0.001312,0.013172,0.026865,0.999551,-0.156273,-0.021884,-0.072004,0.284619,-0.073662,0.014763,0.003865,-0.066576,-0.04875,0.096579,-0.137697,0.088909,-0.021197,0.044341,0.009917,-0.432815,-0.025819,-0.145776,0.62999,-0.543973,0.119378,-0.061446,-0.37695,-0.034814,-0.071136,0.731647,0.58754,0.014678,0.065205
-1.317804,-3.209235,0.780375,0.001695,0.012334,0.027038,0.999557,-0.153906,-0.023315,-0.071893,0.284762,-0.073807,0.015295,0.006713,-0.067959,-0.04899,0.096272,-0.138392,0.089907,-0.018291,0.044329,0.006603,-0.437169,0.009179,-0.167082,0.629995,-0.522413,0.12954,-0.064691,-0.374084,-0.066997,-0.054388,0.745703,0.579625,0.005556,0.083548
-1.317665,-3.208934,0.780277,0.002134,0.011238,0.026661,0.999579,-0.151313,-0.024318,-0.070327,0.285344,-0.073805,0.015046,0.009345,-0.069286,-0.048276,0.096263,-0.139059,0.090081,-0.016559,0.046447,0.003647,-0.443036,0.047148,-0.19297,0.630519,-0.484747,0.136616,-0.060994,-0.373021,-0.098766,-0.028655,0.745428,0.545491,-0.003165,0.075179
-1.317734,-3.2087,0.780276,0.002283,0.009774,0.025543,0.999623,-0.147726,-0.024095,-0.068196,0.285587,-0.074329,0.015072,0.011317,-0.069508,-0.046092,0.097877,-0.139478,0.089458,-0.01635,0.048697,0.001595,-0.452108,0.087332,-0.221841,0.634094,-0.436467,0.151072,-0.052002,-0.375577,-0.128266,0.013085,0.730537,0.494811,-0.016732,0.039882
-1.318083,-3.208502,0.780289,0.002637,0.007495,0.023114,0.999701,-0.143333,-0.02373,-0.063715,0.287801,-0.075602,0.016221,0.012962,-0.069789,-0.041552,0.102155,-0.1412,0.089327,-0.016194,0.050434,0.000612,-0.471907,0.13496,-0.253235,0.638119,-0.370734,0.114645,0.007081,-0.380628,-0.15616,0.074911,0.698819,0.427663,-0.03433,-0.047248
-1.318426,-3.208199,0.780185,0.002832,0.005553,0.021265,0.999754,-0.139328,-0.023059,-0.059172,0.289047,-0.075938,0.014664,0.014906,-0.06998,-0.037776,0.104618,-0.142377,0.089204,-0.019006,0.050153,-0.000415,-0.487069,0.163195,-0.282881,0.650702,-0.330162,0.076991,0.086169,-0.396525,-0.186141,0.140862,0.66797,0.35981,-0.064746,-0.131317
-1.318823,-3.208103,0.780128,0.002613,0.003676,0.019314,0.999803,-0.134674,-0.021516,-0.056709,0.288861,-0.077047,0.013077,0.017272,-0.068798,-0.034146,0.105435,-0.142156,0.088233,-0.019165,0.050738,-0.002245,-0.506682,0.182743,-0.311779,0.67143,-0.289674,0.011589,0.18139,-0.420773,-0.221868,0.209635,0.645224,0.281247,-0.115519,-0.236909
-1.319266,-3.207694,0.779998,0.002459,0.002586,0.017991,0.999832,-0.132005,-0.020904,-0.054364,0.288147,-0.078639,0.012952,0.019089,-0.068564,-0.031884,0.104188,-0.141579,0.088797,-0.020465,0.050749,-0.004666,-0.522102,0.195152,-0.330859,0.672447,-0.251978,-0.057683,0.246086,-0.448487,-0.246771,0.262529,0.621199,0.232832,-0.154637,-0.305579
-1.319875,-3.207419,0.77997,0.002288,0.001202,0.016561,0.99986,-0.129555,-0.019992,-0.051851,0.288806,-0.078886,0.014281,0.02056,-0.068061,-0.029237,0.104446,-0.140869,0.088801,-0.022285,0.050537,-0.005198,-0.520501,0.201109,-0.342768,0.631456,-0.22559,-0.104814,0.292208,-0.480067,-0.274512,0.306959,0.582171,0.189246,-0.183456,-0.347229
-1.320484,-3.207289,0.78012,0.002549,0.001381,0.01693,0.999852,-0.127821,-0.020896,-0.052706,0.282279,-0.074555,0.013476,0.0235,-0.068914,-0.030127,0.095446,-0.135226,0.089156,-0.026277,0.048515,-0.010097,-0.52337,0.229526,-0.354933,0.558166,-0.193011,-0.158052,0.346835,-0.514249,-0.319419,0.344379,0.529402,0.151785,-0.20906,-0.378189
-1.320877,-3.207402,0.780047,0.002565,0.000275,0.015494,0.999877,-0.124787,-0.01965,-0.04931,0.281151,-0.074836,0.012601,0.025426,-0.068197,-0.027406,0.094273,-0.135844,0.088655,-0.024395,0.047167,-0.012848,-0.534119,0.262153,-0.367674,0.475931,-0.142675,-0.206949,0.404448,-0.543901,-0.36401,0.373301,0.464208,0.116186,-0.228196,-0.408767
-1.321444,-3.207482,0.779927,0.002314,-0.0009,0.014417,0.999893,-0.122322,-0.018147,-0.04746,0.28121,-0.077779,0.011538,0.026569,-0.067026,-0.02507,0.094743,-0.136426,0.088316,-0.020701,0.046228,-0.015711,-0.56088,0.299892,-0.376648,0.400231,-0.102566,-0.237134,0.442657,-0.578294,-0.410103,0.391903,0.401934,0.091801,-0.242667,-0.429781
-1.322335,-3.207648,0.779661,0.001787,-0.001595,0.014174,0.999897,-0.122458,-0.016429,-0.047078,0.282491,-0.079818,0.009773,0.026038,-0.065431,-0.024348,0.096287,-0.137438,0.088289,-0.020063,0.045707,-0.019212,-0.603045,0.341906,-0.380624,0.337963,-0.069067,-0.257175,0.470034,-0.620074,-0.449777,0.401203,0.344598,0.077308,-0.253839,-0.441995
-1.32346,-3.207943,0.779629,0.001401,-0.00217,0.014146,0.999897,-0.122874,-0.015163,-0.047576,0.282739,-0.080585,0.009048,0.024759,-0.064026,-0.024173,0.098236,-0.137569,0.087523,-0.021258,0.044323,-0.022629,-0.650184,0.376005,-0.372864,0.290579,-0.045481,-0.270301,0.489358,-0.666526,-0.482483,0.400281,0.294456,0.057115,-0.263594,-0.461822
-1.324615,-3.208172,0.779644,0.001039,-0.002853,0.01386,0.999899,-0.122324,-0.013869,-0.047718,0.281864,-0.080837,0.008966,0.0232,-0.062712,-0.023675,0.100849,-0.137711,0.086675,-0.021087,0.043477,-0.024325,-0.691165,0.396929,-0.352896,0.257646,-0.027718,-0.2799,0.506239,-0.705213,-0.507798,0.392182,0.254588,0.032847,-0.268134,-0.487874
-1.325812,-3.208596,0.7796,0.000922,-0.003565,0.013328,0.999904,-0.121635,-0.012582,-0.046683,0.280641,-0.08115,0.008127,0.021612,-0.061672,-0.022668,0.103488,-0.139565,0.086154,-0.020564,0.038871,-0.024056,-0.719926,0.408819,-0.330868,0.235026,-0.020175,-0.277988,0.514678,-0.719562,-0.515325,0.372031,0.233859,0.020397,-0.263016,-0.508436
-1.327056,-3.209483,0.779499,0.00032,-0.004456,0.012772,0.999908,-0.121683,-0.009426,-0.046593,0.281745,-0.083299,0.006206,0.019454,-0.058647,-0.021675,0.107831,-0.141268,0.084085,-0.019667,0.03211,-0.021777,-0.72817,0.417804,-0.313897,0.221794,-0.020896,-0.242045,0.517977,-0.696947,-0.490749,0.332962,0.237582,0.040003,-0.24234,-0.509063
-1.327973,-3.210733,0.779464,-0.000847,-0.005036,0.012844,0.999904,-0.121427,-0.004998,-0.048023,0.281678,-0.087287,0.004783,0.018759,-0.053962,-0.021835,0.109188,-0.140686,0.083655,-0.021264,0.023421,-0.020423,-0.710839,0.41714,-0.309764,0.23292,-0.044611,-0.194713,0.47527,-0.648088,-0.44841,0.30009,0.262518,0.072061,-0.228908,-0.480978
-1.328645,-3.212002,0.77946,-0.002266,-0.005254,0.011716,0.999915,-0.119721,0.000811,-0.047751,0.278516,-0.090249,0.002981,0.016794,-0.048328,-0.020169,0.110951,-0.139717,0.082192,-0.023492,0.016684,-0.018875,-0.671271,0.40167,-0.309724,0.265252,-0.062844,-0.180547,0.445413,-0.594039,-0.412798,0.292945,0.28464,0.08962,-0.210135,-0.458194
-1.329274,-3.213105,0.779419,-0.003269,-0.005254,0.008972,0.999941,-0.117202,0.00659,-0.04365,0.274069,-0.092353,0.000787,0.013541,-0.043217,-0.015385,0.113145,-0.139439,0.079844,-0.022785,0.01012,-0.016628,-0.62393,0.385202,-0.316789,0.305654,-0.080697,-0.172939,0.413459,-0.543398,-0.389557,0.299751,0.287775,0.079768,-0.192917,-0.457525
-1.329833,-3.213944,0.779369,-0.003681,-0.005021,0.006251,0.999961,-0.115869,0.010552,-0.039385,0.270828,-0.093495,-0.000561,0.010623,-0.039846,-0.010329,0.113861,-0.139137,0.077792,-0.020287,0.004032,-0.01468,-0.572375,0.350717,-0.313065,0.334604,-0.104565,-0.165133,0.397648,-0.492517,-0.353153,0.286871,0.26767,0.059406,-0.172558,-0.49358
-1.330332,-3.214301,0.779325,-0.003762,-0.004454,0.004869,0.999971,-0.116404,0.01214,-0.037399,0.268898,-0.093742,-0.000988,0.009344,-0.038539,-0.00772,0.111198,-0.138458,0.077117,-0.017512,-0.002183,-0.01433,-0.530406,0.29815,-0.295605,0.329184,-0.14754,-0.15418,0.38269,-0.44748,-0.298598,0.249591,0.225218,0.047939,-0.143818,-0.553471
-1.331078,-3.214527,0.7792,-0.003836,-0.004916,0.00437,0.999971,-0.116496,0.012982,-0.036588,0.269392,-0.094439,-0.00152,0.009891,-0.037788,-0.006813,0.109632,-0.137746,0.076839,-0.013042,-0.005036,-0.013571,-0.522624,0.278309,-0.27898,0.290734,-0.133702,-0.160747,0.396557,-0.425266,-0.258893,0.230481,0.175368,0.041941,-0.1314,-0.602987
-1.331963,-3.214413,0.779125,-0.00421,-0.00548,0.004103,0.999968,-0.116385,0.013781,-0.036331,0.269458,-0.094341,-0.002079,0.010336,-0.036948,-0.006134,0.108373,-0.136165,0.076642,-0.009923,-0.006183,-0.014134,-0.529087,0.271689,-0.265433,0.244233,-0.113736,-0.167723,0.416613,-0.432862,-0.261549,0.241062,0.131466,0.021511,-0.136815,-0.632027
-1.332802,-3.213879,0.779161,-0.004513,-0.005585,0.003991,0.999966,-0.117172,0.013794,-0.035993,0.269001,-0.093063,-0.001692,0.009508,-0.036949,-0.005683,0.107757,-0.133934,0.076982,-0.011057,-0.005696,-0.017901,-0.539276,0.282227,-0.263074,0.218174,-0.089765,-0.18355,0.438476,-0.458088,-0.293275,0.274795,0.100927,-0.012808,-0.150752,-0.661707
-1.333511,-3.2135,0.77926,-0.004463,-0.006436,0.004731,0.999958,-0.115504,0.012792,-0.037029,0.266775,-0.091642,-0.001485,0.009936,-0.037915,-0.007038,0.109361,-0.134397,0.076912,-0.016678,-0.006187,-0.026593,-0.567663,0.314311,-0.287284,0.304379,-0.060514,-0.217342,0.433451,-0.499399,-0.339826,0.332858,0.133566,-0.067726,-0.169793,-0.712291
-1.333908,-3.213094,0.779074,-0.004793,-0.009096,0.006429,0.999926,-0.111344,0.011974,-0.040027,0.2687,-0.094753,-0.001831,0.014102,-0.038378,-0.010075,0.114024,-0.13881,0.077376,-0.023046,-0.008764,-0.031205,-0.598349,0.291986,-0.311246,0.498028,-0.175416,-0.151,0.319181,-0.546591,-0.357397,0.404708,0.258141,-0.050656,-0.162992,-0.68831
-1.334337,-3.212743,0.778822,-0.005286,-0.010866,0.007128,0.999902,-0.1094,0.012174,-0.041313,0.271602,-0.098017,-0.002018,0.01536,-0.038153,-0.012378,0.11956,-0.142858,0.077632,-0.028373,-0.011454,-0.023437,-0.583315,0.250652,-0.289193,0.551206,-0.2579,-0.161859,0.305634,-0.566377,-0.32844,0.431751,0.362439,0.009627,-0.15867,-0.629514
-1.335111,-3.212475,0.778638,-0.005937,-0.012201,0.00478,0.999897,-0.107735,0.014491,-0.037825,0.27414,-0.100542,-0.00106,0.013682,-0.036128,-0.008491,0.124865,-0.143449,0.077495,-0.022204,-0.011059,-0.011738,-0.563754,0.270626,-0.276063,0.437749,-0.200901,-0.219285,0.357742,-0.544185,-0.313018,0.396386,0.329213,0.002808,-0.183371,-0.638535
-1.335602,-3.21233,0.778892,-0.006167,-0.010627,0.001418,0.999924,-0.107869,0.017071,-0.031462,0.268074,-0.098351,-0.001571,0.007335,-0.034304,-0.001451,0.125641,-0.139965,0.076218,-0.011455,-0.009389,-0.010295,-0.528302,0.291358,-0.258676,0.325703,-0.108959,-0.239015,0.419795,-0.497177,-0.312406,0.350687,0.231196,-0.055013,-0.207824,-0.688215
-1.336043,-3.211884,0.779116,-0.006206,-0.008915,0.003347,0.999935,-0.111658,0.015406,-0.034458,0.264836,-0.095789,-0.001172,0.005448,-0.035557,-0.004456,0.121659,-0.137376,0.076642,-0.000727,-0.008865,-0.021986,-0.518984,0.291095,-0.293476,0.373396,-0.13898,-0.179736,0.353683,-0.460704,-0.32682,0.341712,0.214394,-0.077274,-0.204709,-0.689725
-1.336356,-3.211132,0.778909,-0.006962,-0.010552,0.008199,0.999886,-0.111603,0.012957,-0.043171,0.268197,-0.098158,-0.000468,0.011242,-0.036915,-0.013684,0.121174,-0.138738,0.078477,-0.009201,-0.007762,-0.018601,-0.504843,0.263452,-0.306893,0.426953,-0.220387,-0.12901,0.342595,-0.462618,-0.32319,0.369686,0.287118,-0.016999,-0.181511,-0.624322
-1.337077,-3.21006,0.778713,-0.00727,-0.012025,0.010781,0.999843,-0.110768,0.01043,-0.047581,0.269569,-0.098757,0.000542,0.012418,-0.038878,-0.018275,0.126007,-0.141069,0.078578,-0.015116,-0.0053,-0.008437,-0.498773,0.27117,-0.299513,0.376689,-0.202984,-0.161562,0.382453,-0.451272,-0.314324,0.362857,0.295541,0.014322,-0.178183,-0.60949
-1.337821,-3.209009,0.778595,-0.007228,-0.012409,0.011237,0.999834,-0.110009,0.008524,-0.04787,0.267467,-0.097986,0.001534,0.009903,-0.040804,-0.019037,0.131112,-0.142542,0.079383,-0.017308,0.000772,-0.003389,-0.495648,0.29311,-0.276617,0.293361,-0.14025,-0.20155,0.418899,-0.432176,-0.320093,0.330374,0.215302,-0.014382,-0.197841,-0.640834
-1.338094,-3.208262,0.778729,-0.007096,-0.010241,0.012386,0.999846,-0.113453,0.006416,-0.04977,0.262582,-0.094807,0.002192,0.00397,-0.042775,-0.020885,0.133216,-0.142183,0.079402,-0.011507,0.006695,-0.011072,-0.494365,0.3058,-0.281484,0.27604,-0.10993,-0.195265,0.407023,-0.413662,-0.348282,0.305897,0.140733,-0.071545,-0.215691,-0.679395
-1.338608,-3.207314,0.778771,-0.007461,-0.010417,0.014905,0.999807,-0.114503,0.004249,-0.054185,0.262286,-0.094095,0.003393,0.006011,-0.044415,-0.025729,0.130736,-0.140927,0.081115,-0.010645,0.009639,-0.018632,-0.51309,0.305793,-0.314999,0.367471,-0.156952,-0.148307,0.329378,-0.424072,-0.379491,0.317692,0.162436,-0.080329,-0.206041,-0.665272
-1.33888,-3.206491,0.778644,-0.007699,-0.012263,0.016994,0.999751,-0.111996,0.002314,-0.057788,0.263801,-0.095975,0.003738,0.011003,-0.045996,-0.029607,0.130654,-0.142497,0.082628,-0.019563,0.013019,-0.015639,-0.527436,0.296427,-0.336025,0.451852,-0.223819,-0.087005,0.322292,-0.459115,-0.379897,0.354644,0.266987,-0.018757,-0.180937,-0.599491
-1.339417,-3.205665,0.778507,-0.007758,-0.012781,0.016603,0.99975,-0.112633,0.00127,-0.057149,0.266107,-0.096414,0.005011,0.009664,-0.047069,-0.028995,0.133875,-0.143184,0.083423,-0.0232,0.014777,-0.006054,-0.537828,0.312273,-0.343297,0.428464,-0.216906,-0.114746,0.352201,-0.474833,-0.367162,0.366131,0.326513,0.032288,-0.166927,-0.565585
-1.340474,-3.205299,0.778625,-0.007606,-0.012523,0.01412,0.999793,-0.11419,0.001772,-0.05277,0.266166,-0.094228,0.006126,0.004459,-0.046996,-0.024404,0.13743,-0.141378,0.082535,-0.022809,0.017651,0.004107,-0.541661,0.336519,-0.328152,0.342127,-0.167387,-0.160674,0.377334,-0.470896,-0.370486,0.354886,0.272949,0.024977,-0.184247,-0.580465
-1.341121,-3.204969,0.778861,-0.007531,-0.009884,0.011962,0.999851,-0.118847,0.002553,-0.048584,0.262484,-0.090631,0.005956,-0.002817,-0.046764,-0.019813,0.135584,-0.137252,0.08245,-0.01411,0.019992,0.004064,-0.535171,0.340581,-0.310381,0.272712,-0.125067,-0.171984,0.389983,-0.451689,-0.381883,0.323701,0.190537,-0.026101,-0.200768,-0.621978
-1.341802,-3.204651,0.779002,-0.007734,-0.006403,0.012621,0.99987,-0.127758,0.002042,-0.04976,0.261383,-0.087081,0.006253,-0.008739,-0.047077,-0.020803,0.129458,-0.13201,0.08296,-0.012203,0.020284,-0.00517,-0.53345,0.338962,-0.316013,0.290009,-0.111295,-0.158327,0.364273,-0.439947,-0.381355,0.309203,0.182366,-0.053077,-0.190487,-0.633396
-1.342224,-3.204372,0.77898,-0.007885,-0.006964,0.013199,0.999858,-0.127104,0.001607,-0.050647,0.26109,-0.08725,0.006503,-0.005632,-0.047389,-0.021904,0.125113,-0.130517,0.084423,-0.019352,0.021951,-0.004926,-0.53571,0.320897,-0.328716,0.388787,-0.15723,-0.088183,0.35166,-0.45174,-0.354035,0.335075,0.2696,-0.00424,-0.167591,-0.590197
-1.342339,-3.204166,0.778943,-0.007714,-0.006948,0.01264,0.999866,-0.127482,0.00125,-0.049309,0.261834,-0.086936,0.007471,-0.007877,-0.047957,-0.020897,0.128839,-0.131707,0.084401,-0.026641,0.018789,0.006051,-0.505315,0.243314,-0.296347,0.440649,-0.269493,-0.040232,0.399838,-0.455892,-0.307308,0.352215,0.340717,0.073245,-0.150523,-0.551898
-1.343084,-3.204265,0.778969,-0.007509,-0.006536,0.011656,0.999883,-0.129657,0.001421,-0.047774,0.262472,-0.085343,0.007731,-0.012278,-0.047892,-0.018987,0.132384,-0.131167,0.083771,-0.026147,0.017611,0.01846,-0.489938,0.240024,-0.277748,0.372414,-0.248773,-0.084991,0.439301,-0.445671,-0.296221,0.326513,0.299268,0.072004,-0.163971,-0.565617
-1.343432,-3.204298,0.779208,-0.007686,-0.002905,0.009847,0.999918,-0.13754,0.002952,-0.04479,0.261113,-0.081434,0.007571,-0.022145,-0.046598,-0.01552,0.132247,-0.127107,0.082051,-0.016734,0.019806,0.018466,-0.481233,0.275526,-0.268255,0.27497,-0.152538,-0.119987,0.48137,-0.417464,-0.305571,0.270492,0.200149,0.004715,-0.178606,-0.626784
-1.343894,-3.204582,0.779465,-0.0077,-0.000869,0.009567,0.999924,-0.142336,0.0036,-0.044324,0.259761,-0.078694,0.007374,-0.025144,-0.045955,-0.014771,0.126818,-0.123152,0.082201,-0.008519,0.019575,0.00919,-0.472111,0.26679,-0.273669,0.272928,-0.15755,-0.110085,0.43035,-0.398385,-0.30608,0.249644,0.173561,-0.005724,-0.168603,-0.631722
-1.343685,-3.204871,0.779366,-0.007825,-0.001793,0.010954,0.999908,-0.141483,0.003396,-0.046743,0.262054,-0.079608,0.006954,-0.02063,-0.045861,-0.017416,0.124034,-0.123501,0.082908,-0.010128,0.019009,0.00584,-0.4844,0.264224,-0.29999,0.342651,-0.192969,-0.091333,0.419722,-0.416254,-0.31197,0.274014,0.232438,0.016387,-0.156674,-0.616538
-1.343496,-3.205104,0.779236,-0.007704,-0.002993,0.011408,0.999901,-0.14018,0.003115,-0.047623,0.265351,-0.081451,0.00676,-0.01833,-0.04609,-0.018395,0.126167,-0.126083,0.083554,-0.01384,0.016207,0.010442,-0.486978,0.245131,-0.300158,0.370287,-0.237995,-0.081785,0.426188,-0.443268,-0.302108,0.299278,0.303565,0.066586,-0.135031,-0.578085
-1.343356,-3.205366,0.779048,-0.00772,-0.003463,0.011103,0.999903,-0.140559,0.003634,-0.047237,0.268866,-0.08299,0.006712,-0.019538,-0.045588,-0.017977,0.130937,-0.12836,0.083436,-0.012971,0.015828,0.016984,-0.490217,0.250708,-0.287874,0.28985,-0.215615,-0.110753,0.44368,-0.444987,-0.286784,0.28792,0.280634,0.089806,-0.136025,-0.567895
-1.343077,-3.205948,0.779247,-0.007462,-0.002862,0.010603,0.999912,-0.141317,0.004223,-0.046488,0.268512,-0.081135,0.006286,-0.020811,-0.04499,-0.017021,0.130949,-0.127321,0.08135,-0.007107,0.01682,0.016623,-0.498334,0.29391,-0.280673,0.187399,-0.123288,-0.137047,0.479259,-0.431857,-0.313828,0.267824,0.18305,0.02216,-0.162146,-0.609314
-1.342427,-3.206417,0.77941,-0.007129,-0.00222,0.012178,0.999898,-0.142268,0.003093,-0.04944,0.268006,-0.079276,0.006483,-0.018569,-0.045729,-0.019954,0.12684,-0.126786,0.081795,-0.000931,0.017654,0.005034,-0.511889,0.321534,-0.293902,0.183121,-0.091569,-0.137882,0.39393,-0.423876,-0.339646,0.262864,0.141224,-0.017133,-0.15743,-0.611034
-1.34165,-3.206815,0.779305,-0.006898,-0.00504,0.013892,0.999867,-0.135072,0.002225,-0.052313,0.268039,-0.081528,0.005155,-0.009794,-0.046396,-0.023322,0.126551,-0.130579,0.082414,-0.005638,0.018022,0.000308,-0.527041,0.323959,-0.314374,0.25714,-0.121425,-0.116319,0.324599,-0.446182,-0.342045,0.293167,0.192935,0.002883,-0.151849,-0.562989
-1.340647,-3.207174,0.77917,-0.00666,-0.007615,0.015084,0.999835,-0.129389,0.001468,-0.054247,0.271024,-0.084713,0.005022,-0.004589,-0.046908,-0.025537,0.132584,-0.13643,0.081897,-0.014504,0.017508,0.001984,-0.531626,0.31129,-0.323482,0.330569,-0.169556,-0.092653,0.280759,-0.47692,-0.336223,0.334489,0.277027,0.041137,-0.139833,-0.51485
-1.340004,-3.207567,0.779041,-0.006293,-0.008201,0.015251,0.99983,-0.129207,0.000985,-0.054508,0.275287,-0.086517,0.005763,-0.005101,-0.047324,-0.025966,0.138736,-0.140875,0.081818,-0.015152,0.01633,0.006717,-0.51882,0.290619,-0.309704,0.320493,-0.186746,-0.098959,0.299285,-0.479409,-0.323542,0.339609,0.29957,0.066099,-0.135718,-0.495384
-1.339617,-3.208088,0.779011,-0.006023,-0.008291,0.014986,0.999835,-0.128664,0.001281,-0.054237,0.27582,-0.086581,0.005336,-0.00573,-0.04703,-0.025487,0.141392,-0.142756,0.080856,-0.011368,0.015875,0.007978,-0.511236,0.304072,-0.307298,0.278286,-0.149059,-0.115396,0.357834,-0.463406,-0.338229,0.33109,0.251003,0.033977,-0.15597,-0.513642
-1.339072,-3.208565,0.779218,-0.005651,-0.007466,0.015334,0.999839,-0.129399,0.000916,-0.054929,0.274623,-0.084977,0.005519,-0.005004,-0.047281,-0.026055,0.138116,-0.14217,0.08051,-0.004444,0.014646,-0.000087,-0.502252,0.294698,-0.311884,0.28313,-0.146812,-0.107986,0.376876,-0.449704,-0.362279,0.322072,0.225872,-0.006881,-0.156557,-0.518877
-1.338406,-3.208976,0.779268,-0.005348,-0.008491,0.016158,0.999819,-0.126208,0.000363,-0.056299,0.274462,-0.085175,0.005366,-0.000081,-0.047675,-0.027639,0.13585,-0.142769,0.080853,-0.006498,0.013967,-0.003955,-0.497964,0.287396,-0.319614,0.320647,-0.163846,-0.104274,0.374824,-0.452242,-0.362532,0.33164,0.253471,0.004803,-0.145921,-0.493811
-1.337628,-3.209353,0.779129,-0.005046,-0.009058,0.016236,0.999814,-0.123845,0.000194,-0.056345,0.274874,-0.087209,0.005632,0.001937,-0.047868,-0.027885,0.137087,-0.145631,0.081134,-0.009257,0.012246,-0.003133,-0.493428,0.286839,-0.319265,0.331359,-0.173887,-0.100067,0.376404,-0.457145,-0.359408,0.339707,0.278136,0.020089,-0.14068,-0.485223
-1.33726,-3.209827,0.779094,-0.004697,-0.009463,0.016981,0.9998,-0.122428,-0.000322,-0.057495,0.274359,-0.086698,0.005332,0.00352,-0.048233,-0.02917,0.137556,-0.1469,0.080515,-0.011479,0.012032,-0.002291,-0.489441,0.288104,-0.3142,0.32033,-0.17305,-0.107063,0.377943,-0.456645,-0.36595,0.337722,0.268435,0.015895,-0.147378,-0.493466
-1.336636,-3.210078,0.779038,-0.004738,-0.009253,0.017281,0.999797,-0.122764,-0.00002,-0.058127,0.275822,-0.087952,0.004754,0.003894,-0.047872,-0.02987,0.138174,-0.148769,0.080261,-0.008996,0.013533,-0.005833,-0.489923,0.291767,-0.316854,0.321526,-0.157674,-0.115178,0.388264,-0.451929,-0.383976,0.333207,0.243665,-0.013292,-0.155117,-0.521609
-1.335882,-3.210578,0.779121,-0.004379,-0.009034,0.017962,0.999788,-0.120727,-0.000447,-0.059512,0.272355,-0.086714,0.004009,0.006424,-0.048158,-0.031281,0.134994,-0.148747,0.080059,-0.009362,0.012847,-0.011789,-0.490147,0.286557,-0.317433,0.341303,-0.166169,-0.109872,0.38352,-0.450744,-0.382658,0.332857,0.243836,-0.00396,-0.144768,-0.522797
-1.335035,-3.210875,0.779087,-0.003796,-0.009733,0.017997,0.999783,-0.116628,-0.00118,-0.059255,0.269951,-0.086956,0.003963,0.008254,-0.049112,-0.031336,0.137517,-0.152234,0.079515,-0.012695,0.013489,-0.014328,-0.488845,0.277574,-0.304696,0.355947,-0.165315,-0.110394,0.380793,-0.455825,-0.358178,0.331341,0.259441,0.030896,-0.132581,-0.518231
-1.334217,-3.211023,0.779091,-0.003141,-0.010245,0.017613,0.999787,-0.110712,-0.001913,-0.058126,0.263289,-0.086264,0.00322,0.009758,-0.050302,-0.030644,0.139183,-0.154645,0.079538,-0.016398,0.013448,-0.018091,-0.487244,0.263294,-0.280499,0.357305,-0.163039,-0.105994,0.378925,-0.468567,-0.346345,0.330902,0.26478,0.033942,-0.133315,-0.534273
-1.333135,-3.211266,0.778992,-0.003352,-0.009781,0.017751,0.999789,-0.10605,-0.000856,-0.058708,0.255431,-0.088116,0.002242,0.010116,-0.049372,-0.030906,0.139794,-0.156483,0.078447,-0.019466,0.015165,-0.025918,-0.487258,0.251788,-0.264151,0.355506,-0.15809,-0.101301,0.376625,-0.480027,-0.34302,0.33435,0.262684,0.02608,-0.135549,-0.548273
-1.332223,-3.211602,0.778825,-0.003014,-0.011035,0.016776,0.999794,-0.099978,-0.000376,-0.056685,0.253003,-0.091705,0.001914,0.010609,-0.049378,-0.028857,0.147184,-0.161599,0.079432,-0.017693,0.015833,-0.029883,-0.488212,0.241501,-0.267312,0.361371,-0.146936,-0.107351,0.379985,-0.486519,-0.338008,0.341094,0.264625,0.018647,-0.136253,-0.552586
-1.331074,-3.211809,0.778823,-0.002852,-0.011947,0.017051,0.999779,-0.091691,-0.000184,-0.057022,0.244312,-0.092351,0.000729,0.014094,-0.049453,-0.029224,0.148366,-0.164398,0.079855,-0.018011,0.016101,-0.035204,-0.48944,0.236561,-0.274787,0.369971,-0.151278,-0.108265,0.379676,-0.491757,-0.339959,0.349758,0.272875,0.019806,-0.135888,-0.549969
-1.329789,-3.212116,0.778782,-0.002522,-0.012781,0.018037,0.999752,-0.084919,-0.000767,-0.05882,0.237998,-0.092211,0.000952,0.018714,-0.050093,-0.030335,0.147843,-0.166499,0.079913,-0.019781,0.01594,-0.039991,-0.491233,0.23851,-0.280541,0.377638,-0.148171,-0.112284,0.38282,-0.493223,-0.338348,0.352952,0.282621,0.023297,-0.137529,-0.545868
-1.328866,-3.212581,0.778682,-0.002246,-0.013787,0.018687,0.999728,-0.079468,-0.000827,-0.059988,0.234439,-0.093585,-0.001264,0.022546,-0.050189,-0.031652,0.148451,-0.169951,0.079258,-0.019217,0.015807,-0.043298,-0.496061,0.243998,-0.285014,0.386061,-0.137524,-0.126514,0.371856,-0.492516,-0.338857,0.354387,0.291125,0.023467,-0.140418,-0.543199
-1.327972,-3.212815,0.778512,-0.001869,-0.01534,0.018977,0.9997,-0.075912,-0.001533,-0.060138,0.237392,-0.097112,-0.000312,0.026034,-0.050904,-0.032199,0.151987,-0.174567,0.079925,-0.016327,0.016008,-0.044379,-0.497104,0.250464,-0.288822,0.389994,-0.126817,-0.130639,0.329871,-0.490431,-0.341446,0.36012,0.299396,0.022602,-0.142808,-0.543467
-1.327353,-3.21306,0.778478,-0.001795,-0.015996,0.019623,0.999678,-0.07264,-0.001556,-0.061304,0.235326,-0.097977,0.000409,0.029093,-0.05086,-0.033518,0.151337,-0.175309,0.079378,-0.014241,0.01699,-0.04752,-0.496627,0.251185,-0.294149,0.397115,-0.12879,-0.129742,0.316406,-0.49143,-0.34504,0.369994,0.312286,0.027578,-0.144246,-0.537785
