0.393052,-3.96742,0.789127,0.004933,-0.003526,-0.011785,0.999912,-0.018201,0.027768,-0.048522,0.103289,-0.034052,-0.060174,-0.019973,-0.01843,-0.021034,0.149069,-0.126754,0.033877,-0.058147,-0.001199,-0.063512,0.168999,0.351226,-0.088975,0.956752,0.323515,0.383727,-0.497841,-0.055103,-0.358248,0.44184,1.098766,-0.216284,0.337281,0.48731
0.393226,-3.967239,0.789154,0.004844,-0.003288,-0.011921,0.999912,-0.018316,0.027747,-0.048244,0.103147,-0.034337,-0.059916,-0.020176,-0.018434,-0.02083,0.148787,-0.126687,0.033467,-0.058087,-0.00159,-0.063432,0.168893,0.351084,-0.089024,0.956899,0.323449,0.38402,-0.497258,-0.055767,-0.358266,0.442838,1.098848,-0.215564,0.337104,0.487184
0.393393,-3.967053,0.789143,0.004706,-0.003092,-0.011984,0.999912,-0.018428,0.027833,-0.048141,0.102995,-0.034681,-0.059843,-0.020321,-0.018342,-0.020697,0.148577,-0.126513,0.033022,-0.058176,-0.001837,-0.063433,0.168945,0.351155,-0.089245,0.956702,0.322864,0.383414,-0.496589,-0.056323,-0.358345,0.443394,1.098881,-0.215532,0.336463,0.488389
0.393577,-3.966873,0.789151,0.004578,-0.002958,-0.012015,0.999913,-0.018435,0.027882,-0.048093,0.102996,-0.035174,-0.05975,-0.020301,-0.018305,-0.020647,0.148423,-0.126503,0.032774,-0.058221,-0.002074,-0.063481,0.16876,0.351329,-0.089812,0.957217,0.322363,0.38345,-0.496059,-0.056653,-0.358625,0.443906,1.098875,-0.215195,0.336211,0.488844
0.393745,-3.966676,0.789178,0.004413,-0.002831,-0.012141,0.999913,-0.018407,0.028017,-0.047936,0.102979,-0.035492,-0.05965,-0.020389,-0.018166,-0.020498,0.14838,-0.126068,0.032534,-0.058204,-0.002215,-0.063313,0.16837,0.351461,-0.090265,0.957709,0.322056,0.383477,-0.495972,-0.056876,-0.358872,0.444116,1.098846,-0.214452,0.336712,0.488029
0.393944,-3.966503,0.789196,0.0043,-0.002704,-0.012316,0.999911,-0.018284,0.028099,-0.047587,0.102925,-0.03584,-0.059265,-0.02039,-0.018069,-0.020139,0.148231,-0.125751,0.032212,-0.057919,-0.002537,-0.063201,0.167811,0.35206,-0.091254,0.957784,0.321941,0.38278,-0.496253,-0.056872,-0.358893,0.445082,1.099062,-0.212948,0.337917,0.486398
0.394156,-3.966302,0.789228,0.004227,-0.002578,-0.012396,0.999911,-0.018358,0.028,-0.047373,0.103223,-0.03627,-0.059026,-0.020306,-0.018184,-0.020005,0.14803,-0.125811,0.031858,-0.057869,-0.002771,-0.063164,0.167431,0.352786,-0.092072,0.957809,0.321653,0.381983,-0.497515,-0.056669,-0.358834,0.445969,1.099229,-0.212302,0.338358,0.485952
0.394293,-3.966148,0.789247,0.004148,-0.002405,-0.012275,0.999913,-0.018737,0.027882,-0.047557,0.103486,-0.036303,-0.058774,-0.020373,-0.018265,-0.020319,0.147812,-0.125241,0.031654,-0.058046,-0.003148,-0.063084,0.16707,0.353414,-0.092059,0.957573,0.32143,0.38175,-0.497709,-0.056316,-0.358632,0.446218,1.099248,-0.212104,0.338352,0.486066
0.394499,-3.965994,0.789268,0.004057,-0.002223,-0.012365,0.999913,-0.018873,0.027857,-0.047538,0.103624,-0.036773,-0.058489,-0.020464,-0.018251,-0.020174,0.147638,-0.124942,0.031483,-0.058102,-0.003408,-0.063228,0.166911,0.354052,-0.092379,0.957723,0.321334,0.38185,-0.498032,-0.056009,-0.358497,0.446654,1.099298,-0.212302,0.338339,0.486707
0.394689,-3.965828,0.789307,0.003951,-0.002014,-0.012447,0.999913,-0.018945,0.027918,-0.047236,0.103461,-0.036864,-0.057966,-0.020717,-0.018185,-0.01989,0.147575,-0.124287,0.030984,-0.058542,-0.003563,-0.063531,0.166932,0.354646,-0.093203,0.957897,0.321228,0.382084,-0.498378,-0.056033,-0.358466,0.447096,1.099254,-0.212813,0.338339,0.487712
0.394878,-3.965645,0.789323,0.003856,-0.001852,-0.012558,0.999912,-0.019033,0.02791,-0.047086,0.103524,-0.037077,-0.057794,-0.020908,-0.018223,-0.019912,0.147578,-0.123883,0.030689,-0.058909,-0.003576,-0.063763,0.166709,0.35487,-0.093947,0.958231,0.321002,0.383043,-0.498871,-0.056176,-0.358652,0.447318,1.098985,-0.213119,0.338333,0.488252
0.395066,-3.965458,0.789339,0.003857,-0.001681,-0.012843,0.999909,-0.019248,0.02773,-0.046546,0.104002,-0.037548,-0.057525,-0.021113,-0.018409,-0.019437,0.14748,-0.123981,0.030499,-0.059369,-0.003519,-0.064099,0.167094,0.354903,-0.094102,0.9579,0.321286,0.383445,-0.499036,-0.056629,-0.35911,0.448203,1.098564,-0.21334,0.338164,0.48915
0.395252,-3.965254,0.789368,0.003794,-0.001571,-0.013063,0.999906,-0.019321,0.02767,-0.046142,0.104346,-0.037832,-0.057393,-0.021297,-0.018458,-0.019053,0.147613,-0.123541,0.030139,-0.059868,-0.003311,-0.064442,0.167131,0.354595,-0.094324,0.957699,0.321965,0.38252,-0.499222,-0.056946,-0.359562,0.449289,1.098258,-0.213754,0.337615,0.490115
0.395455,-3.96502,0.789379,0.003794,-0.001491,-0.013309,0.999903,-0.019304,0.027397,-0.045711,0.104786,-0.038403,-0.057022,-0.021294,-0.01868,-0.018462,0.147571,-0.123285,0.029932,-0.060235,-0.002899,-0.064656,0.167127,0.354473,-0.094429,0.957626,0.321643,0.381955,-0.498605,-0.057193,-0.360363,0.450145,1.097695,-0.214491,0.336661,0.491466
0.395639,-3.964787,0.789385,0.003751,-0.001426,-0.013664,0.999899,-0.019133,0.027283,-0.045134,0.105014,-0.038811,-0.05676,-0.021263,-0.018824,-0.017994,0.147481,-0.123223,0.029846,-0.060447,-0.002471,-0.06487,0.166894,0.35445,-0.095089,0.957502,0.320831,0.381739,-0.498564,-0.057332,-0.361077,0.451121,1.097422,-0.215041,0.336253,0.492436
0.395791,-3.964534,0.789391,0.003731,-0.001362,-0.013919,0.999895,-0.019014,0.027083,-0.044549,0.105153,-0.039183,-0.056578,-0.021215,-0.019027,-0.017465,0.147315,-0.122955,0.029939,-0.06076,-0.00203,-0.065079,0.166371,0.354389,-0.095575,0.957542,0.320294,0.381974,-0.498781,-0.057314,-0.361775,0.4522,1.097263,-0.215494,0.33596,0.493527
0.395874,-3.964281,0.789439,0.003716,-0.001277,-0.014076,0.999893,-0.019111,0.026799,-0.044236,0.105316,-0.039218,-0.056374,-0.021211,-0.019354,-0.017109,0.146994,-0.122883,0.030042,-0.061297,-0.001558,-0.06525,0.165663,0.354018,-0.095785,0.957963,0.320501,0.382391,-0.498629,-0.05718,-0.362294,0.452572,1.097519,-0.215875,0.335948,0.494388
0.395944,-3.963977,0.78943,0.003742,-0.001158,-0.01419,0.999892,-0.019302,0.026332,-0.043958,0.105418,-0.039297,-0.056019,-0.02122,-0.019816,-0.016841,0.146537,-0.122508,0.030263,-0.061946,-0.001121,-0.065409,0.164877,0.353557,-0.095933,0.958327,0.32071,0.38243,-0.498396,-0.057023,-0.362814,0.452648,1.097931,-0.216573,0.336084,0.494628
0.395991,-3.963634,0.789461,0.003727,-0.001056,-0.01427,0.999891,-0.019617,0.025896,-0.043748,0.105753,-0.039468,-0.05573,-0.021112,-0.02034,-0.016661,0.14592,-0.122444,0.030624,-0.0624,-0.000597,-0.065564,0.163908,0.353258,-0.096597,0.958453,0.320825,0.38224,-0.498202,-0.056695,-0.363256,0.452094,1.098407,-0.216403,0.336388,0.493924
0.396027,-3.963248,0.78947,0.003737,-0.000957,-0.014192,0.999892,-0.020151,0.025232,-0.043843,0.106381,-0.03968,-0.055503,-0.020785,-0.021039,-0.016734,0.144992,-0.12222,0.031184,-0.062742,-0.000185,-0.065507,0.162583,0.353307,-0.098027,0.958576,0.320629,0.383214,-0.497938,-0.056122,-0.363715,0.452186,1.098697,-0.216319,0.336271,0.493287
0.396059,-3.962769,0.789467,0.003727,-0.000862,-0.014023,0.999894,-0.021037,0.024437,-0.044151,0.107605,-0.040157,-0.055312,-0.0201,-0.022007,-0.017422,0.143472,-0.121593,0.03214,-0.062781,0.000208,-0.065354,0.161109,0.353611,-0.099278,0.957956,0.319264,0.383342,-0.497394,-0.055573,-0.364145,0.452089,1.099026,-0.216447,0.336036,0.493081
0.396026,-3.962139,0.789529,0.003648,-0.00077,-0.01338,0.999904,-0.022602,0.023334,-0.045192,0.109621,-0.040473,-0.055056,-0.01899,-0.023257,-0.018691,0.141178,-0.120857,0.0334,-0.062987,0.000778,-0.06495,0.15918,0.353467,-0.100581,0.957511,0.317661,0.382969,-0.496964,-0.054972,-0.364857,0.45185,1.099286,-0.216221,0.336159,0.492414
0.396,-3.961276,0.789556,0.003662,-0.000748,-0.01199,0.999921,-0.025045,0.02128,-0.047578,0.113129,-0.041008,-0.05432,-0.017212,-0.02533,-0.021137,0.138487,-0.120502,0.034829,-0.062843,0.00132,-0.064185,0.155943,0.353151,-0.103349,0.957209,0.317013,0.383131,-0.496539,-0.053927,-0.366014,0.451718,1.099575,-0.216774,0.335948,0.492621
0.39597,-3.960178,0.789604,0.003609,-0.000765,-0.010449,0.999939,-0.027849,0.018897,-0.050277,0.117494,-0.04215,-0.052777,-0.015546,-0.027722,-0.024023,0.136402,-0.120151,0.03677,-0.061271,0.002282,-0.062806,0.151768,0.352695,-0.106422,0.956246,0.316628,0.383143,-0.495231,-0.052431,-0.367782,0.451719,1.100209,-0.216619,0.336368,0.492879
0.395803,-3.958787,0.789636,0.003402,-0.000883,-0.008856,0.999955,-0.031041,0.01645,-0.052852,0.122699,-0.04384,-0.050868,-0.014566,-0.030183,-0.026547,0.135801,-0.120598,0.038494,-0.058078,0.00392,-0.060692,0.146782,0.351177,-0.108956,0.955182,0.316208,0.384038,-0.494483,-0.051236,-0.369966,0.452841,1.101625,-0.217518,0.336628,0.493591
0.395611,-3.957037,0.789616,0.003123,-0.001141,-0.006742,0.999972,-0.034789,0.013341,-0.055976,0.129281,-0.046185,-0.048108,-0.01399,-0.033236,-0.030158,0.137135,-0.122063,0.040099,-0.054774,0.005738,-0.057187,0.140796,0.349705,-0.1124,0.953973,0.31558,0.385956,-0.494222,-0.051039,-0.372598,0.454707,1.103668,-0.21966,0.336803,0.494406
0.395298,-3.955102,0.789637,0.002635,-0.001534,-0.004511,0.999985,-0.038818,0.010303,-0.059459,0.136633,-0.048765,-0.0448,-0.014242,-0.036138,-0.033785,0.14047,-0.123248,0.041116,-0.051353,0.007523,-0.051798,0.134749,0.348977,-0.117256,0.951294,0.311994,0.383936,-0.491649,-0.052377,-0.375255,0.457458,1.105756,-0.220895,0.337447,0.492932
0.394871,-3.952853,0.789607,0.001976,-0.00203,-0.002328,0.999993,-0.043073,0.007175,-0.062853,0.144763,-0.05191,-0.041302,-0.015094,-0.039045,-0.037259,0.145114,-0.124466,0.041676,-0.047563,0.008858,-0.045247,0.128753,0.348731,-0.122321,0.949256,0.3062,0.38146,-0.488103,-0.054799,-0.377429,0.460916,1.107886,-0.221386,0.337668,0.491138
0.394366,-3.950506,0.789598,0.001098,-0.002445,-0.000107,0.999996,-0.047366,0.004367,-0.06626,0.152427,-0.054924,-0.037834,-0.016897,-0.041601,-0.040721,0.151044,-0.125444,0.040685,-0.043654,0.009557,-0.037567,0.123325,0.348338,-0.124403,0.94813,0.297967,0.380523,-0.483843,-0.058167,-0.378508,0.462864,1.10998,-0.219472,0.337947,0.488376
0.393859,-3.947958,0.789614,0.000041,-0.00268,0.001823,0.999995,-0.051738,0.001769,-0.069302,0.159692,-0.057889,-0.034351,-0.019655,-0.043873,-0.043527,0.157761,-0.125869,0.03861,-0.040166,0.009877,-0.029268,0.118978,0.347891,-0.124659,0.948096,0.288647,0.379639,-0.478354,-0.062787,-0.378332,0.4647,1.112039,-0.216554,0.338165,0.484491
0.393188,-3.945352,0.789717,-0.001245,-0.002673,0.003546,0.999989,-0.055973,-0.00031,-0.072137,0.165222,-0.059772,-0.030811,-0.023958,-0.045575,-0.045688,0.16565,-0.125034,0.035094,-0.037455,0.009553,-0.020395,0.115233,0.348835,-0.127077,0.947466,0.28085,0.379696,-0.47328,-0.068837,-0.37664,0.465137,1.113929,-0.212854,0.338257,0.479921
0.392366,-3.942718,0.789865,-0.002739,-0.002413,0.004728,0.999982,-0.060207,-0.001689,-0.074318,0.16942,-0.061157,-0.027786,-0.030005,-0.046642,-0.046903,0.174867,-0.123397,0.029758,-0.035896,0.008401,-0.010379,0.112217,0.351146,-0.132146,0.947481,0.276006,0.379905,-0.47016,-0.076373,-0.373049,0.463498,1.115637,-0.207212,0.338665,0.472814
0.391439,-3.940084,0.79003,-0.004418,-0.001918,0.005408,0.999974,-0.064596,-0.002314,-0.075821,0.172959,-0.062377,-0.025634,-0.037959,-0.047098,-0.047237,0.186028,-0.121646,0.022722,-0.035186,0.005977,0.001631,0.110059,0.354608,-0.137059,0.947348,0.273075,0.379415,-0.469403,-0.084837,-0.367215,0.454589,1.117169,-0.197166,0.340551,0.461253
0.390161,-3.937479,0.790268,-0.006302,-0.001279,0.005754,0.999963,-0.069855,-0.002246,-0.076973,0.176768,-0.06335,-0.024526,-0.048758,-0.04677,-0.046448,0.20069,-0.119071,0.013619,-0.035736,0.002267,0.017082,0.108844,0.359647,-0.141652,0.947034,0.269581,0.378854,-0.470055,-0.094715,-0.360212,0.439513,1.116699,-0.183719,0.342733,0.443788
0.388278,-3.935044,0.790566,-0.008496,-0.000642,0.004919,0.999952,-0.075963,-0.000773,-0.077544,0.181115,-0.064178,-0.024695,-0.064297,-0.045016,-0.043664,0.221553,-0.114895,0.001928,-0.035004,-0.002509,0.036456,0.106754,0.366174,-0.144955,0.946659,0.264542,0.378605,-0.470668,-0.105757,-0.354596,0.4216,1.110746,-0.170695,0.343212,0.420204
0.385887,-3.932818,0.79072,-0.010949,0.000085,0.002342,0.999937,-0.082554,0.002859,-0.074494,0.186194,-0.067475,-0.025642,-0.086226,-0.041706,-0.03846,0.250989,-0.109956,-0.012065,-0.031487,-0.008488,0.060899,0.104704,0.374526,-0.144924,0.943776,0.25594,0.378895,-0.470095,-0.116866,-0.352673,0.403201,1.094255,-0.157534,0.339265,0.392568
0.382729,-3.93097,0.790529,-0.013316,0.000812,-0.001877,0.999909,-0.090516,0.007836,-0.068382,0.192999,-0.072177,-0.027359,-0.115868,-0.03721,-0.030598,0.290695,-0.102177,-0.024486,-0.024818,-0.015862,0.090993,0.102776,0.385798,-0.143646,0.935315,0.243962,0.377055,-0.467947,-0.127249,-0.354,0.383302,1.064962,-0.143028,0.331485,0.364999
0.379445,-3.92962,0.789953,-0.015309,0.001424,-0.007825,0.999851,-0.098545,0.013588,-0.058853,0.20138,-0.079106,-0.03001,-0.152838,-0.031755,-0.018007,0.339834,-0.084573,-0.023984,-0.012971,-0.02427,0.124512,0.101891,0.399834,-0.141723,0.921956,0.230054,0.373483,-0.465493,-0.134529,-0.358955,0.364214,1.022335,-0.130402,0.32276,0.336888
0.376441,-3.928937,0.789347,-0.01569,0.002444,-0.015918,0.999747,-0.106799,0.018067,-0.045509,0.21039,-0.084657,-0.032221,-0.194096,-0.029578,-0.005526,0.389579,-0.054167,0.00305,0.00478,-0.034353,0.15717,0.1004,0.415521,-0.140915,0.910901,0.218704,0.37003,-0.464402,-0.139349,-0.36986,0.354209,0.968108,-0.128512,0.314256,0.309627
0.373541,-3.928848,0.789084,-0.014157,0.005579,-0.025659,0.999555,-0.119287,0.020689,-0.028242,0.219418,-0.087084,-0.033536,-0.24261,-0.03478,-0.001231,0.440692,-0.026486,0.049285,0.029573,-0.045418,0.189745,0.091519,0.432529,-0.136562,0.902945,0.213354,0.368543,-0.45983,-0.145539,-0.391401,0.346169,0.900358,-0.14511,0.311141,0.282195
0.371098,-3.929374,0.789519,-0.01423,0.008232,-0.032776,0.999328,-0.124437,0.02696,-0.016447,0.21504,-0.081403,-0.036355,-0.274615,-0.041112,-0.00601,0.465421,-0.004823,0.099667,0.049025,-0.047586,0.21625,0.097395,0.443621,-0.125023,0.893185,0.214799,0.369028,-0.446645,-0.14258,-0.41797,0.339763,0.836734,-0.164751,0.300787,0.254118
0.369193,-3.930478,0.789837,-0.013504,0.012875,-0.036254,0.999168,-0.133404,0.030087,-0.010463,0.208708,-0.075634,-0.040977,-0.303934,-0.047553,-0.000752,0.475107,-0.008501,0.127653,0.061913,-0.046902,0.242165,0.105516,0.448384,-0.1024,0.882227,0.216194,0.374149,-0.42772,-0.137877,-0.444085,0.318737,0.774068,-0.171026,0.287783,0.230428
0.368142,-3.932203,0.790183,-0.012903,0.018635,-0.03706,0.999056,-0.142569,0.032625,-0.009127,0.198093,-0.069511,-0.048717,-0.328958,-0.065486,-0.007247,0.466714,-0.009621,0.123562,0.068041,-0.042146,0.264552,0.120599,0.445118,-0.078599,0.872638,0.21217,0.382987,-0.40914,-0.130872,-0.463025,0.29004,0.720516,-0.159202,0.274545,0.215183
0.36756,-3.934943,0.790288,-0.012031,0.025818,-0.033874,0.99902,-0.154772,0.034002,-0.014388,0.185784,-0.062411,-0.05724,-0.347713,-0.095913,-0.023374,0.437317,-0.002576,0.096961,0.066801,-0.035164,0.283186,0.13802,0.436653,-0.059685,0.864749,0.200047,0.389121,-0.400898,-0.126222,-0.474179,0.257296,0.676535,-0.136434,0.260907,0.207656
0.367345,-3.938977,0.790185,-0.011109,0.034226,-0.025563,0.999025,-0.172174,0.033747,-0.028469,0.174846,-0.051646,-0.066545,-0.361945,-0.12978,-0.032824,0.392937,0.00651,0.061585,0.058646,-0.025562,0.30058,0.150563,0.431612,-0.057157,0.858111,0.187684,0.388783,-0.406488,-0.127911,-0.482877,0.228024,0.639213,-0.116807,0.250358,0.197738
0.367138,-3.944495,0.790031,-0.010921,0.043591,-0.013024,0.998905,-0.194071,0.033833,-0.052599,0.164261,-0.036208,-0.075485,-0.37589,-0.159316,-0.028578,0.342286,0.021683,0.02343,0.048757,-0.011009,0.318544,0.154004,0.433478,-0.065967,0.849563,0.182501,0.3849,-0.424794,-0.135991,-0.494352,0.204586,0.606328,-0.107246,0.245912,0.17791
0.366755,-3.951337,0.789651,-0.010158,0.053952,0.000676,0.998492,-0.21952,0.032847,-0.080556,0.1539,-0.018572,-0.083365,-0.391908,-0.186967,-0.019306,0.290865,0.043673,-0.011689,0.042687,0.007134,0.338975,0.149426,0.441097,-0.07686,0.833598,0.185416,0.377984,-0.445811,-0.151152,-0.509399,0.183845,0.578813,-0.10382,0.245094,0.148752
0.366122,-3.95956,0.789141,-0.008381,0.065754,0.013034,0.997716,-0.249255,0.031549,-0.107018,0.144637,0.002371,-0.089062,-0.411062,-0.213747,-0.015806,0.244176,0.048797,-0.039248,0.042874,0.027632,0.36142,0.138566,0.451339,-0.084095,0.810759,0.19015,0.371832,-0.461014,-0.175437,-0.524429,0.165081,0.560565,-0.097192,0.243853,0.114474
0.365238,-3.96934,0.7885,-0.00672,0.079098,0.023769,0.996561,-0.282982,0.033116,-0.130303,0.135756,0.025462,-0.094163,-0.435401,-0.235155,-0.019483,0.209538,0.038443,-0.059706,0.048575,0.051181,0.385451,0.124675,0.461944,-0.084102,0.778978,0.189584,0.368923,-0.463522,-0.211009,-0.539354,0.150193,0.553011,-0.087104,0.242411,0.075202
0.364133,-3.980817,0.787444,-0.004354,0.093796,0.032445,0.995053,-0.320358,0.036622,-0.149725,0.127717,0.049335,-0.098273,-0.467252,-0.254179,-0.039253,0.192769,0.042529,-0.061444,0.059301,0.07478,0.412304,0.108725,0.472228,-0.079499,0.738001,0.181195,0.36631,-0.456898,-0.259432,-0.556542,0.141933,0.554088,-0.076314,0.244375,0.02287
0.363333,-3.99427,0.784438,0.002352,0.11018,0.041934,0.993024,-0.361613,0.03236,-0.166587,0.120204,0.071899,-0.10176,-0.494553,-0.276798,-0.062184,0.181301,0.063878,-0.022321,0.069548,0.092259,0.440898,0.089503,0.483071,-0.075364,0.688969,0.164593,0.362346,-0.445934,-0.317385,-0.57751,0.138846,0.562283,-0.067125,0.252205,-0.05154
0.361623,-4.010034,0.780351,0.012022,0.132117,0.053254,0.989729,-0.417875,0.02186,-0.184059,0.111992,0.100818,-0.10559,-0.540282,-0.300568,-0.084037,0.171951,0.098804,0.034761,0.077856,0.106921,0.470658,0.055763,0.494093,-0.072215,0.632497,0.139178,0.361184,-0.436907,-0.401413,-0.601895,0.141209,0.592016,-0.050832,0.259583,-0.152516
0.359962,-4.02774,0.776033,0.022039,0.151507,0.066283,0.985985,-0.468298,0.011154,-0.204564,0.101659,0.134139,-0.108226,-0.587966,-0.313138,-0.09132,0.17351,0.110115,0.083859,0.083106,0.124113,0.503353,0.023441,0.501682,-0.069306,0.579657,0.117902,0.35696,-0.42782,-0.485214,-0.625074,0.143124,0.634653,-0.029,0.258808,-0.248962
0.356049,-4.04586,0.771116,0.02673,0.183814,0.073108,0.979874,-0.552249,0.014881,-0.219577,0.095028,0.166523,-0.115917,-0.699863,-0.314275,-0.092254,0.229794,0.110916,0.115004,0.096513,0.145703,0.517733,-0.009358,0.50259,-0.055265,0.521072,0.099641,0.359304,-0.409126,-0.607932,-0.644056,0.170076,0.714388,0.015175,0.231733,-0.398514
0.354054,-4.063786,0.764966,0.030333,0.211678,0.075589,0.97394,-0.619056,0.027877,-0.226081,0.084636,0.184681,-0.132421,-0.800568,-0.30958,-0.089535,0.287465,0.095781,0.12817,0.120907,0.16375,0.52,-0.020132,0.509413,-0.048976,0.460535,0.081847,0.351015,-0.39051,-0.714618,-0.666408,0.198122,0.797265,0.028788,0.200142,-0.472215
0.353661,-4.081574,0.757348,0.034717,0.238309,0.078731,0.96737,-0.680733,0.039742,-0.232007,0.073927,0.198793,-0.162838,-0.897883,-0.305357,-0.089448,0.34957,0.062127,0.147114,0.150369,0.176928,0.52,-0.034406,0.519032,-0.046752,0.403082,0.069668,0.336802,-0.375985,-0.81671,-0.700234,0.22143,0.879228,0.0133,0.165037,-0.493228
0.352714,-4.099523,0.749062,0.039291,0.263433,0.081806,0.960399,-0.74158,0.050798,-0.237841,0.066763,0.211937,-0.190765,-0.996248,-0.300116,-0.086878,0.418862,0.026365,0.160126,0.188824,0.192359,0.52,-0.068367,0.522893,-0.055844,0.368877,0.067441,0.327629,-0.357666,-0.913688,-0.749148,0.246469,0.963647,-0.017061,0.133519,-0.480087
0.353579,-4.116453,0.7412,0.043095,0.284705,0.084289,0.953929,-0.789705,0.064104,-0.242152,0.057616,0.221947,-0.215504,-1.079386,-0.292349,-0.086218,0.481178,-0.006608,0.159867,0.235383,0.211394,0.52,-0.106063,0.518583,-0.067143,0.349637,0.071139,0.322868,-0.344519,-0.985735,-0.807363,0.267972,1.029349,-0.042992,0.123775,-0.478265
0.355007,-4.131299,0.733735,0.046763,0.30447,0.087025,0.947385,-0.83276,0.075423,-0.243126,0.047053,0.233138,-0.241733,-1.15615,-0.285963,-0.084111,0.540353,-0.039783,0.149143,0.277683,0.22989,0.52,-0.133852,0.510859,-0.075401,0.32958,0.077403,0.320065,-0.332368,-1.047386,-0.86249,0.284357,1.083236,-0.050818,0.117411,-0.487575
0.356781,-4.144206,0.726552,0.050624,0.322921,0.090954,0.940684,-0.87253,0.081935,-0.244276,0.036796,0.245043,-0.260486,-1.226882,-0.283553,-0.082247,0.595676,-0.07124,0.137873,0.309745,0.243919,0.52,-0.147178,0.501847,-0.082029,0.30467,0.081036,0.31102,-0.313748,-1.106114,-0.910075,0.296112,1.133226,-0.053711,0.110193,-0.495279
0.359219,-4.154821,0.720478,0.055095,0.339926,0.093932,0.934126,-0.906704,0.083907,-0.240506,0.028319,0.254504,-0.260975,-1.29067,-0.282176,-0.077791,0.644411,-0.094788,0.124125,0.334626,0.252363,0.52,-0.152204,0.498054,-0.093502,0.278374,0.086865,0.305578,-0.297372,-1.164931,-0.955155,0.317488,1.179126,-0.06276,0.109938,-0.496953
0.361742,-4.163974,0.715382,0.059428,0.354614,0.094287,0.928347,-0.93293,0.088082,-0.230271,0.01912,0.263672,-0.261591,-1.343899,-0.276599,-0.07267,0.68138,-0.109781,0.108726,0.361281,0.257694,0.52,-0.158822,0.502964,-0.119922,0.25427,0.101672,0.296587,-0.290612,-1.218008,-0.998038,0.354542,1.221997,-0.057649,0.110533,-0.505787
0.364207,-4.172435,0.711379,0.063099,0.365995,0.092069,0.923899,-0.949486,0.097493,-0.221009,0.008948,0.269547,-0.2618,-1.383066,-0.266111,-0.07011,0.70586,-0.118528,0.089497,0.385013,0.257704,0.52,-0.164512,0.517931,-0.15132,0.232178,0.122953,0.286295,-0.302394,-1.262006,-1.029154,0.40917,1.258882,-0.042405,0.113098,-0.513298
0.366643,-4.179707,0.708363,0.067106,0.376224,0.088671,0.919831,-0.962714,0.106434,-0.209436,-0.000658,0.27824,-0.2618,-1.414614,-0.255216,-0.066831,0.720375,-0.123841,0.073153,0.403437,0.252931,0.52,-0.173515,0.534005,-0.178568,0.210895,0.150702,0.27299,-0.326848,-1.305799,-1.054175,0.474257,1.288839,-0.039973,0.11485,-0.509367
0.369125,-4.186426,0.706357,0.070226,0.384292,0.085008,0.916603,-0.971608,0.117552,-0.200551,-0.009163,0.287298,-0.2618,-1.436156,-0.243673,-0.066614,0.72704,-0.125284,0.060064,0.413938,0.24673,0.52,-0.182134,0.550002,-0.192736,0.188265,0.177677,0.267659,-0.349401,-1.345642,-1.068866,0.54206,1.308699,-0.0414,0.117961,-0.499834
0.371695,-4.192372,0.705498,0.072889,0.389936,0.08066,0.914402,-0.975319,0.129537,-0.194715,-0.015684,0.296635,-0.261576,-1.44719,-0.231053,-0.066692,0.725724,-0.124759,0.050372,0.417942,0.240044,0.52,-0.189561,0.558112,-0.192926,0.164157,0.198719,0.271538,-0.360972,-1.378568,-1.07169,0.600137,1.322687,-0.035144,0.112775,-0.458323
0.374293,-4.196867,0.705707,0.073714,0.391142,0.076822,0.914151,-0.971783,0.141123,-0.193247,-0.016323,0.299547,-0.261333,-1.442985,-0.219505,-0.070693,0.719035,-0.125178,0.046198,0.414139,0.239053,0.52,-0.198382,0.561548,-0.189581,0.137487,0.21304,0.275886,-0.354568,-1.395921,-1.064694,0.619745,1.322597,-0.026954,0.098252,-0.425598
0.376472,-4.20039,0.706727,0.074323,0.391618,0.071789,0.914307,-0.965089,0.153266,-0.188064,-0.019038,0.303825,-0.255427,-1.435603,-0.20654,-0.072816,0.707189,-0.120112,0.041561,0.399721,0.231099,0.52,-0.20803,0.561174,-0.173054,0.098299,0.221599,0.283796,-0.345512,-1.400792,-1.044692,0.615759,1.291422,-0.024469,0.06737,-0.425937
0.378742,-4.202127,0.708683,0.075179,0.390816,0.065495,0.915053,-0.954339,0.162174,-0.176953,-0.020096,0.305865,-0.241799,-1.422508,-0.193404,-0.071559,0.690015,-0.112222,0.038687,0.377414,0.214379,0.52,-0.212444,0.550295,-0.148903,0.051533,0.218237,0.304032,-0.322705,-1.383272,-1.008272,0.594871,1.232391,-0.026214,0.025431,-0.456222
0.381189,-4.203094,0.711033,0.076003,0.388472,0.058095,0.916481,-0.939008,0.171323,-0.164344,-0.020552,0.305252,-0.230041,-1.404892,-0.179341,-0.06831,0.671155,-0.103371,0.036859,0.348946,0.189166,0.52,-0.217986,0.519428,-0.122603,0.011871,0.182079,0.342946,-0.268946,-1.3488,-0.949179,0.55011,1.176058,-0.014782,-0.003619,-0.49071
0.383602,-4.203559,0.713754,0.076904,0.383999,0.050116,0.918759,-0.918453,0.180211,-0.150209,-0.020564,0.303176,-0.220572,-1.381793,-0.165346,-0.063683,0.651201,-0.094771,0.036616,0.315561,0.157316,0.52,-0.242439,0.474716,-0.112355,-0.004313,0.121603,0.388121,-0.191199,-1.30522,-0.865097,0.488592,1.131226,0.006846,-0.012851,-0.526405
0.386161,-4.203586,0.716693,0.077832,0.376543,0.042291,0.922155,-0.891711,0.187771,-0.135905,-0.018832,0.298839,-0.213424,-1.352409,-0.153053,-0.058634,0.63361,-0.088659,0.037877,0.286266,0.128227,0.52,-0.304121,0.42406,-0.124908,0.015137,0.059522,0.415279,-0.118969,-1.256005,-0.777934,0.427894,1.090272,0.019367,-0.014128,-0.566236
0.388311,-4.204023,0.719326,0.07826,0.36886,0.033446,0.92558,-0.863171,0.198092,-0.121479,-0.01905,0.294488,-0.21451,-1.321967,-0.138031,-0.054009,0.613795,-0.083583,0.040344,0.261915,0.095842,0.52,-0.40325,0.379226,-0.153473,0.070918,0.013018,0.425787,-0.066647,-1.20186,-0.686666,0.373553,1.035422,0.028167,-0.010243,-0.62828
0.392652,-4.203826,0.721248,0.07756,0.364046,0.024658,0.927819,-0.838909,0.209578,-0.10572,-0.018088,0.28434,-0.214369,-1.298493,-0.122362,-0.048782,0.600476,-0.080076,0.041813,0.230296,0.056474,0.52,-0.511849,0.343848,-0.16897,0.145346,-0.020679,0.425137,-0.051351,-1.165662,-0.59662,0.3539,0.978904,0.015151,-0.006002,-0.674955
0.392575,-4.202614,0.723693,0.077338,0.359114,0.017794,0.929914,-0.823569,0.215586,-0.09355,-0.014225,0.280869,-0.21023,-1.27787,-0.111829,-0.043721,0.579616,-0.067793,0.044877,0.191985,0.016237,0.52,-0.627217,0.303504,-0.173959,0.242489,-0.056952,0.421718,-0.037776,-1.137236,-0.512158,0.358038,0.923059,-0.006639,-0.004028,-0.725044
0.394482,-4.202462,0.724596,0.076529,0.3567,0.009894,0.931027,-0.808388,0.226523,-0.079071,-0.014198,0.27003,-0.213774,-1.264357,-0.097316,-0.038368,0.566992,-0.062906,0.045619,0.153033,-0.027689,0.52,-0.752382,0.266462,-0.166885,0.367285,-0.102105,0.401695,-0.024043,-1.121139,-0.438877,0.37719,0.86336,-0.044923,-0.003083,-0.771897
0.394808,-4.201443,0.725449,0.075155,0.354898,0.0032,0.931874,-0.798894,0.235714,-0.069068,-0.012677,0.261228,-0.220583,-1.254554,-0.085034,-0.033371,0.55412,-0.053135,0.048167,0.11326,-0.067226,0.52,-0.867048,0.231947,-0.143338,0.487565,-0.144912,0.372815,-0.014894,-1.112662,-0.382273,0.398772,0.804514,-0.086839,-0.00106,-0.808855
0.394931,-4.200605,0.725362,0.074174,0.355141,-0.003781,0.931858,-0.794138,0.245382,-0.057806,-0.010356,0.250085,-0.23898,-1.249055,-0.072059,-0.027757,0.539946,-0.050247,0.049175,0.077491,-0.10694,0.52,-0.992911,0.204412,-0.112013,0.634264,-0.169929,0.316579,-0.011127,-1.110426,-0.347008,0.420706,0.737146,-0.128073,0.006974,-0.82316
0.394353,-4.199466,0.724852,0.073604,0.356179,-0.008914,0.931472,-0.794229,0.251499,-0.048909,-0.006264,0.234388,-0.252124,-1.250526,-0.063153,-0.02263,0.533382,-0.045763,0.048888,0.049158,-0.135035,0.52,-1.099181,0.18452,-0.079553,0.759539,-0.168573,0.274633,-0.027278,-1.117254,-0.341946,0.448537,0.671582,-0.169476,0.017412,-0.826993
0.393769,-4.197757,0.724103,0.074529,0.356986,-0.013725,0.931031,-0.79411,0.252124,-0.037924,-0.001316,0.219312,-0.2618,-1.255195,-0.057502,-0.014975,0.532995,-0.042371,0.050669,0.022295,-0.161974,0.52,-1.182762,0.176669,-0.041752,0.873316,-0.166138,0.231354,-0.065477,-1.133719,-0.345242,0.470933,0.626711,-0.20662,0.033512,-0.817004
0.393494,-4.194777,0.723602,0.07726,0.35844,-0.01712,0.930193,-0.79651,0.243129,-0.022658,0.005017,0.205716,-0.2618,-1.263113,-0.057753,-0.004008,0.53574,-0.040576,0.05431,-0.003035,-0.186305,0.52,-1.238869,0.163241,0.003762,0.966818,-0.202183,0.160163,-0.056509,-1.15524,-0.342782,0.470928,0.615054,-0.218973,0.069294,-0.787295
0.393151,-4.192443,0.723064,0.07972,0.360343,-0.019787,0.929196,-0.801394,0.235172,-0.010573,0.011749,0.195013,-0.2618,-1.271684,-0.05805,0.005077,0.538252,-0.038382,0.057747,-0.021281,-0.205104,0.52,-1.272166,0.14669,0.051965,1.031454,-0.262275,0.062013,0.014502,-1.17821,-0.336193,0.451894,0.637271,-0.210798,0.095772,-0.7147
0.39278,-4.19061,0.722752,0.08178,0.361938,-0.022006,0.928347,-0.806978,0.228449,-0.000942,0.019579,0.186415,-0.2618,-1.278894,-0.057987,0.01296,0.539976,-0.035443,0.061085,-0.027692,-0.216853,0.52,-1.29343,0.123711,0.08964,1.081227,-0.341341,-0.04046,0.12388,-1.202834,-0.336799,0.436086,0.679823,-0.200908,0.123078,-0.626828
0.392387,-4.189517,0.722583,0.084027,0.361903,-0.024022,0.92811,-0.809851,0.222418,0.009,0.02861,0.179776,-0.2618,-1.281579,-0.058083,0.019803,0.54101,-0.034609,0.063789,-0.023228,-0.224375,0.52,-1.315865,0.105807,0.128571,1.130704,-0.377016,-0.08405,0.221426,-1.221457,-0.334408,0.427289,0.736074,-0.173854,0.145022,-0.540255
0.391863,-4.188699,0.722242,0.085739,0.363164,-0.024833,0.92744,-0.817392,0.217314,0.015495,0.037211,0.177857,-0.2618,-1.288361,-0.059012,0.024635,0.544156,-0.033125,0.066039,-0.013589,-0.22299,0.52,-1.354436,0.084101,0.162858,1.199279,-0.406046,-0.123481,0.28174,-1.267776,-0.335289,0.451459,0.824541,-0.151785,0.152072,-0.447841
0.391027,-4.187866,0.721746,0.087409,0.363069,-0.02622,0.927283,-0.820918,0.213015,0.025562,0.045635,0.17202,-0.2618,-1.293433,-0.058822,0.029761,0.54922,-0.032518,0.066379,-0.008564,-0.225409,0.52,-1.388022,0.080669,0.169524,1.267064,-0.428663,-0.143649,0.307393,-1.339166,-0.326779,0.517265,0.941346,-0.168375,0.15861,-0.338381
0.389796,-4.186964,0.720817,0.089476,0.36272,-0.026672,0.927209,-0.82407,0.206846,0.034719,0.051885,0.164647,-0.2618,-1.300437,-0.060669,0.034669,0.558339,-0.034971,0.066753,0.001302,-0.222826,0.52,-1.421206,0.077538,0.146539,1.329285,-0.419544,-0.156818,0.355811,-1.409492,-0.313803,0.594828,1.06993,-0.189316,0.158884,-0.197105
0.388596,-4.1858,0.71966,0.091164,0.362852,-0.027001,0.926983,-0.828492,0.201149,0.045195,0.058699,0.155911,-0.2618,-1.310131,-0.062398,0.039079,0.570672,-0.038466,0.06501,0.013931,-0.220316,0.52,-1.45419,0.074633,0.115907,1.383407,-0.403274,-0.161069,0.406747,-1.46263,-0.294813,0.648715,1.187581,-0.170545,0.151174,-0.057918
0.387542,-4.18472,0.718634,0.092454,0.361884,-0.027495,0.92722,-0.830755,0.196139,0.055408,0.067183,0.146725,-0.2618,-1.316797,-0.063436,0.043235,0.582833,-0.041517,0.067376,0.021766,-0.223915,0.52,-1.481512,0.079463,0.086381,1.431972,-0.391576,-0.149789,0.421737,-1.500587,-0.274884,0.68545,1.273573,-0.155954,0.149366,0.045758
0.386782,-4.183477,0.718019,0.093277,0.358222,-0.028196,0.928537,-0.827908,0.191315,0.069461,0.078646,0.133921,-0.2618,-1.316123,-0.064536,0.046692,0.594812,-0.047634,0.073046,0.019625,-0.235962,0.52,-1.495479,0.097073,0.067154,1.459072,-0.380496,-0.130852,0.403706,-1.519988,-0.255837,0.708738,1.30663,-0.171282,0.139822,0.077701
0.386191,-4.183583,0.717347,0.092436,0.353037,-0.028929,0.930582,-0.821785,0.194048,0.082743,0.090787,0.119358,-0.2618,-1.31123,-0.062797,0.04564,0.607703,-0.053465,0.076745,0.012052,-0.250228,0.52,-1.503278,0.124734,0.043423,1.478978,-0.366331,-0.10829,0.358861,-1.528902,-0.234967,0.715941,1.305889,-0.183376,0.12535,0.051379
0.385648,-4.183454,0.717253,0.093087,0.345444,-0.029983,0.933329,-0.811935,0.193451,0.097975,0.106314,0.106787,-0.2618,-1.301098,-0.063051,0.048651,0.620429,-0.058811,0.08081,0.004135,-0.265017,0.52,-1.504066,0.144275,0.038125,1.496089,-0.36843,-0.090544,0.324302,-1.524126,-0.214453,0.707837,1.292429,-0.180246,0.110786,0.011887
0.385759,-4.183329,0.71691,0.089477,0.338077,-0.030569,0.936356,-0.807169,0.198437,0.109919,0.128908,0.092905,-0.2618,-1.29152,-0.058623,0.042653,0.638338,-0.067347,0.08147,0.000478,-0.278862,0.512606,-1.497098,0.170585,0.035796,1.525581,-0.392435,-0.070997,0.270799,-1.505598,-0.180892,0.705191,1.285935,-0.18143,0.09485,-0.047901
0.385676,-4.183728,0.716307,0.087337,0.330395,-0.029538,0.939329,-0.802814,0.202135,0.12322,0.151308,0.080541,-0.2618,-1.280909,-0.05845,0.037566,0.655387,-0.077743,0.081789,-0.005511,-0.286314,0.497968,-1.480015,0.186428,0.026146,1.550412,-0.410517,-0.064481,0.220401,-1.480266,-0.144247,0.694366,1.294714,-0.177863,0.100188,-0.101961
0.385409,-4.184935,0.715858,0.085681,0.323098,-0.027119,0.942089,-0.799014,0.207091,0.137578,0.170281,0.075091,-0.2618,-1.270299,-0.060607,0.031126,0.670634,-0.087805,0.079682,-0.011558,-0.293444,0.481221,-1.45416,0.195973,0.026004,1.564663,-0.431323,-0.070314,0.175359,-1.45156,-0.10448,0.670287,1.306015,-0.162898,0.11115,-0.139042
0.385556,-4.185964,0.715382,0.083825,0.315925,-0.023509,0.944781,-0.795698,0.211567,0.154617,0.188186,0.070181,-0.2618,-1.259876,-0.064557,0.023787,0.687899,-0.100818,0.077157,-0.016755,-0.300583,0.463129,-1.422492,0.200614,0.03189,1.585875,-0.46955,-0.077222,0.138264,-1.42278,-0.068183,0.658014,1.314861,-0.153694,0.123852,-0.177697
0.385767,-4.187123,0.714975,0.081911,0.308668,-0.019453,0.947437,-0.791123,0.216981,0.173302,0.203061,0.067576,-0.2618,-1.248294,-0.069235,0.015582,0.704313,-0.115493,0.07339,-0.02154,-0.306589,0.444829,-1.390133,0.203501,0.051886,1.613086,-0.51417,-0.084271,0.102017,-1.393991,-0.035719,0.649432,1.321786,-0.143121,0.136404,-0.210446
0.386032,-4.188124,0.714667,0.079979,0.301441,-0.015689,0.949995,-0.784061,0.222541,0.188171,0.214408,0.064447,-0.2618,-1.235536,-0.073541,0.00802,0.718838,-0.130658,0.070145,-0.02667,-0.311987,0.426478,-1.358528,0.205628,0.066509,1.638909,-0.562872,-0.086629,0.058475,-1.365202,-0.011399,0.653496,1.321347,-0.135764,0.145205,-0.23369
0.386447,-4.189163,0.71439,0.078553,0.294227,-0.012582,0.952419,-0.774415,0.225952,0.193992,0.223186,0.059091,-0.2618,-1.222712,-0.077019,0.00239,0.732605,-0.143115,0.067762,-0.030209,-0.316927,0.409337,-1.326767,0.20505,0.072416,1.654468,-0.599905,-0.086347,0.008403,-1.3365,0.001515,0.669794,1.309885,-0.13434,0.148785,-0.250402
0.386868,-4.189927,0.714245,0.077511,0.285434,-0.009597,0.955211,-0.760511,0.226633,0.194729,0.23285,0.049188,-0.2618,-1.2057,-0.081651,-0.002659,0.745535,-0.156815,0.068751,-0.033376,-0.320408,0.394049,-1.29464,0.202352,0.072108,1.671961,-0.638326,-0.0773,-0.043556,-1.306812,0.007069,0.692445,1.290324,-0.137866,0.154123,-0.25576
0.387538,-4.191766,0.713872,0.076703,0.277097,-0.006006,0.957757,-0.746408,0.231502,0.198145,0.241732,0.0384,-0.2618,-1.188648,-0.086494,-0.009013,0.757298,-0.170452,0.068029,-0.036081,-0.322061,0.378154,-1.268418,0.197565,0.077496,1.686418,-0.670051,-0.066132,-0.0859,-1.278437,0.007404,0.714423,1.26882,-0.143621,0.166278,-0.252065
0.38787,-4.193126,0.71358,0.075163,0.268719,-0.002083,0.960279,-0.732052,0.238919,0.206025,0.248687,0.029089,-0.2618,-1.171248,-0.091375,-0.016624,0.768121,-0.18396,0.066314,-0.039388,-0.322423,0.363229,-1.246419,0.191769,0.075382,1.698517,-0.691642,-0.057522,-0.113314,-1.249686,0.005596,0.732803,1.247156,-0.141824,0.18164,-0.249397
0.388426,-4.193309,0.713859,0.074249,0.261514,0.000503,0.962339,-0.718472,0.240664,0.207475,0.253465,0.024012,-0.2618,-1.155873,-0.095436,-0.020705,0.77677,-0.194713,0.064676,-0.041732,-0.323815,0.347754,-1.224733,0.184768,0.068573,1.699783,-0.699357,-0.046048,-0.132328,-1.223392,0.003577,0.747022,1.229921,-0.136142,0.196116,-0.246647
0.389249,-4.193414,0.714326,0.073461,0.254223,0.002739,0.964348,-0.705252,0.240169,0.204638,0.259135,0.020233,-0.2618,-1.138828,-0.0994,-0.024292,0.783139,-0.204289,0.064671,-0.04588,-0.324998,0.332104,-1.2041,0.178099,0.058522,1.699957,-0.707124,-0.042017,-0.140695,-1.200282,0.002666,0.756974,1.217188,-0.129343,0.206979,-0.242798
0.389574,-4.193733,0.714985,0.072964,0.247413,0.004596,0.966148,-0.693573,0.240478,0.201617,0.264635,0.019349,-0.2618,-1.12216,-0.102791,-0.027576,0.785815,-0.210277,0.063496,-0.049557,-0.326029,0.316357,-1.186617,0.170859,0.056609,1.7,-0.714385,-0.039784,-0.147479,-1.181166,0.001844,0.762492,1.208409,-0.127723,0.211154,-0.23572
0.390225,-4.193876,0.715619,0.072381,0.240044,0.005997,0.968041,-0.678696,0.241186,0.19887,0.268644,0.015327,-0.2618,-1.103687,-0.105766,-0.030795,0.788488,-0.217463,0.06331,-0.052472,-0.325546,0.30129,-1.168911,0.163349,0.056254,1.699963,-0.724472,-0.039223,-0.155578,-1.163454,-0.000625,0.770408,1.198617,-0.129757,0.213521,-0.22688
0.390955,-4.193578,0.716343,0.071729,0.233104,0.006692,0.96978,-0.664423,0.242331,0.197015,0.273236,0.011234,-0.2618,-1.086456,-0.107566,-0.032511,0.790726,-0.222375,0.06204,-0.055257,-0.324342,0.286487,-1.15108,0.156903,0.055412,1.7,-0.742803,-0.03377,-0.169295,-1.147098,-0.004511,0.779541,1.186146,-0.130604,0.215183,-0.216995
0.39155,-4.193472,0.717102,0.071275,0.225701,0.007063,0.97156,-0.649109,0.244089,0.194497,0.278257,0.00711,-0.2618,-1.06759,-0.108901,-0.034167,0.791366,-0.22743,0.059574,-0.056819,-0.323861,0.273539,-1.135244,0.150622,0.058918,1.7,-0.75481,-0.035834,-0.178648,-1.130593,-0.008227,0.7857,1.174612,-0.129615,0.219854,-0.206053
0.392336,-4.193149,0.718031,0.070573,0.218389,0.007136,0.97328,-0.633209,0.246227,0.191578,0.282612,0.003407,-0.2618,-1.04729,-0.109816,-0.036068,0.789596,-0.232808,0.058524,-0.058388,-0.322088,0.261192,-1.118201,0.143916,0.058924,1.7,-0.767665,-0.039963,-0.17849,-1.114205,-0.01095,0.790004,1.165556,-0.129773,0.222882,-0.193809
0.393106,-4.193148,0.719038,0.070214,0.211242,0.007188,0.974882,-0.617882,0.248367,0.188618,0.28721,0.001745,-0.2618,-1.027013,-0.110939,-0.037836,0.78708,-0.23823,0.057377,-0.060367,-0.320328,0.249364,-1.099903,0.136701,0.054303,1.7,-0.783559,-0.041945,-0.183951,-1.097932,-0.014225,0.797033,1.155349,-0.130128,0.223676,-0.180535
0.393959,-4.193114,0.720177,0.070015,0.204267,0.007199,0.976382,-0.601367,0.250058,0.18617,0.288952,0.001118,-0.2618,-1.007181,-0.11226,-0.039075,0.784495,-0.241965,0.056221,-0.061006,-0.317925,0.237189,-1.08158,0.129427,0.05221,1.7,-0.797895,-0.046332,-0.18651,-1.080687,-0.018736,0.805143,1.142312,-0.131461,0.224362,-0.169109
0.39497,-4.193047,0.721359,0.069867,0.196869,0.007143,0.977911,-0.582472,0.251766,0.184234,0.288559,-0.000317,-0.2618,-0.986454,-0.113461,-0.039931,0.782041,-0.244771,0.054723,-0.060871,-0.314596,0.22543,-1.062044,0.121037,0.052068,1.7,-0.813627,-0.050668,-0.189365,-1.061417,-0.023308,0.812931,1.12864,-0.131391,0.224156,-0.155566
0.396044,-4.19252,0.722754,0.069303,0.190891,0.007095,0.979136,-0.567022,0.25333,0.183005,0.288381,0.00058,-0.2618,-0.968562,-0.114255,-0.040896,0.778661,-0.244672,0.052003,-0.059588,-0.30795,0.215096,-1.043918,0.111817,0.054988,1.7,-0.821943,-0.057668,-0.188388,-1.042112,-0.030649,0.817568,1.113129,-0.133982,0.219847,-0.144032
0.396959,-4.192751,0.72422,0.06884,0.182867,0.007323,0.980697,-0.546193,0.256504,0.17927,0.286153,0.00154,-0.2618,-0.944132,-0.115081,-0.04319,0.772027,-0.247148,0.048007,-0.059484,-0.298851,0.209677,-1.020299,0.096688,0.052188,1.685724,-0.8287,-0.069894,-0.170876,-1.022425,-0.044912,0.824334,1.087523,-0.141871,0.21608,-0.12074
0.399216,-4.192574,0.72593,0.067899,0.174664,0.007938,0.982252,-0.522893,0.259444,0.1753,0.282845,0.002372,-0.2618,-0.917269,-0.116391,-0.0463,0.766257,-0.251907,0.044878,-0.060244,-0.291503,0.201015,-0.987888,0.079339,0.038502,1.656742,-0.842257,-0.071689,-0.146877,-1.000211,-0.06029,0.833606,1.057359,-0.144551,0.217109,-0.097628
0.401316,-4.192908,0.727672,0.067309,0.165894,0.00857,0.983806,-0.497979,0.262682,0.17015,0.278186,0.005903,-0.2618,-0.888581,-0.117747,-0.049682,0.759329,-0.257023,0.041849,-0.059744,-0.285094,0.191961,-0.952115,0.062178,0.028169,1.621899,-0.847539,-0.073372,-0.116909,-0.975814,-0.072098,0.838511,1.029936,-0.14426,0.224113,-0.08222
0.40352,-4.192598,0.729564,0.066142,0.158817,0.008073,0.985057,-0.477216,0.266447,0.168003,0.27554,0.009306,-0.2618,-0.865045,-0.116868,-0.051883,0.753539,-0.257078,0.038221,-0.060584,-0.277741,0.173694,-0.928604,0.054751,0.016363,1.623804,-0.857636,-0.077986,-0.103907,-0.95,-0.077252,0.845702,1.01087,-0.142699,0.229885,-0.072606
0.405258,-4.193265,0.731589,0.065343,0.151767,0.008024,0.986221,-0.457886,0.271023,0.163287,0.273178,0.018198,-0.2618,-0.841124,-0.115637,-0.054355,0.745523,-0.255953,0.030883,-0.054461,-0.271956,0.159153,-0.904402,0.043493,0.011206,1.610783,-0.85728,-0.077928,-0.108095,-0.92635,-0.085491,0.852106,0.992159,-0.146867,0.23818,-0.060056
0.407665,-4.194018,0.733796,0.063486,0.143547,0.007531,0.987576,-0.433672,0.278881,0.157406,0.268524,0.026855,-0.2618,-0.811439,-0.112118,-0.058785,0.734057,-0.255601,0.024025,-0.051806,-0.265647,0.144797,-0.872994,0.033235,0.002306,1.587917,-0.860321,-0.069192,-0.106467,-0.903855,-0.094371,0.856222,0.967475,-0.144907,0.245109,-0.043558
0.411095,-4.195294,0.736193,0.060184,0.132689,0.007153,0.989303,-0.399594,0.291023,0.147962,0.258162,0.03612,-0.2618,-0.771694,-0.105685,-0.065968,0.719236,-0.258305,0.018554,-0.049184,-0.256941,0.131779,-0.83774,0.022836,-0.014316,1.559549,-0.866736,-0.059115,-0.090815,-0.879811,-0.102054,0.864378,0.942615,-0.137019,0.258856,-0.028002
0.416058,-4.197449,0.738772,0.054136,0.119035,0.006054,0.991395,-0.354222,0.312338,0.135952,0.241795,0.04786,-0.2618,-0.718588,-0.092239,-0.078483,0.696502,-0.263614,0.012523,-0.042135,-0.244616,0.120701,-0.799669,0.012206,-0.03497,1.525083,-0.866643,-0.046397,-0.056295,-0.853778,-0.108808,0.872706,0.91687,-0.12816,0.278326,-0.01014
0.420784,-4.19854,0.742061,0.047064,0.106722,0.004858,0.993163,-0.313941,0.332966,0.125552,0.227496,0.064649,-0.2618,-0.668065,-0.076923,-0.0902,0.670761,-0.261665,0.004251,-0.032898,-0.229079,0.106696,-0.765473,0.003297,-0.066088,1.493381,-0.865772,-0.025394,-0.041249,-0.827953,-0.118634,0.882886,0.891116,-0.117222,0.296702,0.005505
0.42539,-4.199919,0.745468,0.038558,0.095373,0.003497,0.994688,-0.276234,0.358327,0.114139,0.212665,0.085407,-0.2618,-0.61891,-0.057496,-0.102942,0.64202,-0.255492,-0.007116,-0.023333,-0.212059,0.090353,-0.737499,-0.003592,-0.088483,1.466623,-0.865121,-0.010064,-0.017176,-0.803656,-0.127254,0.890248,0.869301,-0.104378,0.309922,0.015336
0.429741,-4.198736,0.750076,0.032296,0.084063,0.004463,0.995927,-0.242188,0.370078,0.109113,0.20062,0.108254,-0.244751,-0.567867,-0.047189,-0.112048,0.608259,-0.246095,-0.014274,-0.017505,-0.195411,0.075393,-0.706444,-0.012551,-0.115659,1.431157,-0.863292,0.003468,0.022663,-0.782426,-0.137312,0.899228,0.849943,-0.091716,0.324728,0.026514
0.43426,-4.195913,0.755793,0.031073,0.073549,0.007481,0.996779,-0.210687,0.363923,0.10937,0.187644,0.138343,-0.212377,-0.518771,-0.050458,-0.115208,0.574982,-0.236382,-0.017168,-0.01481,-0.185611,0.058716,-0.67245,-0.02336,-0.137,1.389633,-0.86744,0.014294,0.065017,-0.764478,-0.146855,0.907485,0.83395,-0.080931,0.337963,0.038559
0.439069,-4.192612,0.761881,0.03161,0.063342,0.011529,0.997425,-0.179422,0.352883,0.111758,0.17223,0.174852,-0.184136,-0.470644,-0.058712,-0.117287,0.543103,-0.225305,-0.019931,-0.013672,-0.178927,0.042309,-0.627499,-0.035478,-0.164326,1.32664,-0.879609,0.024209,0.133263,-0.751597,-0.158833,0.917566,0.811359,-0.075629,0.350658,0.055264
0.444005,-4.189146,0.768126,0.032385,0.054499,0.016147,0.997858,-0.151333,0.341991,0.119456,0.155394,0.216837,-0.16456,-0.423596,-0.067383,-0.119922,0.507306,-0.210536,-0.024919,-0.011762,-0.173,0.02415,-0.57958,-0.048514,-0.181375,1.251237,-0.892301,0.024328,0.215514,-0.742721,-0.170323,0.92111,0.788964,-0.076165,0.358366,0.076258
0.44895,-4.185337,0.774033,0.032074,0.046141,0.022188,0.998173,-0.125907,0.335149,0.133254,0.138594,0.25945,-0.158879,-0.375565,-0.075033,-0.126534,0.468421,-0.195202,-0.030342,-0.017536,-0.169967,-0.003958,-0.522227,-0.056249,-0.211839,1.169164,-0.908326,0.011889,0.309619,-0.73394,-0.177473,0.930358,0.765344,-0.072662,0.365008,0.099869
0.453894,-4.181314,0.779857,0.031261,0.03951,0.031432,0.998235,-0.108482,0.329879,0.151351,0.122539,0.30689,-0.161548,-0.328328,-0.084275,-0.139899,0.425783,-0.1786,-0.033246,-0.025586,-0.162595,-0.02402,-0.452559,-0.0674,-0.252447,1.047559,-0.914232,0.002629,0.460682,-0.72942,-0.186769,0.927584,0.743059,-0.077976,0.370742,0.128792
0.458364,-4.176964,0.785418,0.030063,0.033865,0.043299,0.998035,-0.098997,0.326633,0.177126,0.113208,0.350081,-0.168354,-0.280474,-0.09451,-0.159674,0.37887,-0.16217,-0.032137,-0.036499,-0.153176,-0.043623,-0.381595,-0.073287,-0.300866,0.912742,-0.910138,0.00088,0.61585,-0.72332,-0.2002,0.927194,0.716407,-0.074462,0.372381,0.157848
0.462585,-4.172169,0.790859,0.028877,0.028931,0.056619,0.997559,-0.096314,0.322794,0.205081,0.11274,0.386719,-0.168794,-0.231706,-0.104779,-0.182014,0.328501,-0.147671,-0.027005,-0.046286,-0.145338,-0.061708,-0.325159,-0.074693,-0.340693,0.802784,-0.905612,0.006197,0.723182,-0.716971,-0.216574,0.929855,0.686028,-0.067665,0.379937,0.176529
0.4665,-4.167067,0.79623,0.02701,0.023849,0.069638,0.996921,-0.094089,0.319795,0.229663,0.115837,0.414746,-0.16935,-0.181791,-0.11215,-0.208537,0.278093,-0.139319,-0.021152,-0.050247,-0.140581,-0.080643,-0.272748,-0.081286,-0.369919,0.705239,-0.908774,0.013131,0.800861,-0.706348,-0.23883,0.929138,0.644563,-0.06228,0.390239,0.190557
0.470638,-4.161091,0.801036,0.023926,0.018072,0.080298,0.99632,-0.086259,0.318417,0.245718,0.118755,0.428291,-0.170025,-0.132907,-0.115039,-0.23009,0.233943,-0.135784,-0.013244,-0.050184,-0.137018,-0.102269,-0.222632,-0.086152,-0.393506,0.616661,-0.910016,0.019042,0.857312,-0.696293,-0.26367,0.929214,0.595857,-0.059944,0.399237,0.207913
0.475367,-4.15417,0.804444,0.020207,0.011155,0.087355,0.99591,-0.072045,0.317724,0.24637,0.124056,0.420196,-0.171003,-0.087817,-0.114115,-0.242801,0.200745,-0.131857,-0.00592,-0.045304,-0.134877,-0.125348,-0.174244,-0.090314,-0.410421,0.526906,-0.905786,0.034539,0.901256,-0.684457,-0.288763,0.922879,0.539567,-0.058609,0.407569,0.231458
0.480577,-4.146355,0.805563,0.015262,0.002333,0.092229,0.995618,-0.051169,0.32008,0.237223,0.134866,0.38043,-0.169688,-0.047284,-0.110265,-0.249261,0.181636,-0.12154,0.001905,-0.037877,-0.13154,-0.147064,-0.131183,-0.088109,-0.42217,0.437557,-0.886874,0.054197,0.925426,-0.671253,-0.31241,0.913377,0.480313,-0.059641,0.421646,0.243609
0.486336,-4.137753,0.804583,0.008513,-0.008318,0.096602,0.995252,-0.02366,0.328805,0.231357,0.150644,0.316653,-0.172131,-0.013082,-0.102384,-0.248254,0.17824,-0.092633,-0.001165,-0.031742,-0.123847,-0.165351,-0.094862,-0.090615,-0.415761,0.369798,-0.867383,0.075355,0.927495,-0.657145,-0.32447,0.897987,0.437759,-0.067214,0.436713,0.249618
0.491678,-4.128956,0.800688,0.007512,-0.015105,0.100565,0.994787,-0.00274,0.324783,0.235865,0.170068,0.242426,-0.16849,0.008229,-0.109528,-0.251851,0.182277,-0.086663,-0.007475,-0.026767,-0.126577,-0.182172,-0.069771,-0.0992,-0.403698,0.34213,-0.85981,0.078713,0.92673,-0.643721,-0.323484,0.884206,0.422316,-0.076362,0.444987,0.256778
0.494859,-4.119813,0.796038,0.004963,-0.023969,0.105376,0.994131,0.015892,0.325433,0.247601,0.19629,0.161785,-0.162137,0.027006,-0.118652,-0.259846,0.203401,-0.106016,-0.00079,-0.023709,-0.123382,-0.184721,-0.043704,-0.10246,-0.40271,0.342796,-0.862664,0.084519,0.926834,-0.623569,-0.314312,0.883787,0.428615,-0.08151,0.451053,0.269398
0.49779,-4.109725,0.792061,0.001291,-0.033311,0.11061,0.993305,0.033058,0.326665,0.259802,0.224181,0.086919,-0.151363,0.04325,-0.12874,-0.267866,0.233789,-0.125638,0.010449,-0.023512,-0.115799,-0.176897,-0.013588,-0.092795,-0.422036,0.35296,-0.876431,0.102306,0.929045,-0.589772,-0.301193,0.892298,0.443226,-0.070284,0.459447,0.278145
0.499956,-4.099135,0.789742,-0.001945,-0.040754,0.114085,0.992633,0.045318,0.322717,0.261955,0.249531,0.034431,-0.143282,0.054496,-0.139495,-0.27179,0.260844,-0.133555,0.01357,-0.025175,-0.111314,-0.16653,0.018973,-0.0852,-0.44676,0.352793,-0.88454,0.123322,0.949397,-0.552746,-0.289937,0.898036,0.450605,-0.057288,0.466303,0.281593
0.500968,-4.088242,0.788674,-0.005401,-0.04426,0.116396,0.992202,0.051469,0.317558,0.255979,0.264628,0.001097,-0.146971,0.058969,-0.148793,-0.27279,0.277115,-0.130858,0.009993,-0.030786,-0.111027,-0.156981,0.053503,-0.091519,-0.462465,0.341015,-0.883378,0.134744,0.978749,-0.524014,-0.283036,0.895562,0.445277,-0.056684,0.468295,0.283458
0.500573,-4.078131,0.788417,-0.008643,-0.044083,0.117951,0.992003,0.050058,0.311932,0.250833,0.273338,-0.02028,-0.156143,0.057694,-0.157105,-0.272745,0.282686,-0.122462,0.005815,-0.032233,-0.115335,-0.154885,0.054813,-0.114117,-0.437888,0.340643,-0.904168,0.170855,1.072474,-0.496125,-0.280067,0.883413,0.435567,-0.063946,0.468701,0.290822
0.499121,-4.069256,0.788361,-0.011549,-0.039611,0.117733,0.992188,0.042364,0.30474,0.252441,0.274653,-0.041308,-0.156068,0.045396,-0.164829,-0.269665,0.285208,-0.113715,0.003713,-0.036611,-0.116506,-0.159529,0.025814,-0.117383,-0.380584,0.335696,-0.992778,0.232304,1.208071,-0.476479,-0.279682,0.886452,0.427753,-0.063557,0.473335,0.302274
0.496006,-4.061109,0.788527,-0.013554,-0.03671,0.116051,0.992472,0.036816,0.296388,0.256975,0.275736,-0.057422,-0.153101,0.033975,-0.172685,-0.264301,0.286408,-0.104717,0.002833,-0.038654,-0.113957,-0.150592,0.023788,-0.10879,-0.37768,0.329256,-1.017807,0.243145,1.217659,-0.476543,-0.280511,0.902719,0.427025,-0.058132,0.477647,0.30342
0.493279,-4.054067,0.789068,-0.014962,-0.033983,0.111948,0.99302,0.033977,0.288732,0.264614,0.275298,-0.066963,-0.149265,0.020815,-0.178807,-0.25363,0.289115,-0.096688,0.000743,-0.035081,-0.111541,-0.142642,0.029085,-0.104131,-0.378158,0.330299,-1.034873,0.248368,1.216666,-0.47834,-0.279673,0.917986,0.428141,-0.052263,0.483056,0.303613
0.490828,-4.048381,0.789605,-0.014362,-0.029245,0.105335,0.993903,0.02896,0.279277,0.279048,0.273103,-0.070005,-0.14349,-0.000297,-0.18684,-0.236804,0.295149,-0.092891,-0.002735,-0.02781,-0.110575,-0.140732,0.031387,-0.088884,-0.375658,0.328817,-1.064636,0.261701,1.206008,-0.475227,-0.276361,0.927096,0.427372,-0.047017,0.48945,0.293932
0.488442,-4.044121,0.790293,-0.014427,-0.026755,0.099354,0.994588,0.027495,0.273742,0.291672,0.270971,-0.070647,-0.138469,-0.013218,-0.190809,-0.224234,0.295411,-0.085543,-0.003433,-0.024588,-0.10786,-0.137207,0.0368,-0.078468,-0.369361,0.322867,-1.076481,0.284976,1.177421,-0.464277,-0.269791,0.927438,0.424052,-0.03394,0.494477,0.270801
0.487494,-4.041265,0.790876,-0.014904,-0.025754,0.094469,0.995083,0.029472,0.271806,0.301852,0.269418,-0.071479,-0.136393,-0.019136,-0.192429,-0.216058,0.2926,-0.069847,0.002499,-0.026381,-0.101859,-0.13463,0.041673,-0.063561,-0.368323,0.31141,-1.079296,0.307059,1.150618,-0.450367,-0.263555,0.926725,0.417619,-0.021011,0.499176,0.239314
0.487484,-4.039713,0.791026,-0.014725,-0.026109,0.090631,0.995433,0.032819,0.27109,0.309809,0.271635,-0.072848,-0.134181,-0.020059,-0.194363,-0.210664,0.288878,-0.05196,0.007025,-0.031417,-0.096172,-0.133787,0.043228,-0.043071,-0.376772,0.298312,-1.079147,0.326817,1.131575,-0.437396,-0.258193,0.924729,0.410226,-0.009653,0.500413,0.208843
0.488326,-4.03919,0.790913,-0.01363,-0.026913,0.087793,0.995682,0.036997,0.269871,0.316278,0.27468,-0.073621,-0.131948,-0.017318,-0.197462,-0.205689,0.284003,-0.040401,0.012522,-0.036065,-0.086571,-0.127431,0.069316,-0.010648,-0.414405,0.277696,-1.030959,0.318871,1.015212,-0.433471,-0.258733,0.920121,0.406245,-0.004949,0.502546,0.182565
0.488959,-4.038944,0.791085,-0.013262,-0.027836,0.086946,0.995736,0.03965,0.269646,0.319121,0.276605,-0.072643,-0.128451,-0.012728,-0.198178,-0.203205,0.278447,-0.032305,0.018291,-0.038724,-0.080096,-0.126893,0.105722,-0.005236,-0.461009,0.279496,-0.8911,0.247213,0.793292,-0.428572,-0.260584,0.909692,0.403632,-0.000815,0.502326,0.159584
0.490605,-4.039735,0.791118,-0.012885,-0.027673,0.087317,0.995713,0.041766,0.269888,0.319868,0.27533,-0.071296,-0.127836,-0.007066,-0.197676,-0.203497,0.270801,-0.027957,0.025096,-0.041082,-0.079515,-0.131967,0.095597,-0.009312,-0.459587,0.2881,-0.858181,0.241695,0.779556,-0.421838,-0.262373,0.894542,0.402059,-0.003509,0.495747,0.147318
0.491907,-4.040609,0.791186,-0.01258,-0.027381,0.087918,0.995672,0.042709,0.270293,0.319406,0.273908,-0.068422,-0.127401,-0.000597,-0.196994,-0.205043,0.260752,-0.024087,0.0328,-0.041263,-0.078853,-0.134358,0.079738,-0.017441,-0.449264,0.29541,-0.833104,0.243924,0.775437,-0.419582,-0.266102,0.882955,0.401114,-0.007902,0.489052,0.134157
0.493146,-4.041307,0.791388,-0.012132,-0.026691,0.088026,0.995687,0.044526,0.26962,0.31958,0.26954,-0.064645,-0.126937,0.005519,-0.196305,-0.207303,0.249042,-0.020993,0.038446,-0.042261,-0.077621,-0.135935,0.067428,-0.027364,-0.435278,0.305549,-0.814249,0.242848,0.754803,-0.422952,-0.271111,0.878092,0.396706,-0.013229,0.487402,0.12138
0.494033,-4.041757,0.791568,-0.011581,-0.025812,0.087693,0.995746,0.046566,0.268185,0.320379,0.263779,-0.060881,-0.127452,0.010624,-0.195717,-0.209417,0.237184,-0.019211,0.041272,-0.043467,-0.075601,-0.13663,0.058758,-0.033768,-0.423825,0.31803,-0.803232,0.244294,0.721871,-0.430421,-0.276742,0.879054,0.391517,-0.023664,0.486734,0.11893
0.494637,-4.042044,0.791618,-0.011047,-0.024738,0.087385,0.995806,0.048022,0.266597,0.321493,0.257943,-0.057654,-0.129672,0.014663,-0.195337,-0.211287,0.225978,-0.018524,0.043955,-0.043639,-0.073848,-0.135847,0.052165,-0.036344,-0.417186,0.327887,-0.7977,0.252074,0.692241,-0.437852,-0.281618,0.881053,0.388042,-0.034635,0.486441,0.128331
0.494836,-4.042312,0.791626,-0.01063,-0.023634,0.086865,0.995883,0.049071,0.265069,0.322912,0.252215,-0.054838,-0.13245,0.01735,-0.194905,-0.212906,0.21608,-0.018006,0.045817,-0.044466,-0.071876,-0.134254,0.048392,-0.036918,-0.41402,0.335563,-0.796763,0.257036,0.660693,-0.444023,-0.28515,0.880203,0.385719,-0.044303,0.482958,0.145223
0.494911,-4.042304,0.791632,-0.010312,-0.022418,0.08592,0.995996,0.049585,0.263585,0.325021,0.247297,-0.052486,-0.133903,0.018648,-0.194591,-0.213444,0.207436,-0.016666,0.048392,-0.045596,-0.070093,-0.131494,0.049249,-0.042105,-0.409002,0.342191,-0.807007,0.264105,0.6468,-0.44846,-0.287011,0.878628,0.382577,-0.055075,0.481495,0.163323
0.494726,-4.042445,0.791739,-0.010117,-0.02124,0.084942,0.996108,0.049158,0.262735,0.327188,0.243426,-0.04979,-0.134694,0.018678,-0.193874,-0.212867,0.200122,-0.013894,0.0508,-0.047749,-0.067948,-0.128163,0.051852,-0.046176,-0.40472,0.347826,-0.818714,0.267341,0.639454,-0.450805,-0.28737,0.878431,0.380136,-0.064773,0.482545,0.180032
0.49434,-4.042563,0.79194,-0.010091,-0.019754,0.083703,0.996244,0.047666,0.262358,0.329815,0.239905,-0.046432,-0.134628,0.01666,-0.192922,-0.211128,0.194108,-0.009508,0.052557,-0.050972,-0.065828,-0.124679,0.05836,-0.047049,-0.405534,0.348719,-0.826672,0.264461,0.632301,-0.452635,-0.28798,0.87833,0.378601,-0.0778,0.480199,0.205885
0.493697,-4.042805,0.792122,-0.010101,-0.018628,0.082384,0.996375,0.045551,0.26263,0.332073,0.238592,-0.044142,-0.134084,0.013636,-0.192041,-0.209144,0.190968,-0.006635,0.053266,-0.053756,-0.064993,-0.119984,0.065435,-0.047562,-0.408177,0.349277,-0.83204,0.259192,0.630513,-0.451636,-0.287515,0.878009,0.378175,-0.083567,0.478827,0.223634
0.493025,-4.04323,0.792254,-0.010092,-0.017561,0.08092,0.996515,0.043241,0.263282,0.334463,0.238105,-0.042155,-0.133891,0.010265,-0.190893,-0.206675,0.188531,-0.004416,0.053914,-0.05635,-0.064918,-0.114291,0.072797,-0.048248,-0.411173,0.349411,-0.837623,0.254633,0.628697,-0.450361,-0.286892,0.878266,0.378085,-0.087892,0.475806,0.233947
0.492238,-4.043716,0.792329,-0.0102,-0.016164,0.079462,0.996655,0.039811,0.264252,0.336847,0.237857,-0.040844,-0.133642,0.005717,-0.18959,-0.204206,0.186577,-0.002701,0.054488,-0.058856,-0.065881,-0.108305,0.080628,-0.048336,-0.413244,0.348556,-0.844999,0.253573,0.625586,-0.446811,-0.285688,0.878419,0.378714,-0.089422,0.470953,0.246048
0.491238,-4.044406,0.792296,-0.010791,-0.013208,0.077789,0.996824,0.032143,0.266601,0.339193,0.238601,-0.040734,-0.135063,-0.003934,-0.187309,-0.20148,0.186668,-0.001632,0.054961,-0.062246,-0.065444,-0.103988,0.095511,-0.031386,-0.425302,0.339184,-0.851331,0.250035,0.583147,-0.445195,-0.283157,0.881336,0.380294,-0.090218,0.468529,0.262722
0.489378,-4.045429,0.792232,-0.011181,-0.011092,0.077665,0.996855,0.024584,0.268083,0.338854,0.237622,-0.038203,-0.137582,-0.011941,-0.185486,-0.200539,0.186847,0.000416,0.054548,-0.062682,-0.077353,-0.108585,0.044645,-0.059005,-0.345927,0.351732,-0.947823,0.393862,0.789534,-0.431451,-0.277043,0.874728,0.378637,-0.090291,0.465495,0.270817
0.487724,-4.04603,0.79243,-0.011222,-0.009848,0.078054,0.996837,0.017211,0.268559,0.336819,0.240204,-0.035641,-0.134727,-0.016335,-0.185253,-0.201986,0.185034,0.004944,0.054292,-0.074841,-0.078171,-0.101402,0.038464,-0.057107,-0.331437,0.326849,-1.008208,0.423385,0.872017,-0.43612,-0.272801,0.879919,0.38024,-0.090647,0.462004,0.277635
0.486495,-4.045995,0.792619,-0.011361,-0.008637,0.077127,0.996919,0.014057,0.268313,0.338546,0.238575,-0.033677,-0.133576,-0.01947,-0.184819,-0.200288,0.180643,0.010108,0.05608,-0.076997,-0.078709,-0.098937,0.04094,-0.05162,-0.331613,0.313276,-1.025787,0.429346,0.895845,-0.43638,-0.271019,0.880207,0.382902,-0.092533,0.459692,0.281712
0.485833,-4.046109,0.792752,-0.011567,-0.007269,0.076239,0.996996,0.012055,0.268307,0.340297,0.235429,-0.031869,-0.133888,-0.022267,-0.183835,-0.199104,0.176337,0.014522,0.057128,-0.076501,-0.078826,-0.098476,0.042552,-0.046913,-0.333257,0.30662,-1.031945,0.432997,0.903266,-0.435713,-0.270772,0.879781,0.384541,-0.09374,0.458911,0.284391
0.485195,-4.046076,0.792922,-0.011778,-0.005498,0.075142,0.997088,0.009693,0.268054,0.342539,0.231571,-0.029557,-0.134942,-0.026387,-0.182991,-0.197438,0.172478,0.01979,0.057424,-0.075776,-0.077142,-0.100881,0.043658,-0.03554,-0.334678,0.301418,-1.042287,0.442694,0.892634,-0.436015,-0.27185,0.881414,0.384877,-0.095427,0.458503,0.287453
0.484468,-4.045869,0.793016,-0.011779,-0.004423,0.074342,0.997153,0.008475,0.267064,0.344143,0.228084,-0.027618,-0.135408,-0.028981,-0.182929,-0.196236,0.169039,0.024249,0.057162,-0.076099,-0.075634,-0.101262,0.040442,-0.022609,-0.335639,0.299047,-1.056645,0.450523,0.884924,-0.437156,-0.27196,0.881359,0.385048,-0.095608,0.458512,0.287114
0.48385,-4.045429,0.793182,-0.011736,-0.003662,0.073777,0.997199,0.008373,0.265488,0.345576,0.223925,-0.025639,-0.135707,-0.030446,-0.183376,-0.195742,0.165546,0.028822,0.057144,-0.07777,-0.073617,-0.101523,0.037369,-0.010365,-0.338193,0.296671,-1.070289,0.451798,0.884575,-0.439168,-0.271428,0.880265,0.385839,-0.09689,0.457784,0.287605
0.483442,-4.044791,0.793356,-0.011532,-0.003314,0.072665,0.997284,0.01029,0.263485,0.348364,0.219499,-0.024226,-0.135751,-0.030626,-0.184057,-0.194409,0.161434,0.033688,0.057013,-0.078636,-0.070026,-0.10354,0.038428,-0.005736,-0.338107,0.294754,-1.076949,0.450728,0.882717,-0.438138,-0.272011,0.878172,0.385473,-0.099463,0.456838,0.289654
0.484089,-4.043337,0.793332,-0.011511,-0.002219,0.069359,0.997523,0.01666,0.260784,0.356422,0.209866,-0.024298,-0.137696,-0.031583,-0.184143,-0.188319,0.156016,0.03557,0.06055,-0.073595,-0.068484,-0.107406,0.038364,0.003144,-0.336981,0.293008,-1.080968,0.454586,0.879813,-0.437299,-0.26933,0.875245,0.386916,-0.101629,0.45652,0.290418
0.48467,-4.043675,0.793234,-0.011368,-0.001459,0.0696,0.997509,0.01799,0.259913,0.3563,0.204884,-0.02419,-0.139964,-0.030757,-0.183845,-0.189806,0.152778,0.036505,0.060201,-0.07521,-0.065948,-0.109223,0.035862,0.006385,-0.334953,0.293302,-1.083353,0.458036,0.879817,-0.437636,-0.267883,0.873861,0.388643,-0.100802,0.456744,0.287485
0.484251,-4.04289,0.793194,-0.011203,-0.000913,0.070146,0.997473,0.016987,0.257508,0.355551,0.202936,-0.024918,-0.139558,-0.029449,-0.185409,-0.191402,0.147278,0.039924,0.062945,-0.077906,-0.062774,-0.110228,0.033927,0.006852,-0.331378,0.2943,-1.083702,0.459917,0.876987,-0.43949,-0.267857,0.874626,0.389681,-0.10015,0.456099,0.28497
0.483804,-4.042105,0.793151,-0.011013,-0.000646,0.070446,0.997455,0.016153,0.255383,0.354952,0.202183,-0.025828,-0.139303,-0.028195,-0.186912,-0.192549,0.142734,0.042793,0.064544,-0.079487,-0.059924,-0.110085,0.033105,0.006851,-0.329659,0.295129,-1.084198,0.460793,0.8732,-0.441366,-0.268475,0.876125,0.389715,-0.100476,0.455568,0.284607
0.483456,-4.041485,0.793162,-0.010647,-0.000184,0.070717,0.99744,0.014368,0.253334,0.35427,0.202777,-0.026176,-0.137979,-0.02659,-0.188454,-0.193665,0.136891,0.046304,0.067238,-0.080664,-0.057198,-0.109974,0.032761,0.00788,-0.328528,0.295462,-1.086487,0.46133,0.870243,-0.442624,-0.269276,0.877895,0.389846,-0.099842,0.454992,0.285669
0.483066,-4.040805,0.793147,-0.010324,0.000356,0.070675,0.997446,0.01237,0.251509,0.354111,0.203822,-0.026832,-0.137158,-0.025867,-0.189908,-0.194181,0.131697,0.050135,0.069211,-0.080465,-0.054622,-0.109464,0.033134,0.008744,-0.326614,0.2961,-1.08879,0.464356,0.864659,-0.44288,-0.270412,0.879346,0.389204,-0.100122,0.455704,0.286704
0.482688,-4.040236,0.793202,-0.010056,0.000967,0.070381,0.997469,0.010472,0.250025,0.354439,0.204631,-0.027137,-0.136091,-0.025595,-0.19097,-0.194187,0.126817,0.053686,0.070835,-0.080475,-0.052,-0.109417,0.035242,0.010624,-0.325608,0.294865,-1.091698,0.469342,0.857303,-0.442726,-0.271359,0.881619,0.387689,-0.09844,0.455455,0.287568
0.482316,-4.039745,0.793189,-0.009775,0.001512,0.069881,0.997506,0.009202,0.248668,0.35545,0.204773,-0.027614,-0.135629,-0.025748,-0.192002,-0.193816,0.122888,0.056067,0.072287,-0.080272,-0.049242,-0.109533,0.037111,0.013837,-0.324869,0.293567,-1.094724,0.473974,0.850727,-0.44083,-0.270795,0.883181,0.3868,-0.097941,0.455034,0.288498
0.481982,-4.039337,0.793187,-0.009528,0.001969,0.069333,0.997546,0.008543,0.247383,0.356495,0.204146,-0.027625,-0.135285,-0.02627,-0.192846,-0.192848,0.120193,0.057827,0.073527,-0.080429,-0.046402,-0.10943,0.039076,0.016661,-0.325424,0.293037,-1.099345,0.479186,0.846549,-0.438572,-0.269699,0.883533,0.386579,-0.094943,0.455045,0.285941
0.481638,-4.03895,0.793202,-0.00934,0.002371,0.068698,0.997591,0.008497,0.246168,0.357876,0.202667,-0.027632,-0.134814,-0.027391,-0.193525,-0.191622,0.118706,0.059526,0.0741,-0.081229,-0.043134,-0.109171,0.041537,0.018085,-0.321449,0.292448,-1.097729,0.484733,0.835184,-0.436611,-0.268644,0.883399,0.386708,-0.092975,0.456423,0.284208
0.481303,-4.038674,0.793218,-0.00916,0.002629,0.068117,0.997632,0.008757,0.245134,0.359322,0.201081,-0.02739,-0.134319,-0.028422,-0.194084,-0.190635,0.117853,0.060746,0.074375,-0.082999,-0.040315,-0.109303,0.04461,0.021796,-0.321191,0.290549,-1.100246,0.490489,0.82545,-0.435666,-0.268493,0.884822,0.386228,-0.09063,0.455291,0.284316
0.481044,-4.038512,0.793271,-0.009021,0.00281,0.067646,0.997665,0.009329,0.244255,0.360444,0.199175,-0.026661,-0.133811,-0.029299,-0.194431,-0.189394,0.117275,0.061991,0.074764,-0.084751,-0.037845,-0.109972,0.047448,0.025903,-0.320442,0.289191,-1.105238,0.49657,0.817894,-0.435373,-0.268869,0.887138,0.385508,-0.087379,0.455223,0.283461
0.480842,-4.038482,0.793325,-0.008888,0.002822,0.067332,0.997687,0.010059,0.243617,0.361112,0.197495,-0.025809,-0.13331,-0.029467,-0.194571,-0.188607,0.116408,0.063058,0.075128,-0.086512,-0.036321,-0.110903,0.049534,0.03068,-0.319335,0.286267,-1.108494,0.504699,0.812289,-0.434681,-0.269245,0.888758,0.384304,-0.086181,0.455099,0.283986
0.480708,-4.038589,0.793385,-0.008806,0.002704,0.067115,0.997703,0.010892,0.243387,0.361638,0.196231,-0.025153,-0.133012,-0.029067,-0.194462,-0.188285,0.115433,0.063722,0.07582,-0.087667,-0.035752,-0.111795,0.050681,0.036113,-0.318664,0.282422,-1.112504,0.511446,0.804623,-0.433354,-0.270094,0.889638,0.381436,-0.086215,0.455044,0.285972
0.480654,-4.038853,0.793399,-0.008732,0.0025,0.066955,0.997715,0.011678,0.243538,0.361974,0.195508,-0.024822,-0.132847,-0.028483,-0.194139,-0.188026,0.114789,0.063721,0.076534,-0.08839,-0.035694,-0.112756,0.05148,0.041621,-0.317928,0.279492,-1.115795,0.517997,0.793014,-0.433104,-0.271368,0.889978,0.378227,-0.090192,0.455234,0.290802
0.480619,-4.039229,0.793365,-0.008616,0.002205,0.066798,0.997727,0.012446,0.243883,0.362228,0.195358,-0.024557,-0.132825,-0.027829,-0.193761,-0.187907,0.114558,0.062958,0.077098,-0.08834,-0.036344,-0.113788,0.051315,0.048232,-0.317349,0.277121,-1.117273,0.525079,0.779721,-0.433786,-0.272437,0.890612,0.37733,-0.089441,0.455611,0.291595
0.480591,-4.039683,0.793368,-0.00851,0.001788,0.066669,0.997737,0.013434,0.244361,0.362417,0.195191,-0.024184,-0.132819,-0.027004,-0.193285,-0.18769,0.114549,0.062045,0.077799,-0.088039,-0.036974,-0.114787,0.050306,0.054377,-0.315907,0.275936,-1.119414,0.534139,0.766878,-0.434132,-0.272414,0.891808,0.377048,-0.088891,0.456711,0.290449
0.480581,-4.040172,0.793359,-0.008482,0.001339,0.06662,0.997741,0.014416,0.245072,0.362417,0.195037,-0.023723,-0.132872,-0.026124,-0.192564,-0.187528,0.114633,0.061763,0.078328,-0.088125,-0.037669,-0.115866,0.048346,0.062529,-0.317718,0.274441,-1.126545,0.540015,0.757106,-0.435012,-0.27294,0.891965,0.376146,-0.086339,0.455862,0.289686
0.480581,-4.040686,0.793362,-0.008393,0.000942,0.066539,0.997748,0.015391,0.245636,0.362495,0.194687,-0.022955,-0.132906,-0.025278,-0.191926,-0.187446,0.114624,0.061351,0.078689,-0.088142,-0.038646,-0.116776,0.046728,0.069659,-0.31708,0.271599,-1.130869,0.545085,0.745512,-0.435076,-0.273624,0.89137,0.373749,-0.08257,0.456412,0.284827
0.480581,-4.041201,0.793359,-0.008294,0.000576,0.066437,0.997756,0.016374,0.246171,0.362661,0.194269,-0.022398,-0.132885,-0.024466,-0.191309,-0.187426,0.11454,0.060497,0.079191,-0.088049,-0.039363,-0.117675,0.045132,0.077008,-0.315307,0.268994,-1.131633,0.55432,0.728376,-0.435619,-0.275604,0.889711,0.370444,-0.085153,0.456243,0.285323
0.480551,-4.041694,0.793343,-0.00823,0.000189,0.066326,0.997764,0.01736,0.246761,0.362788,0.193884,-0.022076,-0.133137,-0.023683,-0.190694,-0.18722,0.114491,0.059575,0.07979,-0.087924,-0.040021,-0.118412,0.043574,0.085141,-0.3126,0.265309,-1.131414,0.566957,0.70816,-0.435177,-0.277372,0.887581,0.366166,-0.084399,0.455641,0.283231
0.480515,-4.042158,0.793352,-0.008124,-0.000142,0.066226,0.997772,0.018327,0.247162,0.363033,0.193269,-0.021272,-0.133355,-0.023016,-0.190208,-0.187103,0.114387,0.059267,0.080279,-0.089428,-0.040088,-0.11923,0.043265,0.094679,-0.307631,0.262536,-1.128653,0.581042,0.672616,-0.435334,-0.278075,0.88767,0.362275,-0.084928,0.455564,0.280392
0.480452,-4.0426,0.793346,-0.008022,-0.000374,0.066223,0.997772,0.018897,0.247483,0.362952,0.192676,-0.020553,-0.133704,-0.022404,-0.189738,-0.18725,0.114008,0.059229,0.080416,-0.089799,-0.040105,-0.120175,0.040836,0.11029,-0.303068,0.263233,-1.11738,0.600625,0.614148,-0.435557,-0.278999,0.887607,0.359288,-0.085129,0.456469,0.275648
0.480278,-4.042977,0.793357,-0.007946,-0.000608,0.066278,0.997769,0.019259,0.247733,0.362755,0.192187,-0.020029,-0.134109,-0.021948,-0.189407,-0.187475,0.113697,0.058985,0.080432,-0.090202,-0.040228,-0.12101,0.036725,0.132177,-0.30087,0.265128,-1.102944,0.62534,0.542187,-0.436311,-0.279821,0.887349,0.358086,-0.084147,0.456072,0.275661
0.480052,-4.043304,0.79336,-0.007837,-0.000782,0.066296,0.997769,0.019437,0.247836,0.362558,0.191783,-0.019545,-0.134483,-0.021732,-0.189264,-0.187711,0.113413,0.058925,0.080696,-0.089996,-0.038584,-0.121476,0.032101,0.165764,-0.292668,0.270469,-1.055382,0.660844,0.394178,-0.43604,-0.280788,0.886705,0.357457,-0.084495,0.455585,0.274462
0.479688,-4.043725,0.793376,-0.007493,-0.000931,0.066389,0.997765,0.019163,0.247523,0.362119,0.191571,-0.018749,-0.134941,-0.021837,-0.18953,-0.18768,0.113294,0.059523,0.080346,-0.090182,-0.036449,-0.122002,0.020918,0.231254,-0.272822,0.289144,-0.92574,0.717048,0.066073,-0.436363,-0.282838,0.886196,0.355712,-0.087603,0.454163,0.275427
0.479248,-4.044325,0.793365,-0.006866,-0.001141,0.066607,0.997755,0.019009,0.246621,0.361366,0.191001,-0.01777,-0.135609,-0.021953,-0.19032,-0.187894,0.11344,0.05964,0.080077,-0.092604,-0.033505,-0.124509,-0.004621,0.360895,-0.246539,0.338306,-0.665387,0.706961,-0.593866,-0.435978,-0.284158,0.887851,0.35325,-0.092894,0.453936,0.278623
0.478956,-4.044433,0.793283,-0.006759,-0.001308,0.067003,0.997729,0.019131,0.246011,0.360507,0.19,-0.017438,-0.135803,-0.021831,-0.190639,-0.188549,0.113631,0.059693,0.079515,-0.096105,-0.029559,-0.126838,-0.017697,0.448631,-0.24492,0.361125,-0.591488,0.624837,-0.921275,-0.435555,-0.288389,0.892385,0.349265,-0.090162,0.454245,0.273866
0.478569,-4.044161,0.793267,-0.006606,-0.001386,0.067415,0.997702,0.019389,0.244531,0.360126,0.1884,-0.01748,-0.135396,-0.021751,-0.191576,-0.189341,0.113527,0.059804,0.07911,-0.099471,-0.031028,-0.127228,-0.017411,0.463287,-0.239629,0.372567,-0.568876,0.603842,-0.96431,-0.436679,-0.28867,0.893284,0.345943,-0.091577,0.453865,0.277681
0.477876,-4.043967,0.793261,-0.006455,-0.001406,0.068232,0.997648,0.018299,0.243232,0.35863,0.187529,-0.017443,-0.13525,-0.022047,-0.192683,-0.190733,0.113476,0.060104,0.079029,-0.101622,-0.031487,-0.127039,-0.017496,0.46328,-0.238211,0.375688,-0.562454,0.600569,-0.971779,-0.436342,-0.289294,0.892221,0.343561,-0.091352,0.454309,0.279251
0.477163,-4.043718,0.793255,-0.006329,-0.001443,0.06888,0.997604,0.017295,0.241979,0.357429,0.186778,-0.017276,-0.134783,-0.022379,-0.193676,-0.191919,0.113257,0.060661,0.078541,-0.10429,-0.030216,-0.126503,-0.015582,0.461826,-0.235965,0.37546,-0.559906,0.600355,-0.973953,-0.436026,-0.289838,0.893215,0.342107,-0.091444,0.455185,0.276508
0.476556,-4.043403,0.793289,-0.006204,-0.001343,0.069419,0.997567,0.016582,0.24048,0.356413,0.185314,-0.017031,-0.133834,-0.022921,-0.194698,-0.192575,0.112967,0.06159,0.077703,-0.10607,-0.028597,-0.126004,-0.00913,0.457837,-0.227536,0.375228,-0.555204,0.602804,-0.974492,-0.436371,-0.290565,0.895378,0.341656,-0.090431,0.455386,0.278558
0.475865,-4.043083,0.793327,-0.006215,-0.001222,0.069837,0.997538,0.01587,0.239286,0.355599,0.183705,-0.017249,-0.133003,-0.023664,-0.195382,-0.193151,0.11253,0.062507,0.076948,-0.10817,-0.026542,-0.125995,-0.001373,0.45764,-0.223021,0.370854,-0.550708,0.599485,-0.979723,-0.436464,-0.290842,0.898503,0.340698,-0.091257,0.456289,0.282558
0.475129,-4.042811,0.793373,-0.006336,-0.001149,0.070394,0.997498,0.014714,0.238518,0.354466,0.182963,-0.018127,-0.131977,-0.024382,-0.195862,-0.194016,0.112353,0.063326,0.076378,-0.108969,-0.025239,-0.126092,0.001451,0.458864,-0.221836,0.366897,-0.546992,0.601806,-0.981042,-0.434952,-0.291053,0.89934,0.33867,-0.090378,0.456534,0.280487
0.474405,-4.042595,0.793365,-0.006431,-0.001233,0.071059,0.997451,0.013263,0.237962,0.353108,0.183549,-0.01976,-0.131074,-0.024676,-0.196351,-0.195005,0.112232,0.063833,0.076747,-0.109133,-0.024369,-0.125504,0.003863,0.459252,-0.21933,0.362881,-0.546362,0.60647,-0.977553,-0.433838,-0.291049,0.899441,0.33687,-0.091014,0.456986,0.279188
0.473713,-4.042422,0.793332,-0.006521,-0.001452,0.071763,0.997399,0.011643,0.237629,0.351438,0.185007,-0.021164,-0.130327,-0.024677,-0.196804,-0.196386,0.112367,0.064274,0.076608,-0.109461,-0.023651,-0.124702,0.008604,0.458167,-0.212496,0.360689,-0.543942,0.606133,-0.977202,-0.433992,-0.291365,0.899667,0.336504,-0.093943,0.45617,0.282795
0.472997,-4.042349,0.793304,-0.006523,-0.001934,0.07228,0.997361,0.010642,0.237398,0.350188,0.186483,-0.022156,-0.129365,-0.024296,-0.197187,-0.197198,0.112594,0.064356,0.076772,-0.110014,-0.023663,-0.12416,0.01321,0.459055,-0.209702,0.355847,-0.541074,0.604254,-0.979832,-0.434921,-0.292404,0.902731,0.334173,-0.092417,0.45605,0.280396
