3.031056,0.659134,0.783995,-0.004543,0.006938,0.61064,0.791865,0.009273,0.156633,0.394432,0.111749,-0.063179,-0.071335,0.014014,-0.033086,-0.070164,0.119999,-0.068853,0.039384,-0.041682,-0.011231,-0.125289,0.285806,0.328272,-0.22924,0.905685,-0.312924,0.405824,0.646482,0.276683,-0.311922,0.167885,0.831512,0.066106,0.480058,-0.193978
3.031399,0.658994,0.784024,-0.004714,0.007079,0.61019,0.79221,0.008862,0.157662,0.395487,0.112108,-0.062571,-0.071872,0.012871,-0.032175,-0.069135,0.120579,-0.068195,0.038443,-0.042431,-0.01141,-0.124859,0.285975,0.328622,-0.230214,0.904224,-0.312578,0.40849,0.643767,0.279023,-0.314235,0.166712,0.836057,0.06435,0.482032,-0.197884
3.031788,0.658806,0.784036,-0.004776,0.007309,0.609782,0.792521,0.00825,0.158421,0.396239,0.112613,-0.061855,-0.072169,0.012003,-0.031552,-0.06832,0.12059,-0.067555,0.038365,-0.043521,-0.011479,-0.123799,0.28585,0.328498,-0.232016,0.902452,-0.311899,0.409897,0.640497,0.280853,-0.316414,0.166567,0.840265,0.063047,0.482609,-0.20156
3.03219,0.658598,0.784064,-0.004764,0.007445,0.609311,0.792882,0.007834,0.159317,0.397174,0.113348,-0.06121,-0.072536,0.011051,-0.030916,-0.067406,0.121179,-0.067647,0.037285,-0.044285,-0.011048,-0.122389,0.285488,0.328132,-0.234215,0.900658,-0.309,0.409019,0.637355,0.282377,-0.318078,0.165981,0.843718,0.063423,0.483503,-0.205044
3.03263,0.658346,0.784063,-0.004671,0.007599,0.608818,0.793259,0.007423,0.160137,0.398162,0.114261,-0.060675,-0.072948,0.010062,-0.030359,-0.066439,0.122017,-0.067657,0.037078,-0.044731,-0.010739,-0.121083,0.285877,0.327965,-0.235556,0.896893,-0.307343,0.408779,0.634865,0.283922,-0.31887,0.165301,0.846062,0.064299,0.484114,-0.20847
3.033102,0.658056,0.784102,-0.004583,0.007764,0.608323,0.793638,0.007064,0.160937,0.39907,0.114853,-0.059807,-0.073543,0.008974,-0.029729,-0.065256,0.122827,-0.067768,0.036046,-0.045397,-0.009942,-0.119712,0.28622,0.326873,-0.236277,0.894209,-0.307095,0.409719,0.632416,0.28428,-0.31918,0.164255,0.847996,0.065254,0.484004,-0.212028
3.033614,0.657666,0.784121,-0.004435,0.007979,0.607805,0.794034,0.006679,0.161619,0.400072,0.11521,-0.058712,-0.073988,0.007816,-0.029218,-0.064311,0.123578,-0.067688,0.035692,-0.046658,-0.009072,-0.118178,0.28684,0.325401,-0.236631,0.891236,-0.307934,0.411222,0.630279,0.283693,-0.319586,0.164719,0.849359,0.066024,0.48346,-0.215261
3.034157,0.657288,0.784091,-0.004217,0.00827,0.607271,0.79444,0.006228,0.162184,0.401194,0.115804,-0.058009,-0.074741,0.006609,-0.028852,-0.063033,0.124446,-0.068468,0.034629,-0.048104,-0.00774,-0.116841,0.28836,0.323792,-0.237692,0.887104,-0.307521,0.413386,0.625397,0.282717,-0.319349,0.164388,0.849521,0.069236,0.482248,-0.221687
3.034737,0.656878,0.784089,-0.003973,0.008537,0.606848,0.794762,0.005801,0.162671,0.401928,0.11616,-0.05686,-0.075257,0.005932,-0.028491,-0.062149,0.124487,-0.069266,0.03489,-0.049631,-0.006139,-0.115278,0.289146,0.32318,-0.241363,0.883517,-0.30359,0.414851,0.618564,0.280973,-0.319522,0.166166,0.849462,0.071721,0.480118,-0.226191
3.035374,0.656377,0.784108,-0.003688,0.008801,0.606582,0.794964,0.005231,0.163131,0.402375,0.116499,-0.055431,-0.075751,0.00526,-0.028142,-0.06157,0.124544,-0.069374,0.034016,-0.051036,-0.00451,-0.11365,0.289569,0.322861,-0.244373,0.88008,-0.3005,0.416258,0.613143,0.278691,-0.320168,0.16894,0.84851,0.071812,0.477393,-0.227054
3.035995,0.65579,0.784185,-0.003505,0.009075,0.606544,0.79499,0.004327,0.163588,0.402335,0.116504,-0.053693,-0.075981,0.00438,-0.02771,-0.061488,0.124593,-0.069428,0.032771,-0.052185,-0.00257,-0.112003,0.289639,0.322332,-0.247747,0.876355,-0.298042,0.418839,0.605749,0.276492,-0.321432,0.172359,0.847322,0.07102,0.47526,-0.226595
3.036665,0.655245,0.784187,-0.003323,0.009561,0.606477,0.795037,0.00321,0.163762,0.402375,0.116354,-0.052035,-0.076205,0.003213,-0.027493,-0.061299,0.12463,-0.069659,0.0328,-0.053559,-0.001171,-0.111028,0.291471,0.322157,-0.25013,0.870147,-0.29534,0.424137,0.594095,0.275139,-0.322963,0.17605,0.845326,0.070973,0.474176,-0.226259
3.03732,0.654766,0.784179,-0.003133,0.009964,0.606443,0.795058,0.002448,0.16395,0.402437,0.116002,-0.050566,-0.076444,0.002382,-0.027245,-0.061299,0.124649,-0.070199,0.03213,-0.054697,0.000833,-0.1098,0.292351,0.321623,-0.253067,0.865652,-0.291371,0.428045,0.5842,0.273969,-0.324533,0.177983,0.844311,0.071093,0.472986,-0.224842
3.038081,0.654179,0.784226,-0.002886,0.010298,0.606768,0.794807,0.001623,0.164095,0.401736,0.115275,-0.048258,-0.076892,0.001874,-0.026919,-0.061696,0.124391,-0.070403,0.031415,-0.056676,0.003059,-0.108144,0.29196,0.321059,-0.255971,0.862721,-0.288482,0.429263,0.57925,0.272265,-0.325675,0.178208,0.844151,0.071418,0.472366,-0.223831
3.038881,0.653564,0.784234,-0.002696,0.010767,0.607095,0.794552,0.000485,0.164133,0.400883,0.11439,-0.045884,-0.076828,0.001009,-0.026677,-0.06235,0.124272,-0.070868,0.030662,-0.059093,0.00498,-0.106482,0.293266,0.320453,-0.258497,0.857034,-0.286014,0.433593,0.568856,0.271452,-0.326856,0.17962,0.842805,0.073578,0.47324,-0.223915
3.039815,0.653063,0.784173,-0.002425,0.011035,0.607368,0.794341,-0.000051,0.164588,0.400197,0.113912,-0.044411,-0.077666,0.000849,-0.026097,-0.063005,0.124126,-0.071834,0.030017,-0.060621,0.00686,-0.10439,0.294962,0.320539,-0.26205,0.850457,-0.27974,0.437188,0.55467,0.270783,-0.326653,0.17917,0.842791,0.076353,0.472942,-0.223652
3.040699,0.652383,0.784249,-0.002232,0.011539,0.607753,0.794039,-0.001184,0.164634,0.399331,0.112664,-0.041499,-0.077698,-0.000023,-0.025768,-0.063728,0.123702,-0.071627,0.029286,-0.062723,0.008804,-0.102357,0.296268,0.321874,-0.267525,0.843963,-0.275608,0.442596,0.54272,0.26974,-0.326837,0.179639,0.84225,0.078076,0.472581,-0.223074
3.041647,0.65171,0.784292,-0.002022,0.012027,0.607849,0.793959,-0.002008,0.164901,0.399038,0.111396,-0.038689,-0.077859,-0.001109,-0.02522,-0.06406,0.123674,-0.071508,0.027871,-0.064385,0.010975,-0.10002,0.297285,0.323864,-0.274756,0.837836,-0.268686,0.447346,0.529531,0.267951,-0.327593,0.181703,0.842185,0.079398,0.473099,-0.222615
3.042598,0.651033,0.784346,-0.001814,0.012571,0.607724,0.794047,-0.002833,0.165222,0.399293,0.110191,-0.036002,-0.077888,-0.002505,-0.024658,-0.06363,0.123757,-0.071495,0.026979,-0.066102,0.013374,-0.09768,0.297826,0.325304,-0.281052,0.831756,-0.263145,0.460036,0.510373,0.266136,-0.328998,0.18507,0.841058,0.080129,0.472294,-0.220865
3.043693,0.650184,0.784363,-0.001754,0.013195,0.607708,0.794049,-0.004479,0.166064,0.39919,0.109504,-0.033372,-0.078461,-0.004327,-0.023704,-0.063647,0.123704,-0.071446,0.025622,-0.069104,0.015208,-0.094892,0.299166,0.330314,-0.29092,0.817278,-0.253513,0.484653,0.476615,0.26354,-0.33052,0.188753,0.839328,0.077932,0.470742,-0.216159
3.044831,0.649407,0.784335,-0.001637,0.013822,0.607361,0.794304,-0.005695,0.167007,0.3998,0.10888,-0.030926,-0.079452,-0.006196,-0.022678,-0.063066,0.123928,-0.07172,0.024391,-0.071889,0.0176,-0.092115,0.298292,0.339493,-0.306336,0.794304,-0.228958,0.527396,0.416232,0.260843,-0.332403,0.192737,0.83775,0.07683,0.46949,-0.213259
3.046134,0.648377,0.784365,-0.001781,0.01468,0.607565,0.794133,-0.008965,0.168707,0.398562,0.1091,-0.027113,-0.080615,-0.008567,-0.021422,-0.063593,0.123118,-0.07066,0.022951,-0.073625,0.01965,-0.089116,0.293422,0.356325,-0.324195,0.753957,-0.161435,0.594419,0.291712,0.259113,-0.333225,0.19303,0.835412,0.076006,0.469384,-0.208117
3.047378,0.647349,0.784428,-0.001617,0.015542,0.607265,0.794346,-0.011041,0.169551,0.398964,0.108734,-0.023694,-0.080876,-0.011385,-0.020601,-0.06301,0.123807,-0.070131,0.021585,-0.072298,0.020881,-0.085461,0.282781,0.378814,-0.346507,0.696708,-0.038482,0.659669,0.09278,0.258273,-0.333454,0.191703,0.833252,0.074834,0.469971,-0.20453
3.048853,0.64627,0.784474,-0.001748,0.016195,0.606996,0.794538,-0.013461,0.171768,0.399063,0.1089,-0.020375,-0.082496,-0.014333,-0.018514,-0.062169,0.124529,-0.068757,0.019477,-0.072105,0.02168,-0.081882,0.270442,0.41185,-0.362532,0.611088,0.187577,0.694182,-0.231397,0.258136,-0.333088,0.191184,0.830491,0.074555,0.470753,-0.202467
3.050241,0.645143,0.784536,-0.001634,0.016788,0.606632,0.794803,-0.015476,0.173534,0.399593,0.109238,-0.016898,-0.084051,-0.017188,-0.016829,-0.06105,0.125683,-0.067765,0.017622,-0.072532,0.022624,-0.07784,0.254857,0.439262,-0.366803,0.515731,0.444025,0.653056,-0.605633,0.25725,-0.332876,0.190189,0.827876,0.074762,0.47325,-0.199194
3.051566,0.643861,0.784671,-0.00164,0.017345,0.605995,0.795278,-0.01774,0.17587,0.400796,0.110059,-0.013509,-0.085027,-0.020578,-0.014757,-0.05927,0.126871,-0.065716,0.015861,-0.074497,0.023049,-0.073468,0.240758,0.449455,-0.347121,0.413054,0.665237,0.574819,-0.930632,0.255355,-0.332949,0.189969,0.824145,0.07435,0.47339,-0.197226
3.05301,0.642609,0.784793,-0.001261,0.01762,0.604512,0.7964,-0.018496,0.178419,0.40346,0.111303,-0.010546,-0.085423,-0.023269,-0.012535,-0.056107,0.128242,-0.06409,0.014272,-0.075007,0.023978,-0.070742,0.217763,0.462308,-0.338224,0.317002,0.77011,0.539211,-1.05558,0.253195,-0.333654,0.191287,0.822887,0.073995,0.471398,-0.195331
3.054557,0.641325,0.784803,-0.001073,0.01799,0.602173,0.798162,-0.01908,0.181984,0.40777,0.112891,-0.008346,-0.086818,-0.026616,-0.009422,-0.0511,0.129374,-0.062398,0.012512,-0.0744,0.023412,-0.067398,0.194061,0.478998,-0.320054,0.202048,0.823145,0.517543,-1.115529,0.25125,-0.334724,0.191528,0.818803,0.072228,0.469738,-0.193314
3.056111,0.640102,0.784819,-0.000835,0.018301,0.598471,0.800935,-0.017946,0.185772,0.415446,0.114167,-0.007494,-0.088425,-0.030869,-0.00548,-0.043023,0.132037,-0.061299,0.009842,-0.074537,0.021144,-0.06612,0.171665,0.472212,-0.278214,0.094194,0.809259,0.504658,-1.127425,0.251688,-0.33455,0.191674,0.813378,0.06926,0.468529,-0.190915
3.058208,0.638448,0.784965,-0.000881,0.018709,0.594417,0.803939,-0.019333,0.192775,0.421919,0.11874,-0.004343,-0.09157,-0.036487,-0.000021,-0.034793,0.134647,-0.058427,0.005761,-0.078543,0.017577,-0.062878,0.150226,0.450732,-0.220082,-0.030306,0.75062,0.507716,-1.116845,0.24746,-0.334006,0.193593,0.80698,0.065651,0.468776,-0.186821
3.060191,0.637006,0.785064,-0.000559,0.018723,0.588688,0.808143,-0.018658,0.198137,0.425893,0.123883,-0.004036,-0.093384,-0.04214,0.006,-0.023264,0.139679,-0.056557,0.001671,-0.082107,0.012846,-0.061803,0.111605,0.419777,-0.162176,-0.142552,0.667897,0.516586,-1.080561,0.245499,-0.332506,0.196392,0.801993,0.063015,0.468011,-0.182748
3.06207,0.635426,0.785137,-0.000086,0.01828,0.582845,0.812377,-0.018734,0.203613,0.428088,0.132071,-0.005124,-0.091942,-0.047441,0.012413,-0.012065,0.145889,-0.05526,-0.002819,-0.08739,0.007488,-0.061266,0.052762,0.390544,-0.103448,-0.242005,0.567704,0.523454,-1.028009,0.244714,-0.330746,0.199638,0.797604,0.061201,0.466733,-0.177443
3.063835,0.6337,0.78513,0.000489,0.017456,0.576956,0.816588,-0.019559,0.209922,0.429797,0.143385,-0.007655,-0.089524,-0.052445,0.019209,-0.001021,0.152929,-0.053775,-0.00717,-0.092654,0.002195,-0.060729,-0.024712,0.373737,-0.042631,-0.330101,0.462468,0.526081,-0.962512,0.244771,-0.328891,0.201661,0.793653,0.06097,0.46583,-0.171592
3.065845,0.632103,0.785067,0.001068,0.016329,0.571017,0.820775,-0.020357,0.217484,0.431716,0.156912,-0.011024,-0.08746,-0.056079,0.026712,0.009703,0.159199,-0.052241,-0.011599,-0.098311,-0.002843,-0.061029,-0.112659,0.383721,0.018977,-0.406818,0.352428,0.513044,-0.88473,0.245479,-0.327389,0.20403,0.791556,0.061332,0.465713,-0.164906
3.068036,0.630553,0.78476,0.001577,0.01466,0.564581,0.825246,-0.021716,0.227509,0.434341,0.175434,-0.017676,-0.087413,-0.058944,0.035718,0.021147,0.166224,-0.051678,-0.017533,-0.107991,-0.006077,-0.058285,-0.196953,0.431309,0.09498,-0.480137,0.203501,0.461516,-0.750314,0.242233,-0.325792,0.209558,0.788929,0.06511,0.469356,-0.154607
3.07059,0.628667,0.784291,0.002384,0.012795,0.558482,0.829415,-0.023197,0.238246,0.43487,0.195041,-0.023752,-0.089336,-0.060187,0.044903,0.031127,0.171554,-0.05077,-0.023494,-0.119281,-0.007894,-0.053611,-0.251707,0.535966,0.18815,-0.545903,0.010146,0.33795,-0.427833,0.235961,-0.322739,0.220864,0.787426,0.07244,0.479176,-0.135326
3.073131,0.627375,0.783804,0.003608,0.011031,0.551821,0.833882,-0.022803,0.247189,0.436275,0.213605,-0.029113,-0.088036,-0.05949,0.052928,0.042346,0.175529,-0.051392,-0.027668,-0.123651,-0.014977,-0.05646,-0.302358,0.611202,0.26637,-0.601153,-0.086913,0.240939,-0.099027,0.241052,-0.317003,0.22988,0.784823,0.079828,0.486672,-0.126731
3.075552,0.626738,0.783189,0.004961,0.009167,0.545098,0.838308,-0.020281,0.254902,0.438742,0.230562,-0.034951,-0.087666,-0.056034,0.060136,0.053417,0.177153,-0.05273,-0.030761,-0.120588,-0.021463,-0.065334,-0.365065,0.660102,0.330513,-0.649729,-0.122814,0.17261,0.221536,0.255414,-0.316144,0.239523,0.780039,0.082206,0.49256,-0.121828
3.078073,0.626242,0.782444,0.006351,0.00711,0.538987,0.84226,-0.018075,0.262957,0.43914,0.248323,-0.040085,-0.088151,-0.05161,0.067239,0.063396,0.178799,-0.056142,-0.035105,-0.113503,-0.029296,-0.07564,-0.438363,0.701078,0.376064,-0.691974,-0.133173,0.117704,0.54466,0.271849,-0.316816,0.25195,0.774415,0.083067,0.500782,-0.119774
3.080593,0.626069,0.781656,0.007774,0.004402,0.53362,0.845677,-0.015806,0.271664,0.437958,0.268078,-0.046258,-0.087822,-0.045342,0.074542,0.072469,0.18091,-0.059442,-0.037824,-0.102575,-0.037694,-0.087148,-0.526414,0.728795,0.399123,-0.724201,-0.130712,0.078468,0.82184,0.289411,-0.316045,0.259294,0.772613,0.084566,0.510518,-0.121936
3.082965,0.626115,0.780877,0.009267,0.001071,0.528862,0.848656,-0.01308,0.280476,0.433821,0.288343,-0.052853,-0.08622,-0.037805,0.081831,0.081376,0.18372,-0.063325,-0.041123,-0.090657,-0.046409,-0.097938,-0.622139,0.745986,0.402603,-0.747859,-0.107662,0.042776,1.015742,0.305601,-0.313728,0.264021,0.773545,0.090998,0.519784,-0.127355
3.085211,0.626395,0.78015,0.010798,-0.002626,0.524907,0.851087,-0.011438,0.289851,0.42796,0.310903,-0.059024,-0.083414,-0.028668,0.088338,0.088161,0.186039,-0.067679,-0.044202,-0.082209,-0.054834,-0.108371,-0.71338,0.758239,0.391143,-0.769604,-0.065472,0.014047,1.15155,0.316318,-0.313377,0.271407,0.776364,0.095596,0.528288,-0.131304
3.08729,0.62686,0.779498,0.01241,-0.006789,0.521759,0.852975,-0.010388,0.299802,0.420668,0.335714,-0.064594,-0.081589,-0.018582,0.093961,0.092253,0.188986,-0.071964,-0.046307,-0.076774,-0.062952,-0.118454,-0.801693,0.76718,0.367993,-0.788248,-0.021583,-0.003672,1.243476,0.319595,-0.318365,0.285317,0.779458,0.08888,0.533454,-0.130555
3.089114,0.627441,0.779052,0.014714,-0.010895,0.518906,0.854635,-0.010183,0.308542,0.411775,0.362162,-0.06611,-0.078346,-0.008412,0.096703,0.093551,0.193622,-0.076406,-0.046981,-0.072697,-0.072648,-0.128247,-0.887462,0.770813,0.332143,-0.801666,0.013899,-0.013927,1.297654,0.317622,-0.328388,0.306914,0.780774,0.072383,0.535693,-0.123834
3.09036,0.628306,0.778977,0.018043,-0.014804,0.516032,0.856251,-0.009425,0.313146,0.398973,0.388299,-0.07319,-0.062816,-0.000261,0.096213,0.093731,0.204043,-0.081777,-0.051933,-0.067964,-0.084633,-0.135076,-0.96366,0.76833,0.287354,-0.811943,0.044661,-0.023171,1.319675,0.311856,-0.338643,0.330484,0.779917,0.053243,0.534277,-0.114422
3.090871,0.629388,0.779226,0.022503,-0.018275,0.51396,0.857324,-0.008839,0.312459,0.382928,0.414191,-0.089475,-0.038254,0.004605,0.092202,0.094056,0.222,-0.090402,-0.060423,-0.060339,-0.09908,-0.138735,-1.027213,0.756903,0.240421,-0.820969,0.068384,-0.033185,1.321437,0.304817,-0.34458,0.347459,0.779879,0.037651,0.534832,-0.10328
3.090744,0.630851,0.779345,0.027638,-0.021783,0.515395,0.85623,-0.009702,0.313382,0.373736,0.448198,-0.100029,-0.013944,0.008701,0.084659,0.08851,0.245108,-0.103057,-0.069422,-0.053305,-0.115209,-0.138618,-1.079314,0.735125,0.19645,-0.827226,0.081099,-0.042916,1.313305,0.298587,-0.344111,0.355994,0.782883,0.032899,0.536861,-0.099213
3.090341,0.63269,0.779456,0.032276,-0.024978,0.524348,0.850525,-0.009935,0.32263,0.382574,0.490703,-0.114784,0.023036,0.014761,0.073082,0.068095,0.26588,-0.116716,-0.076354,-0.05421,-0.132091,-0.136247,-1.117544,0.707599,0.153491,-0.829843,0.085498,-0.057273,1.279295,0.295261,-0.33746,0.356836,0.785689,0.037278,0.53857,-0.097984
3.089646,0.635016,0.779751,0.036418,-0.026586,0.53792,0.841789,-0.010293,0.336567,0.399767,0.536578,-0.125418,0.055695,0.02238,0.056937,0.037597,0.279601,-0.129281,-0.081467,-0.056137,-0.150424,-0.135443,-1.137793,0.668419,0.107761,-0.834563,0.087114,-0.082278,1.220133,0.293964,-0.328896,0.35616,0.78924,0.043012,0.541053,-0.09709
3.088351,0.63805,0.779885,0.03827,-0.026914,0.554686,0.830743,-0.009979,0.3538,0.418688,0.571494,-0.116207,0.081787,0.027445,0.041009,0.001448,0.291491,-0.140327,-0.08482,-0.053665,-0.165063,-0.136949,-1.13309,0.620034,0.054909,-0.839423,0.0825,-0.124388,1.134837,0.293865,-0.322449,0.355636,0.793217,0.045856,0.546998,-0.093058
3.086047,0.641406,0.779351,0.036681,-0.026832,0.574816,0.81702,-0.00837,0.374027,0.439583,0.585484,-0.087018,0.091935,0.029649,0.027804,-0.042415,0.301728,-0.150183,-0.084332,-0.048882,-0.172587,-0.139388,-1.107477,0.561098,0.003239,-0.840431,0.065178,-0.182752,1.038777,0.292926,-0.317226,0.35505,0.796334,0.049499,0.555917,-0.090214
3.082162,0.645114,0.778357,0.03354,-0.026111,0.599185,0.799481,-0.006332,0.388915,0.465918,0.57978,-0.082573,0.079059,0.03175,0.011979,-0.096231,0.310221,-0.161182,-0.079634,-0.044674,-0.17473,-0.141421,-1.060469,0.499579,-0.052177,-0.834221,0.017725,-0.229685,0.963586,0.290198,-0.311627,0.346461,0.798995,0.056051,0.569046,-0.089331
3.076892,0.648826,0.776954,0.027794,-0.026001,0.626604,0.778408,-0.007392,0.399703,0.48741,0.551369,-0.073891,0.035359,0.032007,-0.001844,-0.157324,0.320495,-0.168516,-0.075143,-0.033949,-0.169722,-0.142895,-1.002517,0.425759,-0.120763,-0.818139,-0.079977,-0.290121,0.828089,0.290127,-0.3051,0.331252,0.798021,0.070414,0.583107,-0.096956
3.069655,0.653063,0.77579,0.021202,-0.026522,0.654754,0.755079,-0.012111,0.401797,0.507455,0.515566,-0.076634,-0.036445,0.036112,-0.016421,-0.220378,0.326734,-0.171089,-0.066153,-0.016318,-0.158349,-0.141278,-0.92586,0.362161,-0.184054,-0.809547,-0.17332,-0.352935,0.684722,0.288771,-0.300498,0.313474,0.791989,0.096212,0.598169,-0.120536
3.061227,0.657291,0.775474,0.015627,-0.027117,0.682455,0.730257,-0.019404,0.399252,0.515747,0.48691,-0.08159,-0.08814,0.044119,-0.032973,-0.281619,0.330201,-0.166859,-0.060091,0.015866,-0.144686,-0.140361,-0.849816,0.319076,-0.22356,-0.80193,-0.234607,-0.359296,0.620805,0.288045,-0.300251,0.300153,0.782638,0.120228,0.614103,-0.145979
3.050827,0.661535,0.776366,0.012863,-0.026425,0.708216,0.705384,-0.030034,0.384562,0.501412,0.463319,-0.087419,-0.128245,0.057603,-0.058436,-0.340248,0.328711,-0.156808,-0.045629,0.063184,-0.133804,-0.139317,-0.773799,0.27414,-0.267647,-0.799195,-0.301066,-0.35547,0.549224,0.284214,-0.30261,0.287289,0.76589,0.154608,0.63381,-0.183406
3.038898,0.665477,0.778137,0.01232,-0.02429,0.733659,0.678972,-0.042495,0.361986,0.478675,0.445922,-0.072781,-0.158076,0.075361,-0.090867,-0.397064,0.324228,-0.141882,-0.021085,0.11722,-0.125574,-0.138183,-0.690139,0.231937,-0.320536,-0.793283,-0.384212,-0.340848,0.444374,0.273312,-0.308816,0.275207,0.740611,0.203754,0.643717,-0.246776
3.025271,0.668671,0.78026,0.011609,-0.022496,0.760042,0.649381,-0.063322,0.3242,0.429223,0.43298,-0.059979,-0.156471,0.098758,-0.123074,-0.455277,0.315766,-0.119845,0.006899,0.167425,-0.115716,-0.141259,-0.604749,0.206519,-0.362059,-0.778604,-0.462526,-0.298334,0.323018,0.256239,-0.312276,0.258167,0.708562,0.277848,0.629248,-0.351321
3.011139,0.670816,0.782514,0.009703,-0.021698,0.786446,0.617201,-0.085272,0.279319,0.373203,0.41837,-0.05391,-0.129381,0.123352,-0.148153,-0.506589,0.306828,-0.092968,0.032026,0.206723,-0.099929,-0.146681,-0.524937,0.19943,-0.387998,-0.754535,-0.513726,-0.239086,0.200114,0.226119,-0.313453,0.242795,0.666745,0.362284,0.589357,-0.474848
2.996431,0.672425,0.784697,0.009128,-0.019213,0.811403,0.5841,-0.09833,0.226718,0.320504,0.397347,-0.047068,-0.100136,0.137587,-0.163951,-0.518549,0.307898,-0.068959,0.039001,0.247067,-0.08106,-0.153251,-0.44179,0.214306,-0.391351,-0.729095,-0.515794,-0.185979,0.10833,0.182699,-0.314179,0.221057,0.612369,0.43963,0.521572,-0.605353
2.981345,0.672324,0.786309,0.008807,-0.016826,0.83465,0.550454,-0.10748,0.173333,0.263084,0.375117,-0.040207,-0.07651,0.1452,-0.183436,-0.525215,0.322727,-0.043388,0.043809,0.280917,-0.058871,-0.1606,-0.3568,0.237516,-0.380649,-0.704087,-0.479547,-0.132853,0.044855,0.124949,-0.314084,0.211548,0.541861,0.503331,0.429548,-0.741946
2.966493,0.671117,0.787637,0.008895,-0.014672,0.85638,0.51606,-0.112064,0.121146,0.210968,0.352837,-0.032519,-0.04687,0.147563,-0.20501,-0.530557,0.350529,-0.016521,0.040269,0.302795,-0.035252,-0.166385,-0.266876,0.250614,-0.370114,-0.67883,-0.430043,-0.083284,-0.016534,0.047228,-0.307816,0.210801,0.453346,0.511136,0.335336,-0.820119
2.952171,0.668932,0.789198,0.009368,-0.013465,0.876041,0.481957,-0.112116,0.07184,0.163063,0.329957,-0.018563,-0.007963,0.142729,-0.229109,-0.533402,0.394324,0.020582,0.022728,0.313802,-0.009888,-0.169268,-0.166902,0.24793,-0.358468,-0.653317,-0.373204,-0.046055,-0.055896,-0.045352,-0.281929,0.209136,0.34498,0.470811,0.254633,-0.816564
2.939463,0.66604,0.791113,0.009678,-0.015004,0.893918,0.447875,-0.105002,0.032327,0.112109,0.30325,-0.000438,0.009625,0.127972,-0.246085,-0.519254,0.452637,0.043183,-0.043419,0.315994,0.016661,-0.169351,-0.064678,0.211151,-0.361028,-0.620914,-0.336503,-0.010045,-0.103801,-0.147738,-0.23723,0.218935,0.219659,0.409023,0.171316,-0.7702
2.930926,0.663729,0.792696,0.009522,-0.022407,0.911572,0.41042,-0.094229,0.012875,0.050761,0.2795,0.009391,0.000997,0.105356,-0.232832,-0.474818,0.514102,0.007398,-0.127409,0.305564,0.046381,-0.16823,0.03069,0.160156,-0.378111,-0.585798,-0.325361,0.009171,-0.134187,-0.25839,-0.196003,0.252959,0.088284,0.361872,0.115944,-0.72018
2.925914,0.66298,0.792701,0.010091,-0.026127,0.928663,0.369865,-0.094599,-0.011837,-0.019319,0.271734,0.012555,0.000186,0.082592,-0.202395,-0.418111,0.53561,-0.078009,-0.077276,0.286655,0.063902,-0.165996,0.10236,0.115466,-0.397277,-0.55007,-0.318489,0.031382,-0.149227,-0.365173,-0.156809,0.316922,-0.050856,0.337263,0.079508,-0.665577
2.922221,0.663734,0.791978,0.013966,-0.024781,0.941783,0.335015,-0.091977,-0.044336,-0.078291,0.272219,0.015941,0.011488,0.045809,-0.16975,-0.354867,0.546758,-0.121029,-0.032684,0.280376,0.067256,-0.159103,0.140528,0.101045,-0.404772,-0.516327,-0.300531,0.06384,-0.170093,-0.459049,-0.110491,0.409636,-0.180892,0.333817,0.052385,-0.565799
2.919181,0.66498,0.790981,0.017244,-0.019879,0.951958,0.305095,-0.08933,-0.079797,-0.129379,0.269693,0.022607,0.029174,0.014118,-0.143578,-0.298203,0.528938,-0.149047,0.010128,0.277817,0.058486,-0.152177,0.148973,0.118304,-0.403874,-0.488147,-0.267648,0.105675,-0.191818,-0.5521,-0.074475,0.50517,-0.291633,0.334864,0.034548,-0.445164
2.916774,0.665984,0.789192,0.020357,-0.011805,0.960261,0.278111,-0.08603,-0.118776,-0.172782,0.264432,0.025892,0.047865,-0.013283,-0.116292,-0.241499,0.486733,-0.157843,0.077778,0.274549,0.039394,-0.145933,0.146854,0.13531,-0.399382,-0.460654,-0.231322,0.158848,-0.252815,-0.649903,-0.07202,0.588059,-0.382107,0.317751,0.036538,-0.243044
2.914943,0.66695,0.787267,0.023322,-0.005748,0.966115,0.256992,-0.079898,-0.147636,-0.205539,0.260007,0.019106,0.063497,-0.033827,-0.094527,-0.216097,0.444593,-0.162994,0.149116,0.271901,0.02508,-0.139796,0.133483,0.15168,-0.383156,-0.439376,-0.174599,0.225433,-0.33104,-0.744505,-0.082214,0.644725,-0.4509,0.289828,0.051079,-0.058229
2.912391,0.667247,0.786311,0.028282,-0.003314,0.96876,0.24636,-0.063218,-0.161201,-0.216471,0.252587,0.006574,0.074942,-0.056876,-0.094153,-0.252427,0.445895,-0.090905,0.098621,0.277426,0.016751,-0.134435,0.115293,0.174614,-0.364382,-0.425264,-0.095643,0.30337,-0.414547,-0.815423,-0.09175,0.691439,-0.500805,0.266086,0.05261,0.075076
2.911236,0.667432,0.785288,0.028784,-0.002398,0.968729,0.246435,-0.059401,-0.162548,-0.21236,0.250588,-0.007579,0.079841,-0.056737,-0.108375,-0.29675,0.455323,-0.087045,0.042754,0.283404,0.00948,-0.131725,0.084665,0.192915,-0.330857,-0.414914,0.01198,0.382137,-0.523812,-0.865958,-0.089664,0.723309,-0.539384,0.243746,0.048085,0.197207
2.910732,0.669557,0.784267,0.029233,-0.000672,0.968804,0.246099,-0.056262,-0.163567,-0.21427,0.250663,-0.020805,0.075798,-0.051879,-0.111503,-0.312067,0.452438,-0.094933,0.019277,0.290292,0.000877,-0.133336,0.053919,0.223678,-0.304626,-0.40565,0.108401,0.430061,-0.61231,-0.885697,-0.089882,0.74575,-0.562763,0.225675,0.043984,0.275398
2.910074,0.67211,0.783387,0.029345,0.001208,0.968789,0.246141,-0.052784,-0.163705,-0.213592,0.249916,-0.036716,0.073925,-0.043875,-0.109382,-0.306856,0.442245,-0.109764,0.017766,0.289303,-0.007958,-0.135786,0.025168,0.243021,-0.277801,-0.397399,0.200077,0.471461,-0.694305,-0.883855,-0.088849,0.770885,-0.573499,0.218045,0.036563,0.329867
2.909004,0.674391,0.782747,0.028683,0.00242,0.968525,0.247247,-0.047306,-0.160417,-0.210915,0.244225,-0.052998,0.069883,-0.038268,-0.105557,-0.295368,0.433326,-0.121212,0.020031,0.278103,-0.012669,-0.141833,0.002089,0.255919,-0.246527,-0.399891,0.275191,0.505059,-0.754826,-0.867337,-0.082566,0.808511,-0.567268,0.234688,0.027528,0.374706
2.90822,0.676558,0.782188,0.027239,0.003946,0.96749,0.251408,-0.043555,-0.156002,-0.203775,0.23735,-0.065719,0.066725,-0.035706,-0.102669,-0.288151,0.42437,-0.1314,0.019981,0.261363,-0.015251,-0.149411,-0.0169,0.271681,-0.210677,-0.418843,0.31995,0.526112,-0.781066,-0.848877,-0.078801,0.84548,-0.553681,0.257197,0.026763,0.408561
2.908066,0.678615,0.781692,0.026023,0.005103,0.965617,0.258611,-0.040592,-0.150507,-0.193721,0.231584,-0.074445,0.062778,-0.035749,-0.09844,-0.286431,0.417754,-0.140282,0.008877,0.242724,-0.016367,-0.154432,-0.035173,0.288583,-0.174847,-0.444342,0.320454,0.534144,-0.765592,-0.837235,-0.080415,0.864041,-0.547028,0.266143,0.029102,0.423327
2.908658,0.680579,0.781142,0.025445,0.006283,0.96362,0.265988,-0.038698,-0.14557,-0.182976,0.228901,-0.082361,0.059002,-0.036357,-0.092697,-0.280344,0.412506,-0.151345,-0.00164,0.223833,-0.018973,-0.155693,-0.053365,0.294917,-0.149292,-0.467209,0.288029,0.531772,-0.732517,-0.830322,-0.083516,0.867828,-0.547106,0.2655,0.031693,0.427401
2.909314,0.682462,0.780573,0.024955,0.007434,0.961521,0.273494,-0.036629,-0.140404,-0.171646,0.226329,-0.091119,0.053055,-0.038048,-0.086614,-0.268804,0.408759,-0.161053,-0.012193,0.20331,-0.021241,-0.153898,-0.069186,0.288175,-0.131533,-0.490615,0.205599,0.518018,-0.650658,-0.821875,-0.078333,0.870605,-0.545657,0.268596,0.034928,0.434091
2.909746,0.683965,0.780121,0.024363,0.008493,0.959098,0.281896,-0.034435,-0.135504,-0.158893,0.223452,-0.099751,0.050264,-0.041472,-0.080658,-0.253322,0.407449,-0.167549,-0.016544,0.18486,-0.02014,-0.152401,-0.07732,0.277771,-0.131348,-0.516128,0.037942,0.487139,-0.426256,-0.81205,-0.06935,0.877994,-0.541678,0.273066,0.040507,0.445062
2.90999,0.68556,0.779674,0.023559,0.009223,0.956575,0.290388,-0.031171,-0.12997,-0.146855,0.218895,-0.106952,0.047387,-0.041622,-0.073834,-0.239917,0.400665,-0.175886,-0.015321,0.170513,-0.019677,-0.154367,-0.079778,0.250952,-0.149465,-0.542049,-0.119443,0.423506,-0.201767,-0.805671,-0.07011,0.882656,-0.539641,0.272592,0.045914,0.452471
2.909905,0.687092,0.779547,0.02265,0.009927,0.953767,0.299528,-0.02779,-0.124697,-0.133582,0.213814,-0.108171,0.04536,-0.0426,-0.067139,-0.225688,0.395281,-0.180262,-0.017524,0.162016,-0.019935,-0.157582,-0.080744,0.207675,-0.182694,-0.56703,-0.251887,0.345588,-0.009773,-0.80122,-0.072639,0.888269,-0.540803,0.270038,0.054227,0.460211
2.909819,0.688467,0.779659,0.021937,0.010516,0.951209,0.307586,-0.024683,-0.120085,-0.121671,0.208907,-0.10422,0.047064,-0.043331,-0.06102,-0.213467,0.390156,-0.18208,-0.021085,0.151212,-0.020714,-0.158956,-0.083265,0.157401,-0.218069,-0.588794,-0.346051,0.274633,0.127674,-0.800555,-0.072565,0.895422,-0.541003,0.271357,0.05992,0.469923
2.909799,0.689623,0.779784,0.021584,0.010588,0.948753,0.315102,-0.021267,-0.115126,-0.110106,0.204917,-0.100738,0.051435,-0.045851,-0.05503,-0.200426,0.389226,-0.179704,-0.02623,0.140206,-0.017918,-0.158876,-0.088686,0.119105,-0.252951,-0.60973,-0.414162,0.204031,0.223889,-0.799051,-0.072211,0.90337,-0.541087,0.270031,0.067911,0.486776
2.909684,0.690705,0.779915,0.021203,0.010681,0.946745,0.321108,-0.018458,-0.110895,-0.100544,0.201742,-0.098925,0.050023,-0.048164,-0.049983,-0.190174,0.388944,-0.177859,-0.034646,0.12775,-0.014636,-0.160619,-0.097441,0.099865,-0.274028,-0.629203,-0.452392,0.152587,0.262456,-0.795295,-0.073408,0.903039,-0.54155,0.263745,0.076619,0.500324
2.909493,0.692089,0.780026,0.020753,0.010311,0.945859,0.323751,-0.015562,-0.106833,-0.097384,0.198745,-0.097561,0.04962,-0.046422,-0.045307,-0.186968,0.384827,-0.175848,-0.038013,0.118425,-0.013869,-0.163807,-0.112674,0.094415,-0.282082,-0.642244,-0.466701,0.126758,0.278081,-0.793537,-0.079938,0.889617,-0.543477,0.256563,0.083011,0.504791
2.909433,0.692929,0.779848,0.020947,0.01093,0.944346,0.328106,-0.014781,-0.105559,-0.088749,0.200062,-0.098326,0.049961,-0.050397,-0.044237,-0.178828,0.390831,-0.176378,-0.040183,0.104255,-0.013183,-0.158632,-0.130085,0.095925,-0.28078,-0.661689,-0.475009,0.101545,0.285378,-0.797726,-0.080919,0.883348,-0.549496,0.246443,0.089533,0.509483
2.908989,0.694123,0.779727,0.020081,0.010794,0.944047,0.329022,-0.012504,-0.102755,-0.087984,0.195678,-0.097993,0.049271,-0.050237,-0.041389,-0.178026,0.389045,-0.174584,-0.042689,0.086163,-0.009765,-0.15681,-0.14028,0.096588,-0.281881,-0.680475,-0.484698,0.085395,0.280301,-0.801329,-0.079945,0.880284,-0.551166,0.240232,0.095559,0.510839
2.908215,0.694499,0.77966,0.020887,0.011142,0.943629,0.330157,-0.009353,-0.103941,-0.085072,0.194837,-0.098073,0.050559,-0.051725,-0.043018,-0.174743,0.39633,-0.175864,-0.044004,0.082052,-0.00914,-0.166026,-0.133711,0.082469,-0.299507,-0.688036,-0.497423,0.064771,0.270649,-0.780423,-0.078568,0.873775,-0.552292,0.223399,0.108044,0.505452
2.907491,0.695276,0.779422,0.019781,0.011206,0.944022,0.329097,-0.007811,-0.103091,-0.087909,0.189985,-0.099056,0.047977,-0.050393,-0.042137,-0.177284,0.392924,-0.178457,-0.045254,0.080815,-0.007899,-0.170645,-0.126059,0.086829,-0.311541,-0.694802,-0.494894,0.056359,0.259863,-0.77567,-0.088948,0.858967,-0.557207,0.210107,0.112714,0.49267
2.90712,0.695273,0.779041,0.020237,0.012222,0.944058,0.328932,-0.00903,-0.106434,-0.08715,0.19345,-0.101372,0.047577,-0.053325,-0.04579,-0.175823,0.400804,-0.184207,-0.045859,0.081686,-0.008113,-0.167748,-0.110147,0.096625,-0.318304,-0.694752,-0.480801,0.065812,0.251387,-0.774418,-0.099548,0.843076,-0.566892,0.198104,0.114371,0.460121
2.906587,0.695323,0.778691,0.020384,0.012486,0.944668,0.327156,-0.009667,-0.108449,-0.089997,0.195795,-0.104137,0.047759,-0.05356,-0.048316,-0.178884,0.404876,-0.188705,-0.04664,0.081921,-0.00577,-0.163693,-0.088154,0.10562,-0.323794,-0.684445,-0.46754,0.092763,0.246487,-0.774969,-0.107872,0.827128,-0.577477,0.194377,0.109335,0.420719
2.90603,0.69508,0.778391,0.020697,0.012686,0.945535,0.324614,-0.010684,-0.111257,-0.093787,0.198845,-0.106517,0.04922,-0.053556,-0.051186,-0.182563,0.409393,-0.192892,-0.047242,0.083523,-0.002907,-0.15399,-0.065281,0.113464,-0.335837,-0.668918,-0.458888,0.127476,0.231986,-0.785981,-0.118185,0.810729,-0.584251,0.191154,0.103121,0.37265
2.906076,0.694337,0.777853,0.022206,0.012601,0.946452,0.321834,-0.011477,-0.114576,-0.097792,0.204828,-0.109408,0.048316,-0.052387,-0.05508,-0.187428,0.41514,-0.196862,-0.04659,0.093678,-0.004428,-0.137765,-0.037458,0.112441,-0.36148,-0.650129,-0.454333,0.16032,0.209824,-0.793956,-0.127933,0.794826,-0.587726,0.197439,0.093505,0.324052
2.905156,0.694052,0.777527,0.022746,0.012858,0.947362,0.319096,-0.011425,-0.118107,-0.102025,0.207413,-0.111261,0.049993,-0.050505,-0.058673,-0.191402,0.417791,-0.202044,-0.045798,0.100211,-0.003772,-0.130864,-0.000425,0.110345,-0.385816,-0.633863,-0.44783,0.189986,0.176252,-0.793311,-0.132473,0.787935,-0.588541,0.20269,0.085747,0.282145
2.904229,0.693813,0.777276,0.022648,0.012995,0.948276,0.316371,-0.012236,-0.120814,-0.106378,0.209134,-0.11277,0.050649,-0.049997,-0.061665,-0.19614,0.42084,-0.20613,-0.045624,0.106416,-0.002515,-0.126455,0.032841,0.109859,-0.405244,-0.623045,-0.43414,0.21627,0.127902,-0.787419,-0.133117,0.788322,-0.588815,0.210404,0.076561,0.24441
2.9032,0.693638,0.77695,0.022353,0.013063,0.949163,0.313719,-0.013065,-0.123025,-0.110988,0.210484,-0.113675,0.050802,-0.050067,-0.064631,-0.201918,0.424456,-0.209165,-0.049597,0.11442,-0.001598,-0.123962,0.059436,0.115043,-0.423417,-0.617724,-0.41079,0.238615,0.069821,-0.781834,-0.134979,0.789961,-0.589207,0.215427,0.070225,0.211866
2.90213,0.693478,0.776794,0.022232,0.013548,0.950009,0.311134,-0.014924,-0.126782,-0.114936,0.213681,-0.11248,0.050606,-0.049667,-0.068458,-0.207395,0.42722,-0.211252,-0.052084,0.121305,-0.002101,-0.120426,0.082501,0.117742,-0.444719,-0.616493,-0.384153,0.260645,-0.019443,-0.780574,-0.135755,0.792522,-0.589792,0.218275,0.066184,0.181546
2.901133,0.693297,0.776596,0.022237,0.013653,0.950951,0.308238,-0.016583,-0.129584,-0.119175,0.217387,-0.111675,0.051506,-0.048582,-0.071708,-0.213636,0.42973,-0.214203,-0.055013,0.128837,-0.003805,-0.116012,0.103668,0.114175,-0.470923,-0.612339,-0.36346,0.27304,-0.10744,-0.780204,-0.135421,0.794407,-0.590735,0.220674,0.061385,0.153894
2.900189,0.693323,0.776487,0.022161,0.013656,0.952027,0.304904,-0.018487,-0.132138,-0.124196,0.221401,-0.110799,0.052741,-0.04649,-0.073979,-0.219715,0.430594,-0.216354,-0.05685,0.136085,-0.006827,-0.111407,0.126034,0.09982,-0.504366,-0.605053,-0.359767,0.275081,-0.198502,-0.779127,-0.130435,0.799289,-0.590457,0.226945,0.053866,0.137986
2.899285,0.693474,0.776515,0.021839,0.0137,0.953093,0.301578,-0.020709,-0.134508,-0.129221,0.225154,-0.109375,0.054382,-0.043813,-0.076103,-0.225617,0.42916,-0.217326,-0.05522,0.144851,-0.009174,-0.108784,0.142749,0.087224,-0.527548,-0.594635,-0.35883,0.265185,-0.2587,-0.77539,-0.121899,0.810268,-0.588169,0.24006,0.0391,0.13107
2.898419,0.693584,0.776676,0.021322,0.013589,0.954063,0.298537,-0.022263,-0.136174,-0.134185,0.226782,-0.107283,0.05653,-0.041769,-0.077666,-0.230806,0.427446,-0.215928,-0.052791,0.150259,-0.00917,-0.107123,0.152234,0.077654,-0.53788,-0.581905,-0.356301,0.257579,-0.29945,-0.773489,-0.109247,0.827282,-0.584045,0.255774,0.021287,0.131939
2.897608,0.6939,0.776955,0.020503,0.013582,0.954845,0.296086,-0.023515,-0.137194,-0.13826,0.226882,-0.104758,0.05797,-0.040105,-0.078387,-0.234878,0.424724,-0.213835,-0.050822,0.158218,-0.010276,-0.107083,0.156092,0.074345,-0.541079,-0.571488,-0.34803,0.256644,-0.330776,-0.774298,-0.09756,0.842858,-0.578806,0.270736,0.004117,0.137453
2.896997,0.694222,0.777242,0.019453,0.013646,0.955408,0.29433,-0.025222,-0.137831,-0.141641,0.226515,-0.1019,0.058777,-0.039424,-0.078678,-0.238255,0.421589,-0.211149,-0.049726,0.166397,-0.011559,-0.108174,0.15442,0.078888,-0.536933,-0.564544,-0.333426,0.254588,-0.350827,-0.780301,-0.089545,0.855288,-0.574727,0.280703,-0.011788,0.14692
2.896429,0.694614,0.77756,0.018475,0.013739,0.955787,0.293157,-0.027066,-0.13813,-0.143572,0.22676,-0.098431,0.06067,-0.038913,-0.078699,-0.240922,0.418694,-0.208563,-0.048961,0.174813,-0.013775,-0.108084,0.150031,0.086211,-0.529587,-0.556664,-0.318256,0.256517,-0.362714,-0.787894,-0.082563,0.866463,-0.572624,0.289243,-0.029888,0.155556
2.896038,0.695049,0.777887,0.017413,0.013846,0.956006,0.292503,-0.028759,-0.137864,-0.144861,0.226123,-0.095238,0.061128,-0.038743,-0.078247,-0.242968,0.41533,-0.20575,-0.048363,0.182216,-0.016476,-0.106833,0.146526,0.093414,-0.522041,-0.549102,-0.304519,0.259304,-0.372038,-0.7961,-0.07545,0.878101,-0.57055,0.299024,-0.047989,0.167925
2.895739,0.695442,0.778305,0.016485,0.013879,0.956175,0.292001,-0.030319,-0.137394,-0.145842,0.225649,-0.091396,0.061608,-0.039037,-0.077492,-0.24418,0.412786,-0.201267,-0.048029,0.18815,-0.018545,-0.105451,0.141313,0.102546,-0.511037,-0.541064,-0.286685,0.265061,-0.382569,-0.804412,-0.071638,0.88755,-0.567409,0.305009,-0.059366,0.191842
2.895576,0.69568,0.778625,0.015555,0.013788,0.956278,0.29172,-0.031683,-0.136358,-0.145579,0.224783,-0.089545,0.065172,-0.039491,-0.07656,-0.245119,0.410143,-0.198001,-0.047462,0.190749,-0.019318,-0.103318,0.133927,0.113244,-0.494078,-0.531486,-0.26324,0.278738,-0.39014,-0.812298,-0.069768,0.895369,-0.562764,0.306077,-0.061284,0.220086
2.895523,0.695799,0.778826,0.014663,0.013576,0.956283,0.291758,-0.033141,-0.135003,-0.145391,0.224214,-0.088642,0.066834,-0.040153,-0.075277,-0.245577,0.407516,-0.194866,-0.046493,0.190591,-0.019711,-0.100128,0.124237,0.12319,-0.473159,-0.521137,-0.236415,0.303474,-0.397583,-0.816267,-0.069289,0.901167,-0.558578,0.30605,-0.058338,0.260056
2.895537,0.695888,0.779048,0.014109,0.013424,0.956196,0.29208,-0.034182,-0.134091,-0.144872,0.22415,-0.08777,0.067736,-0.040692,-0.074369,-0.245704,0.405755,-0.19236,-0.045341,0.188542,-0.020324,-0.095921,0.113546,0.134803,-0.450311,-0.512549,-0.217182,0.31891,-0.402636,-0.813642,-0.067934,0.907561,-0.553871,0.307092,-0.053793,0.283477
2.895553,0.69593,0.779218,0.013431,0.013183,0.956029,0.292669,-0.035287,-0.132697,-0.143842,0.223895,-0.087515,0.068468,-0.041974,-0.073087,-0.244971,0.404737,-0.189709,-0.045272,0.179254,-0.019147,-0.091402,0.102397,0.15157,-0.415493,-0.507887,-0.196853,0.328706,-0.400615,-0.807986,-0.062767,0.916505,-0.548038,0.307763,-0.040411,0.31645
2.895653,0.695902,0.779263,0.012867,0.012969,0.955811,0.293414,-0.035918,-0.131313,-0.142815,0.223103,-0.088128,0.068152,-0.043512,-0.071681,-0.243608,0.404348,-0.188376,-0.046065,0.172767,-0.020343,-0.088011,0.094555,0.164636,-0.388769,-0.505678,-0.196501,0.326253,-0.374504,-0.799723,-0.05859,0.919896,-0.542932,0.30618,-0.02144,0.354501
2.895564,0.695886,0.77917,0.012553,0.012844,0.955403,0.294757,-0.035541,-0.130121,-0.140597,0.222189,-0.089698,0.067369,-0.044663,-0.070371,-0.240957,0.404414,-0.188384,-0.047035,0.168825,-0.023657,-0.085773,0.087919,0.172672,-0.372139,-0.511044,-0.21309,0.316647,-0.332033,-0.790341,-0.057577,0.919374,-0.539646,0.304812,-0.009536,0.381393
2.895397,0.695776,0.779001,0.012279,0.012606,0.954783,0.296783,-0.034841,-0.12863,-0.13754,0.221366,-0.092107,0.06692,-0.045866,-0.068996,-0.237721,0.404677,-0.189197,-0.046486,0.165763,-0.027688,-0.084662,0.079507,0.17801,-0.361447,-0.526837,-0.233869,0.299085,-0.302089,-0.780936,-0.060232,0.914086,-0.53912,0.304066,-0.003229,0.39077
2.895152,0.695618,0.778842,0.012115,0.012252,0.953976,0.299389,-0.033764,-0.126758,-0.133242,0.220862,-0.094977,0.066917,-0.047082,-0.067093,-0.233101,0.405093,-0.18945,-0.045944,0.163477,-0.031862,-0.084661,0.069418,0.17838,-0.35873,-0.549398,-0.2615,0.271248,-0.268313,-0.774843,-0.06559,0.903413,-0.539505,0.298384,0.00779,0.396688
2.894906,0.695466,0.778711,0.012009,0.011727,0.952952,0.302657,-0.032136,-0.124089,-0.127893,0.220135,-0.098643,0.06621,-0.048547,-0.064547,-0.227241,0.405889,-0.189714,-0.045907,0.163761,-0.035362,-0.084432,0.060151,0.174718,-0.369368,-0.575765,-0.309218,0.225709,-0.176151,-0.770654,-0.070193,0.891112,-0.539796,0.287711,0.026948,0.409894
2.894558,0.695232,0.778624,0.012143,0.011275,0.951684,0.306632,-0.030302,-0.121774,-0.120982,0.220333,-0.101946,0.066334,-0.049094,-0.061919,-0.220092,0.405324,-0.189867,-0.046224,0.163697,-0.038836,-0.085345,0.049734,0.169511,-0.385026,-0.600785,-0.351272,0.184292,-0.079863,-0.765973,-0.074372,0.881286,-0.540877,0.281059,0.038539,0.416901
2.894171,0.695029,0.778534,0.012276,0.010742,0.950254,0.311049,-0.028557,-0.119208,-0.113802,0.220965,-0.105178,0.066496,-0.049486,-0.05915,-0.213004,0.404573,-0.189965,-0.045694,0.159067,-0.040162,-0.0863,0.042491,0.166019,-0.398044,-0.624726,-0.37538,0.153006,-0.042882,-0.763745,-0.076946,0.873702,-0.542532,0.275798,0.045669,0.41701
2.893784,0.694717,0.77846,0.012459,0.010117,0.948707,0.31575,-0.026637,-0.116473,-0.105904,0.221506,-0.108426,0.066621,-0.049985,-0.055946,-0.204804,0.403777,-0.189501,-0.045588,0.152931,-0.041002,-0.087659,0.040565,0.161971,-0.408414,-0.643171,-0.392188,0.121987,-0.025207,-0.766575,-0.081001,0.864545,-0.544335,0.266009,0.055922,0.414507
2.893417,0.694405,0.778392,0.012638,0.009423,0.947104,0.320538,-0.024623,-0.113476,-0.097789,0.222008,-0.111699,0.065952,-0.050569,-0.052638,-0.196589,0.403308,-0.189107,-0.045854,0.145702,-0.041529,-0.088538,0.040851,0.160686,-0.414847,-0.654279,-0.402761,0.094242,-0.011913,-0.770925,-0.085536,0.856518,-0.54711,0.255119,0.066621,0.410084
2.893034,0.694329,0.778381,0.012393,0.008588,0.945929,0.324022,-0.021563,-0.109916,-0.093023,0.218988,-0.113363,0.065013,-0.048903,-0.048509,-0.192102,0.398276,-0.188061,-0.04712,0.134491,-0.040258,-0.090847,0.043571,0.162601,-0.414161,-0.65853,-0.406283,0.075643,0.000109,-0.774511,-0.089708,0.851073,-0.548556,0.247722,0.07377,0.404482
2.892756,0.693905,0.778347,0.012563,0.00798,0.944469,0.328265,-0.019214,-0.107393,-0.085942,0.217904,-0.11504,0.064267,-0.049286,-0.045617,-0.18502,0.397205,-0.187092,-0.048381,0.122537,-0.038902,-0.090768,0.049426,0.167036,-0.41066,-0.657708,-0.405365,0.061682,0.011907,-0.779269,-0.092656,0.849645,-0.549245,0.23781,0.084661,0.396939
2.89256,0.693383,0.778296,0.012651,0.007515,0.943134,0.332087,-0.017605,-0.105477,-0.079541,0.217133,-0.116701,0.063242,-0.050168,-0.043389,-0.178847,0.396647,-0.186778,-0.04919,0.11158,-0.037962,-0.089795,0.057432,0.170571,-0.407771,-0.65308,-0.403007,0.056146,0.020336,-0.784723,-0.09452,0.848078,-0.550469,0.226381,0.097977,0.387328
2.892365,0.692765,0.778309,0.012585,0.006856,0.942317,0.334414,-0.016834,-0.103777,-0.075586,0.216776,-0.117619,0.062273,-0.050776,-0.041672,-0.175275,0.395939,-0.185664,-0.049261,0.111273,-0.040281,-0.08862,0.063235,0.168078,-0.417268,-0.645187,-0.403227,0.05537,0.022013,-0.785525,-0.099894,0.840116,-0.554753,0.215523,0.111607,0.374993
2.892104,0.692146,0.778433,0.012205,0.006038,0.94171,0.336149,-0.016727,-0.101769,-0.07269,0.216565,-0.117937,0.061892,-0.051242,-0.039389,-0.172409,0.394216,-0.183249,-0.050277,0.124129,-0.045863,-0.087456,0.070157,0.169142,-0.437912,-0.63504,-0.399683,0.05161,0.014518,-0.786624,-0.11145,0.820753,-0.557887,0.206572,0.124792,0.346732
2.892088,0.691586,0.778521,0.011843,0.005852,0.941035,0.338052,-0.01718,-0.100853,-0.069237,0.215912,-0.117508,0.061818,-0.052334,-0.038262,-0.169268,0.392495,-0.181905,-0.050081,0.122614,-0.046572,-0.084692,0.082706,0.171117,-0.443378,-0.626167,-0.39495,0.04998,0.010289,-0.793874,-0.115007,0.813003,-0.560527,0.202978,0.131941,0.333809
2.89216,0.690914,0.77869,0.011406,0.005751,0.940717,0.338953,-0.018324,-0.100571,-0.067482,0.215225,-0.115972,0.061859,-0.05379,-0.037835,-0.167782,0.391363,-0.179999,-0.050263,0.110859,-0.043325,-0.082138,0.098885,0.173777,-0.435466,-0.618844,-0.387296,0.050333,0.004412,-0.806006,-0.110856,0.811795,-0.560397,0.196977,0.138497,0.32071
2.892093,0.690249,0.77889,0.010649,0.0056,0.94095,0.33833,-0.020291,-0.100907,-0.068782,0.214515,-0.113959,0.061245,-0.054746,-0.037833,-0.168985,0.389323,-0.177563,-0.050993,0.105585,-0.042145,-0.08145,0.117741,0.175207,-0.435907,-0.608333,-0.380379,0.051676,-0.008961,-0.818447,-0.109621,0.804768,-0.562843,0.186769,0.143115,0.302262
2.892062,0.689618,0.779113,0.009703,0.005533,0.941506,0.33681,-0.022873,-0.101482,-0.071438,0.213653,-0.111185,0.061742,-0.055615,-0.038236,-0.171558,0.386847,-0.175297,-0.05131,0.108475,-0.043536,-0.08183,0.136374,0.177468,-0.440622,-0.594592,-0.372609,0.057746,-0.026452,-0.830104,-0.113645,0.793316,-0.566585,0.179127,0.141905,0.269093
2.89191,0.689007,0.779304,0.00878,0.00551,0.942139,0.335061,-0.024937,-0.102382,-0.074473,0.212107,-0.109218,0.062757,-0.056357,-0.039166,-0.174853,0.384746,-0.173528,-0.049985,0.112499,-0.044522,-0.081885,0.154206,0.179527,-0.444387,-0.581206,-0.364677,0.063757,-0.04392,-0.840929,-0.116852,0.786505,-0.570469,0.177165,0.136567,0.231282
2.891629,0.688461,0.779425,0.00794,0.005458,0.943018,0.332601,-0.026929,-0.103687,-0.078804,0.210987,-0.107448,0.063703,-0.056743,-0.040492,-0.179084,0.38338,-0.17277,-0.049981,0.119026,-0.04487,-0.08184,0.168299,0.188125,-0.44307,-0.568549,-0.349333,0.071308,-0.065199,-0.848324,-0.119357,0.784067,-0.574014,0.180875,0.123187,0.18936
2.891347,0.687867,0.779485,0.007305,0.005461,0.94403,0.329735,-0.029029,-0.105528,-0.083654,0.2106,-0.105949,0.064104,-0.057002,-0.042537,-0.184137,0.382932,-0.17271,-0.049019,0.123093,-0.044533,-0.080219,0.181039,0.196078,-0.441256,-0.557159,-0.333814,0.082379,-0.084399,-0.85373,-0.114333,0.789189,-0.57577,0.192252,0.100673,0.148701
2.890998,0.687302,0.779502,0.006855,0.005451,0.94522,0.326316,-0.031059,-0.10785,-0.089416,0.210957,-0.104604,0.065004,-0.056981,-0.045083,-0.190242,0.383394,-0.172655,-0.048117,0.128381,-0.044442,-0.078372,0.191529,0.201326,-0.441324,-0.54699,-0.321212,0.097712,-0.114502,-0.855282,-0.106553,0.798543,-0.576602,0.20731,0.069112,0.1183
2.890556,0.686688,0.779483,0.006629,0.005441,0.946475,0.322664,-0.032692,-0.110595,-0.095608,0.211588,-0.103342,0.065491,-0.056385,-0.04822,-0.197112,0.384176,-0.173297,-0.046415,0.134906,-0.043986,-0.076459,0.201486,0.205418,-0.442854,-0.538124,-0.309991,0.107427,-0.145615,-0.854963,-0.098112,0.807515,-0.576582,0.221954,0.033061,0.097978
2.890008,0.686101,0.77948,0.006536,0.005383,0.947796,0.318764,-0.03397,-0.113624,-0.102104,0.212276,-0.101696,0.065861,-0.055579,-0.051354,-0.203399,0.385603,-0.173767,-0.04521,0.141447,-0.04302,-0.074732,0.208276,0.212499,-0.441191,-0.530349,-0.295599,0.119655,-0.180353,-0.853109,-0.089326,0.818725,-0.576006,0.23793,-0.005294,0.085791
2.889434,0.685512,0.779433,0.00638,0.005382,0.949067,0.314963,-0.035484,-0.11665,-0.108463,0.213316,-0.100517,0.066887,-0.054379,-0.054799,-0.210795,0.386151,-0.174837,-0.043067,0.148207,-0.042256,-0.073269,0.20977,0.219322,-0.43614,-0.521748,-0.277347,0.139587,-0.217105,-0.848721,-0.079872,0.831725,-0.576168,0.255268,-0.045993,0.081785
2.888925,0.684882,0.779452,0.00622,0.005342,0.950325,0.311151,-0.036811,-0.119496,-0.114556,0.213857,-0.099117,0.067602,-0.053406,-0.057842,-0.217059,0.386757,-0.175488,-0.041946,0.153372,-0.040612,-0.072541,0.20734,0.228405,-0.425583,-0.512437,-0.253231,0.162474,-0.257245,-0.844668,-0.071375,0.846002,-0.574169,0.271237,-0.072711,0.079018
2.88845,0.683964,0.779456,0.006309,0.006052,0.951135,0.308652,-0.03931,-0.124247,-0.117635,0.216072,-0.09751,0.069041,-0.054686,-0.06292,-0.220299,0.390391,-0.176887,-0.039773,0.156361,-0.040651,-0.071814,0.202868,0.232286,-0.408355,-0.498122,-0.222178,0.194883,-0.307162,-0.84236,-0.063433,0.860989,-0.570358,0.284119,-0.087626,0.091271
2.887852,0.683636,0.779429,0.005799,0.00572,0.952327,0.304969,-0.039618,-0.125594,-0.124418,0.214716,-0.096493,0.068858,-0.052092,-0.064389,-0.228177,0.38776,-0.17815,-0.039346,0.159456,-0.037932,-0.073225,0.19454,0.241613,-0.392342,-0.488429,-0.195418,0.221761,-0.348648,-0.842283,-0.061112,0.871049,-0.567635,0.291168,-0.091603,0.107308
2.887401,0.682786,0.779349,0.005746,0.006063,0.95286,0.303294,-0.041732,-0.128934,-0.126298,0.21667,-0.095628,0.070246,-0.053903,-0.068078,-0.229776,0.391719,-0.179083,-0.037348,0.161434,-0.036907,-0.072389,0.177276,0.251534,-0.362802,-0.476002,-0.159455,0.246024,-0.385312,-0.842957,-0.058369,0.880345,-0.566814,0.293933,-0.094002,0.1282
2.886943,0.682473,0.779282,0.005394,0.005723,0.953758,0.300473,-0.041467,-0.129824,-0.13204,0.215058,-0.095058,0.06995,-0.05204,-0.068951,-0.235606,0.39026,-0.18003,-0.037522,0.163517,-0.034273,-0.073224,0.159672,0.266234,-0.336371,-0.469348,-0.132983,0.263243,-0.400195,-0.841873,-0.059027,0.887497,-0.56542,0.297245,-0.093104,0.147392
2.886512,0.681942,0.779182,0.005302,0.005524,0.954206,0.299053,-0.041603,-0.131065,-0.134683,0.214899,-0.094636,0.070279,-0.051888,-0.070396,-0.238282,0.391319,-0.180662,-0.036932,0.164393,-0.032928,-0.072618,0.140056,0.278545,-0.305993,-0.464258,-0.114052,0.272334,-0.405056,-0.840182,-0.057973,0.893911,-0.563838,0.300576,-0.09056,0.169448
2.886158,0.681466,0.779098,0.005268,0.005386,0.954499,0.29812,-0.04167,-0.132121,-0.136345,0.21482,-0.094641,0.07028,-0.052239,-0.071625,-0.239884,0.392984,-0.180753,-0.036505,0.164099,-0.032244,-0.071674,0.119904,0.288155,-0.277156,-0.462584,-0.105574,0.27454,-0.400922,-0.837113,-0.05666,0.900262,-0.561077,0.304133,-0.086275,0.189493
2.885891,0.680646,0.77899,0.005294,0.005874,0.954328,0.298657,-0.04337,-0.134526,-0.13447,0.216452,-0.094294,0.070699,-0.055543,-0.074737,-0.23866,0.397909,-0.181703,-0.035373,0.159418,-0.032665,-0.068118,0.097571,0.296064,-0.245161,-0.467145,-0.105982,0.273607,-0.381108,-0.835552,-0.052913,0.906828,-0.557967,0.306726,-0.071764,0.223024
2.885548,0.680163,0.778932,0.005268,0.006001,0.954378,0.298496,-0.043574,-0.1358,-0.134688,0.216325,-0.09368,0.071125,-0.056658,-0.076231,-0.238503,0.40004,-0.182421,-0.034909,0.153584,-0.032105,-0.065949,0.081129,0.297769,-0.224749,-0.483962,-0.123524,0.26912,-0.34258,-0.83332,-0.051408,0.911394,-0.554548,0.306629,-0.056764,0.256204
2.885056,0.680053,0.778856,0.005129,0.005395,0.954639,0.297672,-0.041993,-0.134996,-0.137274,0.21472,-0.094126,0.070454,-0.054613,-0.075369,-0.241193,0.398182,-0.183042,-0.035638,0.149967,-0.031286,-0.06638,0.069444,0.294383,-0.216951,-0.506661,-0.143352,0.256281,-0.317723,-0.828145,-0.053186,0.911893,-0.551845,0.306333,-0.048228,0.270417
2.884648,0.679363,0.778789,0.005494,0.005685,0.954139,0.299258,-0.042597,-0.136668,-0.133623,0.21688,-0.094358,0.071307,-0.056981,-0.077393,-0.237585,0.402521,-0.183715,-0.03486,0.144909,-0.031078,-0.063364,0.064388,0.276706,-0.222543,-0.535084,-0.195062,0.227744,-0.253099,-0.824443,-0.051309,0.912349,-0.550413,0.301707,-0.029357,0.298231
2.884127,0.678949,0.778697,0.00559,0.005687,0.953857,0.300155,-0.042381,-0.137246,-0.13172,0.217605,-0.094853,0.071563,-0.057434,-0.078128,-0.236066,0.403782,-0.184985,-0.034854,0.139276,-0.030818,-0.061785,0.065912,0.246775,-0.24788,-0.564208,-0.262738,0.187414,-0.176161,-0.822006,-0.04905,0.909444,-0.548392,0.294886,-0.010053,0.322499
2.883601,0.678659,0.778578,0.005711,0.005518,0.95356,0.301098,-0.041774,-0.137354,-0.130188,0.218364,-0.096064,0.072183,-0.057534,-0.078212,-0.234309,0.40477,-0.186077,-0.034358,0.135319,-0.030202,-0.060797,0.068318,0.217408,-0.279828,-0.590403,-0.320316,0.150565,-0.112419,-0.818221,-0.049358,0.905262,-0.546887,0.287407,0.006063,0.342787
2.883027,0.67847,0.778463,0.005918,0.0056,0.95308,0.302609,-0.040765,-0.137674,-0.127414,0.218654,-0.096787,0.072738,-0.057926,-0.078444,-0.231031,0.406186,-0.18749,-0.034159,0.116592,-0.025476,-0.058577,0.075186,0.188907,-0.298057,-0.614321,-0.367665,0.120456,-0.057721,-0.818359,-0.039611,0.915232,-0.543362,0.284678,0.015973,0.357629
2.882472,0.678408,0.778323,0.006116,0.0055,0.952826,0.303405,-0.0396,-0.137729,-0.125935,0.218986,-0.097887,0.073419,-0.057557,-0.078583,-0.229613,0.407171,-0.188597,-0.034141,0.106535,-0.021219,-0.059763,0.078543,0.173745,-0.312958,-0.633891,-0.390812,0.104508,-0.03816,-0.816577,-0.037986,0.917043,-0.5424,0.276089,0.02713,0.362165
2.881749,0.678446,0.77825,0.006242,0.005273,0.952671,0.303892,-0.038473,-0.137703,-0.125134,0.219656,-0.099007,0.073746,-0.056393,-0.078396,-0.228598,0.407106,-0.189269,-0.033684,0.114548,-0.02261,-0.063096,0.078014,0.170424,-0.337567,-0.644887,-0.396573,0.093887,-0.021579,-0.812174,-0.049903,0.901767,-0.545128,0.263101,0.043036,0.363137
2.881084,0.678622,0.778224,0.006261,0.005045,0.952398,0.30475,-0.037322,-0.137229,-0.123617,0.220021,-0.100147,0.075424,-0.055494,-0.077743,-0.227049,0.406741,-0.189098,-0.033692,0.12696,-0.026075,-0.066455,0.080097,0.171753,-0.367961,-0.647736,-0.395595,0.089857,-0.015554,-0.810687,-0.065899,0.879993,-0.550197,0.250871,0.056186,0.364039
2.88049,0.678819,0.778187,0.006241,0.004924,0.951965,0.306104,-0.036206,-0.136551,-0.121025,0.220153,-0.101247,0.075895,-0.055259,-0.077007,-0.224496,0.406793,-0.1891,-0.033666,0.122275,-0.024822,-0.067074,0.089328,0.172577,-0.383734,-0.647186,-0.393688,0.090875,-0.021577,-0.815951,-0.072814,0.871703,-0.552869,0.239892,0.070666,0.363387
2.880034,0.679089,0.778203,0.006434,0.004948,0.951611,0.307198,-0.03534,-0.136397,-0.119001,0.221058,-0.101653,0.077122,-0.054361,-0.076666,-0.222655,0.40632,-0.189298,-0.033594,0.117127,-0.023998,-0.067635,0.099872,0.171788,-0.398802,-0.641668,-0.391457,0.09657,-0.034987,-0.816284,-0.074479,0.868742,-0.556013,0.23398,0.080579,0.360308
2.879523,0.679415,0.778215,0.006526,0.00479,0.951275,0.308238,-0.034008,-0.135659,-0.117186,0.221217,-0.102555,0.077468,-0.053532,-0.075834,-0.220701,0.405969,-0.188834,-0.033428,0.112541,-0.023705,-0.068876,0.112392,0.168487,-0.413348,-0.632032,-0.389005,0.099273,-0.050309,-0.816023,-0.0771,0.864338,-0.55702,0.226098,0.092718,0.354301
2.879056,0.680116,0.778282,0.006089,0.004416,0.951277,0.308247,-0.032182,-0.13381,-0.118411,0.219035,-0.102621,0.077461,-0.050915,-0.073598,-0.221814,0.401625,-0.188161,-0.03373,0.10776,-0.023232,-0.070657,0.125163,0.166606,-0.426422,-0.623154,-0.388173,0.102574,-0.064365,-0.81835,-0.080172,0.856979,-0.557649,0.219156,0.101241,0.350279
2.878811,0.680168,0.778306,0.006337,0.004746,0.95042,0.310869,-0.03257,-0.133982,-0.112823,0.221326,-0.102978,0.078298,-0.053026,-0.07397,-0.216463,0.404493,-0.187842,-0.033472,0.10613,-0.024685,-0.07069,0.136823,0.165237,-0.433049,-0.613244,-0.379731,0.106652,-0.082401,-0.819498,-0.083004,0.85056,-0.560455,0.209674,0.110938,0.347952
2.878526,0.680786,0.7784,0.005874,0.004367,0.950371,0.311032,-0.031464,-0.131917,-0.113406,0.219852,-0.102443,0.07769,-0.051082,-0.071724,-0.217484,0.400659,-0.186516,-0.033572,0.102529,-0.025098,-0.071822,0.148594,0.16297,-0.445001,-0.606225,-0.379191,0.111643,-0.099988,-0.822488,-0.086484,0.841139,-0.561481,0.202624,0.118395,0.342245
2.878313,0.681104,0.778465,0.00572,0.004201,0.950013,0.312129,-0.031089,-0.130778,-0.11182,0.22003,-0.102471,0.077729,-0.050712,-0.070522,-0.216234,0.399355,-0.185251,-0.033272,0.100527,-0.025582,-0.07145,0.16126,0.160028,-0.45544,-0.59859,-0.379228,0.11537,-0.114111,-0.826244,-0.08977,0.829519,-0.562757,0.195907,0.124917,0.336988
2.878171,0.681316,0.778574,0.005586,0.004051,0.94958,0.31345,-0.031017,-0.129651,-0.109652,0.220564,-0.102528,0.077787,-0.050723,-0.069243,-0.214145,0.398317,-0.18379,-0.032558,0.100412,-0.026017,-0.07136,0.174245,0.158518,-0.467118,-0.590443,-0.378699,0.118311,-0.128886,-0.830414,-0.093345,0.814551,-0.564521,0.187929,0.131153,0.328064
2.878154,0.681548,0.778699,0.00533,0.003918,0.949102,0.3149,-0.031103,-0.128251,-0.107192,0.220745,-0.102764,0.078085,-0.05096,-0.067747,-0.211939,0.39678,-0.18232,-0.032358,0.103249,-0.026896,-0.071575,0.183649,0.15981,-0.474806,-0.581489,-0.376167,0.121067,-0.142874,-0.831719,-0.096796,0.801023,-0.567437,0.182315,0.134924,0.315948
2.87817,0.681762,0.778833,0.004964,0.003859,0.948634,0.316312,-0.031462,-0.126886,-0.104686,0.22075,-0.103109,0.078079,-0.051519,-0.066208,-0.209585,0.395241,-0.180963,-0.032539,0.106173,-0.027742,-0.070989,0.192415,0.163421,-0.481415,-0.572748,-0.371288,0.122389,-0.156483,-0.833748,-0.100157,0.789525,-0.570448,0.179186,0.135773,0.300661
2.878298,0.681933,0.778914,0.004597,0.003782,0.948243,0.317489,-0.031941,-0.125532,-0.102722,0.220634,-0.103445,0.077737,-0.052317,-0.064721,-0.207539,0.394048,-0.179754,-0.032871,0.108916,-0.028461,-0.070163,0.199911,0.17051,-0.483684,-0.563721,-0.362268,0.122728,-0.177007,-0.833587,-0.102135,0.782149,-0.572503,0.181758,0.130544,0.273922
2.87851,0.681866,0.77894,0.004368,0.004185,0.947485,0.319742,-0.033782,-0.125252,-0.097676,0.222541,-0.104361,0.077489,-0.056334,-0.06466,-0.202171,0.397622,-0.179237,-0.03309,0.111944,-0.030475,-0.069039,0.205535,0.181346,-0.476686,-0.552466,-0.343051,0.12146,-0.202361,-0.832236,-0.100783,0.782365,-0.573673,0.194634,0.112109,0.223352
2.878677,0.682191,0.779002,0.003704,0.003968,0.94762,0.319353,-0.033695,-0.123646,-0.099249,0.220213,-0.103677,0.076955,-0.055535,-0.062931,-0.204069,0.393993,-0.178267,-0.033009,0.111097,-0.03085,-0.068124,0.213459,0.187416,-0.475992,-0.544694,-0.337311,0.122511,-0.211175,-0.832844,-0.097502,0.783966,-0.573012,0.205049,0.098098,0.204023
2.878815,0.68226,0.779099,0.003395,0.003925,0.947598,0.319423,-0.034031,-0.123045,-0.099318,0.219409,-0.10314,0.076594,-0.055901,-0.062259,-0.204039,0.392945,-0.17713,-0.033602,0.110984,-0.031703,-0.066522,0.221794,0.19157,-0.47497,-0.536452,-0.332424,0.1219,-0.223398,-0.831568,-0.090672,0.787685,-0.573084,0.221104,0.068728,0.171482
2.879015,0.682275,0.779129,0.003149,0.003934,0.947616,0.319372,-0.034659,-0.122676,-0.099414,0.219153,-0.102973,0.076306,-0.056439,-0.061875,-0.204253,0.392449,-0.176393,-0.033618,0.111485,-0.032496,-0.065416,0.230224,0.195761,-0.474175,-0.527462,-0.328594,0.120571,-0.236642,-0.833379,-0.085509,0.79376,-0.570713,0.232941,0.04447,0.137994
2.879139,0.6823,0.779158,0.00291,0.004113,0.947704,0.319112,-0.035484,-0.122856,-0.099773,0.219114,-0.102557,0.076146,-0.056739,-0.061938,-0.204465,0.391703,-0.176244,-0.033346,0.11318,-0.033103,-0.064355,0.235577,0.201252,-0.472485,-0.518684,-0.323531,0.120248,-0.247239,-0.831989,-0.077724,0.806756,-0.568099,0.24893,0.01383,0.112235
2.879247,0.682306,0.779239,0.002725,0.004185,0.947824,0.318755,-0.035992,-0.122929,-0.100371,0.218804,-0.10201,0.076848,-0.056951,-0.062049,-0.205194,0.391227,-0.176156,-0.033395,0.115244,-0.033056,-0.063274,0.238971,0.206585,-0.470252,-0.511089,-0.317765,0.120961,-0.255318,-0.828553,-0.067658,0.824355,-0.563934,0.267384,-0.015356,0.10183
2.879282,0.682259,0.779276,0.002651,0.00418,0.948008,0.318207,-0.036335,-0.123153,-0.101351,0.218743,-0.101384,0.076659,-0.057028,-0.062232,-0.205905,0.391258,-0.175539,-0.033392,0.117792,-0.032765,-0.062528,0.242501,0.209929,-0.469143,-0.504996,-0.313858,0.121212,-0.265432,-0.824919,-0.05758,0.840508,-0.558439,0.283944,-0.03769,0.097911
2.879283,0.682177,0.779312,0.002683,0.004305,0.948159,0.317755,-0.036467,-0.123773,-0.102142,0.218613,-0.100985,0.07689,-0.056729,-0.062782,-0.206648,0.390868,-0.175753,-0.033583,0.120212,-0.032593,-0.062064,0.246196,0.211561,-0.466393,-0.500434,-0.310491,0.122218,-0.273887,-0.823054,-0.049077,0.855121,-0.552994,0.296555,-0.053018,0.102916
2.879265,0.682089,0.779333,0.002829,0.004358,0.948323,0.317265,-0.036404,-0.12435,-0.102796,0.218675,-0.100348,0.077405,-0.056447,-0.063478,-0.207627,0.39114,-0.175723,-0.032903,0.122583,-0.032391,-0.06151,0.249509,0.211871,-0.463095,-0.497179,-0.308042,0.122542,-0.278676,-0.822392,-0.041899,0.86776,-0.548215,0.305794,-0.061265,0.116677
2.87921,0.681994,0.7793,0.002874,0.004318,0.94846,0.316853,-0.036298,-0.124681,-0.103585,0.218567,-0.10066,0.077483,-0.056213,-0.063878,-0.208504,0.391395,-0.176415,-0.033103,0.125717,-0.031801,-0.06177,0.251629,0.212224,-0.458054,-0.494278,-0.304576,0.124337,-0.281286,-0.823917,-0.037467,0.877709,-0.545287,0.310416,-0.067895,0.137278
2.879154,0.681909,0.779242,0.002952,0.00432,0.948592,0.316457,-0.03647,-0.125135,-0.104207,0.219127,-0.100864,0.077638,-0.056022,-0.064478,-0.209716,0.391857,-0.176964,-0.033032,0.129254,-0.031286,-0.062466,0.252151,0.212667,-0.451694,-0.492247,-0.301004,0.125748,-0.282468,-0.826042,-0.034577,0.885625,-0.542584,0.31278,-0.070423,0.163391
2.879089,0.681836,0.779206,0.003047,0.004383,0.948792,0.315856,-0.03655,-0.125838,-0.105226,0.219461,-0.101019,0.077901,-0.055835,-0.065078,-0.210186,0.392379,-0.177533,-0.032758,0.132741,-0.03087,-0.063024,0.249192,0.214098,-0.442146,-0.491243,-0.296693,0.127862,-0.279306,-0.827096,-0.032231,0.893654,-0.54012,0.315602,-0.071077,0.192194
2.879055,0.681649,0.779159,0.003175,0.00446,0.949023,0.31516,-0.036712,-0.126731,-0.106373,0.219757,-0.10121,0.078455,-0.055603,-0.065966,-0.21138,0.392921,-0.178592,-0.032827,0.135579,-0.03059,-0.063217,0.244789,0.213647,-0.430887,-0.491243,-0.294251,0.129363,-0.271684,-0.827494,-0.030004,0.900815,-0.537507,0.31818,-0.067137,0.224159
2.879018,0.68141,0.779069,0.003241,0.004453,0.949285,0.314368,-0.037034,-0.127476,-0.107595,0.220174,-0.101712,0.078336,-0.055686,-0.066842,-0.212706,0.39389,-0.179467,-0.032438,0.138009,-0.030363,-0.063373,0.239688,0.21122,-0.419333,-0.491557,-0.294791,0.129333,-0.257752,-0.827572,-0.028552,0.90708,-0.534863,0.319278,-0.061214,0.257241
2.879041,0.680859,0.778891,0.003677,0.004915,0.949214,0.314572,-0.038687,-0.129721,-0.10594,0.223392,-0.102711,0.078877,-0.05826,-0.069518,-0.211315,0.399299,-0.181665,-0.031626,0.139038,-0.03031,-0.062052,0.231869,0.205938,-0.406269,-0.491225,-0.2982,0.130083,-0.239648,-0.826722,-0.025583,0.913189,-0.532034,0.316908,-0.048012,0.29294
2.878941,0.680863,0.778787,0.003429,0.004557,0.949853,0.312646,-0.038281,-0.129525,-0.110152,0.222155,-0.103001,0.078664,-0.056337,-0.069204,-0.215736,0.397122,-0.182504,-0.032196,0.139155,-0.029574,-0.062988,0.225811,0.204725,-0.397724,-0.497889,-0.303803,0.127375,-0.221406,-0.827116,-0.026202,0.915115,-0.52951,0.314689,-0.038422,0.31926
2.878939,0.680644,0.778686,0.003611,0.004393,0.950235,0.311483,-0.038221,-0.13014,-0.112299,0.222488,-0.103401,0.07896,-0.055669,-0.06976,-0.21781,0.397659,-0.183141,-0.032833,0.140669,-0.02938,-0.063039,0.216222,0.205482,-0.390843,-0.50809,-0.308048,0.122228,-0.208855,-0.822883,-0.026816,0.918446,-0.528107,0.314892,-0.033846,0.333525
2.878897,0.680077,0.778516,0.004062,0.004784,0.950127,0.311799,-0.039565,-0.132228,-0.110597,0.225388,-0.104306,0.079315,-0.057947,-0.072282,-0.216277,0.402687,-0.185423,-0.031983,0.142429,-0.030639,-0.060774,0.206304,0.201987,-0.388556,-0.521468,-0.31938,0.111788,-0.184245,-0.818197,-0.02552,0.920854,-0.527651,0.314416,-0.026695,0.354518
2.878779,0.680178,0.778476,0.003773,0.004437,0.950676,0.310131,-0.038695,-0.131768,-0.114395,0.223374,-0.104084,0.079041,-0.055939,-0.071505,-0.219989,0.39998,-0.185525,-0.033197,0.142326,-0.030444,-0.061918,0.199648,0.198598,-0.389399,-0.537394,-0.328882,0.100894,-0.176471,-0.815987,-0.026445,0.919665,-0.526335,0.314106,-0.022915,0.359836
2.878735,0.679659,0.778414,0.004195,0.00476,0.950496,0.310671,-0.03964,-0.133479,-0.112439,0.225518,-0.104183,0.07984,-0.057929,-0.073445,-0.217662,0.404018,-0.186255,-0.032464,0.142122,-0.030872,-0.059892,0.194782,0.188665,-0.393002,-0.55284,-0.346469,0.084702,-0.155989,-0.814647,-0.025807,0.919407,-0.526568,0.309541,-0.014602,0.369897
2.878672,0.679476,0.778378,0.004083,0.00472,0.950567,0.310455,-0.040096,-0.133709,-0.11281,0.225737,-0.10425,0.07997,-0.058289,-0.07376,-0.218202,0.404588,-0.186984,-0.032695,0.14173,-0.030905,-0.059567,0.190594,0.177468,-0.399661,-0.567025,-0.364824,0.067902,-0.127103,-0.814403,-0.025833,0.916935,-0.526354,0.304365,-0.006067,0.37644
2.878648,0.679309,0.778364,0.004164,0.004722,0.95059,0.310386,-0.040283,-0.134058,-0.112816,0.226163,-0.104057,0.080065,-0.058305,-0.074089,-0.218249,0.40475,-0.186984,-0.032458,0.13785,-0.029998,-0.05944,0.188076,0.166135,-0.406298,-0.579078,-0.380489,0.0562,-0.09871,-0.814074,-0.024675,0.916937,-0.525396,0.300324,0.000722,0.378246
2.878587,0.679185,0.778326,0.004138,0.004708,0.95058,0.310417,-0.04038,-0.13421,-0.112779,0.226217,-0.10421,0.080143,-0.058235,-0.074264,-0.218699,0.404627,-0.187187,-0.032037,0.135601,-0.029303,-0.059878,0.184801,0.157951,-0.412413,-0.589715,-0.390791,0.049616,-0.080744,-0.814029,-0.024717,0.915018,-0.525831,0.29581,0.005839,0.37855
2.878432,0.67949,0.778355,0.003673,0.004272,0.950998,0.309145,-0.039344,-0.132985,-0.116256,0.223799,-0.103843,0.080029,-0.055781,-0.072635,-0.221893,0.400353,-0.186721,-0.032789,0.134594,-0.028886,-0.061774,0.18209,0.154931,-0.417923,-0.598933,-0.395352,0.046177,-0.077207,-0.814941,-0.028424,0.9086,-0.526296,0.291382,0.01035,0.37776
2.8784,0.67915,0.778328,0.003984,0.004391,0.950569,0.310456,-0.040198,-0.133585,-0.112981,0.226168,-0.104655,0.08018,-0.058068,-0.073713,-0.218881,0.404283,-0.186602,-0.031874,0.136116,-0.029688,-0.060669,0.179435,0.152239,-0.42299,-0.604588,-0.397512,0.041493,-0.072256,-0.817113,-0.033081,0.902959,-0.528356,0.282954,0.017628,0.378543
2.87827,0.679543,0.778356,0.003527,0.004096,0.950838,0.309643,-0.039109,-0.132301,-0.115524,0.223668,-0.104251,0.079762,-0.056112,-0.072107,-0.221308,0.400583,-0.186007,-0.032464,0.134836,-0.029745,-0.062199,0.179037,0.153362,-0.426423,-0.60884,-0.398325,0.038286,-0.069026,-0.81838,-0.037192,0.897602,-0.528784,0.280281,0.01976,0.377656
2.878251,0.67934,0.778311,0.003909,0.004405,0.95033,0.311189,-0.039814,-0.133131,-0.111863,0.226009,-0.104956,0.080381,-0.058256,-0.073079,-0.217457,0.404279,-0.18628,-0.032778,0.13466,-0.030865,-0.061135,0.178933,0.153642,-0.427287,-0.60949,-0.396451,0.035184,-0.06671,-0.819236,-0.041364,0.892909,-0.530127,0.27402,0.024322,0.375638
2.878055,0.67984,0.778357,0.003433,0.004108,0.950592,0.310398,-0.038744,-0.131785,-0.114359,0.223892,-0.104874,0.079774,-0.056089,-0.071214,-0.219296,0.400285,-0.185561,-0.033479,0.132933,-0.030743,-0.063083,0.18033,0.156676,-0.427073,-0.610019,-0.394013,0.033701,-0.066422,-0.820318,-0.046243,0.885581,-0.530457,0.268382,0.029241,0.371331
2.877978,0.679753,0.778364,0.003804,0.00434,0.950095,0.311907,-0.039387,-0.132352,-0.110753,0.226508,-0.105536,0.080342,-0.057971,-0.072104,-0.215819,0.403744,-0.185018,-0.032476,0.132739,-0.032335,-0.062058,0.181774,0.157222,-0.425639,-0.606633,-0.390038,0.033652,-0.067007,-0.820721,-0.048302,0.881383,-0.532416,0.263086,0.032631,0.366652
2.877728,0.680324,0.778461,0.003334,0.003939,0.950364,0.311097,-0.038119,-0.130776,-0.113304,0.224338,-0.105458,0.080215,-0.055786,-0.070307,-0.218247,0.400058,-0.183613,-0.032223,0.131644,-0.032935,-0.063683,0.185194,0.157339,-0.427954,-0.604483,-0.390067,0.03479,-0.067543,-0.82129,-0.051506,0.875163,-0.533207,0.260108,0.034553,0.359219
2.87749,0.680606,0.778528,0.003229,0.003736,0.950341,0.311173,-0.037398,-0.130088,-0.113469,0.223863,-0.105682,0.080396,-0.054656,-0.069589,-0.218585,0.398454,-0.182572,-0.031463,0.131859,-0.034094,-0.064307,0.189097,0.15649,-0.431899,-0.601649,-0.390515,0.033284,-0.06541,-0.82106,-0.055039,0.868041,-0.533614,0.256124,0.038605,0.347834
2.877242,0.680894,0.778582,0.003164,0.003561,0.950271,0.311388,-0.036744,-0.129441,-0.113188,0.223703,-0.105966,0.080398,-0.054093,-0.06892,-0.218218,0.397892,-0.181408,-0.031577,0.133009,-0.034801,-0.064896,0.191728,0.159841,-0.433636,-0.598254,-0.386229,0.036646,-0.066537,-0.819945,-0.05891,0.861802,-0.534877,0.252634,0.042693,0.336553
2.876937,0.681165,0.778626,0.003059,0.003415,0.950206,0.311589,-0.036142,-0.128929,-0.113014,0.223558,-0.106167,0.080858,-0.053674,-0.068291,-0.21749,0.397534,-0.180415,-0.031344,0.133804,-0.035664,-0.065674,0.195565,0.16296,-0.435656,-0.595739,-0.381538,0.038561,-0.071867,-0.819507,-0.062905,0.854535,-0.536182,0.248499,0.048008,0.317722
2.876611,0.681348,0.778676,0.002924,0.003312,0.950182,0.311663,-0.035789,-0.128651,-0.112897,0.223548,-0.106422,0.080826,-0.053276,-0.068054,-0.217611,0.397169,-0.179885,-0.031568,0.133407,-0.036633,-0.066518,0.201772,0.163695,-0.438881,-0.592938,-0.37975,0.038998,-0.075051,-0.821346,-0.069294,0.845374,-0.538326,0.241785,0.05547,0.300046
2.876337,0.681181,0.778647,0.003204,0.003656,0.949737,0.313011,-0.036755,-0.129782,-0.109378,0.226541,-0.107405,0.081584,-0.055537,-0.069639,-0.214464,0.401479,-0.180429,-0.030084,0.135883,-0.038597,-0.066379,0.206728,0.163905,-0.4424,-0.587618,-0.376435,0.03941,-0.078986,-0.821788,-0.075451,0.836398,-0.544223,0.233643,0.063737,0.270203
2.875899,0.681612,0.778648,0.00279,0.003336,0.950085,0.311962,-0.035634,-0.128913,-0.112136,0.224791,-0.107134,0.081129,-0.053286,-0.068579,-0.217457,0.398422,-0.180057,-0.030543,0.135767,-0.038629,-0.068003,0.212612,0.164826,-0.445384,-0.583731,-0.375854,0.041074,-0.081322,-0.821617,-0.081004,0.827819,-0.546738,0.229231,0.069266,0.244811
2.875495,0.681666,0.778649,0.002806,0.003274,0.95019,0.311641,-0.035179,-0.129283,-0.112736,0.224927,-0.106911,0.081914,-0.05216,-0.06885,-0.218299,0.397655,-0.180324,-0.030656,0.13622,-0.039002,-0.068584,0.218281,0.165138,-0.44738,-0.578856,-0.373784,0.041504,-0.084427,-0.820568,-0.085486,0.822237,-0.549957,0.226137,0.074948,0.214957
2.875097,0.68134,0.778561,0.003091,0.003633,0.949887,0.312557,-0.036319,-0.130958,-0.109892,0.228112,-0.107876,0.082608,-0.054213,-0.070883,-0.215595,0.402036,-0.18146,-0.029463,0.138353,-0.040426,-0.068031,0.223125,0.162579,-0.449521,-0.571006,-0.371294,0.04314,-0.090584,-0.816064,-0.08818,0.822981,-0.555716,0.229419,0.074925,0.176385
2.874602,0.681541,0.778557,0.002676,0.003336,0.950367,0.311103,-0.03558,-0.130667,-0.113286,0.226725,-0.107313,0.082711,-0.051878,-0.07015,-0.218621,0.398884,-0.1818,-0.030227,0.138453,-0.040139,-0.069192,0.2289,0.160846,-0.453676,-0.566072,-0.372546,0.044713,-0.095074,-0.813493,-0.089796,0.821318,-0.557774,0.233919,0.0728,0.143919
2.874179,0.681134,0.778466,0.002901,0.003648,0.950164,0.311714,-0.036518,-0.132422,-0.111153,0.229052,-0.107778,0.083726,-0.053596,-0.072175,-0.216476,0.402641,-0.182829,-0.029398,0.1405,-0.040868,-0.068914,0.233602,0.15892,-0.455916,-0.558115,-0.370587,0.045278,-0.098939,-0.809941,-0.089794,0.825125,-0.561415,0.241168,0.063003,0.104856
2.873729,0.681241,0.778434,0.002398,0.003373,0.950676,0.310159,-0.035859,-0.13212,-0.114536,0.227125,-0.10747,0.083138,-0.051311,-0.071603,-0.220142,0.399112,-0.18366,-0.029994,0.140589,-0.039818,-0.069757,0.237791,0.161438,-0.457344,-0.552977,-0.368232,0.048349,-0.098788,-0.808219,-0.088667,0.827653,-0.563056,0.247904,0.049911,0.083152
2.873378,0.680719,0.778359,0.00268,0.003603,0.950501,0.310689,-0.03687,-0.133888,-0.112596,0.229652,-0.107817,0.084583,-0.053043,-0.073756,-0.218615,0.403052,-0.184714,-0.028851,0.141218,-0.039919,-0.068743,0.241466,0.162721,-0.456605,-0.545803,-0.363737,0.050268,-0.099991,-0.805998,-0.085178,0.835175,-0.564695,0.255036,0.028094,0.062417
2.872931,0.680784,0.778324,0.002153,0.003347,0.951045,0.309027,-0.036481,-0.133777,-0.116185,0.227946,-0.107175,0.084432,-0.05115,-0.073403,-0.222398,0.400149,-0.185027,-0.029488,0.140745,-0.038985,-0.069331,0.24525,0.166884,-0.457823,-0.542873,-0.361229,0.052174,-0.099794,-0.806754,-0.083286,0.83848,-0.565448,0.259717,0.013003,0.054172
2.872652,0.68017,0.778233,0.00239,0.003756,0.950833,0.309673,-0.037826,-0.135878,-0.114024,0.230331,-0.107275,0.085427,-0.053094,-0.075805,-0.220535,0.403625,-0.186656,-0.02881,0.14104,-0.039451,-0.068122,0.248701,0.169343,-0.457072,-0.539114,-0.357569,0.053722,-0.100772,-0.805416,-0.079057,0.846957,-0.565076,0.266331,-0.00957,0.049838
2.872177,0.6802,0.778226,0.001896,0.003469,0.951329,0.308153,-0.037143,-0.135738,-0.117609,0.228326,-0.106561,0.085847,-0.051444,-0.075478,-0.224154,0.401301,-0.186681,-0.029098,0.140551,-0.038403,-0.068679,0.25161,0.172941,-0.457682,-0.537935,-0.356054,0.05535,-0.102961,-0.805012,-0.076282,0.852645,-0.564429,0.272576,-0.024028,0.055656
2.871863,0.679522,0.778164,0.00221,0.003844,0.951095,0.308866,-0.038348,-0.137846,-0.114975,0.230721,-0.106014,0.086871,-0.053551,-0.07802,-0.22207,0.405336,-0.187745,-0.027778,0.139459,-0.037975,-0.067616,0.253802,0.174734,-0.452578,-0.535226,-0.351292,0.056613,-0.107883,-0.804655,-0.071448,0.860856,-0.562406,0.278302,-0.041123,0.067548
2.871473,0.679518,0.778121,0.00172,0.003508,0.951595,0.30733,-0.0376,-0.137533,-0.118736,0.228561,-0.106073,0.086382,-0.051501,-0.077392,-0.225624,0.402131,-0.188221,-0.028266,0.138834,-0.036693,-0.068637,0.254924,0.178184,-0.450636,-0.534163,-0.348539,0.05851,-0.112861,-0.805695,-0.068126,0.866057,-0.56073,0.28366,-0.050343,0.082256
2.871168,0.678883,0.778055,0.002096,0.003647,0.95142,0.307867,-0.038545,-0.139278,-0.116749,0.231134,-0.10624,0.087095,-0.053264,-0.079482,-0.223652,0.406141,-0.188641,-0.027169,0.140275,-0.036904,-0.067796,0.254962,0.178711,-0.447698,-0.530265,-0.344295,0.060386,-0.117879,-0.804777,-0.063833,0.871786,-0.558405,0.289094,-0.057911,0.108693
2.870775,0.67889,0.778021,0.001662,0.003268,0.951954,0.30622,-0.037716,-0.138978,-0.120652,0.229153,-0.106348,0.087032,-0.051241,-0.078799,-0.226946,0.403318,-0.18882,-0.027112,0.140403,-0.035904,-0.069365,0.25444,0.182566,-0.446315,-0.529064,-0.340996,0.062411,-0.119312,-0.80787,-0.063505,0.874857,-0.556817,0.291244,-0.063279,0.130813
2.870549,0.678208,0.777893,0.001983,0.003486,0.95173,0.30691,-0.038759,-0.140768,-0.118486,0.231427,-0.10713,0.087726,-0.053009,-0.080938,-0.225143,0.406859,-0.190291,-0.026592,0.141667,-0.035924,-0.068503,0.25167,0.186242,-0.443281,-0.526708,-0.334458,0.064075,-0.129223,-0.809276,-0.06112,0.879963,-0.554631,0.29305,-0.06563,0.157566
2.870173,0.678242,0.777859,0.001674,0.003148,0.952268,0.305243,-0.037858,-0.140648,-0.122431,0.229752,-0.106892,0.087728,-0.050825,-0.080366,-0.228431,0.404248,-0.190859,-0.026957,0.142014,-0.034652,-0.069969,0.247913,0.195276,-0.438688,-0.526705,-0.325642,0.067608,-0.135636,-0.811031,-0.061252,0.883324,-0.553045,0.29578,-0.06808,0.178906
2.869937,0.677596,0.777741,0.002082,0.003336,0.952057,0.305896,-0.038629,-0.142375,-0.120285,0.232006,-0.107818,0.08845,-0.052501,-0.082536,-0.226801,0.408142,-0.191906,-0.026615,0.141232,-0.034674,-0.068763,0.244616,0.199681,-0.431001,-0.525119,-0.316777,0.069528,-0.138671,-0.812549,-0.057636,0.886833,-0.551322,0.296999,-0.069452,0.204905
2.869612,0.677661,0.777677,0.001774,0.003022,0.952587,0.304245,-0.037775,-0.142168,-0.12403,0.230401,-0.107798,0.088102,-0.050379,-0.082182,-0.23077,0.405678,-0.192543,-0.026385,0.140729,-0.033573,-0.069621,0.242242,0.205064,-0.426857,-0.525579,-0.311278,0.07184,-0.139019,-0.814122,-0.056071,0.889488,-0.549011,0.29894,-0.066712,0.227976
2.869437,0.677049,0.777598,0.002127,0.003223,0.952477,0.304587,-0.039008,-0.143983,-0.122403,0.233117,-0.108238,0.088743,-0.052157,-0.084233,-0.228803,0.409446,-0.193227,-0.025673,0.14051,-0.033508,-0.068007,0.238478,0.207727,-0.419488,-0.524547,-0.304195,0.074337,-0.141303,-0.814992,-0.052041,0.892391,-0.546346,0.298407,-0.060607,0.255106
2.869149,0.677082,0.777558,0.001869,0.002875,0.953017,0.302899,-0.038336,-0.143792,-0.126201,0.231921,-0.107841,0.088438,-0.049947,-0.083917,-0.233108,0.407021,-0.193484,-0.02594,0.14086,-0.03225,-0.068869,0.234824,0.213269,-0.413329,-0.52599,-0.298114,0.077717,-0.140746,-0.816736,-0.052576,0.893097,-0.544141,0.297014,-0.054858,0.275708
2.868967,0.676482,0.777474,0.00214,0.003148,0.952877,0.303334,-0.039441,-0.14563,-0.124538,0.233932,-0.108199,0.089229,-0.05185,-0.085945,-0.230939,0.410477,-0.194055,-0.024735,0.141288,-0.032614,-0.06726,0.229064,0.216,-0.404879,-0.526514,-0.291572,0.080984,-0.137711,-0.816842,-0.049912,0.89453,-0.542931,0.295427,-0.050189,0.29821
2.868694,0.676599,0.777465,0.001814,0.002779,0.953412,0.301652,-0.03858,-0.145204,-0.12837,0.232256,-0.1082,0.088895,-0.049828,-0.085335,-0.234863,0.408224,-0.194265,-0.02522,0.142,-0.031612,-0.068181,0.224697,0.220206,-0.398686,-0.529716,-0.288057,0.082233,-0.135303,-0.816493,-0.050478,0.893898,-0.540788,0.294427,-0.04535,0.3097
