0.225438,-3.529681,0.785086,-0.000453,-0.006705,-0.030179,0.999522,-0.030943,-0.006199,0.071157,0.212381,-0.178355,-0.031576,0.017186,0.008683,-0.02048,0.044988,-0.117779,0.060978,0.0013,-0.01268,-0.113321,0.169658,0.227254,-0.059476,0.814906,0.609847,0.590194,-0.946902,0.102516,-0.335068,0.305161,0.822822,-0.506073,0.314559,0.829066
0.225482,-3.529704,0.785067,-0.000154,-0.006684,-0.030324,0.999518,-0.030804,-0.006791,0.071586,0.212111,-0.177728,-0.031444,0.017376,0.008077,-0.020545,0.044572,-0.118865,0.0608,0.001848,-0.013583,-0.113235,0.161095,0.225718,-0.047312,0.831145,0.617683,0.580708,-0.956307,0.103397,-0.334367,0.30383,0.826159,-0.501214,0.310232,0.827643
0.225558,-3.529727,0.785075,0.000365,-0.00666,-0.030408,0.999515,-0.030976,-0.007941,0.071916,0.212402,-0.176192,-0.031347,0.017627,0.006907,-0.020221,0.044169,-0.119909,0.060923,0.002369,-0.014733,-0.113489,0.155523,0.224461,-0.038362,0.842611,0.623141,0.574841,-0.96058,0.104089,-0.334505,0.303858,0.826507,-0.499411,0.309545,0.826319
0.225659,-3.529743,0.785041,0.000624,-0.0066,-0.03048,0.999513,-0.030944,-0.008473,0.072161,0.212422,-0.176551,-0.031159,0.017774,0.006338,-0.019992,0.043932,-0.121041,0.061075,0.002668,-0.015287,-0.113901,0.152401,0.223199,-0.031839,0.849789,0.625054,0.571315,-0.961317,0.105003,-0.335397,0.305281,0.824004,-0.499754,0.311157,0.824772
0.225793,-3.529745,0.785054,0.000993,-0.006579,-0.030491,0.999513,-0.031226,-0.009278,0.072462,0.213122,-0.175366,-0.031001,0.017966,0.005454,-0.020074,0.04386,-0.122063,0.061085,0.00282,-0.016076,-0.114216,0.151302,0.221902,-0.027698,0.853402,0.625259,0.569984,-0.960771,0.106941,-0.336285,0.306982,0.819813,-0.499454,0.313511,0.822229
0.225961,-3.529778,0.785076,0.001242,-0.006554,-0.030466,0.999514,-0.031354,-0.009846,0.072375,0.21361,-0.174749,-0.030863,0.018106,0.004887,-0.019725,0.044044,-0.122705,0.061206,0.002994,-0.016749,-0.114562,0.151242,0.220404,-0.024895,0.854613,0.624586,0.571944,-0.95912,0.109106,-0.336297,0.307819,0.816256,-0.498117,0.31617,0.819509
0.22613,-3.529793,0.785105,0.001328,-0.006534,-0.030514,0.999512,-0.031351,-0.010015,0.072478,0.213952,-0.174219,-0.030701,0.018079,0.004733,-0.020057,0.044262,-0.12272,0.061465,0.003168,-0.017082,-0.114877,0.151677,0.218458,-0.022776,0.854066,0.623076,0.57718,-0.956283,0.110859,-0.336017,0.308586,0.813468,-0.496671,0.318701,0.816992
0.226288,-3.529795,0.785124,0.001294,-0.006428,-0.030472,0.999514,-0.031438,-0.009933,0.072458,0.214139,-0.174107,-0.03084,0.01805,0.004765,-0.019737,0.04456,-0.122753,0.061294,0.003075,-0.017111,-0.115214,0.152274,0.216229,-0.021567,0.851756,0.621668,0.585393,-0.952854,0.112128,-0.335739,0.309296,0.811183,-0.49623,0.321037,0.815707
0.226454,-3.52979,0.78515,0.001249,-0.006329,-0.030497,0.999514,-0.031444,-0.009844,0.072434,0.214175,-0.174212,-0.030708,0.017843,0.004898,-0.019777,0.044747,-0.122231,0.061535,0.002973,-0.016968,-0.115452,0.153417,0.21393,-0.021215,0.847964,0.620082,0.595051,-0.949477,0.113055,-0.335249,0.309617,0.809887,-0.496145,0.322788,0.815246
0.226648,-3.52977,0.785139,0.001157,-0.006248,-0.030488,0.999515,-0.03125,-0.009696,0.072345,0.214026,-0.174547,-0.030697,0.01788,0.00507,-0.019726,0.044973,-0.122072,0.061758,0.002798,-0.016633,-0.115621,0.155052,0.211918,-0.022087,0.842819,0.61852,0.605276,-0.946382,0.113634,-0.33474,0.309494,0.809018,-0.496844,0.324002,0.815874
0.226833,-3.529784,0.785135,0.001033,-0.006161,-0.030506,0.999515,-0.03097,-0.009414,0.072322,0.213695,-0.174973,-0.030689,0.017887,0.005373,-0.019795,0.045099,-0.121852,0.061756,0.002549,-0.016181,-0.115736,0.15698,0.210405,-0.023727,0.837004,0.616401,0.615313,-0.943149,0.11432,-0.33316,0.307565,0.810222,-0.496035,0.323993,0.816756
0.227032,-3.529797,0.785135,0.00093,-0.006073,-0.030487,0.999516,-0.03065,-0.00916,0.072306,0.213316,-0.175337,-0.030738,0.017915,0.00564,-0.019697,0.045227,-0.121743,0.061624,0.002399,-0.01576,-0.11586,0.159152,0.209531,-0.026458,0.830796,0.614369,0.62459,-0.939965,0.114598,-0.32939,0.302947,0.815313,-0.490698,0.321622,0.817104
0.227214,-3.529796,0.785118,0.000819,-0.006048,-0.030492,0.999516,-0.030249,-0.008922,0.072303,0.212975,-0.175808,-0.030908,0.018058,0.005879,-0.019821,0.045406,-0.121973,0.061491,0.001749,-0.015253,-0.116135,0.161591,0.209515,-0.029888,0.825142,0.612013,0.632354,-0.936754,0.113031,-0.328133,0.301071,0.818968,-0.490069,0.319316,0.819893
0.227443,-3.529781,0.785102,0.00075,-0.006037,-0.03049,0.999517,-0.029807,-0.008824,0.072269,0.21279,-0.176496,-0.030752,0.018382,0.006005,-0.019914,0.045438,-0.122291,0.061539,0.00106,-0.014678,-0.116463,0.164049,0.210285,-0.033319,0.819933,0.61016,0.638434,-0.933923,0.112164,-0.327686,0.299484,0.82066,-0.490949,0.31686,0.823722
0.227671,-3.529775,0.78508,0.00076,-0.006011,-0.030506,0.999516,-0.0294,-0.008893,0.072231,0.212568,-0.176958,-0.030659,0.018695,0.005959,-0.019785,0.04543,-0.122694,0.061502,0.000392,-0.014046,-0.116934,0.166343,0.212104,-0.037235,0.816078,0.609533,0.641287,-0.93312,0.111697,-0.327351,0.297567,0.821976,-0.491801,0.31473,0.827115
0.227922,-3.529759,0.785063,0.000808,-0.005994,-0.0305,0.999516,-0.028976,-0.009072,0.072274,0.212426,-0.177275,-0.030384,0.019072,0.005792,-0.019693,0.045361,-0.123121,0.061745,0.000236,-0.013633,-0.117749,0.166724,0.214879,-0.039584,0.813767,0.610245,0.643002,-0.933095,0.112024,-0.327005,0.295189,0.822831,-0.492849,0.313493,0.830108
0.22816,-3.529762,0.785009,0.000715,-0.005963,-0.030521,0.999516,-0.028412,-0.008873,0.072242,0.211986,-0.178473,-0.030334,0.01938,0.006021,-0.01975,0.045349,-0.123773,0.061915,0.000298,-0.01309,-0.118696,0.164543,0.218443,-0.037319,0.813043,0.604761,0.643962,-0.928195,0.112909,-0.326164,0.291852,0.823141,-0.493889,0.313093,0.83294
0.228371,-3.529812,0.785005,0.000946,-0.006053,-0.030399,0.999519,-0.028168,-0.009396,0.072184,0.212397,-0.17801,-0.030234,0.019875,0.005477,-0.020196,0.045461,-0.124479,0.062071,0.000034,-0.013461,-0.119603,0.159397,0.224466,-0.03542,0.812858,0.602218,0.643628,-0.927597,0.113845,-0.325805,0.289486,0.821562,-0.495774,0.313108,0.836994
0.228528,-3.529893,0.784986,0.001141,-0.006217,-0.02993,0.999532,-0.027963,-0.009932,0.071551,0.212907,-0.177751,-0.030147,0.020614,0.004936,-0.020988,0.045563,-0.125359,0.062085,-0.001061,-0.014536,-0.120433,0.148189,0.229673,-0.027141,0.810543,0.598709,0.647878,-0.932583,0.116002,-0.329019,0.284804,0.807239,-0.499288,0.311579,0.845979
0.228662,-3.529978,0.785006,0.001232,-0.006209,-0.02863,0.99957,-0.028077,-0.010648,0.06935,0.212617,-0.177195,-0.030127,0.021671,0.004408,-0.022835,0.044785,-0.125904,0.06185,-0.001548,-0.015625,-0.120672,0.126331,0.22289,0.008653,0.790177,0.576974,0.66117,-0.945831,0.129225,-0.328004,0.250805,0.769494,-0.459082,0.288881,0.845011
0.228751,-3.530178,0.785042,0.001247,-0.006077,-0.025403,0.999658,-0.029606,-0.011837,0.063903,0.213321,-0.17696,-0.030134,0.023667,0.003466,-0.028838,0.042658,-0.126443,0.062331,0.000541,-0.021624,-0.119272,0.080546,0.204219,0.070362,0.729767,0.48105,0.684456,-0.92627,0.163495,-0.303041,0.165494,0.690181,-0.33704,0.24377,0.804947
0.228343,-3.530677,0.785072,0.001302,-0.006147,-0.01881,0.999803,-0.033305,-0.014277,0.052372,0.215479,-0.175497,-0.030466,0.026274,0.001725,-0.04069,0.040999,-0.127616,0.062488,0.002447,-0.0315,-0.117327,0.012931,0.188441,0.088288,0.638206,0.271908,0.702133,-0.8077,0.217518,-0.259288,0.104271,0.53126,-0.185938,0.186562,0.770693
0.227824,-3.530886,0.785008,0.000954,-0.006854,-0.009086,0.999935,-0.038356,-0.01783,0.035111,0.221285,-0.17562,-0.030738,0.029887,-0.000819,-0.058822,0.0424,-0.131491,0.063273,-0.004381,-0.036457,-0.117121,-0.051751,0.204901,-0.017892,0.533418,-0.001808,0.661062,-0.584515,0.274581,-0.26698,0.149767,0.263983,-0.083527,0.154254,0.763176
0.227294,-3.530931,0.78498,0.000485,-0.007687,0.001556,0.999969,-0.042964,-0.022114,0.015526,0.226266,-0.175467,-0.03125,0.033026,-0.003828,-0.079263,0.04618,-0.136447,0.065107,-0.023855,-0.038094,-0.121001,-0.128931,0.251778,-0.203686,0.453166,-0.202226,0.57487,-0.367888,0.288458,-0.286656,0.262664,0.000123,0.005202,0.159451,0.710552
0.226382,-3.530871,0.78514,-0.000778,-0.009594,0.010164,0.999902,-0.043982,-0.023781,-0.000807,0.229227,-0.175498,-0.033001,0.035992,-0.00449,-0.096389,0.05282,-0.140369,0.064364,-0.056313,-0.038751,-0.12858,-0.234359,0.300627,-0.410258,0.418556,-0.325075,0.463621,-0.206247,0.22162,-0.308896,0.447013,-0.207232,0.110016,0.204443,0.594502
0.225364,-3.530954,0.785154,-0.002133,-0.01183,0.013251,0.99984,-0.040543,-0.022204,-0.007702,0.227816,-0.17673,-0.036811,0.038074,-0.002616,-0.103022,0.058439,-0.142358,0.063207,-0.097394,-0.034564,-0.139228,-0.349638,0.337737,-0.583289,0.421519,-0.380251,0.346222,-0.129193,0.042079,-0.309869,0.673614,-0.314885,0.247112,0.267369,0.40255
0.22432,-3.531304,0.785192,-0.002756,-0.013415,0.010123,0.999855,-0.034144,-0.018693,-0.003306,0.220937,-0.176421,-0.041933,0.037852,0.000369,-0.098452,0.060834,-0.141072,0.062033,-0.124836,-0.025337,-0.144439,-0.452604,0.336875,-0.68961,0.450599,-0.417114,0.260428,-0.122898,-0.201325,-0.261743,0.864744,-0.308274,0.405904,0.268922,0.162639
0.223469,-3.531747,0.785203,-0.002296,-0.013109,0.001337,0.999911,-0.02679,-0.014815,0.011859,0.207121,-0.172743,-0.047241,0.034128,0.003287,-0.082484,0.057881,-0.135869,0.062181,-0.110869,-0.017995,-0.146758,-0.546573,0.305001,-0.759304,0.503457,-0.437719,0.214472,-0.1629,-0.41058,-0.20373,0.958419,-0.23244,0.485857,0.195878,-0.003719
0.222609,-3.532163,0.78521,-0.000055,-0.009535,-0.012474,0.999877,-0.016279,-0.013488,0.037931,0.174075,-0.158313,-0.051775,0.02612,0.004743,-0.056664,0.044374,-0.123676,0.064355,-0.066843,-0.021172,-0.145279,-0.656385,0.263389,-0.797852,0.586329,-0.454514,0.208334,-0.234903,-0.583412,-0.161683,0.971156,-0.107204,0.523597,0.119189,-0.066684
0.221869,-3.532264,0.785205,0.000406,-0.012102,-0.027405,0.999551,-0.007493,-0.006914,0.065394,0.175921,-0.162117,-0.055825,0.025769,0.009254,-0.027212,0.044047,-0.119237,0.066085,-0.023317,-0.024825,-0.147266,-0.69892,0.201453,-0.829583,0.645716,-0.433379,0.207638,-0.273479,-0.661781,-0.11894,0.963613,0.042958,0.51633,0.096352,-0.05309
0.221636,-3.531899,0.785319,0.001664,-0.012768,-0.038537,0.999174,0.000352,-0.00524,0.087668,0.169534,-0.159261,-0.056976,0.026408,0.010297,-0.004332,0.036955,-0.113126,0.068003,0.010659,-0.031324,-0.152143,-0.724191,0.152525,-0.823366,0.681569,-0.406547,0.209866,-0.317562,-0.736485,-0.123942,0.897064,0.217533,0.498151,0.092695,0.024871
0.221861,-3.531406,0.785575,0.003204,-0.013212,-0.038787,0.999155,0.003335,-0.009368,0.090156,0.165481,-0.153193,-0.053775,0.029949,0.006283,-0.001606,0.031709,-0.11157,0.067557,0.020373,-0.039956,-0.155178,-0.7278,0.118079,-0.797903,0.681867,-0.381646,0.218027,-0.351264,-0.782078,-0.173412,0.807065,0.351525,0.471044,0.104148,0.110862
0.222427,-3.530907,0.785712,0.004272,-0.013725,-0.030156,0.999442,0.001566,-0.016384,0.075879,0.166706,-0.148875,-0.047729,0.035332,-0.000223,-0.017065,0.03069,-0.116291,0.065821,0.008489,-0.049244,-0.154274,-0.719885,0.095046,-0.765891,0.668459,-0.365461,0.23301,-0.366361,-0.789278,-0.259644,0.722712,0.425594,0.441258,0.13284,0.201834
0.223307,-3.530476,0.785606,0.003938,-0.014538,-0.014193,0.999786,-0.004567,-0.02338,0.047405,0.175436,-0.150187,-0.041692,0.042884,-0.006228,-0.047014,0.033691,-0.125935,0.065684,-0.017081,-0.054531,-0.148895,-0.706948,0.079389,-0.750022,0.648685,-0.355005,0.252697,-0.361049,-0.749296,-0.355199,0.640868,0.418791,0.412524,0.151383,0.301117
0.224613,-3.530328,0.785387,0.002161,-0.015412,0.005749,0.999862,-0.014361,-0.028685,0.010592,0.191702,-0.156908,-0.038808,0.051509,-0.009707,-0.085574,0.039648,-0.137533,0.066338,-0.04898,-0.059645,-0.139673,-0.694475,0.073688,-0.76475,0.623898,-0.354,0.27078,-0.335262,-0.630107,-0.428741,0.575921,0.315306,0.42616,0.155534,0.40056
0.226549,-3.530545,0.785379,-0.000246,-0.015174,0.023173,0.999616,-0.024038,-0.031366,-0.023236,0.206129,-0.16431,-0.039169,0.057437,-0.009914,-0.119532,0.045729,-0.146296,0.06636,-0.07971,-0.0671,-0.132117,-0.68468,0.079547,-0.804302,0.600977,-0.361263,0.276784,-0.306296,-0.463577,-0.449325,0.583514,0.150517,0.483679,0.186265,0.437499
0.229306,-3.531073,0.785532,-0.002348,-0.013621,0.031654,0.999403,-0.028485,-0.030229,-0.042388,0.211374,-0.169923,-0.04199,0.058202,-0.007189,-0.137213,0.051504,-0.150984,0.063497,-0.106132,-0.073127,-0.137392,-0.663793,0.08642,-0.846221,0.586332,-0.377315,0.272057,-0.282165,-0.343756,-0.434093,0.694926,-0.040589,0.54625,0.233976,0.368282
0.23168,-3.532264,0.785697,-0.003757,-0.011913,0.02505,0.999608,-0.023736,-0.022397,-0.034479,0.204822,-0.173673,-0.045988,0.050954,-0.000537,-0.127935,0.060443,-0.151903,0.057511,-0.118055,-0.073188,-0.151612,-0.641575,0.094267,-0.871514,0.585927,-0.395222,0.268391,-0.264378,-0.323072,-0.376067,0.843439,-0.19624,0.610808,0.248167,0.216098
0.233174,-3.533511,0.785389,-0.004398,-0.011202,0.004498,0.999917,-0.008992,-0.009461,0.001399,0.189498,-0.178615,-0.053237,0.03699,0.009239,-0.090428,0.075557,-0.152829,0.052167,-0.108929,-0.065897,-0.170884,-0.632728,0.108693,-0.881964,0.587149,-0.401955,0.267181,-0.257429,-0.41686,-0.299817,0.930065,-0.271775,0.612173,0.2318,0.024335
0.234202,-3.534921,0.784774,-0.004077,-0.012752,-0.023881,0.999625,0.012232,0.004564,0.054518,0.176528,-0.185184,-0.06341,0.02324,0.020962,-0.036867,0.095228,-0.156504,0.050862,-0.074225,-0.05874,-0.174458,-0.641937,0.115408,-0.873184,0.587468,-0.399719,0.263387,-0.259018,-0.468194,-0.166691,0.997493,-0.275899,0.622074,0.238246,-0.126848
0.235424,-3.536091,0.784488,-0.002844,-0.016826,-0.051843,0.998509,0.035063,0.014444,0.107305,0.17348,-0.190476,-0.069864,0.017155,0.030972,0.016969,0.11348,-0.161185,0.051467,-0.031219,-0.050874,-0.176438,-0.636226,0.112047,-0.85361,0.581348,-0.399877,0.254707,-0.270648,-0.500438,-0.024376,1.028471,-0.201207,0.6487,0.266966,-0.249343
0.236447,-3.536683,0.784838,-0.000878,-0.020268,-0.070192,0.997327,0.047913,0.017367,0.14178,0.179581,-0.19033,-0.066584,0.018807,0.034661,0.05284,0.117885,-0.160624,0.051773,0.007648,-0.05055,-0.173999,-0.633154,0.106778,-0.843969,0.573465,-0.399615,0.250438,-0.289514,-0.524531,0.067379,1.036707,-0.103595,0.65398,0.243357,-0.30117
0.237742,-3.536897,0.785299,0.000885,-0.023556,-0.079304,0.996572,0.052955,0.017205,0.159665,0.195089,-0.192311,-0.056349,0.029617,0.03361,0.07193,0.109452,-0.158158,0.052427,0.028522,-0.058676,-0.174217,-0.633727,0.114525,-0.847637,0.567363,-0.392457,0.24962,-0.311873,-0.53105,0.087266,1.031198,0.005448,0.663205,0.183871,-0.277126
0.238834,-3.536139,0.785386,0.001805,-0.026633,-0.077159,0.996661,0.047398,0.014562,0.157086,0.222287,-0.199689,-0.042738,0.047605,0.027973,0.069359,0.090632,-0.15415,0.056697,0.03218,-0.065348,-0.177815,-0.633117,0.119934,-0.851989,0.564266,-0.380171,0.250442,-0.326724,-0.552885,0.039606,0.990393,0.10165,0.661552,0.107939,-0.181227
0.239447,-3.534848,0.785057,0.001867,-0.028113,-0.066369,0.997397,0.033574,0.009923,0.13816,0.251383,-0.208832,-0.030556,0.062693,0.020928,0.049108,0.074203,-0.153241,0.062211,0.021522,-0.071354,-0.177056,-0.640943,0.117996,-0.847883,0.564338,-0.371374,0.252816,-0.330218,-0.569636,-0.048154,0.920642,0.146486,0.668017,0.063575,-0.057849
0.23991,-3.533466,0.784504,0.001435,-0.029124,-0.050347,0.998306,0.017824,0.00329,0.109077,0.278395,-0.217688,-0.02184,0.073279,0.013813,0.018098,0.068963,-0.159553,0.066569,0.000246,-0.07679,-0.170511,-0.648352,0.109928,-0.836248,0.565697,-0.370143,0.256787,-0.32772,-0.556575,-0.149848,0.841547,0.14026,0.683323,0.056142,0.064038
0.240703,-3.532187,0.784121,0.000529,-0.029678,-0.032678,0.999025,0.004721,-0.004102,0.076239,0.298176,-0.224626,-0.016326,0.078898,0.007836,-0.016694,0.074873,-0.170995,0.067929,-0.024743,-0.080666,-0.161666,-0.653229,0.102807,-0.826652,0.566244,-0.37352,0.261193,-0.321665,-0.501533,-0.244737,0.779146,0.083657,0.707283,0.072282,0.16232
0.241867,-3.531136,0.784025,-0.000553,-0.029756,-0.017498,0.999404,-0.004294,-0.010473,0.047536,0.310214,-0.228942,-0.013684,0.080211,0.003472,-0.046522,0.087594,-0.182844,0.066589,-0.046743,-0.083646,-0.152339,-0.658097,0.09981,-0.827676,0.564901,-0.376546,0.263019,-0.313504,-0.412448,-0.31377,0.770284,-0.006054,0.747175,0.101154,0.214359
0.243365,-3.530374,0.784094,-0.001767,-0.029985,-0.008972,0.999509,-0.007022,-0.013256,0.029885,0.316094,-0.233431,-0.012868,0.076987,0.001743,-0.064173,0.106758,-0.193904,0.062375,-0.0636,-0.083538,-0.15033,-0.646425,0.092755,-0.833147,0.56616,-0.386022,0.260299,-0.301689,-0.339897,-0.351216,0.842674,-0.131345,0.79036,0.129522,0.203715
0.245201,-3.53008,0.784544,-0.000673,-0.025507,-0.011829,0.999604,0.00032,-0.016021,0.033911,0.287269,-0.224239,-0.012877,0.063564,-0.000253,-0.06054,0.117564,-0.195689,0.05738,-0.074847,-0.077922,-0.168808,-0.63594,0.096314,-0.825328,0.579004,-0.406176,0.263796,-0.296322,-0.366294,-0.372258,0.934421,-0.274906,0.822099,0.15467,0.120736
0.245513,-3.530429,0.784325,-0.002544,-0.028567,-0.026273,0.999243,0.012704,-0.004652,0.057801,0.287325,-0.233809,-0.018316,0.049242,0.008503,-0.034379,0.152193,-0.20384,0.050283,-0.061056,-0.060368,-0.174094,-0.615975,0.085456,-0.836772,0.5918,-0.406765,0.265082,-0.282016,-0.41864,-0.269687,0.99159,-0.332061,0.800416,0.175592,-0.00556
0.245709,-3.531108,0.783763,-0.003822,-0.031108,-0.046872,0.998409,0.029635,0.008175,0.09566,0.280933,-0.240967,-0.027146,0.031791,0.020541,0.004351,0.187479,-0.212309,0.044604,-0.035007,-0.044689,-0.179412,-0.61092,0.092461,-0.841834,0.595388,-0.404005,0.262067,-0.271444,-0.467016,-0.136572,1.006877,-0.300745,0.784963,0.210776,-0.15701
0.24573,-3.531573,0.783302,-0.004002,-0.034628,-0.065419,0.997249,0.045079,0.01695,0.131056,0.280177,-0.244752,-0.033734,0.019575,0.029881,0.039594,0.218011,-0.22055,0.040835,-0.001456,-0.036386,-0.17672,-0.607779,0.098537,-0.84224,0.589807,-0.398672,0.257293,-0.269788,-0.497097,-0.01008,1.000352,-0.197072,0.770628,0.212589,-0.262918
0.24586,-3.531855,0.783452,-0.003212,-0.038396,-0.074837,0.996451,0.054439,0.019588,0.150779,0.285745,-0.243032,-0.032782,0.019417,0.032903,0.059474,0.230843,-0.224241,0.038842,0.01671,-0.041906,-0.175407,-0.600247,0.112012,-0.838965,0.579226,-0.391465,0.254404,-0.277967,-0.522856,0.021026,0.966907,-0.050321,0.751895,0.185414,-0.290651
0.246315,-3.53141,0.78386,-0.002577,-0.040537,-0.071989,0.996578,0.052699,0.017279,0.14807,0.297527,-0.239379,-0.024527,0.030575,0.029077,0.057043,0.220893,-0.222527,0.041304,0.019845,-0.052983,-0.174185,-0.596859,0.11977,-0.834899,0.569865,-0.385545,0.254409,-0.286541,-0.554136,-0.01974,0.909995,0.066365,0.731592,0.149309,-0.235365
0.246845,-3.530683,0.783939,-0.002658,-0.040764,-0.058281,0.997464,0.040263,0.012026,0.124639,0.314972,-0.239571,-0.014496,0.04852,0.021593,0.033143,0.195042,-0.217803,0.048932,0.010171,-0.06711,-0.1689,-0.605032,0.123022,-0.834473,0.564801,-0.382365,0.257402,-0.291076,-0.557906,-0.105572,0.852075,0.10353,0.72916,0.123588,-0.109268
0.247292,-3.529543,0.783463,-0.003674,-0.04031,-0.037026,0.998494,0.020628,0.004519,0.085439,0.339376,-0.24613,-0.007793,0.069188,0.013243,-0.007657,0.165565,-0.21411,0.059918,-0.008185,-0.080022,-0.16001,-0.618032,0.120791,-0.840047,0.564166,-0.381822,0.261454,-0.291003,-0.514681,-0.222666,0.803734,0.064482,0.734841,0.118075,0.046225
0.247991,-3.528223,0.783373,-0.002904,-0.034053,-0.015631,0.999294,0.001712,-0.009793,0.046408,0.335668,-0.239645,-0.003858,0.080336,0.002669,-0.049562,0.129626,-0.204238,0.069387,-0.027459,-0.092308,-0.157547,-0.647322,0.120549,-0.840511,0.571669,-0.38915,0.268661,-0.295468,-0.437902,-0.350489,0.772641,-0.033087,0.773784,0.142091,0.161706
0.247687,-3.527138,0.783165,-0.005371,-0.035351,-0.004131,0.999352,-0.010844,-0.01137,0.022407,0.359565,-0.250008,-0.002956,0.085112,0.002198,-0.073204,0.132881,-0.207756,0.071378,-0.041596,-0.097342,-0.141148,-0.648904,0.112619,-0.848522,0.580212,-0.385668,0.267046,-0.283648,-0.339184,-0.375691,0.817063,-0.112991,0.796959,0.169528,0.188478
0.247703,-3.526232,0.78349,-0.006336,-0.034086,-0.002797,0.999395,-0.014118,-0.011902,0.017202,0.359702,-0.251631,-0.001376,0.079779,0.002136,-0.078138,0.138999,-0.208325,0.067395,-0.045986,-0.096241,-0.13961,-0.641115,0.106903,-0.848654,0.592853,-0.389907,0.266235,-0.272589,-0.293743,-0.37365,0.901103,-0.202386,0.82399,0.190975,0.158868
0.24784,-3.525478,0.784184,-0.004488,-0.027619,-0.014927,0.999497,-0.00529,-0.012534,0.039354,0.318808,-0.238354,-0.00164,0.058819,0.001282,-0.056363,0.142827,-0.202468,0.060654,-0.043699,-0.088396,-0.158064,-0.637838,0.116079,-0.83161,0.6119,-0.399786,0.272264,-0.268264,-0.347492,-0.362013,0.975111,-0.299136,0.82748,0.232445,0.047967
0.24632,-3.524571,0.783833,-0.005687,-0.030024,-0.035376,0.998907,0.007356,-0.001163,0.076058,0.313322,-0.245637,-0.00901,0.035487,0.009716,-0.017322,0.182471,-0.21129,0.053248,-0.018328,-0.067872,-0.154792,-0.623592,0.106484,-0.828011,0.617653,-0.391896,0.271923,-0.256378,-0.389104,-0.242847,1.032802,-0.313348,0.808616,0.271452,-0.095259
0.245182,-3.523659,0.783437,-0.005687,-0.031137,-0.056898,0.997878,0.021957,0.007291,0.117493,0.300198,-0.245969,-0.018767,0.012393,0.018299,0.024561,0.216928,-0.218524,0.048285,0.007534,-0.052136,-0.153428,-0.613722,0.109322,-0.815534,0.611958,-0.385345,0.267111,-0.255933,-0.43935,-0.126637,1.037319,-0.257395,0.794244,0.307908,-0.239014
0.24402,-3.522559,0.783637,-0.004928,-0.031986,-0.070448,0.99699,0.030505,0.009913,0.144958,0.291505,-0.239462,-0.02239,-0.001779,0.022278,0.052819,0.236753,-0.219825,0.046046,0.024197,-0.045354,-0.152069,-0.599428,0.111643,-0.800301,0.601959,-0.384029,0.261666,-0.264446,-0.496833,-0.059054,0.989324,-0.145163,0.772424,0.331998,-0.352464
0.24307,-3.521122,0.784242,-0.004385,-0.031789,-0.07163,0.996915,0.027858,0.007821,0.150122,0.291981,-0.229899,-0.018006,-0.002786,0.019952,0.057598,0.233096,-0.214482,0.046027,0.03021,-0.047453,-0.143175,-0.605312,0.112138,-0.795108,0.593702,-0.381595,0.261451,-0.275992,-0.499721,-0.020169,0.926096,-0.051595,0.776753,0.293066,-0.378897
0.242838,-3.519546,0.784587,-0.004634,-0.032199,-0.06044,0.997642,0.017162,0.002536,0.131432,0.30633,-0.227696,-0.008824,0.011087,0.012399,0.038442,0.212718,-0.208832,0.052291,0.015182,-0.059114,-0.142309,-0.603134,0.116431,-0.800536,0.586703,-0.378638,0.262409,-0.285065,-0.510478,-0.078635,0.848234,0.054155,0.767314,0.246022,-0.322645
0.242964,-3.517595,0.784446,-0.006002,-0.031714,-0.040472,0.998659,-0.000895,-0.005376,0.095074,0.327917,-0.231707,-0.000438,0.031667,0.002927,0.000094,0.181982,-0.201344,0.064408,-0.009635,-0.068657,-0.138566,-0.606694,0.115466,-0.809591,0.579097,-0.377166,0.265406,-0.288294,-0.501528,-0.193221,0.773852,0.099663,0.750136,0.210198,-0.188172
0.24342,-3.515705,0.784479,-0.005648,-0.026095,-0.019804,0.999447,-0.01667,-0.019868,0.057636,0.321173,-0.223028,0.00515,0.046313,-0.008722,-0.040313,0.14156,-0.187529,0.076771,-0.030943,-0.078273,-0.135948,-0.635581,0.120101,-0.813205,0.576875,-0.380755,0.273761,-0.297536,-0.460109,-0.331129,0.709263,0.067001,0.769215,0.20598,-0.041287
0.24337,-3.51373,0.783981,-0.008714,-0.028786,-0.004878,0.999536,-0.027833,-0.023169,0.027926,0.348519,-0.235823,0.007142,0.057027,-0.01114,-0.07093,0.143331,-0.191972,0.082434,-0.049639,-0.08158,-0.118802,-0.638758,0.113693,-0.823854,0.576798,-0.372814,0.272066,-0.286716,-0.354464,-0.381424,0.710233,-0.000633,0.776045,0.202003,0.044669
0.243744,-3.511785,0.784203,-0.010238,-0.028379,0.00133,0.999544,-0.029701,-0.026284,0.01466,0.348566,-0.238044,0.008461,0.056466,-0.013256,-0.084778,0.148703,-0.193213,0.080808,-0.060629,-0.083507,-0.113324,-0.633801,0.10783,-0.828043,0.58431,-0.376728,0.27012,-0.27814,-0.275807,-0.400026,0.769282,-0.096306,0.797787,0.190846,0.082318
0.243943,-3.510004,0.784653,-0.010656,-0.02753,-0.004646,0.999553,-0.01995,-0.025607,0.024202,0.328713,-0.235033,0.00826,0.043859,-0.013473,-0.075159,0.166289,-0.195202,0.073006,-0.062274,-0.078645,-0.118671,-0.619969,0.101588,-0.826724,0.601612,-0.384843,0.273904,-0.269428,-0.260558,-0.378237,0.880973,-0.204589,0.810145,0.16963,0.070005
0.243958,-3.508305,0.785109,-0.009212,-0.022587,-0.023449,0.999427,-0.000008,-0.023917,0.05927,0.274595,-0.21927,0.00206,0.017186,-0.011461,-0.039324,0.182302,-0.192201,0.064528,-0.057199,-0.068217,-0.137758,-0.618125,0.115522,-0.807116,0.619844,-0.395074,0.281224,-0.26672,-0.322505,-0.343696,0.978278,-0.307746,0.815609,0.187506,-0.009972
0.242682,-3.506488,0.784445,-0.009919,-0.02604,-0.046198,0.998544,0.018989,-0.014701,0.100508,0.261388,-0.224316,-0.010201,-0.010116,-0.00257,0.00517,0.232315,-0.204822,0.058379,-0.033487,-0.048636,-0.138686,-0.600484,0.104215,-0.802104,0.623895,-0.391702,0.275867,-0.257407,-0.381462,-0.224715,1.039067,-0.320302,0.78214,0.231376,-0.127043
0.241285,-3.504978,0.783915,-0.009335,-0.027858,-0.068506,0.997218,0.035112,-0.009601,0.142457,0.245594,-0.222292,-0.020626,-0.034763,0.006152,0.048236,0.269826,-0.212387,0.054469,-0.010016,-0.036696,-0.141099,-0.589263,0.106925,-0.791009,0.620536,-0.391844,0.270385,-0.258964,-0.43392,-0.114278,1.045253,-0.256959,0.765801,0.282199,-0.249733
0.239729,-3.503507,0.783963,-0.00802,-0.029194,-0.082669,0.996117,0.043359,-0.00943,0.170175,0.237332,-0.215291,-0.023332,-0.049272,0.009796,0.076849,0.28955,-0.214279,0.052796,0.007201,-0.034085,-0.141139,-0.583987,0.111502,-0.784839,0.612994,-0.391393,0.266019,-0.269016,-0.472605,-0.039388,1.016781,-0.151341,0.769969,0.320915,-0.340012
0.238322,-3.501518,0.784396,-0.007279,-0.030164,-0.085288,0.995873,0.042676,-0.012255,0.177879,0.238787,-0.208277,-0.017567,-0.049524,0.006845,0.084064,0.287339,-0.212101,0.054165,0.01218,-0.042623,-0.141106,-0.587618,0.119193,-0.787243,0.605252,-0.387158,0.262449,-0.278921,-0.496463,-0.032188,0.961564,-0.031957,0.751874,0.259637,-0.35138
0.237869,-3.499279,0.784875,-0.007381,-0.029688,-0.076614,0.996591,0.034168,-0.017611,0.164642,0.245982,-0.204483,-0.007875,-0.037268,-0.001796,0.069652,0.26418,-0.206796,0.060766,0.000956,-0.055724,-0.14157,-0.594381,0.124923,-0.791016,0.596894,-0.382097,0.260653,-0.285726,-0.511164,-0.108674,0.896469,0.039186,0.72885,0.179575,-0.26503
0.237968,-3.497126,0.785017,-0.008858,-0.028342,-0.057688,0.997893,0.020194,-0.024272,0.130975,0.257363,-0.205771,0.000252,-0.015521,-0.012789,0.034151,0.228164,-0.199656,0.071689,-0.019299,-0.066816,-0.137949,-0.607385,0.122465,-0.798096,0.584806,-0.376009,0.26297,-0.288985,-0.479147,-0.228716,0.824938,0.02424,0.723309,0.091918,-0.094098
0.23868,-3.495079,0.784886,-0.01109,-0.026228,-0.035124,0.998977,0.007214,-0.031884,0.089532,0.264357,-0.208635,0.003831,0.006842,-0.022324,-0.009549,0.193068,-0.192579,0.08344,-0.042966,-0.07682,-0.133777,-0.625896,0.121403,-0.813238,0.572096,-0.367806,0.266869,-0.291243,-0.397951,-0.368516,0.760463,-0.064519,0.733746,0.040233,0.078259
0.240125,-3.493082,0.784976,-0.011697,-0.02063,-0.013367,0.999629,0.00026,-0.044193,0.049679,0.245422,-0.199591,0.003877,0.023755,-0.032857,-0.053218,0.155023,-0.181261,0.092358,-0.061569,-0.086513,-0.136717,-0.652603,0.124197,-0.831844,0.565598,-0.370024,0.271946,-0.299154,-0.272221,-0.503965,0.719776,-0.189929,0.783559,0.026479,0.19036
0.240853,-3.491214,0.785045,-0.014609,-0.022148,-0.004207,0.999639,0.001734,-0.044476,0.030567,0.247723,-0.202839,0.001869,0.02671,-0.033686,-0.072123,0.165862,-0.185082,0.092098,-0.078486,-0.089435,-0.132962,-0.648525,0.119027,-0.857733,0.569045,-0.370696,0.267972,-0.291924,-0.185305,-0.528209,0.778577,-0.275086,0.791209,0.039122,0.203181
0.241287,-3.490108,0.785518,-0.016061,-0.022581,-0.009552,0.99957,0.012403,-0.041386,0.036286,0.231326,-0.197927,-0.000332,0.013874,-0.030486,-0.062962,0.18997,-0.185807,0.08378,-0.085537,-0.085681,-0.144389,-0.635328,0.120357,-0.875197,0.58657,-0.380644,0.270868,-0.286969,-0.191705,-0.500917,0.87539,-0.359946,0.78156,0.046973,0.149929
0.240055,-3.489436,0.785655,-0.017139,-0.023514,-0.030266,0.999118,0.028655,-0.032088,0.072041,0.20842,-0.194644,-0.006597,-0.017312,-0.01976,-0.023608,0.234709,-0.187042,0.07214,-0.07618,-0.074011,-0.15339,-0.636181,0.134475,-0.881619,0.604893,-0.379415,0.275509,-0.281412,-0.249253,-0.395756,0.977823,-0.395374,0.772383,0.051128,0.056928
0.23784,-3.489034,0.78477,-0.017165,-0.025698,-0.059571,0.997746,0.046471,-0.02172,0.126315,0.191009,-0.197472,-0.018422,-0.057871,-0.00386,0.032374,0.295371,-0.196149,0.064941,-0.052682,-0.061779,-0.156878,-0.644413,0.154456,-0.872856,0.609282,-0.363692,0.271266,-0.279397,-0.313261,-0.230756,1.054806,-0.3468,0.760851,0.072398,-0.049305
0.235451,-3.488534,0.783698,-0.014987,-0.027883,-0.084145,0.995951,0.058515,-0.018728,0.17314,0.182172,-0.19775,-0.028657,-0.085269,0.006057,0.078771,0.334062,-0.205282,0.065579,-0.022063,-0.057421,-0.156752,-0.641264,0.157697,-0.844092,0.601787,-0.357556,0.262573,-0.286587,-0.369227,-0.102984,1.071821,-0.242033,0.734119,0.089072,-0.121127
0.233157,-3.487976,0.783293,-0.011927,-0.029252,-0.100128,0.994473,0.063508,-0.020622,0.20529,0.178577,-0.192366,-0.030682,-0.099248,0.008465,0.108787,0.349435,-0.213149,0.071747,0.003913,-0.06552,-0.154818,-0.630809,0.155055,-0.815447,0.591809,-0.358543,0.25398,-0.297757,-0.420685,-0.040188,1.049077,-0.108231,0.69644,0.096715,-0.151225
0.23131,-3.48707,0.78363,-0.00971,-0.02913,-0.102379,0.994271,0.059886,-0.025238,0.212623,0.178832,-0.184004,-0.024654,-0.098001,0.002089,0.114022,0.338736,-0.2147,0.083633,0.01559,-0.0815,-0.151302,-0.629584,0.15216,-0.806852,0.581023,-0.355869,0.25106,-0.309514,-0.454764,-0.056394,0.992578,0.001875,0.671661,0.08991,-0.126324
0.230049,-3.485653,0.784336,-0.00957,-0.027501,-0.091756,0.995356,0.048834,-0.030064,0.196082,0.18263,-0.177016,-0.0147,-0.084537,-0.008983,0.095445,0.307986,-0.208328,0.09655,0.012258,-0.099439,-0.145324,-0.636834,0.147688,-0.81247,0.568468,-0.351591,0.249636,-0.31749,-0.459166,-0.141894,0.914828,0.05408,0.665545,0.078563,-0.050666
0.229391,-3.484276,0.784955,-0.011505,-0.024754,-0.07234,0.997006,0.033987,-0.03391,0.161815,0.187667,-0.17415,-0.006237,-0.064949,-0.019067,0.058456,0.269253,-0.197628,0.099471,-0.003068,-0.112763,-0.136152,-0.646228,0.139182,-0.822701,0.557195,-0.352693,0.251383,-0.319995,-0.418694,-0.260512,0.832405,0.040378,0.676555,0.074201,0.048085
0.228987,-3.483306,0.785188,-0.014464,-0.021938,-0.048921,0.998457,0.018771,-0.037405,0.118381,0.193202,-0.174486,-0.002185,-0.045332,-0.026272,0.012637,0.235181,-0.189166,0.090339,-0.027698,-0.121082,-0.125331,-0.655198,0.131297,-0.83504,0.549501,-0.358248,0.254392,-0.316273,-0.331432,-0.364744,0.767441,-0.013629,0.706477,0.085623,0.124372
0.228936,-3.482359,0.785369,-0.016253,-0.017337,-0.028562,0.999309,0.007069,-0.044143,0.079409,0.185514,-0.168207,-0.001049,-0.030526,-0.033035,-0.027926,0.201128,-0.17677,0.082101,-0.056482,-0.125727,-0.121328,-0.670088,0.128645,-0.842723,0.552766,-0.371795,0.258883,-0.313981,-0.240777,-0.445482,0.758043,-0.101854,0.769599,0.111053,0.1533
0.227706,-3.481418,0.785284,-0.01919,-0.020482,-0.021513,0.999375,0.003613,-0.041648,0.06232,0.200918,-0.175626,-0.002098,-0.03269,-0.032556,-0.04268,0.222769,-0.18185,0.079167,-0.077222,-0.123765,-0.10934,-0.652778,0.113833,-0.851484,0.565524,-0.377712,0.257362,-0.293398,-0.203598,-0.42816,0.848848,-0.182717,0.782347,0.121544,0.132709
0.225963,-3.480264,0.785012,-0.02032,-0.022352,-0.029482,0.999109,0.007526,-0.03762,0.074174,0.200595,-0.180566,-0.00543,-0.050648,-0.028323,-0.029342,0.254634,-0.182423,0.079227,-0.082336,-0.116914,-0.107665,-0.642643,0.111933,-0.850621,0.581872,-0.382188,0.262325,-0.27689,-0.239207,-0.383591,0.964611,-0.2721,0.778878,0.117089,0.090441
0.223433,-3.479131,0.78407,-0.02007,-0.024127,-0.048181,0.998345,0.017209,-0.032052,0.1082,0.190657,-0.184904,-0.014563,-0.082934,-0.019609,0.005082,0.302498,-0.184625,0.079836,-0.069276,-0.104522,-0.108574,-0.641703,0.11717,-0.839077,0.588317,-0.377373,0.263371,-0.267152,-0.30834,-0.29709,1.042636,-0.321207,0.751793,0.140285,0.0109
0.220797,-3.477782,0.782721,-0.017771,-0.025807,-0.069875,0.997064,0.02822,-0.030673,0.149252,0.177733,-0.184969,-0.025494,-0.119939,-0.012087,0.04429,0.355988,-0.189934,0.084318,-0.040602,-0.095151,-0.104983,-0.638732,0.117094,-0.816842,0.584469,-0.374869,0.256517,-0.26699,-0.369414,-0.179951,1.069458,-0.3012,0.712821,0.17104,-0.090979
0.218343,-3.476509,0.781602,-0.013681,-0.027104,-0.086499,0.995789,0.03659,-0.035715,0.182223,0.165004,-0.178434,-0.032225,-0.147855,-0.011249,0.074466,0.394182,-0.198107,0.092222,-0.012015,-0.094914,-0.103874,-0.630666,0.115182,-0.79897,0.576501,-0.376968,0.251456,-0.278214,-0.416221,-0.094211,1.044792,-0.209542,0.676198,0.202665,-0.191296
0.216628,-3.475162,0.781313,-0.010303,-0.026895,-0.093105,0.99524,0.038108,-0.042816,0.19806,0.15605,-0.169152,-0.031127,-0.157221,-0.018793,0.081902,0.3998,-0.204972,0.103173,0.006919,-0.102493,-0.103233,-0.633429,0.120503,-0.796123,0.568662,-0.374404,0.249432,-0.293471,-0.433176,-0.072857,0.992625,-0.114349,0.669919,0.221057,-0.249104
0.215689,-3.47378,0.781534,-0.008556,-0.025901,-0.089188,0.995641,0.033615,-0.049591,0.195011,0.15368,-0.161416,-0.024532,-0.151529,-0.034486,0.063978,0.384178,-0.212027,0.12054,0.015024,-0.115697,-0.10097,-0.642868,0.128234,-0.804902,0.560573,-0.367485,0.247852,-0.306421,-0.42305,-0.101422,0.930072,-0.048965,0.680711,0.189484,-0.229779
0.215927,-3.472698,0.782148,-0.009097,-0.024737,-0.072229,0.99704,0.023761,-0.055683,0.166472,0.160725,-0.158271,-0.015519,-0.129878,-0.052539,0.028814,0.352887,-0.215419,0.141953,0.003831,-0.128904,-0.09961,-0.646874,0.133045,-0.819415,0.551478,-0.363041,0.246122,-0.313358,-0.395122,-0.208667,0.864756,-0.040971,0.686978,0.147185,-0.120638
0.217053,-3.472148,0.783118,-0.012553,-0.023563,-0.049203,0.998432,0.011263,-0.05727,0.124,0.175455,-0.160783,-0.008708,-0.101115,-0.061847,-0.015229,0.316837,-0.20862,0.14911,-0.016776,-0.133113,-0.09525,-0.651965,0.131358,-0.831915,0.54516,-0.363286,0.250079,-0.311506,-0.318378,-0.334379,0.816715,-0.099865,0.707011,0.125604,0.015099
0.218984,-3.472126,0.784262,-0.016325,-0.01952,-0.030543,0.999209,0.001907,-0.057212,0.08727,0.174702,-0.157639,-0.006384,-0.075121,-0.061909,-0.055909,0.2686,-0.185124,0.127661,-0.037853,-0.132402,-0.09742,-0.670295,0.133557,-0.837048,0.550633,-0.37413,0.259529,-0.311821,-0.233781,-0.448217,0.813446,-0.194303,0.75983,0.129202,0.105421
0.220261,-3.472682,0.784519,-0.019319,-0.023859,-0.021047,0.999307,-0.000352,-0.053094,0.065808,0.201331,-0.171767,-0.006636,-0.063309,-0.058489,-0.081215,0.277059,-0.189105,0.088474,-0.055546,-0.133347,-0.094694,-0.657296,0.125686,-0.853793,0.562766,-0.375622,0.260069,-0.295275,-0.182222,-0.454835,0.895196,-0.272573,0.771898,0.140014,0.125879
0.221539,-3.473544,0.784626,-0.021045,-0.026287,-0.022307,0.999184,0.002853,-0.047371,0.064534,0.212104,-0.182054,-0.008962,-0.060384,-0.051751,-0.080977,0.284701,-0.188953,0.063325,-0.062301,-0.127656,-0.105827,-0.652008,0.121733,-0.863699,0.579567,-0.378999,0.265211,-0.285178,-0.209167,-0.413332,0.979214,-0.344712,0.773748,0.129155,0.109193
0.222048,-3.47429,0.784065,-0.022128,-0.029781,-0.03441,0.998719,0.009707,-0.038045,0.085602,0.223231,-0.197053,-0.013296,-0.068796,-0.042017,-0.059117,0.308162,-0.192231,0.056774,-0.05533,-0.115882,-0.111698,-0.656979,0.123502,-0.859806,0.592069,-0.375001,0.264787,-0.271541,-0.238111,-0.300511,1.0618,-0.372639,0.784746,0.147361,0.042467
0.22211,-3.474336,0.783063,-0.020976,-0.033177,-0.049869,0.997984,0.019144,-0.033661,0.114997,0.228227,-0.207602,-0.01753,-0.081324,-0.035259,-0.027609,0.3341,-0.196545,0.063044,-0.036706,-0.101587,-0.112718,-0.660499,0.116643,-0.836294,0.593531,-0.373617,0.257561,-0.267204,-0.258604,-0.156152,1.088866,-0.32273,0.811513,0.197016,-0.055721
0.221668,-3.473952,0.782203,-0.018694,-0.036406,-0.062963,0.997176,0.027217,-0.033681,0.14101,0.231595,-0.211562,-0.019423,-0.091122,-0.033006,0.003308,0.35475,-0.202505,0.081472,-0.019354,-0.095558,-0.115049,-0.651724,0.108602,-0.81094,0.590771,-0.376811,0.249996,-0.271985,-0.303382,-0.053005,1.056003,-0.209902,0.809377,0.24258,-0.157992
0.220853,-3.473599,0.781774,-0.01622,-0.03891,-0.068778,0.996741,0.030329,-0.036811,0.154648,0.236333,-0.210738,-0.017669,-0.094166,-0.036669,0.019338,0.364947,-0.209642,0.105961,-0.008052,-0.10152,-0.121253,-0.637479,0.108175,-0.804502,0.579136,-0.37529,0.243501,-0.283769,-0.407542,-0.038378,0.960076,-0.049194,0.722216,0.213571,-0.212936
0.220548,-3.473224,0.78214,-0.015503,-0.038826,-0.06452,0.99704,0.026141,-0.040181,0.149427,0.240513,-0.205812,-0.010782,-0.086885,-0.043976,0.012745,0.353359,-0.210007,0.129859,-0.0052,-0.114009,-0.117713,-0.639114,0.113109,-0.813073,0.560352,-0.375179,0.239426,-0.297919,-0.455633,-0.108404,0.87888,0.041073,0.656274,0.1629,-0.167989
0.220954,-3.4732,0.782796,-0.016477,-0.037639,-0.051721,0.997816,0.018642,-0.043274,0.126997,0.245313,-0.202347,-0.00275,-0.07182,-0.051283,-0.011729,0.331539,-0.206262,0.139668,-0.012609,-0.122231,-0.114095,-0.646896,0.117055,-0.830215,0.541949,-0.374067,0.238348,-0.306357,-0.444805,-0.214179,0.803308,0.062374,0.630399,0.127511,-0.065494
0.221895,-3.473306,0.783211,-0.018,-0.035755,-0.034738,0.998594,0.010133,-0.047339,0.09568,0.249473,-0.201785,0.002324,-0.055829,-0.057155,-0.048699,0.30993,-0.203143,0.122938,-0.029238,-0.127986,-0.110738,-0.656152,0.118062,-0.843807,0.531835,-0.374171,0.239145,-0.303337,-0.37962,-0.319559,0.742449,0.018805,0.637967,0.11848,0.047611
0.223116,-3.473362,0.783084,-0.019307,-0.034519,-0.019335,0.99903,0.004393,-0.051704,0.066511,0.253138,-0.204681,0.002874,-0.044667,-0.06142,-0.083639,0.300773,-0.207745,0.093654,-0.051812,-0.131796,-0.109157,-0.659745,0.114314,-0.853175,0.534261,-0.37884,0.238703,-0.288482,-0.293663,-0.389931,0.730362,-0.055141,0.662137,0.133686,0.118953
0.224361,-3.473279,0.782869,-0.020273,-0.033818,-0.012033,0.99915,0.004343,-0.0536,0.050664,0.251075,-0.206617,-0.00035,-0.041298,-0.062829,-0.098687,0.301875,-0.211405,0.078529,-0.071886,-0.131276,-0.112017,-0.658254,0.106107,-0.859705,0.550134,-0.387766,0.239541,-0.272293,-0.250739,-0.408599,0.789773,-0.135101,0.682544,0.149405,0.142673
0.225179,-3.473522,0.782647,-0.020345,-0.03417,-0.016257,0.999077,0.009549,-0.051776,0.05518,0.246434,-0.208453,-0.005587,-0.046795,-0.061491,-0.094681,0.31315,-0.212075,0.07794,-0.081907,-0.123514,-0.120528,-0.654519,0.099314,-0.862048,0.570556,-0.392452,0.241881,-0.257335,-0.263453,-0.374734,0.889229,-0.21579,0.688527,0.149884,0.116021
0.225044,-3.473788,0.78217,-0.01934,-0.0355,-0.032478,0.998655,0.017775,-0.046694,0.083698,0.242593,-0.212425,-0.010054,-0.065029,-0.055043,-0.065197,0.338627,-0.211422,0.083199,-0.076835,-0.110121,-0.124806,-0.653781,0.101317,-0.851793,0.58297,-0.387612,0.238798,-0.248291,-0.304095,-0.277725,0.984242,-0.243144,0.6869,0.146271,0.026806
0.224182,-3.473781,0.781415,-0.017077,-0.037664,-0.052919,0.997742,0.026429,-0.043072,0.121848,0.24114,-0.21549,-0.012394,-0.086247,-0.047824,-0.02393,0.367296,-0.211378,0.095044,-0.054556,-0.095782,-0.122316,-0.649514,0.101075,-0.835588,0.584322,-0.384983,0.232838,-0.254141,-0.351774,-0.169006,1.021846,-0.176909,0.678315,0.147176,-0.068825
0.223009,-3.473511,0.780628,-0.014176,-0.040388,-0.070447,0.996597,0.032944,-0.04244,0.156219,0.24411,-0.217054,-0.011679,-0.102683,-0.043363,0.014487,0.391397,-0.215881,0.110094,-0.027301,-0.086404,-0.119538,-0.640627,0.101023,-0.825594,0.583262,-0.383756,0.226471,-0.268598,-0.410001,-0.102389,0.9998,-0.047058,0.65311,0.145579,-0.140009
0.22199,-3.473003,0.780364,-0.011664,-0.041758,-0.078885,0.99594,0.033597,-0.044447,0.174883,0.24881,-0.214993,-0.008601,-0.1087,-0.045198,0.033828,0.398856,-0.222385,0.126773,-0.007255,-0.0849,-0.118045,-0.634404,0.104878,-0.826035,0.583063,-0.379878,0.221516,-0.286795,-0.466542,-0.096716,0.929733,0.086314,0.625049,0.131084,-0.161334
0.221684,-3.472659,0.780698,-0.010436,-0.040823,-0.075489,0.996256,0.027398,-0.048022,0.171693,0.253499,-0.210425,-0.002746,-0.101615,-0.053612,0.026911,0.383808,-0.227372,0.144173,-0.002813,-0.088523,-0.117842,-0.636536,0.107831,-0.831306,0.584153,-0.37312,0.221727,-0.2992,-0.497733,-0.140368,0.831687,0.164143,0.612333,0.116665,-0.120263
0.222326,-3.472483,0.781331,-0.011387,-0.038314,-0.062257,0.997259,0.017575,-0.051237,0.148765,0.257568,-0.207367,0.004041,-0.084655,-0.062331,0.000624,0.354724,-0.227236,0.154194,-0.017559,-0.092524,-0.117848,-0.641397,0.109999,-0.837508,0.585939,-0.369874,0.226451,-0.305447,-0.488398,-0.226373,0.744985,0.162403,0.615969,0.118317,-0.028734
0.223749,-3.472634,0.781772,-0.013333,-0.035901,-0.044236,0.998287,0.008889,-0.0549,0.114651,0.260969,-0.207672,0.008404,-0.065023,-0.068308,-0.03813,0.327139,-0.223733,0.140683,-0.046514,-0.094296,-0.117626,-0.645461,0.112176,-0.844921,0.589041,-0.37184,0.233706,-0.305505,-0.433268,-0.324697,0.69274,0.101096,0.633191,0.146907,0.065341
0.225679,-3.472998,0.781771,-0.015053,-0.034985,-0.027899,0.998885,0.004616,-0.058585,0.082825,0.26534,-0.212014,0.009954,-0.050342,-0.071505,-0.075018,0.315264,-0.225059,0.10954,-0.080982,-0.096565,-0.116093,-0.652483,0.119695,-0.858516,0.594481,-0.371586,0.239122,-0.298764,-0.34137,-0.401,0.702136,0.005079,0.662773,0.183533,0.125251
0.227856,-3.473631,0.781656,-0.016505,-0.035765,-0.018284,0.999057,0.005698,-0.059405,0.062478,0.270566,-0.218147,0.008953,-0.044547,-0.072121,-0.093916,0.32341,-0.229341,0.090877,-0.111044,-0.097479,-0.116885,-0.654615,0.126458,-0.868875,0.602512,-0.370774,0.24145,-0.286847,-0.248501,-0.445138,0.786978,-0.126769,0.702974,0.206354,0.128105
0.2297,-3.474456,0.781608,-0.017189,-0.036986,-0.021675,0.998933,0.012952,-0.055671,0.065919,0.269168,-0.222918,0.00558,-0.050745,-0.069368,-0.090633,0.343734,-0.22958,0.085778,-0.121129,-0.093345,-0.12253,-0.650822,0.127416,-0.867007,0.611266,-0.371699,0.240204,-0.276292,-0.223861,-0.446706,0.911457,-0.254935,0.734614,0.194524,0.076111
0.230745,-3.475182,0.781189,-0.016465,-0.03865,-0.034878,0.998508,0.023631,-0.050957,0.088401,0.264212,-0.22736,0.001044,-0.0653,-0.063297,-0.068615,0.36918,-0.225966,0.088358,-0.11032,-0.083825,-0.128188,-0.648671,0.120146,-0.853847,0.61761,-0.373342,0.239128,-0.269486,-0.261476,-0.389054,1.011248,-0.337446,0.746035,0.162746,0.000593
0.230824,-3.475762,0.780281,-0.014627,-0.041738,-0.054212,0.99755,0.034736,-0.046318,0.123442,0.265046,-0.233904,-0.003346,-0.085324,-0.055998,-0.032284,0.402856,-0.225564,0.102417,-0.085271,-0.071661,-0.127833,-0.645848,0.111975,-0.834402,0.617917,-0.373983,0.235351,-0.266829,-0.308735,-0.273818,1.066236,-0.34314,0.747225,0.137718,-0.096846
0.230318,-3.476327,0.779145,-0.011764,-0.045839,-0.073477,0.996173,0.043913,-0.044098,0.159188,0.272693,-0.240135,-0.005318,-0.103304,-0.049062,0.009825,0.435626,-0.230147,0.123741,-0.05386,-0.06069,-0.125024,-0.639372,0.10482,-0.819479,0.613757,-0.375119,0.229611,-0.270663,-0.354752,-0.14175,1.062522,-0.257888,0.734469,0.133129,-0.189258
0.229507,-3.477231,0.778137,-0.008252,-0.04985,-0.089034,0.994746,0.049003,-0.043828,0.189205,0.285602,-0.244755,-0.004524,-0.114819,-0.045809,0.043635,0.459718,-0.241278,0.146119,-0.022258,-0.059446,-0.122366,-0.631013,0.105124,-0.817305,0.609451,-0.372308,0.223274,-0.27851,-0.409892,-0.035523,1.011224,-0.098328,0.702592,0.134365,-0.242122
0.22902,-3.478074,0.777804,-0.005501,-0.0519,-0.095084,0.9941,0.048352,-0.04522,0.202864,0.297213,-0.244514,-0.00018,-0.114158,-0.049257,0.055483,0.461431,-0.252072,0.166155,-0.002493,-0.066566,-0.1225,-0.625572,0.108151,-0.82153,0.607127,-0.367028,0.222266,-0.286827,-0.47017,-0.006309,0.928391,0.05807,0.671922,0.138026,-0.238832
0.229235,-3.478904,0.77809,-0.004849,-0.051583,-0.090528,0.994545,0.042583,-0.046102,0.19718,0.305772,-0.242875,0.006667,-0.102514,-0.055213,0.047955,0.443623,-0.259881,0.178479,-0.00135,-0.078043,-0.123747,-0.626151,0.112648,-0.826602,0.603745,-0.361628,0.224401,-0.294764,-0.508821,-0.053183,0.848804,0.145688,0.65328,0.141035,-0.188588
0.230156,-3.479832,0.7785,-0.006023,-0.050071,-0.076812,0.995769,0.034307,-0.047106,0.1736,0.31261,-0.243465,0.012539,-0.083568,-0.061217,0.021354,0.417465,-0.264035,0.172297,-0.016824,-0.089858,-0.123424,-0.629477,0.116582,-0.831988,0.59794,-0.358494,0.229046,-0.302386,-0.507097,-0.143664,0.776647,0.165251,0.648741,0.145533,-0.101266
0.231699,-3.480916,0.778926,-0.008128,-0.047951,-0.057807,0.997142,0.027061,-0.049345,0.138002,0.314476,-0.244648,0.015497,-0.062589,-0.065752,-0.018364,0.390303,-0.264804,0.144683,-0.044378,-0.099547,-0.122485,-0.634883,0.122557,-0.838412,0.592525,-0.358189,0.234922,-0.306776,-0.455054,-0.25273,0.722921,0.122722,0.659147,0.158431,-0.015625
0.233621,-3.48215,0.779287,-0.010252,-0.046258,-0.03867,0.998128,0.023367,-0.052024,0.101251,0.31237,-0.246277,0.014459,-0.045305,-0.06897,-0.059179,0.373441,-0.26619,0.111385,-0.075886,-0.107023,-0.121166,-0.639698,0.129388,-0.847366,0.592391,-0.359533,0.239499,-0.304074,-0.36268,-0.343988,0.706315,0.042944,0.687305,0.178547,0.035185
0.235575,-3.483409,0.779608,-0.011947,-0.045574,-0.02565,0.99856,0.025088,-0.052831,0.074982,0.306758,-0.247224,0.009507,-0.036359,-0.069964,-0.086028,0.371614,-0.265495,0.091922,-0.102322,-0.111442,-0.122244,-0.641703,0.132148,-0.857324,0.601695,-0.362082,0.241514,-0.294458,-0.276938,-0.3881,0.754496,-0.056387,0.727149,0.19498,0.038822
0.237061,-3.484701,0.779995,-0.012626,-0.045571,-0.023701,0.9986,0.032034,-0.050984,0.068331,0.296498,-0.246082,0.003681,-0.038088,-0.06788,-0.091413,0.380859,-0.259859,0.086567,-0.114433,-0.111057,-0.127134,-0.634313,0.125534,-0.859251,0.617554,-0.370879,0.243832,-0.281957,-0.249423,-0.381777,0.86291,-0.167983,0.759941,0.186575,0.006555
0.237479,-3.485869,0.780157,-0.012235,-0.045634,-0.033707,0.998314,0.04108,-0.046588,0.084205,0.284097,-0.244629,-0.001944,-0.050585,-0.061756,-0.073334,0.396429,-0.252381,0.091776,-0.105379,-0.104404,-0.132803,-0.631468,0.121266,-0.857953,0.62559,-0.373593,0.243324,-0.273055,-0.278506,-0.330994,0.987518,-0.265869,0.773002,0.160503,-0.048651
0.236814,-3.48686,0.779754,-0.010794,-0.046178,-0.051139,0.997565,0.04927,-0.041431,0.115896,0.276299,-0.245458,-0.007639,-0.070067,-0.052838,-0.036406,0.417886,-0.248613,0.10673,-0.075042,-0.094949,-0.132885,-0.631731,0.115646,-0.846748,0.619168,-0.372048,0.236691,-0.270343,-0.326565,-0.238614,1.077653,-0.302244,0.768528,0.139996,-0.118801
0.235582,-3.487789,0.779154,-0.008245,-0.047065,-0.068322,0.996518,0.054163,-0.038993,0.147865,0.274843,-0.245164,-0.011446,-0.087206,-0.046109,0.001041,0.435525,-0.249143,0.126946,-0.034012,-0.085406,-0.126212,-0.63309,0.106272,-0.829238,0.606546,-0.372524,0.226889,-0.273625,-0.355637,-0.137366,1.114392,-0.267204,0.768752,0.140651,-0.177012
0.234071,-3.488699,0.778512,-0.004967,-0.049059,-0.08415,0.995232,0.056189,-0.037932,0.17815,0.28304,-0.245875,-0.012064,-0.10117,-0.041697,0.036425,0.454299,-0.258671,0.146632,0.00826,-0.082283,-0.119561,-0.62511,0.101334,-0.81896,0.593686,-0.371785,0.21409,-0.28006,-0.389125,-0.048492,1.106634,-0.152008,0.750524,0.14383,-0.23663
0.232674,-3.489605,0.778363,-0.002305,-0.049677,-0.091255,0.994585,0.051622,-0.038168,0.193081,0.293933,-0.243765,-0.008441,-0.10509,-0.042783,0.052174,0.455937,-0.268299,0.162503,0.037157,-0.087499,-0.117822,-0.619218,0.106669,-0.824002,0.585082,-0.367922,0.205412,-0.289509,-0.439831,-0.022968,1.05187,-0.012946,0.717074,0.131291,-0.254507
0.231685,-3.490399,0.778433,-0.001306,-0.04949,-0.087915,0.994897,0.041186,-0.038384,0.189465,0.309373,-0.243867,-0.001056,-0.100084,-0.047358,0.045977,0.447473,-0.276498,0.165723,0.049711,-0.098127,-0.117817,-0.61827,0.111902,-0.836933,0.580679,-0.360781,0.204095,-0.295869,-0.495819,-0.05,0.959561,0.134718,0.684593,0.104194,-0.216218
0.23148,-3.49106,0.778734,-0.0022,-0.048246,-0.076738,0.995881,0.031052,-0.03881,0.171009,0.318359,-0.244049,0.00553,-0.088106,-0.051599,0.022481,0.428878,-0.277854,0.147817,0.039094,-0.108871,-0.118576,-0.622655,0.11853,-0.842648,0.580845,-0.357114,0.209512,-0.300131,-0.522044,-0.119549,0.866224,0.223801,0.687535,0.12098,-0.164437
0.232109,-3.49167,0.779006,-0.004132,-0.046817,-0.058468,0.997182,0.022694,-0.041442,0.137848,0.322272,-0.245728,0.009397,-0.071794,-0.056547,-0.015013,0.409154,-0.277601,0.117528,0.011684,-0.116699,-0.118558,-0.627161,0.122227,-0.847419,0.578748,-0.355476,0.217298,-0.304407,-0.516526,-0.201468,0.775879,0.250346,0.696708,0.141096,-0.1002
0.233475,-3.492309,0.779278,-0.006391,-0.045464,-0.036959,0.998262,0.018571,-0.045767,0.09783,0.318785,-0.246538,0.00811,-0.056122,-0.061972,-0.056197,0.395799,-0.277082,0.092065,-0.023906,-0.123706,-0.116654,-0.635025,0.129617,-0.856829,0.57277,-0.351816,0.223286,-0.307658,-0.464936,-0.289769,0.720136,0.204981,0.706404,0.159994,-0.033018
0.23539,-3.492817,0.779652,-0.008219,-0.044138,-0.017528,0.998838,0.019068,-0.05035,0.061452,0.308615,-0.244659,0.002812,-0.045327,-0.068098,-0.091635,0.392251,-0.275109,0.084692,-0.057613,-0.129214,-0.11366,-0.640592,0.133451,-0.86485,0.567238,-0.351279,0.225176,-0.307414,-0.373945,-0.35935,0.721538,0.109849,0.727542,0.184762,0.009275
0.237282,-3.493109,0.780219,-0.009164,-0.042947,-0.004907,0.999023,0.02329,-0.05398,0.036681,0.294013,-0.239128,-0.003111,-0.041776,-0.073216,-0.114336,0.396535,-0.27047,0.089042,-0.084562,-0.13319,-0.113698,-0.638103,0.132063,-0.873128,0.566623,-0.355759,0.223102,-0.301892,-0.277748,-0.403531,0.801825,-0.028006,0.757237,0.204478,0.007268
0.238278,-3.493562,0.780756,-0.009309,-0.041168,-0.004609,0.999098,0.028952,-0.053743,0.033622,0.276034,-0.23152,-0.008268,-0.048387,-0.072942,-0.115271,0.403047,-0.262232,0.0956,-0.094395,-0.131696,-0.117219,-0.634608,0.130232,-0.882583,0.568397,-0.36033,0.219482,-0.296613,-0.238288,-0.406195,0.934936,-0.163573,0.784249,0.198667,-0.03211
0.237898,-3.494218,0.781026,-0.008781,-0.039125,-0.015472,0.999076,0.033588,-0.049855,0.051781,0.260056,-0.225547,-0.012236,-0.062575,-0.067143,-0.096117,0.408786,-0.25367,0.101443,-0.081422,-0.125498,-0.119854,-0.63651,0.132251,-0.891403,0.564731,-0.359944,0.215532,-0.297346,-0.265486,-0.372045,1.060485,-0.26686,0.784187,0.167659,-0.075112
0.236572,-3.495004,0.78089,-0.007577,-0.03766,-0.032389,0.998737,0.03643,-0.044406,0.082522,0.251195,-0.222545,-0.015762,-0.079421,-0.057966,-0.064364,0.414838,-0.248928,0.104831,-0.051966,-0.116121,-0.116938,-0.644232,0.135852,-0.890076,0.554617,-0.355088,0.209537,-0.303164,-0.303585,-0.301696,1.135821,-0.312354,0.782727,0.158499,-0.122847
0.234694,-3.495954,0.780347,-0.005044,-0.037934,-0.054005,0.997807,0.037789,-0.039111,0.123304,0.255016,-0.224363,-0.018631,-0.097967,-0.047878,-0.022317,0.428242,-0.252884,0.107197,-0.012682,-0.106063,-0.114405,-0.638521,0.136856,-0.874989,0.543671,-0.35054,0.20123,-0.308786,-0.358599,-0.19309,1.140753,-0.273374,0.766294,0.202318,-0.221586
0.232945,-3.496704,0.780105,-0.002333,-0.037677,-0.069679,0.996855,0.034699,-0.036424,0.15344,0.262771,-0.224014,-0.018185,-0.110238,-0.04228,0.008317,0.433386,-0.257386,0.11149,0.023224,-0.100939,-0.110083,-0.637204,0.133188,-0.864281,0.538951,-0.34703,0.19744,-0.318006,-0.397322,-0.085296,1.09023,-0.177312,0.76597,0.243161,-0.303709
0.231006,-3.496999,0.780165,-0.000593,-0.03726,-0.076954,0.996338,0.028889,-0.035217,0.16898,0.2704,-0.222294,-0.015198,-0.115189,-0.040912,0.022044,0.430349,-0.259843,0.114187,0.040816,-0.104748,-0.111251,-0.633639,0.132947,-0.860017,0.542494,-0.341997,0.198998,-0.32669,-0.452283,-0.036318,1.001061,-0.0472,0.724988,0.205086,-0.325922
0.229729,-3.496997,0.780405,-0.00014,-0.03638,-0.07357,0.996626,0.021047,-0.036267,0.164994,0.276428,-0.220797,-0.010997,-0.113232,-0.044151,0.015805,0.422185,-0.260199,0.112834,0.035362,-0.112622,-0.112861,-0.632016,0.133436,-0.857604,0.547867,-0.335721,0.20411,-0.332778,-0.501621,-0.052502,0.89477,0.084551,0.689313,0.159035,-0.262607
0.229343,-3.496656,0.780878,-0.001589,-0.034623,-0.062395,0.99745,0.015179,-0.038094,0.145505,0.273165,-0.218128,-0.008283,-0.10483,-0.048792,-0.007053,0.406369,-0.256653,0.104875,0.009813,-0.117567,-0.114913,-0.632884,0.134486,-0.852407,0.552029,-0.334418,0.211866,-0.336443,-0.528855,-0.12098,0.799504,0.146649,0.678252,0.15499,-0.180558
0.229868,-3.496231,0.781209,-0.003941,-0.033037,-0.045366,0.998416,0.011431,-0.041409,0.114305,0.266471,-0.21612,-0.007948,-0.092895,-0.054834,-0.041504,0.391971,-0.254008,0.093422,-0.02754,-0.121925,-0.11541,-0.635471,0.13829,-0.853837,0.551573,-0.334152,0.219859,-0.33883,-0.523173,-0.218362,0.720655,0.158619,0.664313,0.162864,-0.088341
0.231072,-3.495893,0.78147,-0.006118,-0.031295,-0.028622,0.999082,0.010923,-0.045261,0.083256,0.254699,-0.212758,-0.010816,-0.082081,-0.060575,-0.073395,0.380881,-0.251374,0.088827,-0.064783,-0.125068,-0.115432,-0.641074,0.14797,-0.861183,0.54997,-0.334786,0.224605,-0.338905,-0.483882,-0.322066,0.678298,0.12982,0.651129,0.185824,-0.014589
0.232742,-3.495465,0.781514,-0.007225,-0.030519,-0.014501,0.999403,0.013164,-0.050389,0.056033,0.244507,-0.209676,-0.014837,-0.07532,-0.068245,-0.100111,0.382047,-0.252107,0.094547,-0.094306,-0.12586,-0.114884,-0.640482,0.153041,-0.873193,0.547462,-0.337399,0.225954,-0.33177,-0.410996,-0.411782,0.687341,0.05242,0.635848,0.222556,0.044312
0.234226,-3.495112,0.781627,-0.00721,-0.02978,-0.012017,0.999458,0.018229,-0.05283,0.049255,0.233279,-0.205304,-0.017961,-0.077443,-0.071487,-0.106359,0.388755,-0.249363,0.101988,-0.106758,-0.123576,-0.115423,-0.632934,0.150345,-0.879846,0.553625,-0.348281,0.226585,-0.322275,-0.359429,-0.447594,0.759998,-0.054696,0.634634,0.246301,0.063975
0.234895,-3.494979,0.781709,-0.006633,-0.029165,-0.02119,0.999328,0.02471,-0.051133,0.063443,0.222745,-0.202236,-0.020537,-0.086301,-0.067928,-0.091814,0.395423,-0.244244,0.105603,-0.099683,-0.117647,-0.117361,-0.63395,0.146102,-0.887149,0.566058,-0.354654,0.229075,-0.314191,-0.358072,-0.425963,0.864661,-0.159233,0.639797,0.239161,0.059687
0.234622,-3.495249,0.781306,-0.005298,-0.029551,-0.038678,0.998801,0.03072,-0.04672,0.094909,0.219783,-0.204643,-0.023251,-0.101075,-0.059528,-0.06001,0.408599,-0.243854,0.10508,-0.075223,-0.110281,-0.115604,-0.640965,0.144629,-0.891551,0.569821,-0.35245,0.227458,-0.30945,-0.379496,-0.351949,0.96975,-0.248342,0.647193,0.219382,0.026622
0.233734,-3.495758,0.780615,-0.003104,-0.030771,-0.058815,0.99779,0.034476,-0.042463,0.132321,0.225485,-0.209819,-0.025356,-0.116683,-0.049839,-0.020844,0.424392,-0.248025,0.103323,-0.040606,-0.103825,-0.110227,-0.64306,0.138958,-0.883341,0.563077,-0.350174,0.220882,-0.310172,-0.410409,-0.244327,1.042192,-0.281656,0.650738,0.206367,-0.031632
0.232559,-3.496378,0.78003,-0.000611,-0.032075,-0.076518,0.996552,0.035504,-0.03924,0.165431,0.235287,-0.21351,-0.025685,-0.129182,-0.041883,0.013324,0.436961,-0.253329,0.100953,-0.008556,-0.098096,-0.104686,-0.640576,0.131846,-0.868165,0.554624,-0.349087,0.214614,-0.315691,-0.43688,-0.128042,1.068681,-0.242588,0.655306,0.203317,-0.105406
0.231288,-3.497165,0.779735,0.001552,-0.033111,-0.088822,0.995496,0.033328,-0.036515,0.188856,0.247579,-0.216535,-0.024297,-0.138471,-0.036221,0.037225,0.446686,-0.2579,0.098691,0.012335,-0.097597,-0.102521,-0.633186,0.129475,-0.858089,0.549832,-0.345276,0.210849,-0.323908,-0.474545,-0.029183,1.047044,-0.127375,0.644676,0.192414,-0.179832
0.23003,-3.497671,0.779839,0.002417,-0.032767,-0.091886,0.995227,0.028079,-0.035045,0.195884,0.254655,-0.215831,-0.02125,-0.141688,-0.034654,0.043756,0.445748,-0.257776,0.097487,0.017399,-0.100692,-0.103601,-0.631059,0.131645,-0.856832,0.548897,-0.339216,0.210394,-0.332103,-0.521828,0.008771,0.979485,0.00514,0.621884,0.170809,-0.214039
0.229083,-3.497983,0.780246,0.001811,-0.031663,-0.0862,0.995773,0.021383,-0.034453,0.187176,0.257458,-0.213524,-0.017522,-0.138769,-0.036502,0.034158,0.437243,-0.254793,0.096391,0.00922,-0.10638,-0.10595,-0.633759,0.134662,-0.860376,0.54879,-0.333419,0.211425,-0.33805,-0.561419,-0.008483,0.882768,0.118255,0.603707,0.148047,-0.204251
0.228615,-3.498414,0.780859,-0.000023,-0.029547,-0.074962,0.996749,0.015561,-0.034154,0.167541,0.252483,-0.209659,-0.016095,-0.131238,-0.039844,0.011753,0.421257,-0.249445,0.092553,-0.008978,-0.112426,-0.10732,-0.641629,0.138551,-0.859178,0.546973,-0.330578,0.214391,-0.343044,-0.574054,-0.064445,0.783051,0.169367,0.602152,0.147868,-0.167773
0.22864,-3.498919,0.781322,-0.002166,-0.027429,-0.058429,0.997912,0.010423,-0.035962,0.137336,0.244655,-0.205727,-0.017036,-0.120819,-0.045646,-0.020771,0.405515,-0.246164,0.086775,-0.032758,-0.119284,-0.105732,-0.649388,0.140582,-0.85678,0.542784,-0.32974,0.218089,-0.344953,-0.555362,-0.14138,0.691374,0.168577,0.60245,0.16047,-0.107706
0.229112,-3.499577,0.781636,-0.003669,-0.025708,-0.041691,0.998793,0.007928,-0.039634,0.105897,0.234362,-0.201011,-0.020427,-0.111483,-0.052511,-0.052863,0.395469,-0.245103,0.082615,-0.054912,-0.12474,-0.100503,-0.656131,0.138212,-0.852199,0.540609,-0.33302,0.221208,-0.338975,-0.494575,-0.200685,0.637603,0.118976,0.619312,0.186655,-0.053761
0.229953,-3.500118,0.781764,-0.003902,-0.025063,-0.029051,0.999256,0.008939,-0.044647,0.081421,0.224903,-0.196382,-0.024246,-0.106428,-0.05974,-0.076311,0.396397,-0.246728,0.082005,-0.073915,-0.130018,-0.095021,-0.654525,0.131132,-0.852375,0.546869,-0.342435,0.22448,-0.323204,-0.413451,-0.235973,0.673161,0.009895,0.639769,0.219822,-0.016406
0.23058,-3.500621,0.781864,-0.003646,-0.024439,-0.026506,0.999343,0.012829,-0.046373,0.074885,0.213996,-0.191813,-0.02761,-0.108357,-0.061591,-0.081762,0.401214,-0.245981,0.081673,-0.083806,-0.130765,-0.092959,-0.654553,0.125887,-0.858633,0.561051,-0.351549,0.227893,-0.306728,-0.359522,-0.237101,0.798443,-0.12041,0.661358,0.234956,-0.010315
0.230782,-3.501227,0.781754,-0.002896,-0.023725,-0.032891,0.999173,0.0177,-0.044988,0.085348,0.204204,-0.189475,-0.031158,-0.116405,-0.058085,-0.070234,0.408298,-0.245283,0.079936,-0.080476,-0.127004,-0.095079,-0.659086,0.12701,-0.868332,0.56972,-0.351224,0.231467,-0.296854,-0.355132,-0.222121,0.958427,-0.244096,0.667578,0.225814,-0.033832
0.230362,-3.502013,0.781499,-0.0017,-0.022765,-0.044687,0.99874,0.021449,-0.041837,0.106523,0.19669,-0.188005,-0.034456,-0.127413,-0.05127,-0.048995,0.413867,-0.244092,0.077621,-0.060563,-0.119191,-0.096642,-0.665374,0.12645,-0.871012,0.564297,-0.345951,0.227651,-0.298396,-0.392824,-0.18472,1.067426,-0.306655,0.656237,0.203851,-0.070827
0.229413,-3.50292,0.78115,0.000119,-0.022508,-0.058702,0.998022,0.02355,-0.038694,0.132725,0.195729,-0.18785,-0.036466,-0.139881,-0.043734,-0.022602,0.422715,-0.244969,0.074725,-0.032513,-0.111898,-0.094544,-0.663632,0.122058,-0.861223,0.55027,-0.346444,0.218973,-0.304521,-0.431707,-0.12387,1.107292,-0.296421,0.640518,0.185655,-0.127506
0.228181,-3.503714,0.781067,0.001906,-0.022521,-0.069903,0.997298,0.023686,-0.03639,0.154404,0.197882,-0.186587,-0.03674,-0.149139,-0.037957,-0.000881,0.428316,-0.245006,0.073161,-0.007218,-0.105506,-0.094184,-0.660443,0.120825,-0.852651,0.535476,-0.347265,0.209545,-0.314446,-0.464676,-0.0626,1.066795,-0.210169,0.627426,0.175822,-0.189196
0.226828,-3.504324,0.7813,0.003015,-0.02238,-0.074409,0.996972,0.020299,-0.034944,0.16481,0.202712,-0.184828,-0.034472,-0.153855,-0.035767,0.009041,0.429541,-0.243857,0.073911,0.009049,-0.103859,-0.097639,-0.656484,0.122657,-0.85346,0.523288,-0.343092,0.20339,-0.325167,-0.510752,-0.016937,0.952622,-0.060244,0.607583,0.159566,-0.228188
0.225747,-3.504624,0.781903,0.002787,-0.021245,-0.069671,0.99734,0.013539,-0.034817,0.15817,0.20534,-0.180927,-0.03045,-0.150864,-0.038001,0.001277,0.419254,-0.239995,0.075164,0.008036,-0.107645,-0.10071,-0.660487,0.126628,-0.855967,0.521237,-0.337694,0.205604,-0.330184,-0.549583,-0.032638,0.81185,0.058479,0.591026,0.153704,-0.220323
0.225147,-3.50493,0.782573,0.001354,-0.019256,-0.057445,0.998162,0.005514,-0.035694,0.13711,0.204052,-0.176188,-0.026987,-0.14155,-0.04285,-0.021497,0.400251,-0.234993,0.074351,-0.005785,-0.111962,-0.10053,-0.676687,0.128933,-0.857724,0.526388,-0.332887,0.214473,-0.330132,-0.555736,-0.097075,0.688743,0.086033,0.57609,0.154786,-0.178336
0.225219,-3.505342,0.78306,-0.000476,-0.017535,-0.039378,0.99907,-0.002756,-0.038747,0.103895,0.203377,-0.172826,-0.025424,-0.128634,-0.050749,-0.056745,0.38271,-0.232928,0.072081,-0.024077,-0.117717,-0.094424,-0.702294,0.125177,-0.866473,0.532444,-0.326114,0.224337,-0.325348,-0.504465,-0.176904,0.60713,0.045978,0.573707,0.177066,-0.110995
0.225988,-3.505682,0.78322,-0.00172,-0.017202,-0.02137,0.999622,-0.008192,-0.043769,0.0696,0.205768,-0.172881,-0.026202,-0.116018,-0.059757,-0.09195,0.374849,-0.235579,0.07094,-0.048204,-0.122876,-0.087993,-0.719381,0.113695,-0.874973,0.54261,-0.32541,0.224457,-0.313068,-0.407105,-0.238609,0.615273,-0.053325,0.590043,0.230391,-0.056615
0.227228,-3.505883,0.783138,-0.002344,-0.017629,-0.012916,0.999758,-0.008699,-0.046462,0.051566,0.208236,-0.175068,-0.027287,-0.109007,-0.064184,-0.11008,0.374438,-0.237514,0.073339,-0.07411,-0.12234,-0.087553,-0.719681,0.10401,-0.878264,0.558781,-0.333892,0.22165,-0.302021,-0.340401,-0.259872,0.726044,-0.17135,0.615004,0.2661,-0.036809
0.228528,-3.506122,0.782907,-0.002315,-0.018681,-0.016439,0.999688,-0.005287,-0.04515,0.05514,0.212174,-0.181094,-0.028247,-0.109373,-0.062395,-0.105313,0.380526,-0.238498,0.077207,-0.088582,-0.114606,-0.094014,-0.71638,0.10548,-0.884131,0.57212,-0.33656,0.223709,-0.298719,-0.340994,-0.252669,0.876233,-0.270944,0.628797,0.261262,-0.056891
0.229332,-3.506468,0.782403,-0.001589,-0.019981,-0.029476,0.999364,0.000357,-0.040725,0.077783,0.216392,-0.188597,-0.028591,-0.115766,-0.055338,-0.081882,0.389582,-0.238764,0.079773,-0.075805,-0.102057,-0.098664,-0.724085,0.109348,-0.89184,0.575069,-0.328211,0.22749,-0.303503,-0.382848,-0.208905,0.983771,-0.308063,0.632882,0.233289,-0.094266
0.229721,-3.506877,0.781584,0.000351,-0.022755,-0.048173,0.99858,0.007074,-0.03603,0.112387,0.227789,-0.198692,-0.028894,-0.125133,-0.047033,-0.047191,0.406039,-0.244135,0.080473,-0.041993,-0.090717,-0.098617,-0.72714,0.108889,-0.890859,0.567884,-0.321185,0.222855,-0.310044,-0.424985,-0.135878,1.03891,-0.270046,0.634572,0.207657,-0.151502
0.22998,-3.50714,0.780931,0.002683,-0.026015,-0.064928,0.997547,0.01282,-0.033059,0.144371,0.241905,-0.20538,-0.027304,-0.132201,-0.040436,-0.014217,0.421974,-0.25014,0.079585,-0.003893,-0.082882,-0.098026,-0.718855,0.103437,-0.884171,0.557213,-0.320866,0.216063,-0.3207,-0.467038,-0.06879,1.033541,-0.166982,0.628264,0.193202,-0.20572
0.23013,-3.507431,0.780753,0.004297,-0.028974,-0.074637,0.99678,0.015684,-0.031084,0.164025,0.256169,-0.209372,-0.023214,-0.134272,-0.036553,0.006855,0.432637,-0.255025,0.077231,0.02462,-0.080313,-0.099799,-0.702637,0.097257,-0.879966,0.548336,-0.320446,0.214947,-0.336502,-0.520097,-0.018748,0.960296,-0.008125,0.600107,0.15665,-0.232079
0.230497,-3.507605,0.781081,0.004374,-0.030224,-0.073887,0.996799,0.014623,-0.03046,0.164314,0.264945,-0.209532,-0.018012,-0.128257,-0.037204,0.006387,0.428753,-0.256218,0.074628,0.031233,-0.083683,-0.101377,-0.696542,0.096902,-0.87797,0.548787,-0.31779,0.223889,-0.350486,-0.544657,-0.010034,0.86139,0.117974,0.605362,0.150135,-0.226846
0.231138,-3.507909,0.781497,0.003117,-0.030028,-0.065629,0.997387,0.011872,-0.030483,0.150246,0.267149,-0.208758,-0.014183,-0.117384,-0.03982,-0.00923,0.415349,-0.254765,0.071943,0.02117,-0.086309,-0.104898,-0.699713,0.098862,-0.874116,0.555743,-0.314977,0.234355,-0.355212,-0.557047,-0.036486,0.759224,0.179935,0.621592,0.16756,-0.207632
0.23192,-3.508211,0.781729,0.001013,-0.029848,-0.051494,0.998227,0.008428,-0.031622,0.124114,0.268393,-0.20999,-0.013418,-0.10392,-0.044162,-0.036117,0.402347,-0.25405,0.068688,-0.000704,-0.090936,-0.106736,-0.704143,0.099657,-0.869157,0.563207,-0.312977,0.243002,-0.351213,-0.554764,-0.085184,0.665764,0.198259,0.631611,0.188839,-0.174782
0.232869,-3.508624,0.781739,-0.000843,-0.029856,-0.035974,0.998906,0.006384,-0.034241,0.094649,0.267436,-0.211289,-0.015698,-0.09146,-0.049613,-0.066271,0.394054,-0.254909,0.06621,-0.027426,-0.095183,-0.106369,-0.70529,0.103764,-0.857968,0.566799,-0.314097,0.249989,-0.34183,-0.52462,-0.139308,0.597677,0.172795,0.647099,0.215765,-0.144545
0.234054,-3.509064,0.781695,-0.001894,-0.029652,-0.023118,0.999291,0.00684,-0.037626,0.07008,0.262394,-0.211192,-0.019069,-0.083189,-0.054843,-0.090752,0.391565,-0.256825,0.065496,-0.049903,-0.098049,-0.106331,-0.707181,0.117322,-0.843467,0.562423,-0.30943,0.259492,-0.332372,-0.468699,-0.1887,0.55335,0.111664,0.671236,0.239751,-0.131844
0.235305,-3.509512,0.781699,-0.002109,-0.028638,-0.014967,0.999476,0.009321,-0.040581,0.054618,0.251943,-0.208813,-0.02436,-0.080932,-0.05886,-0.1057,0.393357,-0.258884,0.064561,-0.06108,-0.099793,-0.10602,-0.708887,0.140469,-0.820899,0.547249,-0.29699,0.269817,-0.325675,-0.393972,-0.230768,0.531899,0.023833,0.704983,0.257112,-0.13928
0.236366,-3.509946,0.78162,-0.001345,-0.027223,-0.011715,0.99956,0.013438,-0.043385,0.048664,0.238254,-0.205156,-0.030483,-0.085176,-0.062409,-0.111524,0.401592,-0.262818,0.061895,-0.061084,-0.101671,-0.105832,-0.701812,0.17118,-0.791638,0.514277,-0.276477,0.283481,-0.324532,-0.304142,-0.268704,0.54048,-0.098846,0.744761,0.268315,-0.174808
0.237311,-3.510318,0.781534,-0.000177,-0.025063,-0.013807,0.999591,0.017955,-0.044932,0.052218,0.222408,-0.199658,-0.035879,-0.0936,-0.063417,-0.107365,0.409452,-0.265401,0.058508,-0.054949,-0.101824,-0.109033,-0.683979,0.212553,-0.760778,0.46112,-0.24292,0.300681,-0.33436,-0.230368,-0.305853,0.58391,-0.23593,0.770351,0.265187,-0.230657
0.237854,-3.510869,0.781621,0.000498,-0.023035,-0.020679,0.999521,0.022176,-0.043088,0.063653,0.209066,-0.19441,-0.039797,-0.101334,-0.059312,-0.094794,0.410679,-0.263467,0.055558,-0.047403,-0.097513,-0.111535,-0.659698,0.25627,-0.727138,0.4046,-0.199925,0.322153,-0.35745,-0.196461,-0.317002,0.654248,-0.3417,0.782282,0.24926,-0.271362
0.238039,-3.511619,0.781689,0.001095,-0.021933,-0.031931,0.999249,0.025888,-0.03896,0.083447,0.202784,-0.192697,-0.041302,-0.109135,-0.051929,-0.074345,0.411796,-0.260742,0.053882,-0.043139,-0.089802,-0.113579,-0.616972,0.294178,-0.679641,0.345378,-0.153929,0.351103,-0.385447,-0.202531,-0.303805,0.748612,-0.42328,0.775682,0.232916,-0.304577
0.237845,-3.512427,0.781761,0.001543,-0.021522,-0.044342,0.998783,0.028577,-0.033775,0.105603,0.201799,-0.193506,-0.041485,-0.114929,-0.043296,-0.052526,0.410346,-0.257186,0.053185,-0.036958,-0.07842,-0.113355,-0.567513,0.302067,-0.629187,0.307386,-0.133484,0.381581,-0.398471,-0.237976,-0.262802,0.825912,-0.459578,0.751602,0.216873,-0.316536
0.237303,-3.513284,0.78167,0.002046,-0.021957,-0.056391,0.998165,0.029343,-0.028311,0.127691,0.20838,-0.197695,-0.041433,-0.120006,-0.034928,-0.030888,0.411236,-0.255948,0.053347,-0.028145,-0.0665,-0.110826,-0.523401,0.294137,-0.592081,0.282763,-0.128106,0.419814,-0.39398,-0.281892,-0.203764,0.869139,-0.444951,0.702394,0.199254,-0.321712
0.236524,-3.514308,0.781546,0.002538,-0.022527,-0.0652,0.997615,0.027997,-0.023426,0.144209,0.217753,-0.201783,-0.041063,-0.123186,-0.028644,-0.015867,0.411333,-0.25542,0.053849,-0.016323,-0.058706,-0.107512,-0.4956,0.2848,-0.580473,0.266718,-0.13521,0.454012,-0.370742,-0.326749,-0.157854,0.852307,-0.376768,0.628128,0.18452,-0.324542
0.23556,-3.515389,0.781622,0.002838,-0.022787,-0.068962,0.997355,0.024699,-0.019919,0.151469,0.22588,-0.203299,-0.040864,-0.123144,-0.024862,-0.008963,0.407051,-0.253897,0.053676,-0.004782,-0.055465,-0.10388,-0.477971,0.282624,-0.591604,0.254103,-0.155671,0.462859,-0.334886,-0.373434,-0.140015,0.770152,-0.269987,0.537562,0.169878,-0.333267
0.234741,-3.516293,0.78201,0.002626,-0.022402,-0.067348,0.997475,0.02019,-0.017795,0.148954,0.230278,-0.201086,-0.039612,-0.118567,-0.023882,-0.012286,0.395197,-0.249757,0.053691,0.002769,-0.057333,-0.099013,-0.46273,0.29114,-0.610585,0.244583,-0.181093,0.44918,-0.299606,-0.39884,-0.160429,0.657471,-0.152287,0.453727,0.154915,-0.344721
0.234511,-3.517404,0.782798,0.001613,-0.021043,-0.061136,0.997906,0.015181,-0.015847,0.137439,0.229842,-0.196217,-0.038475,-0.109599,-0.023759,-0.024516,0.375418,-0.242815,0.052503,0.001935,-0.059096,-0.095141,-0.443944,0.309816,-0.61993,0.240131,-0.198338,0.425853,-0.275787,-0.377595,-0.195906,0.549977,-0.052283,0.426017,0.18884,-0.360555
0.234754,-3.518792,0.783704,0.0001,-0.018821,-0.052337,0.998452,0.009473,-0.013715,0.120358,0.226665,-0.190998,-0.038174,-0.098763,-0.023356,-0.042344,0.350998,-0.233777,0.049949,-0.008243,-0.057641,-0.095019,-0.415267,0.341486,-0.611292,0.242495,-0.197532,0.405443,-0.264543,-0.333452,-0.245532,0.453061,0.03285,0.422666,0.25351,-0.378604
0.235388,-3.520284,0.784522,-0.001377,-0.016092,-0.043609,0.998918,0.002784,-0.011615,0.103123,0.224094,-0.186685,-0.038005,-0.088572,-0.022478,-0.060409,0.326458,-0.224577,0.047464,-0.024647,-0.054031,-0.096309,-0.368912,0.371891,-0.575131,0.261007,-0.190359,0.399772,-0.253172,-0.280251,-0.310438,0.369869,0.114271,0.41028,0.320949,-0.398435
0.236246,-3.521831,0.785202,-0.002578,-0.012973,-0.037142,0.999222,-0.004772,-0.009218,0.089866,0.223492,-0.18332,-0.037523,-0.081006,-0.020464,-0.074219,0.304067,-0.215099,0.045757,-0.037026,-0.047013,-0.094638,-0.301825,0.385183,-0.511385,0.297404,-0.191983,0.414391,-0.235977,-0.222757,-0.383551,0.302479,0.193921,0.36987,0.363788,-0.425851
0.237222,-3.523626,0.785812,-0.003153,-0.009606,-0.03363,0.999383,-0.012163,-0.006629,0.082334,0.223555,-0.180955,-0.036682,-0.076168,-0.017555,-0.081937,0.283952,-0.206564,0.045329,-0.041268,-0.039511,-0.092376,-0.228839,0.387613,-0.432137,0.355551,-0.197012,0.450086,-0.211204,-0.144338,-0.4303,0.238852,0.257458,0.341964,0.400833,-0.46147
0.238213,-3.525794,0.786269,-0.002794,-0.005885,-0.032456,0.999452,-0.019687,-0.004638,0.079419,0.223593,-0.178217,-0.0358,-0.074246,-0.01487,-0.084782,0.266407,-0.199063,0.044661,-0.033678,-0.031623,-0.090332,-0.164576,0.403605,-0.365822,0.419589,-0.175217,0.521259,-0.190015,-0.050348,-0.438596,0.17643,0.289648,0.367219,0.45293,-0.524121
0.239096,-3.528145,0.786667,-0.00188,-0.002017,-0.033785,0.999425,-0.026801,-0.002457,0.080732,0.22335,-0.175301,-0.035488,-0.074946,-0.011774,-0.083263,0.251173,-0.191877,0.043143,-0.017987,-0.024999,-0.089496,-0.104585,0.437715,-0.328533,0.466524,-0.110406,0.62973,-0.18234,0.042868,-0.442089,0.148354,0.312805,0.378287,0.475937,-0.570018
0.239919,-3.530444,0.78701,-0.000761,0.001833,-0.036296,0.999339,-0.033798,-0.000217,0.084472,0.223666,-0.173023,-0.035082,-0.077727,-0.008405,-0.078537,0.239164,-0.185331,0.039672,-0.005125,-0.020381,-0.088682,-0.032586,0.460018,-0.300898,0.485189,-0.016516,0.726441,-0.21541,0.128656,-0.41859,0.144056,0.327992,0.390542,0.50944,-0.57035
0.240491,-3.532403,0.787274,0.000168,0.005023,-0.038715,0.999238,-0.040707,0.002033,0.088201,0.225962,-0.171044,-0.034364,-0.079653,-0.005191,-0.073895,0.227909,-0.179489,0.035809,0.000199,-0.016951,-0.089034,0.055124,0.443815,-0.246464,0.496636,0.074601,0.755681,-0.294912,0.198956,-0.402263,0.173335,0.348037,0.3537,0.539284,-0.499565
0.241001,-3.534099,0.787548,0.000871,0.007758,-0.039903,0.999173,-0.047658,0.003998,0.090198,0.229514,-0.169493,-0.033199,-0.080052,-0.00267,-0.07128,0.216495,-0.173737,0.033225,0.000012,-0.014694,-0.090079,0.139376,0.394924,-0.161426,0.521792,0.154884,0.745254,-0.40346,0.254293,-0.375842,0.203695,0.378728,0.29069,0.585891,-0.376262
0.241088,-3.535736,0.787774,0.001459,0.009525,-0.03998,0.999154,-0.05313,0.005562,0.090218,0.2327,-0.168122,-0.032453,-0.077394,-0.000556,-0.070568,0.202893,-0.168361,0.032052,-0.000211,-0.011093,-0.096144,0.204589,0.337665,-0.064502,0.561347,0.241687,0.72482,-0.52516,0.280408,-0.356208,0.229709,0.427382,0.198009,0.661094,-0.219643
0.241102,-3.537436,0.787891,0.001717,0.010622,-0.038803,0.999189,-0.056901,0.007215,0.087945,0.234645,-0.167594,-0.032413,-0.07149,0.001619,-0.072238,0.186528,-0.162926,0.033358,0.001268,-0.011451,-0.102525,0.23739,0.281826,0.043498,0.631621,0.316314,0.715743,-0.608769,0.285374,-0.324685,0.21868,0.515879,0.03872,0.653798,-0.011359
0.241054,-3.539062,0.787878,0.001813,0.010869,-0.036539,0.999271,-0.058906,0.008444,0.083848,0.236075,-0.167689,-0.033014,-0.061685,0.003536,-0.075271,0.166873,-0.157355,0.036461,0.008957,-0.014301,-0.106908,0.237931,0.237972,0.146081,0.722627,0.369401,0.737726,-0.636686,0.275321,-0.28347,0.162705,0.616336,-0.117408,0.648248,0.179417
0.240957,-3.540869,0.787769,0.00207,0.010535,-0.033167,0.999392,-0.059347,0.008838,0.077456,0.236091,-0.16749,-0.034751,-0.048423,0.004832,-0.081453,0.143557,-0.151546,0.040343,0.019583,-0.017851,-0.108859,0.220897,0.206258,0.227937,0.813487,0.390612,0.789311,-0.613526,0.253089,-0.233294,0.073073,0.709761,-0.237183,0.668981,0.308075
0.240886,-3.542678,0.787558,0.002681,0.009573,-0.029159,0.999525,-0.058342,0.007926,0.069596,0.235674,-0.167253,-0.036674,-0.032093,0.005335,-0.088404,0.117106,-0.145168,0.045526,0.031723,-0.020122,-0.10765,0.196697,0.184384,0.276429,0.890333,0.381941,0.855536,-0.561394,0.228675,-0.186572,-0.013937,0.781035,-0.317089,0.710473,0.384149
0.24076,-3.544187,0.787242,0.003484,0.008038,-0.025674,0.999632,-0.055079,0.006319,0.062975,0.233604,-0.167592,-0.038844,-0.01393,0.005373,-0.093912,0.089012,-0.138499,0.051807,0.040415,-0.020828,-0.107495,0.183759,0.16787,0.281372,0.931881,0.369679,0.910512,-0.525579,0.212998,-0.162236,-0.050389,0.823027,-0.363549,0.723446,0.4452
0.240631,-3.545471,0.786717,0.004435,0.006238,-0.023565,0.999693,-0.048713,0.004726,0.059388,0.227735,-0.169015,-0.042229,0.003286,0.00536,-0.097121,0.06313,-0.13302,0.057517,0.042316,-0.021715,-0.108427,0.1915,0.155252,0.258371,0.924998,0.388347,0.91322,-0.555367,0.207251,-0.163086,-0.037999,0.837756,-0.419331,0.703047,0.543481
0.240524,-3.546584,0.786002,0.005529,0.004648,-0.022998,0.999709,-0.039404,0.003223,0.058792,0.216082,-0.169389,-0.04719,0.017479,0.00528,-0.097929,0.041644,-0.129402,0.06198,0.037939,-0.022336,-0.109718,0.219771,0.147847,0.224308,0.876855,0.440475,0.856012,-0.652274,0.207221,-0.183234,-0.001743,0.833261,-0.471898,0.64716,0.656807
0.240558,-3.547618,0.785427,0.006498,0.003837,-0.023806,0.999688,-0.027378,0.002388,0.060809,0.196341,-0.165757,-0.05472,0.026615,0.005752,-0.095871,0.026287,-0.126158,0.063653,0.031554,-0.022886,-0.111945,0.253401,0.148753,0.187595,0.822833,0.471496,0.770877,-0.743666,0.209325,-0.214317,0.042441,0.817105,-0.49826,0.579847,0.737989
0.240374,-3.548716,0.785183,0.00776,0.003995,-0.025052,0.999648,-0.015203,0.001011,0.063423,0.170751,-0.155225,-0.062782,0.029897,0.005496,-0.092339,0.017375,-0.123504,0.063661,0.027013,-0.023737,-0.115338,0.274186,0.155152,0.155477,0.792428,0.468523,0.707353,-0.788883,0.212018,-0.243988,0.079035,0.799243,-0.489155,0.5266,0.760161
0.239719,-3.549878,0.785152,0.008796,0.005012,-0.025627,0.99962,-0.005533,-0.000057,0.064918,0.143967,-0.141758,-0.06929,0.028139,0.005342,-0.090117,0.013812,-0.121747,0.062837,0.02415,-0.024773,-0.118202,0.275804,0.161045,0.135996,0.787579,0.456907,0.683812,-0.797948,0.215985,-0.262868,0.098886,0.783626,-0.460643,0.496888,0.73356
0.238403,-3.551113,0.785213,0.009391,0.006468,-0.025118,0.999619,-0.000577,-0.000297,0.064256,0.121817,-0.12848,-0.073804,0.02296,0.00587,-0.089992,0.013881,-0.120268,0.0612,0.021196,-0.026276,-0.119655,0.262427,0.164561,0.13075,0.799666,0.449972,0.697414,-0.783932,0.219268,-0.266798,0.10192,0.775974,-0.42779,0.490722,0.682353
