-1.015778,-4.940184,0.761019,0.046428,-0.032376,0.037351,0.997698,-0.189784,0.161484,0.184571,0.535062,-0.127269,-0.105887,-0.18458,-0.056834,-0.079489,0.635781,-0.402739,-0.029235,-0.078515,0.014768,0.063267,-0.354159,0.417774,-0.404193,0.058524,-0.083082,0.268469,0.392038,-0.243328,-0.940392,-0.304527,-0.099265,-0.134264,0.049863,-0.987199
-1.014509,-4.941247,0.760722,0.046775,-0.032727,0.038378,0.997631,-0.189978,0.162044,0.182208,0.538811,-0.128006,-0.106104,-0.182057,-0.056718,-0.081811,0.637343,-0.406191,-0.030148,-0.077466,0.01864,0.060995,-0.346461,0.418544,-0.402083,0.054014,-0.074694,0.271712,0.367867,-0.238495,-0.969001,-0.335357,-0.141748,-0.171239,0.042414,-1.017053
-1.013398,-4.942097,0.760494,0.047121,-0.032993,0.038917,0.997585,-0.189926,0.162549,0.180726,0.541937,-0.128477,-0.106612,-0.179993,-0.056575,-0.083173,0.638511,-0.408837,-0.030636,-0.073456,0.022305,0.059002,-0.341495,0.416429,-0.402838,0.050585,-0.06929,0.276678,0.345227,-0.22975,-1.000093,-0.356794,-0.164695,-0.202655,0.040394,-1.051066
-1.012342,-4.942919,0.760342,0.047661,-0.033092,0.038257,0.997582,-0.188723,0.163376,0.181347,0.543764,-0.128679,-0.107387,-0.178861,-0.055995,-0.082424,0.639688,-0.410621,-0.03141,-0.067917,0.02483,0.055925,-0.337082,0.413429,-0.405773,0.048587,-0.06619,0.27968,0.327019,-0.223293,-1.031008,-0.359176,-0.155188,-0.227397,0.042352,-1.082691
-1.011367,-4.943627,0.760465,0.048175,-0.033086,0.036117,0.997637,-0.183767,0.16439,0.184515,0.539543,-0.126754,-0.109156,-0.177456,-0.054262,-0.078955,0.638324,-0.410181,-0.032603,-0.058225,0.026187,0.052054,-0.336176,0.407558,-0.412936,0.048964,-0.064763,0.279776,0.313684,-0.22846,-1.076675,-0.318933,-0.081136,-0.268347,0.039187,-1.107496
-1.010539,-4.94424,0.760455,0.048967,-0.033831,0.032111,0.997711,-0.176352,0.166562,0.191649,0.5364,-0.126041,-0.11146,-0.176614,-0.051905,-0.071986,0.640026,-0.410395,-0.034447,-0.048167,0.02573,0.045516,-0.33428,0.402203,-0.425656,0.053382,-0.068491,0.27916,0.311451,-0.289685,-1.119556,-0.197867,0.076911,-0.275805,0.042882,-1.104905
-1.009911,-4.944944,0.760325,0.0498,-0.03578,0.026802,0.997758,-0.166655,0.169903,0.200716,0.535505,-0.127179,-0.114271,-0.174652,-0.048449,-0.062915,0.643673,-0.411381,-0.037782,-0.04504,0.024576,0.037647,-0.329758,0.401762,-0.435471,0.060442,-0.075825,0.278883,0.316975,-0.446979,-1.116707,0.034043,0.322421,-0.214195,0.067343,-1.042955
-1.009578,-4.945827,0.760062,0.050778,-0.038929,0.022439,0.997699,-0.156881,0.172659,0.207841,0.537433,-0.128452,-0.117332,-0.170954,-0.045748,-0.05535,0.649341,-0.413832,-0.04176,-0.058426,0.027812,0.032631,-0.319514,0.402014,-0.426974,0.067121,-0.086306,0.277248,0.328173,-0.627084,-1.01199,0.271439,0.615905,-0.090038,0.102576,-0.906053
-1.009292,-4.946613,0.759721,0.051448,-0.042228,0.02015,0.997579,-0.150361,0.175335,0.211994,0.543407,-0.130258,-0.119982,-0.166509,-0.044095,-0.051177,0.655564,-0.417193,-0.04511,-0.07821,0.02987,0.032926,-0.313396,0.403164,-0.41255,0.071883,-0.094694,0.274006,0.341573,-0.667044,-0.8804,0.318502,0.75148,-0.019795,0.032537,-0.769025
-1.008798,-4.947465,0.759438,0.051427,-0.045094,0.02144,0.997428,-0.148057,0.177161,0.209525,0.550461,-0.130595,-0.121705,-0.159458,-0.043477,-0.053776,0.65758,-0.42042,-0.047156,-0.100678,0.030626,0.039127,-0.311077,0.409745,-0.391061,0.067693,-0.095648,0.271164,0.350604,-0.639143,-0.829093,0.2935,0.663226,-0.056047,-0.119865,-0.764959
-1.008045,-4.948773,0.75932,0.051207,-0.045591,0.027443,0.997269,-0.155224,0.176409,0.198354,0.558105,-0.127161,-0.122665,-0.153206,-0.045317,-0.064947,0.653818,-0.423056,-0.04679,-0.104462,0.036075,0.04636,-0.319438,0.412164,-0.380496,0.056698,-0.087451,0.267378,0.34819,-0.567948,-0.814321,0.191471,0.467334,-0.19687,-0.218391,-0.936337
-1.00731,-4.950399,0.759434,0.050613,-0.044024,0.035771,0.997106,-0.168099,0.1741,0.181577,0.563749,-0.120888,-0.122629,-0.148608,-0.047605,-0.080839,0.644792,-0.423452,-0.044215,-0.09136,0.040692,0.048047,-0.336033,0.412152,-0.391885,0.053033,-0.081066,0.267401,0.339332,-0.474539,-0.780214,0.045152,0.247032,-0.361656,-0.215908,-1.160042
-1.006642,-4.951644,0.759454,0.049954,-0.041691,0.043963,0.996912,-0.180684,0.170814,0.1656,0.566301,-0.117205,-0.12129,-0.146881,-0.05039,-0.096215,0.637598,-0.424009,-0.039744,-0.085304,0.044122,0.043878,-0.342263,0.403907,-0.398969,0.055131,-0.085506,0.271121,0.331508,-0.409258,-0.738743,-0.057257,0.068422,-0.496864,-0.177456,-1.320648
-1.005656,-4.952649,0.75941,0.049139,-0.039717,0.049527,0.996772,-0.187571,0.169089,0.154146,0.565382,-0.117582,-0.120552,-0.145584,-0.051199,-0.107033,0.632283,-0.424682,-0.035464,-0.083091,0.045857,0.037975,-0.338828,0.392848,-0.399911,0.057548,-0.0937,0.272045,0.325463,-0.358096,-0.708476,-0.114813,-0.053441,-0.620696,-0.139843,-1.415596
-1.004608,-4.953051,0.759127,0.048737,-0.039262,0.051906,0.996689,-0.188289,0.168771,0.150127,0.565242,-0.122723,-0.119953,-0.144441,-0.051548,-0.111664,0.632896,-0.427204,-0.032825,-0.083441,0.04781,0.032742,-0.329673,0.383399,-0.397629,0.05997,-0.102571,0.272156,0.32589,-0.33619,-0.694973,-0.138326,-0.081063,-0.71991,-0.12069,-1.459826
-1.003611,-4.952859,0.759174,0.048991,-0.039726,0.050949,0.996708,-0.182373,0.168613,0.153092,0.561355,-0.126533,-0.119238,-0.142433,-0.051718,-0.109917,0.633825,-0.428094,-0.032315,-0.080944,0.049012,0.026609,-0.320145,0.376656,-0.4015,0.064775,-0.109922,0.272206,0.326827,-0.347111,-0.689155,-0.138727,-0.003903,-0.774896,-0.124336,-1.465975
-1.002834,-4.952174,0.75948,0.050063,-0.041226,0.04712,0.996782,-0.170753,0.167747,0.161961,0.554186,-0.127318,-0.118461,-0.138839,-0.052169,-0.102396,0.633965,-0.427983,-0.033258,-0.075139,0.048013,0.02125,-0.314732,0.373092,-0.406943,0.071101,-0.113716,0.27332,0.329317,-0.3992,-0.683181,-0.114254,0.183522,-0.729022,-0.148795,-1.445286
-1.002083,-4.951002,0.759659,0.051624,-0.04325,0.042237,0.996835,-0.159727,0.166442,0.173185,0.552066,-0.128917,-0.11709,-0.135013,-0.053742,-0.092502,0.635733,-0.429588,-0.034534,-0.068149,0.047123,0.01619,-0.308992,0.368592,-0.408995,0.074966,-0.116104,0.274489,0.331937,-0.479575,-0.669815,-0.081622,0.433826,-0.510564,-0.187551,-1.366613
-1.001759,-4.949407,0.759636,0.052869,-0.045927,0.038641,0.996796,-0.153393,0.164927,0.180504,0.558192,-0.129962,-0.117686,-0.129888,-0.056126,-0.084587,0.63774,-0.43234,-0.034818,-0.065984,0.050613,0.01753,-0.30612,0.365262,-0.405266,0.075982,-0.118381,0.275275,0.334764,-0.552332,-0.661997,-0.041942,0.643904,-0.157633,-0.228106,-1.162543
-1.00159,-4.947589,0.759466,0.052905,-0.049152,0.037507,0.996684,-0.153509,0.164116,0.177355,0.573437,-0.128612,-0.124231,-0.122555,-0.05793,-0.081878,0.63862,-0.434818,-0.033093,-0.077915,0.053359,0.029884,-0.305791,0.368027,-0.383934,0.071638,-0.114596,0.272742,0.337844,-0.529948,-0.674989,0.045185,0.605573,0.013287,-0.219603,-0.994232
-1.000815,-4.946242,0.759504,0.052195,-0.051229,0.041709,0.99645,-0.162967,0.161195,0.158523,0.591787,-0.117656,-0.139506,-0.112012,-0.060953,-0.08947,0.633016,-0.436064,-0.028832,-0.079978,0.059596,0.041713,-0.308535,0.371313,-0.372507,0.058188,-0.104836,0.267938,0.332822,-0.469631,-0.755237,0.094091,0.420653,-0.024091,-0.181181,-0.976653
-1.00007,-4.94518,0.759902,0.049983,-0.051359,0.048395,0.996254,-0.182146,0.15615,0.121077,0.611636,-0.097498,-0.161254,-0.102985,-0.061875,-0.10302,0.621469,-0.431678,-0.022772,-0.06376,0.066941,0.048029,-0.321407,0.365104,-0.38338,0.052147,-0.101264,0.265516,0.322672,-0.378459,-0.850727,0.025133,0.220159,-0.132447,-0.11984,-1.020759
-0.999405,-4.944216,0.760203,0.047944,-0.050638,0.053078,0.996153,-0.199288,0.146833,0.075641,0.627865,-0.085398,-0.183164,-0.099394,-0.061583,-0.112509,0.615094,-0.427364,-0.019609,-0.050707,0.068572,0.050051,-0.330415,0.357605,-0.394979,0.053327,-0.107665,0.264026,0.317789,-0.290304,-0.897804,-0.063535,0.091193,-0.209146,-0.081275,-1.052661
-0.998503,-4.943525,0.760003,0.045476,-0.049974,0.057202,0.996074,-0.21411,0.140363,0.032887,0.644852,-0.085422,-0.195481,-0.097378,-0.059527,-0.12139,0.612861,-0.425945,-0.01913,-0.050405,0.067131,0.049815,-0.33077,0.352213,-0.399039,0.053167,-0.119544,0.260131,0.32296,-0.231449,-0.897693,-0.124639,0.022863,-0.290166,-0.081527,-1.099678
-0.997644,-4.942659,0.759167,0.043364,-0.049712,0.061326,0.995935,-0.22779,0.153917,0.023809,0.665549,-0.101354,-0.18513,-0.096607,-0.059117,-0.130184,0.615609,-0.42852,-0.015768,-0.051144,0.064074,0.048346,-0.332584,0.350796,-0.40854,0.052891,-0.129585,0.253917,0.327676,-0.199831,-0.912646,-0.155782,0.020871,-0.336603,-0.069652,-1.128395
-0.996316,-4.941597,0.758349,0.041343,-0.049584,0.063692,0.995879,-0.232738,0.185973,0.045631,0.673279,-0.113453,-0.162316,-0.096225,-0.058021,-0.135646,0.620315,-0.431619,-0.012522,-0.047484,0.058572,0.043092,-0.335678,0.350188,-0.423054,0.05652,-0.135723,0.248793,0.331972,-0.191311,-0.934318,-0.145217,0.079898,-0.308369,-0.036702,-1.111873
-0.994944,-4.940428,0.758596,0.040551,-0.049374,0.063543,0.995932,-0.223917,0.219932,0.083591,0.655129,-0.111922,-0.134947,-0.092601,-0.05752,-0.13567,0.616131,-0.429084,-0.010478,-0.04444,0.049272,0.034103,-0.335991,0.348421,-0.432682,0.063921,-0.137475,0.245234,0.338065,-0.241088,-0.935695,-0.077192,0.205163,-0.141846,0.047006,-1.036817
-0.993338,-4.938836,0.759094,0.041655,-0.048658,0.062027,0.996017,-0.207479,0.236645,0.114263,0.616747,-0.104466,-0.122462,-0.089783,-0.061142,-0.131314,0.611847,-0.428291,-0.007344,-0.045507,0.037009,0.021512,-0.328817,0.348467,-0.432288,0.069213,-0.138088,0.246147,0.341882,-0.328384,-0.867892,-0.014797,0.341287,0.158169,0.233972,-0.898149
-0.992114,-4.936753,0.759872,0.043411,-0.047694,0.05942,0.996148,-0.188827,0.22891,0.122383,0.565658,-0.102518,-0.123969,-0.087944,-0.066317,-0.124127,0.606474,-0.426772,-0.003169,-0.048169,0.025085,0.012996,-0.322275,0.348434,-0.425572,0.072324,-0.138404,0.249388,0.342286,-0.370331,-0.77705,-0.007473,0.353236,0.276231,0.301601,-0.773963
-0.990885,-4.933742,0.76031,0.043442,-0.046711,0.057029,0.996333,-0.177124,0.20767,0.107831,0.520177,-0.098126,-0.124002,-0.085499,-0.068991,-0.118035,0.60027,-0.425733,0.002813,-0.048194,0.012017,0.007545,-0.318298,0.349285,-0.419903,0.073186,-0.13448,0.252254,0.336701,-0.369225,-0.771376,0.007795,0.20109,0.175835,0.203418,-0.651997
-0.98957,-4.930056,0.761029,0.041243,-0.045093,0.05678,0.996515,-0.176781,0.187611,0.084138,0.498462,-0.090888,-0.102419,-0.080773,-0.068888,-0.117319,0.587105,-0.42004,0.01019,-0.042964,0.005914,-0.000417,-0.314579,0.347036,-0.423357,0.073202,-0.131125,0.258769,0.327006,-0.390868,-0.834573,0.01094,0.04138,0.049247,0.14329,-0.572456
-0.988446,-4.925862,0.761066,0.037214,-0.043077,0.059057,0.99663,-0.179266,0.198823,0.097096,0.505072,-0.105174,-0.097021,-0.075571,-0.067187,-0.122677,0.572502,-0.415706,0.019105,-0.041176,0.004496,-0.010122,-0.310937,0.341079,-0.433921,0.075987,-0.133065,0.263204,0.319172,-0.456202,-0.878033,0.003374,-0.058662,-0.023203,0.148174,-0.518998
-0.987768,-4.921338,0.761493,0.032893,-0.042518,0.057076,0.996922,-0.179376,0.206184,0.100918,0.508121,-0.106216,-0.109257,-0.069424,-0.062484,-0.12072,0.557421,-0.407403,0.02619,-0.036285,0.004062,-0.017557,-0.308644,0.334704,-0.447568,0.080873,-0.140186,0.264078,0.314854,-0.55522,-0.890055,0.028463,-0.121642,-0.04193,0.167755,-0.476584
-0.98747,-4.916427,0.762189,0.030138,-0.04268,0.053186,0.997217,-0.175876,0.21052,0.108315,0.510052,-0.105909,-0.119369,-0.06601,-0.061302,-0.114266,0.54892,-0.39923,0.030076,-0.028986,-0.002149,-0.024974,-0.308008,0.326662,-0.458183,0.085673,-0.145236,0.260529,0.310334,-0.673262,-0.886542,0.08542,-0.155666,-0.037261,0.16671,-0.456873
-0.987195,-4.910945,0.762627,0.028843,-0.04377,0.047935,0.997474,-0.171455,0.211586,0.118612,0.518066,-0.111272,-0.123554,-0.064908,-0.063765,-0.103546,0.54898,-0.395536,0.032147,-0.016105,-0.014361,-0.030862,-0.311764,0.323734,-0.475234,0.091177,-0.145696,0.255461,0.303323,-0.79346,-0.874321,0.147519,-0.159483,-0.030422,0.151053,-0.453405
-0.9871,-4.904988,0.762864,0.028261,-0.046196,0.042606,0.997623,-0.164206,0.210334,0.129866,0.526821,-0.118914,-0.125372,-0.063379,-0.068908,-0.092175,0.553823,-0.394654,0.035747,-0.000983,-0.029043,-0.032316,-0.319736,0.321329,-0.493266,0.098948,-0.143327,0.249492,0.294067,-0.914686,-0.857882,0.216979,-0.129376,-0.025902,0.126991,-0.459647
-0.986835,-4.898447,0.762937,0.02808,-0.049696,0.038229,0.997637,-0.154622,0.206491,0.141225,0.535789,-0.130026,-0.123734,-0.058724,-0.075875,-0.081209,0.559253,-0.395143,0.03932,0.012424,-0.04332,-0.031081,-0.325836,0.315536,-0.508145,0.107968,-0.141475,0.245174,0.284532,-1.027924,-0.835366,0.290295,-0.070414,-0.021529,0.098488,-0.471283
-0.98646,-4.891461,0.763115,0.027218,-0.053418,0.035342,0.997575,-0.144805,0.20188,0.150271,0.543217,-0.142921,-0.118831,-0.050544,-0.082672,-0.073427,0.559587,-0.393977,0.04358,0.022297,-0.054887,-0.029097,-0.328672,0.306387,-0.519283,0.115218,-0.140762,0.242267,0.275892,-1.126525,-0.809935,0.363852,0.008406,-0.01629,0.067702,-0.481039
-0.986033,-4.884181,0.763363,0.025333,-0.05658,0.03349,0.997515,-0.136337,0.197947,0.156879,0.549322,-0.157576,-0.112093,-0.04069,-0.088096,-0.068151,0.554371,-0.389883,0.049492,0.029024,-0.063222,-0.0284,-0.328338,0.295972,-0.528998,0.120104,-0.141796,0.240358,0.269249,-1.202274,-0.784689,0.430691,0.094439,-0.013021,0.036005,-0.483814
-0.985828,-4.877304,0.763734,0.02223,-0.057508,0.033066,0.99755,-0.132993,0.195461,0.159352,0.551565,-0.169817,-0.107912,-0.035111,-0.091029,-0.066675,0.547571,-0.383267,0.053004,0.034841,-0.070898,-0.029596,-0.328831,0.288242,-0.541021,0.120125,-0.143361,0.240737,0.266317,-1.244771,-0.77408,0.47999,0.162885,-0.012357,0.022567,-0.476898
-0.986213,-4.869847,0.763976,0.01869,-0.057672,0.033028,0.997614,-0.132824,0.193427,0.162292,0.555676,-0.187462,-0.102634,-0.03241,-0.094035,-0.06522,0.541144,-0.374996,0.058587,0.040094,-0.077966,-0.032032,-0.332051,0.283196,-0.55611,0.121962,-0.145471,0.240702,0.262196,-1.260076,-0.76975,0.518476,0.218822,-0.012656,0.015802,-0.466693
-0.986694,-4.862346,0.764351,0.015917,-0.057703,0.033561,0.997643,-0.130195,0.18867,0.165783,0.553643,-0.203363,-0.097516,-0.028894,-0.099148,-0.064366,0.532748,-0.366347,0.065335,0.04242,-0.086611,-0.032348,-0.337592,0.280294,-0.567517,0.123516,-0.146396,0.238778,0.257065,-1.249801,-0.769884,0.550822,0.256912,-0.014036,0.000136,-0.466177
-0.987086,-4.854723,0.764642,0.014019,-0.058013,0.034274,0.997629,-0.124524,0.180858,0.169776,0.546834,-0.218197,-0.091428,-0.024861,-0.106709,-0.063928,0.525536,-0.359897,0.070857,0.043383,-0.097856,-0.030348,-0.34418,0.278739,-0.574706,0.122827,-0.147834,0.237472,0.254012,-1.212905,-0.781287,0.574748,0.268826,-0.02228,-0.019625,-0.478371
-0.987494,-4.847024,0.764832,0.012754,-0.058295,0.035594,0.997583,-0.117995,0.170675,0.173643,0.537147,-0.232154,-0.083761,-0.020864,-0.1163,-0.064354,0.519204,-0.355011,0.076065,0.044606,-0.111429,-0.025913,-0.35308,0.277793,-0.57931,0.12014,-0.149676,0.236446,0.251129,-1.157271,-0.812854,0.592334,0.259303,-0.047582,-0.035193,-0.504949
-0.988344,-4.839554,0.764811,0.011374,-0.057993,0.037791,0.997537,-0.114523,0.160528,0.175606,0.528034,-0.245712,-0.07639,-0.018625,-0.125962,-0.066905,0.513675,-0.351104,0.081275,0.046113,-0.124828,-0.019999,-0.365843,0.278655,-0.584808,0.116813,-0.152921,0.239701,0.249397,-1.087351,-0.861458,0.60423,0.240188,-0.090782,-0.0411,-0.543742
-0.989363,-4.832393,0.764593,0.009303,-0.056896,0.040669,0.997508,-0.115578,0.152232,0.174947,0.522597,-0.259749,-0.070737,-0.018958,-0.133905,-0.071149,0.509621,-0.346938,0.085202,0.04979,-0.136653,-0.013584,-0.382012,0.281165,-0.594997,0.113432,-0.155634,0.241602,0.247614,-1.004633,-0.921038,0.610383,0.222354,-0.14531,-0.035362,-0.586497
-0.990694,-4.825528,0.764404,0.006548,-0.054601,0.044535,0.997493,-0.123044,0.145178,0.170814,0.521545,-0.272684,-0.064746,-0.022398,-0.140261,-0.077185,0.506264,-0.341308,0.0877,0.056502,-0.147338,-0.007686,-0.401068,0.2816,-0.609374,0.11095,-0.159169,0.241357,0.246652,-0.906168,-0.983411,0.607731,0.217727,-0.197568,-0.014778,-0.620387
-0.991847,-4.81863,0.764268,0.003229,-0.050118,0.049096,0.997531,-0.136188,0.138081,0.164023,0.521363,-0.284991,-0.058105,-0.02908,-0.145663,-0.084288,0.500704,-0.333225,0.090017,0.07178,-0.159302,-0.005883,-0.424819,0.2792,-0.636188,0.110642,-0.163795,0.241548,0.244861,-0.774111,-1.037426,0.573017,0.232283,-0.22816,0.028237,-0.636601
-0.993094,-4.811809,0.763843,-0.000186,-0.045647,0.053698,0.997513,-0.151965,0.131385,0.156341,0.526287,-0.298532,-0.051509,-0.038514,-0.150769,-0.089849,0.50084,-0.327562,0.092486,0.087201,-0.169027,-0.002,-0.44809,0.275164,-0.657255,0.110802,-0.166518,0.236446,0.240035,-0.629611,-1.061191,0.50738,0.269697,-0.211391,0.096984,-0.623826
-0.994389,-4.805191,0.763384,-0.003325,-0.040968,0.058253,0.997455,-0.168805,0.12424,0.148537,0.532485,-0.310742,-0.045376,-0.049558,-0.156686,-0.096648,0.503193,-0.323136,0.093832,0.101827,-0.18016,0.003754,-0.468517,0.269659,-0.671084,0.110943,-0.168653,0.231917,0.234941,-0.466198,-1.045376,0.387402,0.308587,-0.157305,0.177066,-0.59837
-0.995328,-4.799031,0.763037,-0.005874,-0.03751,0.06198,0.997355,-0.180542,0.117113,0.142488,0.536218,-0.319299,-0.041843,-0.058697,-0.16288,-0.102638,0.507411,-0.318382,0.094262,0.112455,-0.193641,0.01144,-0.480127,0.266818,-0.679711,0.108943,-0.170873,0.229106,0.231933,-0.311716,-0.99062,0.234977,0.329159,-0.089289,0.234058,-0.588057
-0.995859,-4.793227,0.763071,-0.007723,-0.035419,0.065455,0.997197,-0.187789,0.109063,0.136798,0.538414,-0.322337,-0.038916,-0.064842,-0.169775,-0.107843,0.512412,-0.311355,0.093187,0.123651,-0.207473,0.023843,-0.490564,0.266829,-0.690052,0.102906,-0.170812,0.229666,0.226471,-0.181576,-0.892548,0.058508,0.314144,0.01722,0.265747,-0.608591
-0.996794,-4.787512,0.763256,-0.00878,-0.032762,0.067594,0.997136,-0.196521,0.099994,0.133941,0.541207,-0.322704,-0.032253,-0.074624,-0.178107,-0.110157,0.519068,-0.303128,0.093892,0.139011,-0.216831,0.035005,-0.502507,0.263236,-0.705411,0.101857,-0.17449,0.230707,0.219603,-0.108683,-0.784357,-0.089014,0.265813,0.144433,0.277153,-0.654909
-0.998031,-4.781959,0.763304,-0.009696,-0.030536,0.067361,0.997214,-0.204268,0.093213,0.135876,0.545508,-0.322622,-0.025174,-0.088034,-0.185676,-0.108111,0.530343,-0.295804,0.094389,0.143835,-0.218492,0.038897,-0.504471,0.258224,-0.713391,0.103497,-0.180545,0.23144,0.213958,-0.113888,-0.715511,-0.157536,0.200854,0.24426,0.246862,-0.712579
-0.999472,-4.776533,0.763289,-0.009814,-0.028602,0.064706,0.997446,-0.209441,0.087,0.14332,0.547709,-0.321272,-0.019233,-0.103918,-0.193452,-0.100263,0.543724,-0.288321,0.095925,0.14056,-0.221243,0.037487,-0.497788,0.257454,-0.717494,0.105149,-0.18653,0.230696,0.210838,-0.169586,-0.706225,-0.167188,0.124899,0.270818,0.183071,-0.753441
-1.001063,-4.771325,0.763172,-0.009355,-0.027493,0.059675,0.997795,-0.211676,0.082078,0.155356,0.549327,-0.319384,-0.013753,-0.120549,-0.201356,-0.090613,0.557765,-0.281191,0.097848,0.132199,-0.223601,0.033303,-0.484572,0.258568,-0.717253,0.106354,-0.192279,0.231756,0.21152,-0.268533,-0.740554,-0.145288,0.054206,0.233493,0.116965,-0.76551
-1.002385,-4.766384,0.762998,-0.008503,-0.0273,0.052918,0.998189,-0.211156,0.078627,0.170788,0.551654,-0.317645,-0.009201,-0.136171,-0.208792,-0.079528,0.571592,-0.273782,0.100932,0.127649,-0.225725,0.030524,-0.471335,0.256487,-0.715843,0.106502,-0.19989,0.23364,0.213487,-0.398336,-0.793481,-0.113361,0.00442,0.17149,0.069478,-0.759665
-1.003419,-4.761769,0.762898,-0.007412,-0.028038,0.045917,0.998524,-0.208263,0.075646,0.186798,0.553965,-0.315347,-0.005599,-0.14869,-0.214745,-0.064969,0.582791,-0.265164,0.105065,0.129461,-0.227412,0.03199,-0.461282,0.248417,-0.714469,0.104549,-0.210496,0.23254,0.219706,-0.539949,-0.84715,-0.072268,-0.023734,0.122216,0.054611,-0.733917
-1.004159,-4.757661,0.76283,-0.006688,-0.029386,0.038704,0.998796,-0.204127,0.074691,0.202707,0.557176,-0.313687,-0.002196,-0.157112,-0.218109,-0.049465,0.589313,-0.257187,0.110352,0.137747,-0.228384,0.036676,-0.453144,0.236539,-0.714323,0.099187,-0.222215,0.231506,0.225025,-0.673978,-0.892382,-0.018595,-0.033404,0.092137,0.065229,-0.69317
-1.004374,-4.753874,0.762938,-0.006628,-0.031453,0.03156,0.998985,-0.196993,0.07537,0.217327,0.559162,-0.3137,0.000441,-0.158657,-0.218403,-0.033996,0.587866,-0.248574,0.115382,0.146265,-0.226835,0.042731,-0.446278,0.22276,-0.713086,0.090582,-0.2357,0.232553,0.229996,-0.804312,-0.921414,0.055637,-0.0145,0.071351,0.082429,-0.649152
-1.004229,-4.750679,0.762964,-0.00731,-0.033074,0.025248,0.999107,-0.192258,0.078154,0.22939,0.563892,-0.315897,0.002981,-0.158564,-0.21657,-0.021028,0.584577,-0.242773,0.120165,0.158023,-0.227779,0.044858,-0.440031,0.212805,-0.720316,0.083881,-0.244227,0.227359,0.229535,-0.891945,-0.924932,0.115838,0.014283,0.059362,0.089955,-0.615234
-1.003911,-4.747837,0.763017,-0.008739,-0.03463,0.020606,0.99915,-0.187882,0.081556,0.237473,0.568185,-0.319291,0.004625,-0.154454,-0.213419,-0.011964,0.576335,-0.237491,0.122266,0.165973,-0.227935,0.047306,-0.441469,0.209029,-0.728359,0.077562,-0.246691,0.222762,0.230073,-0.960846,-0.909271,0.177945,0.060164,0.056433,0.08816,-0.594027
-1.003274,-4.745984,0.763207,-0.011331,-0.035442,0.018329,0.999139,-0.186354,0.086831,0.240057,0.57262,-0.3228,0.006566,-0.148197,-0.20761,-0.007752,0.565822,-0.230558,0.12299,0.169461,-0.225695,0.047691,-0.449618,0.210238,-0.735894,0.075049,-0.242308,0.220693,0.231321,-0.996181,-0.871034,0.236125,0.12045,0.062356,0.061537,-0.594465
-1.002593,-4.744281,0.76349,-0.01432,-0.036366,0.017127,0.999089,-0.185326,0.092934,0.241146,0.578371,-0.327548,0.009163,-0.140375,-0.201147,-0.004556,0.553876,-0.222044,0.125403,0.166977,-0.223472,0.046173,-0.456294,0.212729,-0.741084,0.076699,-0.239911,0.216932,0.237314,-1.008055,-0.822366,0.284205,0.186716,0.056633,0.005648,-0.59159
-1.001833,-4.74296,0.763716,-0.017343,-0.037081,0.017444,0.999009,-0.184554,0.098134,0.239183,0.582549,-0.332752,0.010651,-0.132436,-0.195249,-0.003988,0.543663,-0.215056,0.128644,0.159998,-0.22258,0.04461,-0.461662,0.215192,-0.741457,0.081008,-0.237917,0.213235,0.244819,-0.995598,-0.777578,0.318456,0.251574,0.033825,-0.071982,-0.587648
-1.000972,-4.7419,0.763726,-0.019874,-0.037722,0.018219,0.998924,-0.183231,0.101902,0.236411,0.585323,-0.338541,0.011614,-0.126468,-0.191396,-0.007295,0.537439,-0.210652,0.129862,0.152858,-0.223959,0.044092,-0.46761,0.217828,-0.739828,0.08903,-0.237061,0.212104,0.251617,-0.964911,-0.745688,0.34336,0.309926,-0.005885,-0.161113,-0.578417
-1.000291,-4.741176,0.763721,-0.021527,-0.0383,0.019806,0.998838,-0.181658,0.103392,0.233142,0.585875,-0.342548,0.01197,-0.12357,-0.189931,-0.011722,0.537548,-0.207336,0.130574,0.14593,-0.228871,0.045782,-0.474535,0.222842,-0.737413,0.097155,-0.234968,0.21232,0.25463,-0.915526,-0.733068,0.36227,0.353518,-0.05411,-0.231911,-0.572011
-0.999444,-4.740758,0.76362,-0.022184,-0.038593,0.022618,0.998753,-0.180633,0.102055,0.228675,0.585552,-0.34503,0.012968,-0.123818,-0.191154,-0.015939,0.544811,-0.206686,0.132655,0.14203,-0.236694,0.049382,-0.48349,0.230677,-0.739644,0.104988,-0.229284,0.210538,0.251641,-0.846923,-0.737583,0.377363,0.386722,-0.089195,-0.252933,-0.565767
-0.998652,-4.740586,0.763393,-0.022264,-0.038498,0.026752,0.998652,-0.181064,0.098734,0.222346,0.584789,-0.345903,0.013974,-0.126776,-0.194228,-0.020439,0.55678,-0.206637,0.136994,0.140102,-0.246007,0.053485,-0.491134,0.23752,-0.745096,0.112028,-0.224568,0.208932,0.24585,-0.765159,-0.756459,0.388545,0.412875,-0.106518,-0.231538,-0.542048
-0.997765,-4.740662,0.763224,-0.022183,-0.037665,0.031796,0.998538,-0.183646,0.09467,0.214353,0.584381,-0.345921,0.015252,-0.131355,-0.198326,-0.026517,0.570085,-0.206715,0.142256,0.138386,-0.255848,0.056191,-0.497704,0.245125,-0.755369,0.117355,-0.221939,0.207212,0.238414,-0.680911,-0.794123,0.397579,0.433904,-0.127377,-0.183944,-0.510449
-0.996913,-4.740855,0.763145,-0.02234,-0.036197,0.037809,0.998379,-0.188161,0.090239,0.204041,0.583557,-0.344281,0.016533,-0.136466,-0.202087,-0.033616,0.582563,-0.20562,0.147318,0.13578,-0.263612,0.057672,-0.502591,0.250197,-0.762317,0.120563,-0.219725,0.207094,0.232251,-0.599428,-0.843247,0.397559,0.455412,-0.156003,-0.123337,-0.472508
-0.995823,-4.741246,0.763275,-0.022497,-0.034515,0.043389,0.998208,-0.192281,0.086156,0.194191,0.581983,-0.341673,0.018632,-0.141141,-0.204858,-0.039637,0.593631,-0.203583,0.151218,0.130406,-0.268173,0.058086,-0.503281,0.254909,-0.763222,0.119728,-0.217576,0.206613,0.228048,-0.515373,-0.878047,0.362978,0.467904,-0.169008,-0.05476,-0.428363
-0.994797,-4.741763,0.763687,-0.022333,-0.032246,0.04871,0.998042,-0.195317,0.081116,0.185046,0.575483,-0.336518,0.020336,-0.145509,-0.208418,-0.047125,0.600861,-0.201014,0.153369,0.127771,-0.27348,0.059173,-0.504046,0.260638,-0.76679,0.115088,-0.215874,0.206331,0.225824,-0.410889,-0.890009,0.273235,0.448968,-0.158608,0.014957,-0.381975
-0.993913,-4.742138,0.76412,-0.021695,-0.031049,0.052073,0.997925,-0.194259,0.077075,0.180843,0.567818,-0.333099,0.020186,-0.147475,-0.212031,-0.052902,0.605043,-0.198755,0.152982,0.119498,-0.275078,0.061824,-0.500013,0.266051,-0.758558,0.106351,-0.215943,0.209804,0.22738,-0.321075,-0.860995,0.13923,0.38074,-0.100637,0.034943,-0.402896
-0.993213,-4.742797,0.76479,-0.020771,-0.028925,0.0554,0.997829,-0.19393,0.072022,0.175787,0.555897,-0.325429,0.02015,-0.150334,-0.216226,-0.05955,0.607437,-0.197375,0.153817,0.11786,-0.276494,0.065861,-0.502848,0.268765,-0.757483,0.099371,-0.215987,0.211106,0.229064,-0.235802,-0.830112,0.005892,0.27206,-0.030914,0.06737,-0.457889
-0.992845,-4.743456,0.765531,-0.019296,-0.026161,0.057629,0.997809,-0.194535,0.066398,0.173055,0.542466,-0.315346,0.02018,-0.15445,-0.221045,-0.064511,0.607148,-0.196306,0.153829,0.118769,-0.276295,0.066569,-0.507231,0.267666,-0.758718,0.095677,-0.216085,0.211369,0.229623,-0.184596,-0.808085,-0.09773,0.154184,0.036242,0.096519,-0.53779
-0.992823,-4.743843,0.765893,-0.017872,-0.023903,0.058628,0.997834,-0.196711,0.06215,0.17269,0.534926,-0.30797,0.020876,-0.158879,-0.225142,-0.066682,0.607287,-0.196832,0.153645,0.114259,-0.272625,0.062395,-0.505964,0.263455,-0.755539,0.092638,-0.218437,0.2125,0.232774,-0.185052,-0.80639,-0.153677,0.058281,0.087335,0.106639,-0.624979
-0.992939,-4.744282,0.766123,-0.016576,-0.022364,0.057562,0.997954,-0.197439,0.060091,0.175508,0.529228,-0.302241,0.020993,-0.162129,-0.227297,-0.06616,0.605057,-0.198045,0.151895,0.10857,-0.268638,0.056107,-0.501572,0.258643,-0.750758,0.089401,-0.222173,0.213499,0.23791,-0.224344,-0.821365,-0.174692,-0.01606,0.108355,0.097556,-0.707915
-0.993101,-4.744977,0.766159,-0.015606,-0.022107,0.054351,0.998155,-0.196257,0.061379,0.181364,0.527486,-0.299742,0.019509,-0.163643,-0.226623,-0.062718,0.602306,-0.20016,0.149058,0.103258,-0.264308,0.050597,-0.497441,0.25602,-0.743766,0.085735,-0.223374,0.21225,0.244474,-0.2926,-0.848713,-0.166629,-0.065471,0.090273,0.072056,-0.765492
-0.993291,-4.746019,0.766247,-0.014585,-0.022472,0.050051,0.998387,-0.194191,0.064271,0.188981,0.527644,-0.297556,0.016843,-0.163766,-0.224454,-0.05724,0.59872,-0.202526,0.14613,0.100567,-0.261183,0.047524,-0.49705,0.255176,-0.737951,0.082345,-0.222633,0.209671,0.250027,-0.369911,-0.877555,-0.137065,-0.098806,0.045763,0.042932,-0.790746
-0.993376,-4.747311,0.766277,-0.013561,-0.023147,0.044841,0.998634,-0.191752,0.068499,0.19798,0.529504,-0.296044,0.013731,-0.163069,-0.221551,-0.050945,0.593745,-0.205321,0.143379,0.102307,-0.257888,0.046261,-0.499119,0.256835,-0.733688,0.078655,-0.218147,0.206705,0.25144,-0.442666,-0.89805,-0.092289,-0.122438,-0.002408,0.021529,-0.788779
-0.993495,-4.748811,0.766315,-0.012619,-0.023814,0.039598,0.998852,-0.189599,0.073344,0.206909,0.532028,-0.295042,0.010769,-0.161156,-0.217833,-0.043858,0.587014,-0.208752,0.141991,0.106662,-0.254075,0.04606,-0.502543,0.25895,-0.73024,0.074865,-0.211181,0.204483,0.250016,-0.506572,-0.904814,-0.038701,-0.132257,-0.042593,0.0096,-0.76637
-0.993482,-4.750601,0.766294,-0.011799,-0.024487,0.034405,0.999038,-0.187661,0.078913,0.215419,0.535487,-0.294896,0.007867,-0.15777,-0.213778,-0.037921,0.57825,-0.213524,0.140292,0.111606,-0.250517,0.045919,-0.503696,0.262236,-0.727875,0.071095,-0.20595,0.203456,0.247841,-0.558044,-0.904891,0.022023,-0.126518,-0.074227,0.004102,-0.726873
-0.993283,-4.752664,0.766254,-0.011255,-0.02531,0.029904,0.999169,-0.185098,0.084873,0.222187,0.538555,-0.295721,0.004276,-0.152989,-0.209236,-0.033721,0.569246,-0.218529,0.139167,0.115104,-0.247074,0.045593,-0.500532,0.264211,-0.721327,0.067953,-0.202103,0.204195,0.244981,-0.595821,-0.903471,0.081282,-0.105411,-0.10465,0.001414,-0.673423
-0.993127,-4.754978,0.766238,-0.010784,-0.025742,0.026912,0.999248,-0.183724,0.089763,0.225665,0.5404,-0.295694,0.001943,-0.148723,-0.20547,-0.032825,0.56214,-0.224619,0.137093,0.118996,-0.244658,0.045986,-0.499914,0.264937,-0.719477,0.069547,-0.202067,0.207577,0.244193,-0.610573,-0.902506,0.127297,-0.078023,-0.126638,-0.00005,-0.645549
-0.992777,-4.75767,0.766232,-0.01029,-0.025891,0.025041,0.999298,-0.18267,0.094396,0.227658,0.541226,-0.295449,-0.001657,-0.144016,-0.201683,-0.033643,0.554643,-0.230899,0.132696,0.120393,-0.244024,0.043747,-0.495849,0.266688,-0.716031,0.073482,-0.203164,0.208164,0.243336,-0.61006,-0.915796,0.167504,-0.035796,-0.154839,0.004104,-0.613324
-0.992193,-4.760569,0.766151,-0.009605,-0.025899,0.024399,0.999321,-0.181641,0.097998,0.227731,0.541091,-0.295025,-0.0068,-0.13857,-0.199632,-0.039258,0.547936,-0.238996,0.128111,0.11963,-0.244081,0.039979,-0.491697,0.268832,-0.711395,0.07847,-0.204574,0.209182,0.242333,-0.598351,-0.932904,0.193905,0.019111,-0.17114,0.025494,-0.567725
-0.991734,-4.763818,0.766109,-0.00897,-0.026049,0.025671,0.999291,-0.181122,0.100312,0.223777,0.540111,-0.294121,-0.011306,-0.133557,-0.198031,-0.046948,0.545292,-0.246539,0.125535,0.117693,-0.243281,0.037265,-0.490426,0.271347,-0.705026,0.084078,-0.203768,0.209594,0.241631,-0.57272,-0.93137,0.195536,0.078722,-0.146137,0.075303,-0.509038
-0.991321,-4.767396,0.766,-0.008326,-0.026391,0.027842,0.999229,-0.180737,0.102353,0.218369,0.539262,-0.293552,-0.01527,-0.129084,-0.19691,-0.057796,0.545094,-0.254716,0.120242,0.115346,-0.2408,0.036463,-0.490213,0.271805,-0.697157,0.0923,-0.203266,0.211072,0.237092,-0.530014,-0.880902,0.154954,0.111904,-0.060573,0.141032,-0.447479
-0.991112,-4.771155,0.766011,-0.007593,-0.026858,0.030692,0.999139,-0.181057,0.10401,0.211755,0.53882,-0.291686,-0.018157,-0.125625,-0.196031,-0.069228,0.547656,-0.261227,0.115732,0.11338,-0.239249,0.038236,-0.491092,0.273835,-0.688851,0.100179,-0.202183,0.212076,0.230748,-0.47995,-0.818186,0.083534,0.072202,0.033892,0.182365,-0.422235
-0.991117,-4.775188,0.765977,-0.00693,-0.027291,0.033402,0.999045,-0.182703,0.106456,0.20502,0.540014,-0.289229,-0.020726,-0.124954,-0.194191,-0.078104,0.553786,-0.266947,0.1116,0.11387,-0.238254,0.040501,-0.491867,0.277088,-0.6837,0.108521,-0.199841,0.212974,0.227035,-0.445588,-0.799943,0.01218,-0.025632,0.071929,0.191652,-0.441655
-0.991144,-4.779415,0.765872,-0.006228,-0.027826,0.035173,0.998974,-0.184287,0.110021,0.199631,0.542172,-0.28647,-0.02426,-0.12685,-0.191254,-0.083087,0.562883,-0.27175,0.107869,0.116354,-0.235834,0.041272,-0.489951,0.276986,-0.679075,0.118061,-0.199399,0.213766,0.228432,-0.436802,-0.824967,-0.054217,-0.135658,0.047211,0.186991,-0.494833
-0.991109,-4.783617,0.765756,-0.004908,-0.028385,0.035465,0.998956,-0.184124,0.113126,0.197364,0.542824,-0.283394,-0.027692,-0.130137,-0.188687,-0.083764,0.572983,-0.277776,0.104632,0.119667,-0.232997,0.038991,-0.483598,0.274034,-0.673238,0.125249,-0.20057,0.211397,0.235084,-0.452933,-0.875427,-0.108439,-0.230654,-0.011502,0.181527,-0.56977
-0.991104,-4.787864,0.765472,-0.002977,-0.029245,0.034196,0.998983,-0.181165,0.11604,0.198572,0.541177,-0.280842,-0.031653,-0.133827,-0.186547,-0.081551,0.583462,-0.285928,0.101892,0.123295,-0.230178,0.034769,-0.47501,0.27008,-0.670588,0.129823,-0.205195,0.207917,0.24734,-0.489578,-0.932602,-0.143462,-0.306838,-0.072726,0.18262,-0.657025
-0.990817,-4.792127,0.765301,-0.000771,-0.030472,0.031497,0.999039,-0.172887,0.118856,0.202882,0.533474,-0.278046,-0.037049,-0.134666,-0.183833,-0.077823,0.589316,-0.294948,0.098262,0.129477,-0.226415,0.031174,-0.468749,0.267137,-0.671406,0.131006,-0.208494,0.202087,0.262352,-0.540407,-0.991099,-0.157877,-0.366428,-0.128578,0.193803,-0.749562
-0.990518,-4.796536,0.764881,0.00201,-0.03187,0.028609,0.99908,-0.165963,0.121536,0.208101,0.529816,-0.276909,-0.042568,-0.135512,-0.181905,-0.072736,0.596512,-0.306802,0.094692,0.135354,-0.226425,0.025258,-0.462368,0.269326,-0.678477,0.131204,-0.210719,0.198215,0.273375,-0.596372,-1.03812,-0.15837,-0.399684,-0.167205,0.200401,-0.820149
-0.990102,-4.801024,0.764967,0.004274,-0.032891,0.025861,0.999115,-0.154953,0.123825,0.212631,0.515863,-0.270601,-0.04937,-0.132154,-0.178327,-0.069885,0.594326,-0.315361,0.090136,0.142592,-0.223589,0.021652,-0.458802,0.273285,-0.689372,0.128352,-0.211931,0.192189,0.283771,-0.658846,-1.082675,-0.139275,-0.411659,-0.209137,0.213744,-0.879607
-0.98981,-4.805615,0.765116,0.006416,-0.034326,0.023506,0.999114,-0.144625,0.126558,0.216297,0.504167,-0.264026,-0.055519,-0.126998,-0.174433,-0.067766,0.590482,-0.322691,0.085246,0.149954,-0.219858,0.018057,-0.455162,0.276099,-0.701057,0.126635,-0.21199,0.185933,0.288641,-0.718234,-1.099813,-0.100514,-0.404591,-0.235327,0.216087,-0.91141
-0.989777,-4.810267,0.765346,0.008004,-0.03604,0.022003,0.999076,-0.135039,0.129975,0.218106,0.493075,-0.256536,-0.061028,-0.119636,-0.169418,-0.067003,0.583965,-0.328462,0.080595,0.155451,-0.213091,0.014144,-0.448635,0.276014,-0.710174,0.127617,-0.213276,0.179189,0.292789,-0.777485,-1.080386,-0.045718,-0.37475,-0.263488,0.198787,-0.906058
-0.990027,-4.815038,0.765621,0.009388,-0.037639,0.022057,0.999004,-0.128655,0.1331,0.216568,0.484863,-0.24811,-0.065534,-0.111145,-0.164658,-0.068497,0.575831,-0.332943,0.077626,0.155013,-0.203272,0.009556,-0.440657,0.277187,-0.71256,0.131074,-0.216536,0.173862,0.296099,-0.835481,-1.050106,0.0029,-0.3248,-0.281352,0.199639,-0.86243
-0.990524,-4.819841,0.765709,0.010713,-0.038911,0.023857,0.9989,-0.12632,0.135468,0.211753,0.480309,-0.239819,-0.06898,-0.102329,-0.160882,-0.072537,0.567028,-0.338137,0.076914,0.152899,-0.189175,0.006614,-0.433505,0.275585,-0.708695,0.133457,-0.22138,0.168575,0.30162,-0.884798,-1.011038,0.039809,-0.277853,-0.259122,0.246032,-0.773472
-0.991418,-4.824655,0.76566,0.012228,-0.039592,0.027569,0.998761,-0.129246,0.136673,0.204202,0.480276,-0.232206,-0.070323,-0.095816,-0.15904,-0.080027,0.560653,-0.344337,0.077171,0.15267,-0.170617,0.008163,-0.435272,0.271613,-0.701444,0.136274,-0.223954,0.167203,0.303552,-0.897517,-0.966523,0.065349,-0.268188,-0.221311,0.289263,-0.713588
-0.99278,-4.82963,0.765409,0.014144,-0.039919,0.032867,0.998562,-0.137976,0.136832,0.193916,0.486514,-0.223997,-0.071433,-0.092594,-0.159456,-0.090677,0.559484,-0.351621,0.078354,0.151345,-0.152989,0.013284,-0.440088,0.264995,-0.691956,0.139314,-0.228207,0.167076,0.304833,-0.870729,-0.935935,0.075074,-0.296448,-0.212977,0.292357,-0.682314
-0.994134,-4.834666,0.765719,0.014159,-0.038491,0.042027,0.998274,-0.149676,0.136756,0.174375,0.484541,-0.209767,-0.073433,-0.086519,-0.157157,-0.110106,0.548236,-0.352247,0.079629,0.14079,-0.134687,0.014802,-0.441094,0.257151,-0.679686,0.142242,-0.231744,0.166005,0.309111,-0.810931,-0.939803,0.055725,-0.348987,-0.263372,0.266553,-0.670758
-0.995751,-4.839809,0.765846,0.01449,-0.036926,0.052165,0.99785,-0.163766,0.135456,0.153707,0.484329,-0.195544,-0.074374,-0.083494,-0.156351,-0.13068,0.54207,-0.3535,0.080949,0.129547,-0.119296,0.017623,-0.444705,0.252419,-0.672141,0.143773,-0.233434,0.164057,0.314509,-0.730841,-0.947005,0.037895,-0.388785,-0.302526,0.246712,-0.695199
-0.997674,-4.845039,0.765861,0.014913,-0.035135,0.06389,0.997227,-0.179819,0.132223,0.130632,0.483622,-0.18004,-0.074154,-0.082136,-0.156989,-0.154155,0.538692,-0.355817,0.082089,0.118268,-0.105848,0.021234,-0.452659,0.246261,-0.670092,0.142493,-0.23341,0.161833,0.321057,-0.627236,-0.922056,0.047549,-0.416889,-0.270121,0.239057,-0.756832
-1.000083,-4.850527,0.766268,0.015066,-0.032055,0.077544,0.99636,-0.199995,0.126939,0.103408,0.480074,-0.158568,-0.072128,-0.083595,-0.158142,-0.181629,0.534844,-0.354612,0.082008,0.105853,-0.094828,0.020877,-0.462586,0.243893,-0.67991,0.13798,-0.229752,0.158771,0.328458,-0.508589,-0.861345,0.102548,-0.434366,-0.153071,0.226193,-0.857247
-1.002989,-4.856152,0.766457,0.015001,-0.028173,0.091763,0.995269,-0.226855,0.121047,0.074536,0.483147,-0.136585,-0.069427,-0.090471,-0.159861,-0.208971,0.536666,-0.354494,0.080699,0.088673,-0.081161,0.022551,-0.475901,0.247455,-0.686135,0.126946,-0.219901,0.152187,0.339737,-0.406511,-0.770896,0.201256,-0.425637,-0.000188,0.20461,-0.946766
-1.00659,-4.861788,0.766295,0.014638,-0.023986,0.105775,0.993993,-0.259837,0.114661,0.044728,0.494203,-0.114577,-0.067188,-0.101904,-0.162026,-0.235276,0.543358,-0.35594,0.077913,0.067096,-0.062197,0.032019,-0.496303,0.258001,-0.683936,0.108725,-0.204336,0.149224,0.357923,-0.312571,-0.662686,0.305709,-0.406291,0.136039,0.175699,-0.994635
-1.010855,-4.86717,0.765836,0.014184,-0.018826,0.118302,0.992698,-0.297388,0.107694,0.017147,0.509321,-0.091298,-0.067567,-0.119563,-0.165219,-0.258507,0.554247,-0.358745,0.073978,0.047431,-0.039246,0.044123,-0.523581,0.276212,-0.678433,0.085337,-0.181477,0.150272,0.38301,-0.224793,-0.553232,0.391234,-0.385431,0.21961,0.130761,-0.992985
-1.016253,-4.871866,0.764918,0.015342,-0.015805,0.128112,0.991515,-0.330936,0.098465,-0.003165,0.527503,-0.06832,-0.071698,-0.138464,-0.172964,-0.274764,0.572292,-0.363899,0.070542,0.039069,-0.011552,0.065814,-0.565957,0.296141,-0.674683,0.064109,-0.151301,0.156275,0.40646,-0.157068,-0.468307,0.451567,-0.37567,0.245698,0.074728,-0.94927
-1.022682,-4.875885,0.763771,0.017925,-0.012223,0.136223,0.990441,-0.365276,0.086364,-0.017937,0.544033,-0.037947,-0.083184,-0.162543,-0.185695,-0.286201,0.594237,-0.369747,0.067923,0.035619,0.015392,0.0858,-0.615377,0.323939,-0.672921,0.040823,-0.114383,0.170859,0.425331,-0.119962,-0.405383,0.499837,-0.366977,0.251105,0.008624,-0.891904
-1.029698,-4.879231,0.762833,0.022364,-0.005127,0.143998,0.989312,-0.403696,0.068431,-0.031187,0.550615,0.008479,-0.106993,-0.197279,-0.205161,-0.292274,0.620111,-0.373872,0.066378,0.030434,0.033187,0.097477,-0.677542,0.368918,-0.674539,0.011147,-0.065756,0.204886,0.437613,-0.120887,-0.367619,0.537537,-0.349997,0.250974,-0.054483,-0.848658
-1.036375,-4.881876,0.762656,0.027082,0.003,0.151851,0.988028,-0.43458,0.052407,-0.041803,0.54074,0.053701,-0.160725,-0.231016,-0.226426,-0.297589,0.640088,-0.372055,0.065373,0.025638,0.044815,0.10026,-0.746464,0.424247,-0.683941,-0.016898,-0.002262,0.251898,0.430625,-0.147362,-0.353409,0.560937,-0.335829,0.256644,-0.078664,-0.85317
-1.042209,-4.883409,0.763282,0.03291,0.013199,0.160463,0.986405,-0.45664,0.049327,-0.032009,0.521499,0.063147,-0.260849,-0.26396,-0.252535,-0.302871,0.652709,-0.367159,0.068139,0.019919,0.045926,0.093704,-0.808829,0.474219,-0.702189,-0.041389,0.06394,0.301703,0.403976,-0.186482,-0.345477,0.573769,-0.316736,0.276355,-0.065847,-0.889476
-1.050841,-4.875035,0.765054,0.044413,0.024341,0.170143,0.984117,-0.47132,0.014068,0.020473,0.503923,0.047282,-0.2618,-0.294331,-0.30595,-0.297318,0.659324,-0.357512,0.090552,0.012194,0.035393,0.082914,-0.867669,0.511145,-0.726069,-0.061773,0.132009,0.340339,0.357601,-0.224013,-0.341312,0.578279,-0.292116,0.30675,-0.036188,-0.931352
-1.051221,-4.881597,0.767002,0.052768,0.032813,0.173241,0.982917,-0.480669,0.035216,0.0062,0.504511,0.014828,-0.2618,-0.315671,-0.321877,-0.294714,0.659432,-0.350501,0.087977,0.014609,0.015871,0.073109,-0.909733,0.531719,-0.751985,-0.071749,0.187459,0.362915,0.296915,-0.256426,-0.336572,0.57881,-0.268128,0.333764,-0.007435,-0.96617
-1.051081,-4.885295,0.7688,0.053434,0.037857,0.177435,0.981951,-0.487973,0.089659,0.021771,0.524501,0.002593,-0.244565,-0.319065,-0.322189,-0.304368,0.643233,-0.339978,0.085149,0.014555,0.008156,0.066276,-0.929451,0.530952,-0.771374,-0.072469,0.212773,0.375167,0.241088,-0.280916,-0.332049,0.573063,-0.246828,0.351219,0.014204,-0.993939
-1.051433,-4.883803,0.77051,0.050882,0.038858,0.185265,0.980601,-0.486626,0.16036,0.092677,0.553025,0.009493,-0.181702,-0.304232,-0.322847,-0.32342,0.61798,-0.328493,0.09034,0.006453,0.006856,0.063453,-0.924373,0.510578,-0.77694,-0.065334,0.189018,0.366359,0.227309,-0.279026,-0.326839,0.559632,-0.237525,0.349892,0.018742,-0.998812
-1.051015,-4.88103,0.772411,0.047926,0.038559,0.19283,0.979302,-0.466191,0.240168,0.171612,0.562852,0.021608,-0.122284,-0.279806,-0.320597,-0.342243,0.581233,-0.311533,0.10136,-0.002558,0.006431,0.059463,-0.92499,0.498164,-0.784584,-0.051669,0.177497,0.32721,0.209686,-0.263597,-0.311232,0.536236,-0.227805,0.360399,0.025969,-1.004878
-1.050406,-4.877182,0.773573,0.045042,0.038731,0.20292,0.977392,-0.441725,0.310708,0.238863,0.560195,0.035116,-0.075147,-0.255889,-0.322415,-0.363196,0.549041,-0.297571,0.116248,-0.018185,0.003488,0.054105,-0.917891,0.484664,-0.793395,-0.039983,0.171744,0.263261,0.179599,-0.240668,-0.281506,0.50902,-0.218912,0.390552,0.037207,-1.000854
-1.049921,-4.872184,0.774041,0.041194,0.039794,0.214352,0.975076,-0.418795,0.369522,0.292732,0.548497,0.034935,-0.045165,-0.234341,-0.325142,-0.3853,0.521143,-0.286451,0.134752,-0.037935,0.000818,0.046352,-0.895724,0.465622,-0.800028,-0.029196,0.156755,0.200724,0.137269,-0.211409,-0.230944,0.482083,-0.208061,0.432482,0.044286,-0.990632
-1.049763,-4.865877,0.773562,0.035757,0.040536,0.225393,0.972767,-0.399712,0.418769,0.332606,0.532254,0.031404,-0.039846,-0.215022,-0.326368,-0.406925,0.499462,-0.278089,0.155226,-0.059041,0.001213,0.038026,-0.859679,0.445636,-0.802363,-0.018302,0.134193,0.154311,0.085793,-0.18223,-0.170496,0.45893,-0.195596,0.470457,0.038658,-0.966714
-1.050142,-4.85802,0.772122,0.028757,0.039932,0.2357,0.970579,-0.384545,0.461676,0.360056,0.516952,0.03166,-0.050614,-0.197229,-0.326369,-0.426235,0.486165,-0.272245,0.177315,-0.077518,0.005498,0.032799,-0.815819,0.430153,-0.800527,-0.006182,0.11198,0.129473,0.028911,-0.156184,-0.113094,0.439183,-0.185785,0.493489,0.015033,-0.935679
-1.051935,-4.848488,0.769719,0.020968,0.038396,0.245861,0.968317,-0.379208,0.499993,0.383858,0.516442,0.031892,-0.050756,-0.182698,-0.329322,-0.445743,0.482652,-0.268632,0.198284,-0.092149,0.01199,0.033171,-0.764526,0.419282,-0.794755,0.006356,0.091867,0.116161,-0.023942,-0.143216,-0.072354,0.413261,-0.180823,0.496294,-0.020045,-0.923253
-1.053906,-4.837027,0.766743,0.011344,0.034419,0.256194,0.965946,-0.375793,0.534967,0.397359,0.527635,0.024673,-0.053974,-0.162303,-0.328792,-0.463811,0.479114,-0.264139,0.220481,-0.103166,0.019819,0.033172,-0.687893,0.411163,-0.780406,0.023614,0.067941,0.092208,-0.082086,-0.138278,-0.03175,0.375457,-0.161471,0.483544,-0.065277,-0.931225
-1.057597,-4.82259,0.763286,0.001111,0.030651,0.265031,0.963752,-0.379743,0.556788,0.406781,0.55361,0.001744,-0.056292,-0.146722,-0.331537,-0.478022,0.481583,-0.259354,0.235347,-0.10606,0.031355,0.037152,-0.597795,0.402213,-0.760824,0.049452,0.03765,0.076679,-0.12019,-0.147513,-0.003877,0.324826,-0.147228,0.464492,-0.099884,-0.962205
-1.061809,-4.805185,0.75909,-0.008909,0.024523,0.269744,0.962579,-0.380088,0.56619,0.397305,0.591916,-0.03786,-0.082841,-0.129353,-0.334225,-0.47932,0.485285,-0.251826,0.250517,-0.094794,0.043999,0.036165,-0.488641,0.401708,-0.733601,0.089772,0.012802,0.078958,-0.156238,-0.166011,0.012176,0.262112,-0.118481,0.423363,-0.132735,-1.012922
-1.06694,-4.785298,0.754389,-0.016285,0.017918,0.266564,0.963513,-0.377878,0.561776,0.363632,0.621197,-0.05721,-0.143208,-0.118333,-0.342585,-0.467267,0.491618,-0.2429,0.2618,-0.067192,0.052196,0.034505,-0.381863,0.412805,-0.6983,0.138017,0.006702,0.114116,-0.173605,-0.190552,0.002415,0.195268,-0.091117,0.363604,-0.15513,-1.073845
-1.072376,-4.763679,0.748392,-0.027928,0.008958,0.265367,0.963701,-0.376537,0.566987,0.333063,0.639984,-0.048112,-0.20445,-0.107962,-0.346418,-0.458508,0.511273,-0.230813,0.2618,-0.046415,0.065124,0.034288,-0.286336,0.459622,-0.654356,0.185444,0.035467,0.165972,-0.159931,-0.22037,-0.059581,0.131717,-0.06546,0.280484,-0.166792,-1.108623
-1.079173,-4.739634,0.743569,-0.036912,0.001535,0.271438,0.961747,-0.394485,0.570742,0.319988,0.713244,-0.128455,-0.220722,-0.093595,-0.363925,-0.459562,0.52756,-0.204813,0.2618,-0.036556,0.072178,0.036413,-0.200584,0.52521,-0.604468,0.237149,0.084229,0.217355,-0.127022,-0.246163,-0.164773,0.062879,-0.048036,0.162083,-0.174633,-1.144651
-1.087083,-4.713999,0.738409,-0.04444,-0.005305,0.281811,0.958426,-0.423955,0.565868,0.299085,0.806287,-0.222404,-0.219287,-0.079988,-0.387235,-0.46141,0.546168,-0.170113,0.2618,-0.029849,0.080801,0.043847,-0.117264,0.594428,-0.552987,0.292113,0.145015,0.249289,-0.075157,-0.258654,-0.287029,-0.000011,-0.037083,0.024541,-0.172501,-1.191872
-1.09572,-4.686002,0.735081,-0.0487,-0.007406,0.294552,0.954365,-0.433604,0.537122,0.297058,0.858686,-0.305816,-0.206213,-0.07708,-0.431704,-0.466499,0.572133,-0.118013,0.2618,-0.024275,0.085055,0.04611,-0.030657,0.645065,-0.494291,0.373928,0.18992,0.261531,-0.018614,-0.244854,-0.393535,-0.052647,-0.03947,-0.05358,-0.156744,-1.21387
-1.104536,-4.656608,0.734014,-0.037564,-0.004397,0.306358,0.951165,-0.40519,0.463324,0.330522,0.86301,-0.364332,-0.175618,-0.094818,-0.527672,-0.462241,0.627394,-0.059888,0.251037,-0.019818,0.065383,0.042054,0.056529,0.655364,-0.424215,0.497377,0.210876,0.255436,0.035001,-0.200306,-0.479725,-0.090415,-0.051447,-0.02795,-0.126298,-1.171662
-1.113088,-4.630052,0.735217,-0.01874,-0.000165,0.316386,0.948445,-0.356007,0.367678,0.375044,0.826002,-0.395003,-0.130747,-0.138276,-0.629798,-0.432027,0.710203,-0.033898,0.157729,-0.012306,0.0325,0.04492,0.116154,0.645223,-0.35348,0.6334,0.207284,0.273087,0.06934,-0.150748,-0.547445,-0.123668,-0.05635,0.074266,-0.070128,-1.083328
-1.119196,-4.609942,0.739061,-0.009484,0.00145,0.331586,0.943376,-0.316271,0.290691,0.388509,0.76836,-0.403758,-0.088879,-0.184321,-0.650518,-0.372776,0.793676,-0.082354,0.044223,-0.021306,0.015231,0.051693,0.159373,0.639307,-0.28673,0.753638,0.196452,0.316954,0.101307,-0.115512,-0.59651,-0.151492,-0.043937,0.174403,0.007966,-0.989042
-1.121778,-4.594967,0.743595,-0.00391,0.003283,0.349484,0.936928,-0.283539,0.230048,0.389426,0.709228,-0.403388,-0.056411,-0.241544,-0.603287,-0.284803,0.888493,-0.15963,0.030238,-0.04149,0.001757,0.06004,0.199575,0.636228,-0.224892,0.851026,0.177402,0.372052,0.145548,-0.0935,-0.632162,-0.177665,-0.02087,0.230998,0.075514,-0.925501
-1.123973,-4.58094,0.746935,0.002262,0.007421,0.363487,0.931567,-0.253728,0.172647,0.391842,0.651864,-0.400418,-0.029245,-0.313018,-0.548279,-0.220911,0.980949,-0.200444,0.04359,-0.06836,-0.018752,0.069472,0.236061,0.624579,-0.163955,0.935999,0.131604,0.420614,0.215753,-0.089129,-0.64494,-0.202771,0.007114,0.2615,0.115386,-0.904571
-1.125781,-4.567684,0.749572,0.006698,0.013353,0.374025,0.927298,-0.229538,0.122673,0.392774,0.59822,-0.395491,-0.006243,-0.382195,-0.495777,-0.200108,1.046706,-0.230956,0.058262,-0.095764,-0.042551,0.076218,0.265514,0.60607,-0.106607,1.014328,0.050371,0.449693,0.304499,-0.101114,-0.626812,-0.230187,0.042432,0.281372,0.120422,-0.924798
-1.126785,-4.555239,0.751358,0.009412,0.020097,0.383742,0.923174,-0.212408,0.080152,0.389672,0.553287,-0.390537,0.01433,-0.446083,-0.445855,-0.208677,1.077609,-0.249711,0.080185,-0.123593,-0.067429,0.079721,0.286235,0.583786,-0.051441,1.085531,-0.06029,0.454945,0.397504,-0.122661,-0.587211,-0.262114,0.082604,0.291645,0.099971,-0.96679
-1.126675,-4.543643,0.752073,0.011038,0.02469,0.395689,0.917986,-0.202149,0.047606,0.378831,0.530636,-0.389962,0.02679,-0.496088,-0.384146,-0.222127,1.067366,-0.270779,0.096523,-0.150314,-0.087156,0.085995,0.305578,0.569101,-0.019146,1.119336,-0.138263,0.456367,0.438856,-0.134685,-0.553539,-0.294882,0.111682,0.293195,0.07886,-0.994732
-1.125334,-4.532016,0.752101,0.010271,0.030236,0.407786,0.912519,-0.200908,0.022563,0.363242,0.522401,-0.396419,0.038268,-0.543753,-0.318919,-0.239148,1.023403,-0.286419,0.101707,-0.175971,-0.101767,0.086491,0.326758,0.551781,0.012345,1.121585,-0.211449,0.463484,0.451001,-0.143477,-0.527977,-0.336672,0.138393,0.272142,0.048241,-1.023776
-1.123982,-4.519638,0.751012,0.00849,0.037044,0.418514,0.907415,-0.205548,0.000404,0.348019,0.523311,-0.405994,0.050017,-0.59235,-0.26114,-0.268252,0.949787,-0.279705,0.100398,-0.197179,-0.113751,0.084531,0.341665,0.535667,0.027492,1.095917,-0.258942,0.454715,0.455432,-0.139843,-0.53501,-0.373322,0.159559,0.200817,0.00544,-1.057256
-1.122245,-4.506021,0.749309,0.006404,0.044425,0.4295,0.901951,-0.212682,-0.022456,0.329592,0.53103,-0.418439,0.063804,-0.633078,-0.21272,-0.29929,0.851601,-0.239223,0.116618,-0.211503,-0.121398,0.080929,0.343334,0.524638,0.013969,1.053712,-0.26265,0.436754,0.44803,-0.113007,-0.580264,-0.408877,0.169825,0.07615,-0.040688,-1.093275
-1.119962,-4.490897,0.746845,0.004268,0.052057,0.440917,0.896027,-0.21896,-0.045473,0.311602,0.543145,-0.434692,0.074311,-0.657374,-0.172668,-0.33474,0.726667,-0.200857,0.133278,-0.219085,-0.1226,0.074902,0.328567,0.515767,-0.020666,1.008266,-0.233001,0.423057,0.42857,-0.071853,-0.635134,-0.446186,0.174234,-0.041276,-0.069138,-1.125587
-1.116529,-4.473936,0.74357,0.00264,0.058263,0.450847,0.890694,-0.21789,-0.066106,0.297651,0.557542,-0.456096,0.082336,-0.671881,-0.144214,-0.372737,0.613275,-0.175581,0.14624,-0.225856,-0.119001,0.068787,0.309228,0.499435,-0.054865,0.963633,-0.198302,0.417901,0.404036,-0.036123,-0.676993,-0.481716,0.178739,-0.097252,-0.075884,-1.13549
-1.112028,-4.454781,0.739043,0.001921,0.059708,0.45939,0.886224,-0.201037,-0.083551,0.283925,0.572703,-0.486399,0.091824,-0.678992,-0.126581,-0.398533,0.546756,-0.170174,0.139223,-0.237144,-0.108311,0.061766,0.295321,0.466167,-0.076427,0.91812,-0.167634,0.417743,0.373554,-0.016914,-0.697947,-0.502215,0.185317,-0.059055,-0.060481,-1.097295
-1.105891,-4.431964,0.734322,-0.000482,0.057581,0.469005,0.881316,-0.17587,-0.095492,0.26482,0.594563,-0.517574,0.104011,-0.675553,-0.104025,-0.396706,0.513501,-0.167456,0.12495,-0.254139,-0.08803,0.04999,0.298018,0.422987,-0.100283,0.858539,-0.130312,0.416954,0.307657,-0.001634,-0.725476,-0.522689,0.197125,-0.014836,-0.035229,-1.055783
-1.098268,-4.406356,0.729271,-0.003669,0.049002,0.481448,0.875096,-0.138304,-0.097175,0.240415,0.625491,-0.544419,0.10784,-0.675161,-0.065149,-0.327839,0.546695,-0.137151,0.076486,-0.273401,-0.057997,0.03751,0.311352,0.376916,-0.125481,0.790188,-0.086386,0.41985,0.204958,0.019488,-0.763605,-0.556877,0.214523,0.029817,-0.003091,-1.022797
-1.08908,-4.378465,0.72325,-0.002039,0.041005,0.489095,0.871264,-0.094935,-0.09851,0.236278,0.662536,-0.551403,0.09629,-0.669954,-0.034131,-0.287622,0.603363,-0.103222,-0.069303,-0.282218,-0.034213,0.021448,0.327576,0.345783,-0.163496,0.708761,-0.025029,0.426975,0.077547,0.037319,-0.799111,-0.603272,0.236027,0.073168,0.028638,-1.002509
-1.078453,-4.350647,0.718457,-0.000351,0.030784,0.49727,0.867049,-0.068538,-0.078056,0.247137,0.740328,-0.508418,0.05315,-0.645279,-0.038787,-0.288892,0.665925,-0.120503,-0.173914,-0.292878,-0.014194,0.013175,0.326139,0.344084,-0.22065,0.632145,0.048016,0.430356,-0.04721,0.039137,-0.811342,-0.647958,0.261275,0.114856,0.052495,-0.999493
-1.06747,-4.325058,0.716792,-0.00496,0.015107,0.502103,0.864661,-0.069775,-0.016043,0.265148,0.85917,-0.396427,-0.032593,-0.624089,-0.042772,-0.309174,0.770098,-0.184574,-0.182796,-0.302058,0.013693,0.023366,0.301556,0.367482,-0.285868,0.566516,0.121136,0.413691,-0.168424,0.01742,-0.803371,-0.670853,0.287156,0.1543,0.063848,-1.014227
-1.058399,-4.302885,0.717373,-0.010486,0.00182,0.504134,0.86356,-0.107374,0.064462,0.286637,1.001415,-0.219261,-0.144756,-0.581653,-0.037593,-0.327443,0.812769,-0.231055,-0.148032,-0.313905,0.032033,0.039315,0.251559,0.412545,-0.343099,0.519749,0.173569,0.364247,-0.282976,-0.017174,-0.777194,-0.671526,0.303238,0.186197,0.059593,-1.047681
-1.049951,-4.283599,0.72021,-0.015282,-0.004412,0.504743,0.863123,-0.17399,0.153058,0.312963,1.146452,-0.023346,-0.245799,-0.534367,-0.025604,-0.334134,0.806914,-0.261606,-0.116455,-0.325266,0.039902,0.041541,0.193969,0.466073,-0.384819,0.488008,0.192065,0.305528,-0.366686,-0.040948,-0.741607,-0.657322,0.295822,0.198358,0.043602,-1.082398
-1.041295,-4.267304,0.724822,-0.023601,-0.00587,0.504716,0.862943,-0.24682,0.269524,0.346208,1.258065,0.107933,-0.240263,-0.496584,-0.006713,-0.343755,0.780216,-0.270075,-0.105594,-0.335701,0.049893,0.039739,0.134897,0.512467,-0.397468,0.468575,0.191522,0.26485,-0.411959,-0.061897,-0.703144,-0.634152,0.273926,0.188568,0.021462,-1.102401
-1.032818,-4.253338,0.730937,-0.028817,-0.004401,0.504897,0.862687,-0.305603,0.40124,0.387222,1.327051,0.028191,-0.167465,-0.462086,0.005701,-0.348061,0.746749,-0.271387,-0.104405,-0.346831,0.056952,0.03791,0.091761,0.529791,-0.377072,0.465932,0.17551,0.251644,-0.403553,-0.083349,-0.668396,-0.605,0.254817,0.177351,-0.000646,-1.092194
-1.030074,-4.238884,0.735804,-0.037716,-0.001815,0.493292,0.869044,-0.380674,0.500942,0.397858,1.348813,-0.070213,-0.168752,-0.43769,0.033799,-0.330963,0.701617,-0.265324,-0.100895,-0.344342,0.070633,0.047079,0.055247,0.527989,-0.32156,0.487081,0.130649,0.247022,-0.340642,-0.127951,-0.619866,-0.565625,0.239322,0.168579,-0.026317,-1.05936
-1.033433,-4.222315,0.740253,-0.039614,0.001512,0.468458,0.882596,-0.432565,0.504302,0.380353,1.275488,-0.118339,-0.206475,-0.422206,0.052136,-0.283076,0.673699,-0.260081,-0.090374,-0.329186,0.074235,0.050416,0.042124,0.508839,-0.255939,0.521339,0.062342,0.245857,-0.234224,-0.164631,-0.582317,-0.5251,0.230102,0.162206,-0.054884,-1.020014
-1.036133,-4.204659,0.744705,-0.033832,0.004417,0.437757,0.898446,-0.450993,0.45832,0.332286,1.127814,-0.157822,-0.221788,-0.404447,0.060683,-0.214621,0.65891,-0.260544,-0.074855,-0.310458,0.062059,0.051275,0.040306,0.484908,-0.196892,0.568468,-0.029461,0.24481,-0.093679,-0.197793,-0.560374,-0.487277,0.233892,0.145685,-0.086733,-0.992604
-1.036342,-4.187299,0.74812,-0.022928,0.006141,0.409745,0.911891,-0.436657,0.435857,0.296828,0.948595,-0.17193,-0.196077,-0.384382,0.056993,-0.145779,0.659103,-0.271809,-0.061331,-0.288137,0.039801,0.052797,0.044104,0.460031,-0.152728,0.610905,-0.117444,0.24374,0.04338,-0.224018,-0.556767,-0.460844,0.244577,0.122362,-0.111516,-0.985794
-1.036309,-4.169707,0.750644,-0.004415,0.011567,0.383523,0.923448,-0.388071,0.41022,0.286584,0.731564,-0.136719,-0.135336,-0.376067,0.030085,-0.069867,0.681443,-0.294497,-0.045463,-0.261548,0.003048,0.053312,0.041887,0.43741,-0.125394,0.653665,-0.188156,0.234572,0.169494,-0.252017,-0.567912,-0.436712,0.263575,0.10243,-0.122987,-0.99427
-1.036255,-4.151897,0.75203,0.014772,0.016809,0.351138,0.936056,-0.320632,0.379759,0.255514,0.509014,-0.063452,-0.091304,-0.378813,0.006395,0.015791,0.717059,-0.318864,-0.029432,-0.223275,-0.031563,0.052838,0.047101,0.423946,-0.111437,0.690363,-0.225974,0.226032,0.265191,-0.277869,-0.590318,-0.409165,0.285229,0.100063,-0.12089,-0.999941
-1.036038,-4.133681,0.752298,0.028494,0.018756,0.322791,0.945855,-0.269949,0.37016,0.22821,0.354199,-0.014476,-0.038867,-0.381976,-0.010707,0.085673,0.75552,-0.3407,-0.018361,-0.195537,-0.055326,0.057079,0.057748,0.424911,-0.111897,0.722052,-0.234145,0.229275,0.322345,-0.307204,-0.611621,-0.379386,0.309139,0.108239,-0.114364,-0.997024
-1.037908,-4.116531,0.751002,0.032658,0.019552,0.306332,0.951163,-0.28245,0.39323,0.223425,0.336816,-0.048291,0.006479,-0.386505,-0.022714,0.1263,0.782011,-0.352163,-0.007018,-0.195211,-0.063207,0.059699,0.081571,0.44114,-0.13402,0.747456,-0.205933,0.262089,0.295856,-0.334061,-0.627851,-0.351134,0.326684,0.122162,-0.105224,-0.981773
-1.040937,-4.097581,0.749674,0.034078,0.021584,0.297832,0.953766,-0.289593,0.412949,0.264227,0.327359,-0.075813,0.012054,-0.393883,-0.041994,0.153536,0.807639,-0.362956,0.005049,-0.205707,-0.065265,0.058153,0.105444,0.449001,-0.154795,0.780299,-0.167423,0.316412,0.25354,-0.372481,-0.647303,-0.31809,0.355516,0.134084,-0.095842,-0.95934
-1.044651,-4.07706,0.748938,0.036435,0.02289,0.288081,0.956639,-0.292144,0.408437,0.265625,0.351031,-0.062097,-0.043745,-0.395288,-0.062994,0.186621,0.823323,-0.368032,0.015926,-0.220285,-0.067216,0.055153,0.132099,0.453924,-0.178114,0.817087,-0.115806,0.384095,0.201687,-0.413704,-0.66457,-0.285244,0.392797,0.146708,-0.088975,-0.930091
-1.049961,-4.054368,0.745769,0.032259,0.018867,0.278106,0.959823,-0.292825,0.384145,0.205208,0.390314,-0.051457,-0.12011,-0.385743,-0.072289,0.213975,0.832636,-0.375296,0.029197,-0.237582,-0.057208,0.059293,0.157664,0.454005,-0.195309,0.850584,-0.037035,0.459504,0.126922,-0.463063,-0.680021,-0.254289,0.454164,0.169188,-0.087461,-0.894104
-1.056384,-4.030522,0.743398,0.026876,0.01277,0.276174,0.960647,-0.320544,0.37542,0.170907,0.465858,-0.017703,-0.197255,-0.362421,-0.091259,0.226185,0.825469,-0.377414,0.045987,-0.259195,-0.046119,0.069845,0.183354,0.445612,-0.204864,0.875214,0.031563,0.507887,0.05874,-0.500956,-0.685793,-0.239755,0.510527,0.195272,-0.092249,-0.862473
-1.063881,-4.00571,0.741735,0.020634,0.0097,0.27468,0.961265,-0.340687,0.370337,0.160729,0.523861,-0.001939,-0.240469,-0.343317,-0.11234,0.238764,0.808847,-0.370196,0.06084,-0.271583,-0.033814,0.074878,0.212241,0.430967,-0.203695,0.889646,0.069733,0.532644,0.011591,-0.524284,-0.680792,-0.240565,0.550944,0.219757,-0.1011,-0.838706
-1.071409,-3.980914,0.742019,0.016309,0.008163,0.273971,0.961565,-0.360176,0.358248,0.165343,0.586696,-0.024151,-0.24552,-0.32036,-0.142353,0.245208,0.776431,-0.350272,0.070322,-0.275837,-0.022225,0.078066,0.241269,0.41408,-0.18969,0.888186,0.092179,0.543221,-0.02383,-0.546739,-0.674927,-0.250024,0.590561,0.241786,-0.12087,-0.820908
-1.07809,-3.957657,0.743255,0.014146,0.008543,0.270444,0.962594,-0.374958,0.345096,0.180969,0.647799,-0.059512,-0.233172,-0.300275,-0.175304,0.249917,0.735334,-0.322746,0.078146,-0.268589,-0.015616,0.079132,0.269383,0.402432,-0.172742,0.875381,0.09568,0.53848,-0.045301,-0.565297,-0.676011,-0.260014,0.624073,0.248639,-0.149292,-0.819186
-1.083849,-3.93634,0.744928,0.012718,0.010286,0.265388,0.964003,-0.381786,0.330121,0.198925,0.691013,-0.091866,-0.220397,-0.281043,-0.209024,0.250881,0.684824,-0.287582,0.084493,-0.251208,-0.012024,0.078215,0.294773,0.39762,-0.161802,0.857251,0.085881,0.512192,-0.065445,-0.583613,-0.68364,-0.270113,0.662088,0.236924,-0.185896,-0.83798
-1.08916,-3.917542,0.746254,0.011635,0.013029,0.259065,0.965702,-0.380108,0.316518,0.223704,0.712856,-0.120735,-0.207589,-0.273344,-0.23846,0.250903,0.646209,-0.254594,0.094041,-0.230743,-0.008228,0.073786,0.314124,0.393964,-0.156947,0.847535,0.0672,0.474742,-0.091803,-0.595574,-0.690762,-0.281365,0.688387,0.225215,-0.207758,-0.864534
-1.094082,-3.900565,0.747328,0.010516,0.016083,0.254155,0.966973,-0.375656,0.302431,0.250278,0.723519,-0.150767,-0.193833,-0.269624,-0.26627,0.244679,0.614268,-0.22279,0.101706,-0.214843,-0.003614,0.066205,0.326068,0.391398,-0.152816,0.849217,0.046183,0.44089,-0.127387,-0.604178,-0.696165,-0.292588,0.706394,0.219056,-0.219501,-0.885984
-1.098109,-3.885441,0.747977,0.008553,0.018159,0.252219,0.967462,-0.370916,0.288844,0.269712,0.72895,-0.180902,-0.180679,-0.263981,-0.289893,0.233911,0.586769,-0.19115,0.109248,-0.208187,0.001156,0.058165,0.330649,0.392591,-0.146163,0.858314,0.030714,0.428485,-0.16573,-0.608067,-0.701316,-0.300174,0.717681,0.214807,-0.225363,-0.899442
-1.101093,-3.872248,0.748189,0.005232,0.01838,0.255045,0.96674,-0.369295,0.27643,0.276756,0.735796,-0.211037,-0.165215,-0.248659,-0.30671,0.224017,0.559652,-0.161247,0.114745,-0.21367,0.006019,0.05044,0.329269,0.399654,-0.139239,0.868663,0.025933,0.439337,-0.195869,-0.607171,-0.703895,-0.305057,0.72468,0.21684,-0.224817,-0.903085
-1.103601,-3.860925,0.747502,0.001325,0.01722,0.260311,0.96537,-0.36977,0.266324,0.277944,0.746217,-0.248591,-0.142043,-0.232007,-0.317306,0.218739,0.540692,-0.138148,0.119216,-0.227686,0.009698,0.04194,0.325678,0.411321,-0.136494,0.874142,0.029614,0.457744,-0.20736,-0.601594,-0.707129,-0.305143,0.729437,0.225527,-0.219535,-0.895521
-1.105735,-3.85025,0.745734,-0.003307,0.015242,0.268492,0.963156,-0.373237,0.254774,0.2699,0.761891,-0.293949,-0.11932,-0.210254,-0.328676,0.20525,0.521758,-0.118815,0.129648,-0.243544,0.01148,0.032462,0.314677,0.427969,-0.138652,0.872696,0.040112,0.477215,-0.204039,-0.590836,-0.714937,-0.303838,0.733704,0.234635,-0.211995,-0.883297
-1.108019,-3.839743,0.743328,-0.00828,0.012415,0.277957,0.960478,-0.377713,0.242592,0.257276,0.780054,-0.340203,-0.099579,-0.18979,-0.339084,0.187654,0.512725,-0.102199,0.141733,-0.254791,0.012444,0.024324,0.297364,0.443041,-0.144873,0.859542,0.051694,0.485793,-0.182277,-0.573182,-0.730601,-0.306153,0.738896,0.240623,-0.202145,-0.873238
-1.110937,-3.829178,0.740773,-0.01296,0.008536,0.289686,0.956996,-0.382879,0.227789,0.240641,0.79976,-0.381684,-0.08003,-0.174217,-0.348277,0.168421,0.519326,-0.084223,0.148064,-0.259891,0.013672,0.01807,0.272912,0.449796,-0.153311,0.840286,0.057157,0.481712,-0.142928,-0.548328,-0.750624,-0.320982,0.74594,0.248501,-0.188529,-0.868991
-1.114286,-3.818001,0.738633,-0.017573,0.003862,0.305688,0.951962,-0.38604,0.207398,0.218138,0.814251,-0.417012,-0.060705,-0.163316,-0.355761,0.150958,0.544461,-0.061923,0.144947,-0.261518,0.016043,0.013005,0.23845,0.443564,-0.163241,0.823536,0.052392,0.467018,-0.094593,-0.513253,-0.772937,-0.352846,0.754596,0.259394,-0.172066,-0.874098
-1.117861,-3.80638,0.737518,-0.02106,-0.001587,0.324703,0.94558,-0.382015,0.179799,0.191628,0.81824,-0.444777,-0.039494,-0.159051,-0.364327,0.131372,0.587544,-0.028369,0.136897,-0.258557,0.017553,0.008514,0.197089,0.422497,-0.174623,0.809971,0.037908,0.443898,-0.054896,-0.467524,-0.794083,-0.401114,0.761587,0.271523,-0.155275,-0.891442
-1.121414,-3.794326,0.738007,-0.023084,-0.007663,0.343582,0.938807,-0.365818,0.147621,0.166075,0.806629,-0.464356,-0.016587,-0.169427,-0.380165,0.09443,0.653722,0.02391,0.115089,-0.249177,0.017709,0.006876,0.154057,0.393785,-0.198325,0.792078,0.021457,0.417476,-0.044959,-0.416061,-0.810137,-0.45892,0.762318,0.280129,-0.142473,-0.918016
-1.126175,-3.783506,0.7399,-0.022746,-0.01375,0.360125,0.932526,-0.340996,0.112136,0.144589,0.779323,-0.46555,0.004589,-0.2042,-0.415129,0.033444,0.747651,0.085795,0.073322,-0.225183,0.012315,0.013203,0.10568,0.366235,-0.236882,0.761716,0.00707,0.385644,-0.077671,-0.349514,-0.813972,-0.530796,0.740582,0.2744,-0.134007,-0.95982
-1.129616,-3.774083,0.743625,-0.022226,-0.018137,0.375327,0.926448,-0.312266,0.080806,0.12451,0.740057,-0.454474,0.023134,-0.253514,-0.42558,0.014037,0.855423,0.106366,0.002195,-0.201441,0.002398,0.020626,0.071119,0.351859,-0.272808,0.708797,0.00339,0.347603,-0.15397,-0.281243,-0.802179,-0.589478,0.707527,0.256789,-0.129693,-1.00965
-1.131505,-3.767076,0.748155,-0.022677,-0.018748,0.391743,0.919604,-0.295461,0.055262,0.102763,0.705975,-0.433976,0.03071,-0.285296,-0.378341,0.030348,0.930145,0.017283,-0.006009,-0.192376,-0.009343,0.020977,0.050026,0.352079,-0.291854,0.655094,0.003363,0.311245,-0.200675,-0.219887,-0.789807,-0.617194,0.68409,0.24882,-0.127613,-1.032518
-1.132376,-3.761191,0.750978,-0.01921,-0.018612,0.409362,0.91198,-0.275402,0.022116,0.078881,0.669681,-0.410776,0.04057,-0.334565,-0.330719,0.037379,1.014926,-0.06203,-0.000325,-0.175649,-0.031881,0.031854,0.025173,0.373922,-0.327095,0.590374,0.006419,0.266987,-0.260131,-0.143414,-0.758225,-0.653521,0.629962,0.236608,-0.118552,-1.073396
-1.132586,-3.754802,0.753067,-0.013554,-0.017473,0.427368,0.903807,-0.254575,-0.014137,0.057031,0.636038,-0.387661,0.05378,-0.375664,-0.291133,0.018451,1.055755,-0.118064,-0.008458,-0.161087,-0.058055,0.042135,0.003355,0.398124,-0.357058,0.544195,0.002893,0.233624,-0.309692,-0.073458,-0.730416,-0.685459,0.577632,0.222693,-0.108252,-1.113671
-1.133271,-3.748755,0.754063,-0.008312,-0.014691,0.448321,0.893713,-0.241562,-0.052117,0.03051,0.608659,-0.365388,0.067908,-0.409567,-0.26134,-0.018613,1.049745,-0.178645,-0.005121,-0.157094,-0.081656,0.053584,-0.020805,0.416679,-0.377124,0.520614,-0.00231,0.216771,-0.33708,-0.019668,-0.711011,-0.713919,0.530295,0.198391,-0.10026,-1.147469
-1.133623,-3.742921,0.75419,-0.004654,-0.011964,0.470114,0.882512,-0.238677,-0.086269,0.000577,0.601789,-0.347027,0.081266,-0.442966,-0.219408,-0.042894,1.008161,-0.229414,0.012555,-0.166242,-0.100659,0.062992,-0.035751,0.429847,-0.37736,0.520336,-0.008312,0.212125,-0.335134,0.019111,-0.697124,-0.732487,0.484779,0.166699,-0.094433,-1.16862
-1.132995,-3.736863,0.753598,-0.002979,-0.008613,0.490919,0.871157,-0.243731,-0.115943,-0.030115,0.609141,-0.336349,0.093667,-0.479054,-0.165361,-0.051422,0.932041,-0.239658,0.018385,-0.180388,-0.114806,0.069098,-0.03987,0.437417,-0.361864,0.540383,-0.018716,0.215776,-0.305751,0.047869,-0.684923,-0.743321,0.443276,0.142847,-0.087472,-1.174546
-1.131941,-3.73043,0.752821,-0.003427,-0.005536,0.507483,0.861637,-0.251276,-0.138009,-0.054766,0.623523,-0.329237,0.107991,-0.514471,-0.109211,-0.055136,0.825463,-0.213874,0.01268,-0.192041,-0.122106,0.074251,-0.033683,0.441218,-0.336428,0.576415,-0.03415,0.223978,-0.255178,0.06849,-0.672369,-0.738823,0.4015,0.135082,-0.076274,-1.174484
-1.130643,-3.723157,0.752416,-0.00602,-0.003213,0.519395,0.854507,-0.258695,-0.150277,-0.071411,0.642191,-0.330647,0.124886,-0.540321,-0.058062,-0.067446,0.690674,-0.16001,0.010033,-0.199463,-0.122079,0.07968,-0.016797,0.44226,-0.300408,0.619862,-0.050282,0.243174,-0.189646,0.085314,-0.658305,-0.72667,0.355268,0.139705,-0.055521,-1.186659
-1.128634,-3.714368,0.752129,-0.006829,-0.001717,0.529953,0.847998,-0.256484,-0.163525,-0.085907,0.655227,-0.332808,0.136713,-0.554992,-0.017837,-0.07825,0.555208,-0.119293,0.015635,-0.20494,-0.121263,0.085621,0.014014,0.444533,-0.2626,0.659184,-0.063922,0.266507,-0.11894,0.104328,-0.648963,-0.718885,0.313817,0.155152,-0.033837,-1.208503
-1.126132,-3.704077,0.752065,-0.007189,-0.000757,0.537301,0.84336,-0.244887,-0.174496,-0.097184,0.658171,-0.335309,0.150164,-0.57295,0.014928,-0.091732,0.449123,-0.09843,0.016446,-0.205742,-0.117556,0.09039,0.055305,0.444875,-0.223433,0.697278,-0.078921,0.289623,-0.048722,0.120905,-0.646915,-0.713668,0.277414,0.173099,-0.013651,-1.238468
-1.123385,-3.692102,0.75179,-0.006646,0.000697,0.541351,0.84077,-0.22601,-0.184396,-0.102396,0.653121,-0.341385,0.15657,-0.59685,0.037163,-0.113367,0.381131,-0.085691,0.019891,-0.202624,-0.112803,0.092892,0.102477,0.443207,-0.185191,0.743853,-0.094222,0.314292,0.009215,0.132373,-0.651443,-0.710024,0.246829,0.191003,0.001201,-1.264542
-1.120572,-3.679286,0.750669,-0.006884,0.001502,0.544147,0.838961,-0.207052,-0.192492,-0.107225,0.651828,-0.3529,0.161758,-0.624785,0.056674,-0.124307,0.347355,-0.069958,0.036311,-0.197744,-0.104404,0.09481,0.149569,0.441205,-0.148914,0.796452,-0.108902,0.337811,0.05091,0.142321,-0.660442,-0.706187,0.219768,0.203195,0.010429,-1.27797
-1.117423,-3.665438,0.748866,-0.007423,0.001564,0.546343,0.837527,-0.184495,-0.199055,-0.113822,0.650444,-0.370179,0.165096,-0.648896,0.076942,-0.114941,0.336138,-0.047131,0.04803,-0.195777,-0.092612,0.097679,0.193194,0.440124,-0.117953,0.853641,-0.11827,0.366202,0.078108,0.148361,-0.671389,-0.694518,0.189188,0.207331,0.019704,-1.27928
-1.114038,-3.650289,0.746114,-0.006472,0.002181,0.548085,0.836395,-0.157878,-0.2089,-0.119,0.647204,-0.392826,0.168472,-0.667542,0.08886,-0.103878,0.348709,-0.026013,0.061273,-0.197412,-0.083337,0.099617,0.2368,0.445601,-0.097462,0.903256,-0.112906,0.400103,0.08743,0.147386,-0.679072,-0.678464,0.1582,0.207492,0.028326,-1.268549
-1.110077,-3.633652,0.742122,-0.00355,0.00389,0.55025,0.834984,-0.127539,-0.224269,-0.124214,0.64258,-0.418303,0.174704,-0.676797,0.088625,-0.098122,0.376995,-0.009223,0.070683,-0.204801,-0.078465,0.098823,0.282199,0.456465,-0.089213,0.941533,-0.090741,0.435192,0.083599,0.138562,-0.681379,-0.659693,0.129643,0.205806,0.035777,-1.249756
-1.105407,-3.615491,0.736957,0.000157,0.006683,0.552007,0.833813,-0.095593,-0.242387,-0.12835,0.638184,-0.446326,0.183051,-0.672535,0.080416,-0.101417,0.409639,-0.021844,0.065962,-0.2155,-0.075471,0.093678,0.326843,0.466671,-0.08785,0.972793,-0.056031,0.472833,0.072131,0.125674,-0.679724,-0.639527,0.103306,0.201298,0.0407,-1.225749
-1.099792,-3.595638,0.73113,0.001429,0.00963,0.553322,0.832911,-0.065396,-0.255992,-0.133856,0.638274,-0.478057,0.191188,-0.657662,0.073999,-0.103072,0.445726,-0.062786,0.063245,-0.226372,-0.068238,0.084312,0.368461,0.470905,-0.085096,0.998167,-0.019544,0.513025,0.060476,0.113968,-0.677541,-0.622275,0.078499,0.192459,0.042146,-1.202996
-1.093381,-3.575612,0.726062,-0.001837,0.012314,0.553022,0.833074,-0.047532,-0.258553,-0.133555,0.653228,-0.499186,0.197421,-0.638308,0.077276,-0.109883,0.462297,-0.096598,0.077465,-0.231106,-0.052126,0.071198,0.400737,0.464535,-0.080324,1.002083,-0.005521,0.543541,0.058488,0.103614,-0.671006,-0.616578,0.055617,0.181634,0.035904,-1.195991
-1.085362,-3.553058,0.721734,-0.008611,0.011654,0.550244,0.834878,-0.023629,-0.248976,-0.132117,0.668644,-0.515811,0.199819,-0.635158,0.100043,-0.118628,0.475517,-0.024564,0.03476,-0.231786,-0.026864,0.058203,0.427587,0.451375,-0.076465,1.0027,0.008909,0.582316,0.058093,0.093045,-0.661686,-0.610627,0.032204,0.167023,0.026402,-1.181651
-1.076353,-3.52998,0.71829,-0.013968,0.00743,0.548803,0.835802,0.00583,-0.236288,-0.133981,0.689048,-0.514344,0.190929,-0.624611,0.134199,-0.107427,0.493612,0.025351,-0.039635,-0.234189,-0.001592,0.050441,0.441221,0.430813,-0.075091,0.997469,0.02366,0.606334,0.050075,0.075923,-0.64527,-0.605643,0.014522,0.159405,0.015961,-1.165536
-1.067217,-3.507002,0.717091,-0.018247,-0.000964,0.546356,0.837354,0.037659,-0.21591,-0.129897,0.712408,-0.481142,0.149851,-0.619147,0.162499,-0.109649,0.553943,0.035424,-0.11179,-0.234012,0.022018,0.051401,0.436747,0.40629,-0.074391,0.987482,0.034742,0.603088,0.027101,0.048032,-0.612635,-0.597273,0.004291,0.164649,0.005275,-1.148951
-1.058619,-3.484546,0.717681,-0.020264,-0.009041,0.546881,0.836916,0.061946,-0.194418,-0.119688,0.735869,-0.412038,0.076933,-0.60654,0.173316,-0.122334,0.621582,-0.002628,-0.146086,-0.238261,0.036537,0.053502,0.415582,0.385673,-0.077304,0.966762,0.042091,0.57726,-0.016587,0.019319,-0.566393,-0.583847,-0.00189,0.173731,-0.008423,-1.13716
-1.051144,-3.462958,0.720261,-0.021966,-0.015499,0.554567,0.831704,0.06637,-0.165242,-0.102682,0.772156,-0.314896,-0.042201,-0.58276,0.16864,-0.138997,0.670359,-0.052391,-0.144019,-0.254924,0.042857,0.052858,0.38624,0.377314,-0.090201,0.916462,0.045489,0.527732,-0.080148,-0.000642,-0.519696,-0.569284,-0.007405,0.165415,-0.029011,-1.13857
-1.044423,-3.443494,0.724297,-0.022483,-0.021016,0.56748,0.822812,0.048215,-0.129143,-0.080589,0.831577,-0.195716,-0.209361,-0.541304,0.15646,-0.158128,0.682925,-0.094319,-0.130788,-0.27807,0.039873,0.054784,0.346312,0.393936,-0.128152,0.841548,0.069176,0.471116,-0.184707,-0.011037,-0.481576,-0.555498,-0.014389,0.131371,-0.054775,-1.153439
-1.050518,-3.423622,0.729248,-0.013179,-0.017239,0.588065,0.808523,-0.003413,-0.141848,-0.002624,0.910166,-0.024391,-0.2618,-0.502312,0.094615,-0.160698,0.692607,-0.133897,-0.094234,-0.308069,0.022384,0.052711,0.289779,0.411624,-0.172205,0.757598,0.088953,0.410587,-0.299222,-0.009084,-0.469499,-0.552487,-0.021442,0.084342,-0.076808,-1.180444
-1.051046,-3.408962,0.734304,-0.005709,-0.010974,0.607651,0.794108,-0.07433,-0.103325,0.095159,0.98936,0.157563,-0.2618,-0.472815,0.041844,-0.175335,0.69622,-0.165678,-0.076711,-0.335199,0.005866,0.049427,0.22226,0.428071,-0.197259,0.680377,0.087063,0.350505,-0.390566,-0.003412,-0.467423,-0.555497,-0.024992,0.044098,-0.089456,-1.213255
-1.036391,-3.397671,0.738059,-0.00302,-0.005629,0.617048,0.7869,-0.122191,-0.007696,0.142234,1.047136,0.152759,-0.2618,-0.454682,0.031001,-0.195356,0.703126,-0.196004,-0.089999,-0.352172,-0.005588,0.032602,0.173158,0.446951,-0.20419,0.615693,0.066729,0.307202,-0.431997,0.02029,-0.472724,-0.554008,-0.031778,0.032845,-0.095626,-1.232238
-1.023752,-3.386388,0.739419,-0.01128,-0.015103,0.613588,0.789401,-0.178582,0.124987,0.167828,1.129845,0.013306,-0.255816,-0.416701,0.075493,-0.210653,0.679152,-0.210826,-0.108773,-0.340848,0.010264,0.042701,0.12257,0.464575,-0.197075,0.557019,0.028176,0.267907,-0.419691,0.030394,-0.47428,-0.549086,-0.036249,0.0272,-0.098458,-1.24337
-1.021519,-3.375848,0.740453,-0.01384,-0.02178,0.607379,0.793993,-0.2441,0.19765,0.189964,1.175354,-0.091895,-0.234945,-0.387013,0.097529,-0.205307,0.666556,-0.217595,-0.113473,-0.329134,0.023049,0.059199,0.074579,0.476455,-0.183721,0.516477,0.002189,0.245706,-0.359663,0.03106,-0.493625,-0.546744,-0.038881,0.019066,-0.098521,-1.242726
-1.020253,-3.365442,0.741101,-0.015165,-0.025097,0.597749,0.801147,-0.302479,0.238926,0.195601,1.166822,-0.176468,-0.203504,-0.366162,0.115977,-0.188351,0.66124,-0.229085,-0.117483,-0.311666,0.031505,0.074239,0.038563,0.485721,-0.16327,0.469588,-0.030774,0.212877,-0.253156,0.030653,-0.519324,-0.543936,-0.042162,0.011235,-0.096991,-1.234534
-1.020364,-3.355627,0.742192,-0.013253,-0.026309,0.586435,0.80946,-0.355232,0.269079,0.201242,1.120935,-0.240424,-0.168144,-0.348215,0.125969,-0.162514,0.661022,-0.239466,-0.117772,-0.296661,0.034683,0.088985,0.014747,0.498841,-0.153145,0.435892,-0.056337,0.188643,-0.127031,0.026425,-0.54825,-0.537451,-0.047067,0.010801,-0.092688,-1.218987
-1.021393,-3.346144,0.743283,-0.008328,-0.024873,0.573023,0.81912,-0.394616,0.294586,0.213253,1.040976,-0.259183,-0.141459,-0.333649,0.126845,-0.129482,0.664942,-0.254142,-0.111002,-0.280155,0.031028,0.105683,-0.007784,0.507601,-0.151537,0.417531,-0.07727,0.183405,0.006016,0.008505,-0.582176,-0.529265,-0.043024,0.017245,-0.082581,-1.190746
-1.022362,-3.336614,0.744971,-0.000154,-0.020263,0.558123,0.829511,-0.413958,0.305405,0.223565,0.922889,-0.238688,-0.122612,-0.323579,0.119325,-0.087799,0.674194,-0.269097,-0.105258,-0.26478,0.019404,0.114002,-0.012051,0.513383,-0.145661,0.412511,-0.088579,0.183615,0.094167,-0.00918,-0.612631,-0.516637,-0.035505,0.050024,-0.066359,-1.146452
-1.023638,-3.326997,0.747174,0.011245,-0.014435,0.541434,0.840544,-0.413068,0.300509,0.228812,0.777778,-0.189415,-0.101398,-0.316213,0.104786,-0.040103,0.690569,-0.284882,-0.097137,-0.248708,-0.000834,0.121482,-0.005056,0.51628,-0.138998,0.416532,-0.09733,0.186788,0.149101,-0.034648,-0.634148,-0.502059,-0.02305,0.093201,-0.044088,-1.097438
-1.024875,-3.317783,0.748403,0.021497,-0.009437,0.523274,0.851841,-0.415223,0.29319,0.209646,0.657175,-0.143678,-0.067934,-0.310115,0.094514,0.008747,0.706686,-0.301785,-0.092399,-0.233051,-0.019417,0.127379,0.017077,0.509589,-0.129798,0.434629,-0.095729,0.201412,0.104829,-0.068759,-0.635728,-0.48678,-0.006987,0.123014,-0.03699,-1.080382
-1.026038,-3.308463,0.750344,0.033985,-0.003957,0.504688,0.862624,-0.405673,0.286228,0.201885,0.540707,-0.099306,-0.033644,-0.306172,0.079554,0.060847,0.728073,-0.316618,-0.08477,-0.218487,-0.044567,0.134442,0.041752,0.49786,-0.117538,0.460443,-0.090269,0.214348,0.053012,-0.103402,-0.643227,-0.466793,0.005073,0.128359,-0.039321,-1.065292
-1.027085,-3.298322,0.752629,0.046483,0.00036,0.488137,0.871529,-0.396635,0.283762,0.200196,0.463124,-0.066256,-0.009827,-0.300003,0.062363,0.108261,0.749995,-0.33075,-0.079225,-0.208517,-0.070976,0.14234,0.070095,0.484126,-0.108923,0.493571,-0.082465,0.220584,-0.000233,-0.132088,-0.658135,-0.44656,0.011477,0.104592,-0.050643,-1.056405
-1.028805,-3.288368,0.753744,0.055972,0.003762,0.474457,0.878489,-0.401849,0.28692,0.201364,0.433113,-0.041955,0.010641,-0.297181,0.046886,0.146934,0.771941,-0.344097,-0.072466,-0.205171,-0.0928,0.148579,0.101135,0.464999,-0.099495,0.532719,-0.082176,0.220977,-0.04426,-0.156583,-0.672244,-0.424514,0.012356,0.083989,-0.060898,-1.046715
-1.03089,-3.27837,0.754017,0.062523,0.007193,0.465365,0.882879,-0.408079,0.28992,0.213262,0.418798,-0.026352,0.022612,-0.296994,0.03013,0.173839,0.792752,-0.361258,-0.064713,-0.212865,-0.108874,0.152275,0.130591,0.443957,-0.088843,0.580272,-0.082929,0.225035,-0.079316,-0.185033,-0.68644,-0.393596,0.014958,0.070928,-0.068945,-1.032193
-1.033756,-3.268101,0.753557,0.067006,0.01055,0.459105,0.885788,-0.417887,0.291787,0.229194,0.428806,-0.022536,0.026142,-0.297997,0.012455,0.193991,0.811124,-0.379849,-0.056607,-0.228015,-0.120456,0.151178,0.160316,0.421693,-0.079054,0.633087,-0.086378,0.233274,-0.095686,-0.215279,-0.700672,-0.361394,0.017981,0.058966,-0.076688,-1.01489
-1.037409,-3.256931,0.752496,0.068969,0.013097,0.455342,0.887545,-0.429375,0.293128,0.244639,0.461244,-0.013461,0.019912,-0.297367,-0.004183,0.208473,0.825807,-0.397657,-0.051204,-0.245688,-0.125647,0.147588,0.185535,0.399447,-0.074374,0.69044,-0.091953,0.244958,-0.093764,-0.242328,-0.717986,-0.331201,0.022839,0.042468,-0.085221,-0.997241
-1.041952,-3.244575,0.751013,0.067174,0.014068,0.452214,0.889265,-0.433063,0.294563,0.257631,0.501417,-0.004236,0.006673,-0.293522,-0.015318,0.219229,0.833402,-0.412476,-0.046171,-0.261274,-0.120921,0.144154,0.207253,0.378213,-0.0725,0.746627,-0.097527,0.268067,-0.072636,-0.265747,-0.738506,-0.305234,0.028646,0.02393,-0.093147,-0.982204
-1.047425,-3.231204,0.749334,0.05968,0.013816,0.450714,0.890564,-0.421379,0.297861,0.277606,0.527636,-0.024478,0.004141,-0.288252,-0.018227,0.223319,0.832423,-0.422723,-0.038767,-0.273392,-0.104478,0.141175,0.225522,0.356527,-0.069829,0.79325,-0.106893,0.293947,-0.031827,-0.284636,-0.760733,-0.285258,0.036052,0.0065,-0.098566,-0.971509
-1.053107,-3.217344,0.750209,0.055926,0.014741,0.450179,0.891063,-0.419872,0.303294,0.296567,0.562355,-0.037034,-0.012219,-0.274957,-0.032419,0.230105,0.817088,-0.427866,-0.029912,-0.284522,-0.092545,0.136725,0.242927,0.333831,-0.070853,0.830564,-0.119331,0.328799,0.027683,-0.302034,-0.782454,-0.271582,0.04513,-0.006182,-0.100674,-0.963714
-1.058692,-3.202435,0.749514,0.048442,0.010311,0.445658,0.893832,-0.399868,0.312296,0.274829,0.541762,0.026536,-0.080503,-0.252148,-0.032244,0.237739,0.798227,-0.432303,-0.022769,-0.287127,-0.068452,0.140585,0.258378,0.300524,-0.070542,0.852041,-0.150653,0.350034,0.121006,-0.325952,-0.807913,-0.255509,0.062952,-0.015768,-0.102518,-0.957608
-1.065402,-3.187472,0.749288,0.041763,0.009824,0.440373,0.896789,-0.38246,0.306861,0.261162,0.515325,0.056901,-0.140609,-0.238997,-0.037274,0.251321,0.779887,-0.431743,-0.015056,-0.284449,-0.056862,0.136073,0.274895,0.290591,-0.070243,0.867557,-0.164625,0.346786,0.183312,-0.332692,-0.820364,-0.254086,0.06931,-0.026168,-0.103815,-0.955161
-1.073185,-3.171813,0.748483,0.034791,0.00931,0.43823,0.898141,-0.379438,0.304944,0.264392,0.513997,0.070021,-0.157309,-0.227834,-0.046003,0.258937,0.766425,-0.430248,-0.007772,-0.284842,-0.047737,0.131417,0.284215,0.292963,-0.073527,0.879207,-0.16663,0.342932,0.219517,-0.331534,-0.826076,-0.25797,0.074409,-0.031817,-0.1025,-0.955954
-1.081614,-3.155441,0.748064,0.028292,0.007719,0.43931,0.897857,-0.378675,0.299212,0.26913,0.521583,0.061864,-0.147568,-0.210329,-0.060856,0.258295,0.747472,-0.424471,-0.000066,-0.282199,-0.037494,0.129364,0.280943,0.298156,-0.079734,0.889226,-0.167222,0.342157,0.246246,-0.325302,-0.82542,-0.265899,0.081131,-0.028901,-0.098094,-0.958745
-1.090982,-3.138445,0.747573,0.023218,0.005149,0.443083,0.896165,-0.379138,0.290932,0.280773,0.541754,0.029654,-0.128869,-0.187588,-0.081384,0.25288,0.726247,-0.417514,0.005663,-0.278703,-0.028404,0.13005,0.267578,0.307306,-0.084373,0.890751,-0.162669,0.340232,0.256647,-0.31489,-0.82203,-0.278434,0.084117,-0.020957,-0.093568,-0.961808
-1.100965,-3.120984,0.746323,0.01954,0.001752,0.448463,0.893586,-0.377578,0.281231,0.2935,0.570636,-0.025773,-0.115476,-0.162069,-0.106227,0.244583,0.707741,-0.412373,0.018786,-0.276274,-0.021855,0.131635,0.249561,0.319247,-0.091039,0.883181,-0.15361,0.338527,0.248383,-0.301468,-0.821845,-0.292724,0.083804,-0.016814,-0.091107,-0.966474
-1.111174,-3.103215,0.744094,0.016721,-0.002686,0.453847,0.890918,-0.374446,0.266561,0.297613,0.605082,-0.096495,-0.108254,-0.135953,-0.131237,0.236415,0.695107,-0.408957,0.037639,-0.274212,-0.016303,0.133523,0.230072,0.33122,-0.0974,0.867082,-0.143108,0.334955,0.22346,-0.285506,-0.825888,-0.30541,0.083117,-0.017054,-0.090368,-0.972916
-1.121058,-3.085758,0.741222,0.014516,-0.007634,0.459614,0.887967,-0.369905,0.24875,0.297904,0.639537,-0.169045,-0.0974,-0.11307,-0.15516,0.22749,0.692726,-0.405125,0.059253,-0.271939,-0.01151,0.13488,0.207958,0.340825,-0.101377,0.848688,-0.133162,0.332597,0.182169,-0.267988,-0.8297,-0.316008,0.082993,-0.015181,-0.088938,-0.979745
-1.130387,-3.069141,0.738348,0.012854,-0.011972,0.466023,0.884598,-0.361494,0.227025,0.297749,0.662994,-0.235181,-0.08425,-0.098863,-0.178006,0.214932,0.705236,-0.396144,0.078416,-0.269917,-0.007751,0.136273,0.182271,0.346702,-0.098415,0.826569,-0.125027,0.323101,0.128957,-0.249586,-0.830523,-0.326401,0.080613,-0.009568,-0.087003,-0.985029
-1.139437,-3.053935,0.736638,0.012306,-0.015257,0.472325,0.881206,-0.347318,0.201259,0.299149,0.670342,-0.285586,-0.070862,-0.098329,-0.20206,0.19584,0.734982,-0.375526,0.092425,-0.267475,-0.006931,0.138633,0.157387,0.350271,-0.087646,0.797629,-0.122313,0.301612,0.078748,-0.230087,-0.826647,-0.337938,0.074413,-0.003003,-0.084743,-0.990487
-1.147779,-3.040539,0.736599,0.011938,-0.018124,0.478123,0.878025,-0.327896,0.175318,0.302497,0.660716,-0.317029,-0.053699,-0.114969,-0.226584,0.165075,0.787322,-0.337135,0.101232,-0.264405,-0.008274,0.141542,0.130389,0.3589,-0.08221,0.772138,-0.120779,0.283588,0.037382,-0.211287,-0.817102,-0.349312,0.065877,0.003547,-0.081797,-0.994138
-1.155783,-3.028933,0.738071,0.010877,-0.020037,0.48153,0.876133,-0.306125,0.152531,0.30835,0.638284,-0.332926,-0.03574,-0.151971,-0.25558,0.120614,0.856323,-0.279752,0.094049,-0.257032,-0.009467,0.143619,0.103253,0.373396,-0.080141,0.746333,-0.118589,0.272743,0.00666,-0.194959,-0.804751,-0.36073,0.054161,0.010484,-0.077991,-0.996061
-1.16343,-3.01819,0.740615,0.008254,-0.021966,0.481994,0.87586,-0.286778,0.137366,0.31621,0.616646,-0.334128,-0.02579,-0.200993,-0.287416,0.066087,0.931854,-0.21469,0.059475,-0.242723,-0.008109,0.144351,0.078625,0.39258,-0.08087,0.719307,-0.115656,0.266396,0.001912,-0.178447,-0.796359,-0.368753,0.04011,0.01185,-0.076149,-0.996365
-1.16977,-3.009702,0.743348,0.006286,-0.021107,0.481933,0.875931,-0.269737,0.120649,0.322951,0.587439,-0.327457,-0.01811,-0.256161,-0.322721,0.000756,1.000272,-0.182114,-0.01061,-0.225769,-0.011253,0.143261,0.057181,0.417993,-0.085146,0.682503,-0.110827,0.251489,0.016633,-0.163386,-0.791556,-0.37541,0.022216,0.011453,-0.073683,-0.997254
-1.17534,-3.001629,0.745531,0.004169,-0.019226,0.486226,0.873612,-0.260284,0.100888,0.321003,0.563913,-0.316573,-0.010214,-0.305452,-0.333118,-0.0338,1.056737,-0.206488,-0.011111,-0.214464,-0.017081,0.139542,0.040244,0.447109,-0.092224,0.644538,-0.104156,0.234572,0.030281,-0.146458,-0.789237,-0.383274,0.002832,0.009042,-0.070125,-0.9973
-1.179454,-2.994309,0.747324,0.004815,-0.016378,0.495568,0.868401,-0.257451,0.07402,0.309716,0.550909,-0.298793,-0.004131,-0.342896,-0.311043,-0.040994,1.075438,-0.222383,0.011474,-0.210951,-0.029966,0.134336,0.027212,0.47552,-0.097693,0.609619,-0.096473,0.22252,0.037116,-0.126108,-0.790364,-0.39281,-0.015484,0.00839,-0.064337,-0.993168
-1.182675,-2.987507,0.748243,0.006277,-0.012886,0.506818,0.861934,-0.259043,0.046509,0.294998,0.545151,-0.280473,-0.003774,-0.368794,-0.276936,-0.045551,1.052646,-0.250551,0.03067,-0.210487,-0.045558,0.128332,0.017551,0.501192,-0.100658,0.581753,-0.089386,0.213572,0.03839,-0.106002,-0.79217,-0.404355,-0.032313,0.010952,-0.05608,-0.985365
-1.185169,-2.980943,0.748285,0.007474,-0.011036,0.51912,0.854597,-0.26247,0.023275,0.27792,0.550513,-0.26972,0.000339,-0.389076,-0.238251,-0.05044,1.003432,-0.279827,0.047425,-0.209868,-0.059066,0.124967,0.012071,0.5205,-0.100857,0.562217,-0.083707,0.209921,0.036389,-0.08596,-0.795918,-0.419645,-0.046579,0.013719,-0.046109,-0.976403
-1.187118,-2.974533,0.748021,0.007128,-0.011051,0.532138,0.846556,-0.268442,0.005883,0.255623,0.566006,-0.264351,0.002065,-0.404373,-0.194928,-0.050649,0.926038,-0.286735,0.061268,-0.208254,-0.067368,0.126239,0.005837,0.529928,-0.097851,0.556114,-0.083532,0.210677,0.033166,-0.068845,-0.799292,-0.438145,-0.05753,0.015366,-0.03413,-0.967137
-1.188698,-2.968248,0.747827,0.007105,-0.011904,0.546004,0.837668,-0.273141,-0.011009,0.232372,0.583782,-0.258177,0.003881,-0.416202,-0.154371,-0.045024,0.830011,-0.272096,0.06661,-0.209616,-0.073119,0.128302,0.008303,0.52727,-0.090053,0.559867,-0.089387,0.21913,0.025908,-0.05326,-0.803139,-0.452138,-0.064355,0.019884,-0.023364,-0.959449
-1.18986,-2.961835,0.748005,0.006746,-0.012308,0.55882,0.82917,-0.272806,-0.027646,0.211036,0.591974,-0.253145,0.012773,-0.429812,-0.126112,-0.049002,0.729312,-0.249445,0.055911,-0.208785,-0.076239,0.130596,0.016708,0.51672,-0.08227,0.569661,-0.097037,0.23501,0.011402,-0.040498,-0.805743,-0.463058,-0.068707,0.02636,-0.013501,-0.954854
-1.190703,-2.955544,0.748489,0.006483,-0.012746,0.571038,0.820799,-0.269549,-0.044437,0.189705,0.594607,-0.24632,0.027131,-0.449071,-0.110589,-0.068362,0.643119,-0.226,0.046232,-0.205951,-0.077808,0.135218,0.029881,0.504099,-0.079621,0.581073,-0.101679,0.250778,-0.007491,-0.029628,-0.80889,-0.472369,-0.071459,0.029293,-0.007339,-0.954002
-1.191259,-2.949456,0.748707,0.005937,-0.013551,0.582188,0.812919,-0.26507,-0.058158,0.169335,0.597659,-0.245488,0.035425,-0.472702,-0.09951,-0.099173,0.574311,-0.20528,0.041632,-0.201836,-0.077666,0.141208,0.049069,0.490369,-0.077662,0.59333,-0.103927,0.266372,-0.027859,-0.020702,-0.811439,-0.480557,-0.073193,0.028252,-0.004696,-0.956548
-1.191461,-2.943353,0.748456,0.00591,-0.013615,0.593256,0.804877,-0.261813,-0.072561,0.150449,0.604617,-0.254271,0.049769,-0.504477,-0.091707,-0.12931,0.534147,-0.193887,0.058549,-0.197885,-0.078194,0.147751,0.073412,0.482103,-0.082926,0.605302,-0.096953,0.28099,-0.050205,-0.012737,-0.811235,-0.489759,-0.075195,0.026527,-0.004288,-0.962878
-1.191271,-2.93724,0.748236,0.006008,-0.013103,0.603017,0.797598,-0.2582,-0.085392,0.135067,0.611447,-0.262679,0.057015,-0.538264,-0.082898,-0.157783,0.511104,-0.183185,0.079928,-0.191616,-0.078011,0.154609,0.099128,0.47575,-0.090919,0.619938,-0.081542,0.292294,-0.073389,-0.00752,-0.8102,-0.498833,-0.076946,0.022501,-0.005486,-0.969494
-1.190638,-2.930707,0.747521,0.006216,-0.012173,0.611545,0.791091,-0.253876,-0.096417,0.123063,0.617096,-0.270769,0.066724,-0.57175,-0.075899,-0.190471,0.503394,-0.168739,0.094066,-0.18201,-0.077284,0.159808,0.127338,0.471108,-0.101476,0.638349,-0.061322,0.300215,-0.097631,-0.000681,-0.80754,-0.510815,-0.0809,0.0165,-0.007901,-0.978803
-1.189765,-2.923483,0.746144,0.006311,-0.011529,0.618947,0.785323,-0.246702,-0.106347,0.112302,0.620925,-0.285977,0.078212,-0.601081,-0.071027,-0.225275,0.507425,-0.151627,0.097025,-0.171146,-0.074863,0.164148,0.15801,0.458162,-0.103042,0.66061,-0.048918,0.30911,-0.118653,0.006456,-0.804887,-0.525655,-0.085309,0.009893,-0.010421,-0.988813
-1.18888,-2.915301,0.744066,0.007665,-0.010909,0.625182,0.780365,-0.238266,-0.117349,0.103022,0.631287,-0.310756,0.085978,-0.621219,-0.071058,-0.263635,0.517374,-0.138676,0.096256,-0.160224,-0.073149,0.168213,0.191988,0.433647,-0.092108,0.680524,-0.053925,0.315861,-0.122369,0.012034,-0.802587,-0.539689,-0.089019,0.00544,-0.011689,-0.997675
-1.187949,-2.90607,0.741528,0.009832,-0.010761,0.630765,0.775837,-0.227157,-0.128211,0.094639,0.644932,-0.339602,0.090174,-0.631335,-0.073333,-0.300362,0.532052,-0.129872,0.098046,-0.152017,-0.070634,0.172637,0.230558,0.413767,-0.088186,0.689034,-0.065699,0.303668,-0.09438,0.015528,-0.800778,-0.549097,-0.092267,0.003734,-0.012061,-1.00557
-1.18714,-2.895537,0.738231,0.012555,-0.010646,0.635947,0.771557,-0.214339,-0.139361,0.088125,0.661449,-0.3723,0.093366,-0.632999,-0.075476,-0.328582,0.548526,-0.126047,0.101512,-0.147724,-0.068009,0.174966,0.268615,0.401811,-0.09165,0.693041,-0.07677,0.303371,-0.016279,0.01885,-0.801982,-0.554574,-0.093365,0.003329,-0.011676,-1.009597
-1.186303,-2.884245,0.734191,0.015708,-0.010175,0.640885,0.767409,-0.200712,-0.151909,0.082572,0.678775,-0.407146,0.100327,-0.627537,-0.07472,-0.34397,0.562633,-0.131724,0.102572,-0.14656,-0.066347,0.173501,0.300726,0.392934,-0.095886,0.701058,-0.092731,0.323776,0.112832,0.023602,-0.805733,-0.558707,-0.092339,0.003294,-0.011347,-1.01054
-1.185595,-2.872018,0.729583,0.017953,-0.009094,0.644645,0.764217,-0.186693,-0.163969,0.077688,0.694223,-0.44475,0.107614,-0.619385,-0.068895,-0.349164,0.572593,-0.143104,0.100382,-0.147045,-0.064515,0.166635,0.322859,0.383176,-0.099924,0.723902,-0.12371,0.342552,0.274864,0.028319,-0.809741,-0.561087,-0.090274,0.004594,-0.010718,-1.011386
-1.184946,-2.858744,0.724854,0.019919,-0.006054,0.64595,0.763096,-0.17218,-0.177275,0.076409,0.704692,-0.480237,0.111307,-0.606189,-0.063761,-0.356066,0.57057,-0.164734,0.085828,-0.148773,-0.064747,0.15521,0.334868,0.373147,-0.109205,0.766357,-0.160396,0.340998,0.430779,0.028937,-0.810133,-0.560779,-0.087745,0.00771,-0.009661,-1.01336
-1.184149,-2.84449,0.720609,0.0205,-0.001898,0.6438,0.764917,-0.155501,-0.18739,0.080607,0.706533,-0.511923,0.113894,-0.589292,-0.063187,-0.375526,0.564164,-0.19364,0.054082,-0.14838,-0.06421,0.140973,0.338544,0.36512,-0.122545,0.814431,-0.188578,0.327666,0.547931,0.025798,-0.805099,-0.558536,-0.085146,0.013023,-0.008214,-1.015587
-1.18309,-2.829014,0.717464,0.019123,0.003385,0.637275,0.770392,-0.137579,-0.192141,0.0933,0.700529,-0.538346,0.118914,-0.570104,-0.072127,-0.418368,0.56185,-0.219906,0.012681,-0.145354,-0.060887,0.124524,0.339536,0.361025,-0.139762,0.850027,-0.199237,0.315415,0.612329,0.017533,-0.79751,-0.554202,-0.082574,0.018756,-0.007231,-1.015392
-1.181517,-2.812364,0.715965,0.013687,0.008666,0.62723,0.778666,-0.119785,-0.187284,0.110442,0.686833,-0.559167,0.122133,-0.555145,-0.084831,-0.47771,0.561047,-0.212204,-0.038884,-0.141948,-0.050191,0.103755,0.34314,0.360993,-0.161151,0.865946,-0.189027,0.309571,0.621543,0.007826,-0.792083,-0.549555,-0.08021,0.020396,-0.008375,-1.013983
-1.17972,-2.794589,0.714533,0.007106,0.01083,0.621941,0.782957,-0.099043,-0.180775,0.116458,0.677298,-0.573134,0.127963,-0.546998,-0.084564,-0.484618,0.557438,-0.161024,-0.082719,-0.14932,-0.035062,0.082592,0.352998,0.365712,-0.190408,0.862619,-0.156338,0.310403,0.572047,0.001387,-0.790747,-0.546561,-0.078675,0.015372,-0.012896,-1.011323
-1.177425,-2.775915,0.713201,0.00426,0.010895,0.618795,0.785466,-0.067577,-0.180483,0.115932,0.664358,-0.576503,0.128411,-0.549751,-0.072206,-0.463272,0.578742,-0.129842,-0.138077,-0.161217,-0.022702,0.068118,0.365362,0.375995,-0.218801,0.837472,-0.100599,0.316939,0.459909,-0.006619,-0.792529,-0.544237,-0.076352,0.009281,-0.018592,-1.0083
-1.174148,-2.756858,0.711855,0.002258,0.010485,0.616249,0.787478,-0.040868,-0.178169,0.115406,0.664714,-0.569124,0.115665,-0.555808,-0.071615,-0.451949,0.633341,-0.142051,-0.171067,-0.175051,-0.014443,0.056131,0.370287,0.392974,-0.254847,0.807608,-0.045734,0.331514,0.316649,-0.01382,-0.788793,-0.542917,-0.076684,0.008221,-0.021755,-1.005603
-1.170467,-2.737392,0.71041,0.001927,0.008362,0.614459,0.788902,-0.017427,-0.171878,0.119699,0.680659,-0.543709,0.08612,-0.554851,-0.075743,-0.444579,0.697183,-0.182031,-0.177328,-0.186502,-0.007923,0.04844,0.364686,0.416617,-0.286603,0.770835,0.020503,0.344402,0.131196,-0.017675,-0.784923,-0.542022,-0.07638,0.008939,-0.023776,-1.003011
-1.166936,-2.717298,0.709767,0.000189,0.005863,0.614939,0.788553,-0.005146,-0.158913,0.125391,0.711594,-0.498172,0.048067,-0.540058,-0.07682,-0.444543,0.740136,-0.230569,-0.172156,-0.198066,-0.000746,0.039093,0.342637,0.439173,-0.301549,0.743941,0.062142,0.345416,0.000426,-0.01564,-0.780319,-0.541431,-0.076827,0.008798,-0.025449,-0.999618
-1.163734,-2.698633,0.710345,-0.000682,0.001335,0.618137,0.786069,-0.009575,-0.13557,0.136898,0.770763,-0.417028,-0.021738,-0.507847,-0.07668,-0.450589,0.757409,-0.273457,-0.158135,-0.212681,0.005094,0.033022,0.30824,0.460891,-0.312669,0.722011,0.075581,0.33864,-0.061632,-0.009366,-0.776534,-0.540541,-0.078211,0.004926,-0.026873,-0.995704
-1.160425,-2.679945,0.711608,-0.00377,-0.004591,0.620432,0.784238,-0.024708,-0.09639,0.152985,0.839135,-0.315416,-0.128996,-0.471488,-0.068986,-0.4605,0.764903,-0.305409,-0.146163,-0.221172,0.016041,0.030009,0.266823,0.476544,-0.315547,0.697255,0.079711,0.338854,-0.119088,-0.003358,-0.773737,-0.542552,-0.081395,-0.000151,-0.028098,-0.989808
-1.157528,-2.663215,0.713553,-0.008197,-0.012011,0.617963,0.786073,-0.053235,-0.050472,0.165528,0.923102,-0.203971,-0.25384,-0.433637,-0.047827,-0.464716,0.757487,-0.320824,-0.13871,-0.214648,0.030994,0.036818,0.219804,0.482572,-0.299028,0.660601,0.073012,0.337132,-0.168378,-0.004768,-0.772031,-0.549351,-0.083007,-0.001808,-0.026682,-0.981959
-1.16783,-2.648632,0.715727,-0.00561,-0.009781,0.620133,0.784416,-0.108557,-0.055199,0.22222,1.008761,-0.058018,-0.2618,-0.414749,-0.075213,-0.454559,0.762902,-0.330999,-0.115985,-0.216143,0.031028,0.038405,0.178199,0.467722,-0.267429,0.618819,0.038783,0.309887,-0.183755,-0.011445,-0.776193,-0.554105,-0.081766,-0.000839,-0.023471,-0.974781
-1.167398,-2.635243,0.718381,-0.006096,-0.007969,0.616285,0.787459,-0.158945,-0.027125,0.243426,1.076632,0.053855,-0.2618,-0.399228,-0.073714,-0.444192,0.761843,-0.337835,-0.113254,-0.209581,0.030416,0.035573,0.142425,0.449981,-0.232483,0.585557,-0.00944,0.278316,-0.166572,-0.017827,-0.777467,-0.549967,-0.080773,0.002075,-0.020006,-0.968822
-1.151036,-2.623627,0.721452,-0.010849,-0.010782,0.609019,0.793008,-0.180324,0.0909,0.244453,1.133603,-0.004216,-0.237081,-0.373452,-0.032653,-0.44697,0.745211,-0.345664,-0.134806,-0.200621,0.03323,0.029941,0.121449,0.439936,-0.198947,0.552269,-0.058277,0.246229,-0.121058,-0.016764,-0.776812,-0.541117,-0.082408,0.006061,-0.018515,-0.963307
-1.148046,-2.612913,0.724512,-0.010985,-0.011593,0.607199,0.794389,-0.223183,0.221823,0.298563,1.201461,-0.104562,-0.131143,-0.344893,-0.022961,-0.441952,0.721889,-0.348913,-0.133737,-0.202587,0.0345,0.036209,0.09664,0.423558,-0.172348,0.520489,-0.103016,0.217895,-0.048697,-0.028048,-0.783532,-0.530281,-0.081495,0.003372,-0.01829,-0.959941
-1.147871,-2.602992,0.72694,-0.00984,-0.011105,0.598386,0.80107,-0.273037,0.294487,0.299118,1.226513,-0.178707,-0.08739,-0.325047,-0.013286,-0.420222,0.704228,-0.352523,-0.129936,-0.195599,0.034576,0.043435,0.078052,0.420456,-0.16114,0.492239,-0.125979,0.196385,0.037007,-0.046544,-0.79427,-0.511926,-0.080702,-0.001907,-0.020091,-0.956305
-1.149633,-2.594028,0.729628,-0.010094,-0.010041,0.583518,0.811976,-0.323793,0.32581,0.274809,1.201237,-0.241686,-0.055603,-0.312988,0.000638,-0.387879,0.68812,-0.347629,-0.124632,-0.181428,0.035773,0.050926,0.064743,0.429377,-0.164282,0.470442,-0.129996,0.178041,0.124857,-0.077743,-0.802037,-0.486697,-0.074253,-0.006949,-0.022749,-0.953261
-1.151861,-2.58515,0.732277,-0.005726,-0.007245,0.56744,0.823363,-0.3645,0.340998,0.260719,1.140869,-0.275685,-0.034091,-0.304946,0.002839,-0.346875,0.68163,-0.34647,-0.120035,-0.167777,0.025931,0.056571,0.064261,0.446096,-0.170851,0.459003,-0.118212,0.165535,0.180891,-0.104968,-0.804361,-0.460207,-0.070716,-0.005553,-0.025513,-0.949331
-1.154283,-2.576697,0.734822,-0.00003,-0.002805,0.549339,0.835595,-0.391005,0.344678,0.24838,1.038491,-0.275843,-0.030132,-0.300656,0.000433,-0.301927,0.679014,-0.349279,-0.114508,-0.15158,0.011249,0.060881,0.070177,0.454859,-0.171421,0.460092,-0.109461,0.16249,0.209421,-0.133487,-0.80483,-0.43189,-0.066729,-0.005922,-0.030382,-0.945478
-1.15683,-2.568367,0.737374,0.007962,0.003261,0.528574,0.848844,-0.403145,0.332676,0.235071,0.904505,-0.247109,-0.029644,-0.300757,-0.00687,-0.248423,0.681723,-0.354426,-0.105434,-0.134058,-0.008319,0.063674,0.08548,0.457927,-0.167995,0.471422,-0.101359,0.168583,0.214187,-0.164747,-0.806531,-0.400269,-0.062106,-0.011772,-0.038667,-0.94377
-1.159196,-2.559416,0.73933,0.016314,0.010162,0.507436,0.861475,-0.399933,0.308248,0.212431,0.739306,-0.201514,-0.037185,-0.305288,-0.016995,-0.193944,0.690996,-0.36316,-0.095974,-0.117922,-0.027549,0.063902,0.107049,0.459302,-0.16442,0.492974,-0.088404,0.187815,0.204687,-0.193128,-0.806886,-0.371139,-0.059894,-0.016395,-0.046395,-0.943501
-1.161277,-2.550533,0.741131,0.025138,0.017746,0.487429,0.87262,-0.393703,0.279811,0.181579,0.569131,-0.136586,-0.019983,-0.313012,-0.03093,-0.141329,0.704939,-0.374422,-0.082467,-0.107976,-0.047384,0.061617,0.134757,0.45381,-0.15631,0.52136,-0.076527,0.218939,0.196081,-0.222086,-0.803569,-0.341694,-0.058228,-0.016638,-0.052627,-0.945037
-1.162716,-2.541176,0.742852,0.033747,0.025756,0.471225,0.880991,-0.390441,0.25055,0.146997,0.41097,-0.053966,-0.000966,-0.322066,-0.048724,-0.095538,0.721714,-0.386384,-0.068144,-0.108404,-0.066476,0.055955,0.16661,0.445912,-0.150706,0.55399,-0.066805,0.259767,0.204502,-0.250797,-0.797835,-0.31068,-0.057211,-0.017062,-0.058998,-0.947056
-1.163845,-2.530782,0.743895,0.038474,0.032022,0.456419,0.888356,-0.395697,0.230278,0.101405,0.293741,0.004005,-0.009468,-0.327893,-0.058875,-0.056189,0.732646,-0.396894,-0.057935,-0.111741,-0.077304,0.046829,0.19901,0.438641,-0.150964,0.591912,-0.061905,0.303916,0.230573,-0.273543,-0.792133,-0.283521,-0.058716,-0.019963,-0.065709,-0.950295
-1.16587,-2.519117,0.742091,0.054177,0.048247,0.446151,0.892013,-0.463051,0.172314,0.038139,0.309853,0.012405,-0.013565,-0.364105,-0.107592,-0.007283,0.787204,-0.429278,-0.040483,-0.133357,-0.118278,0.008598,0.262369,0.445533,-0.151591,0.621983,-0.062729,0.333564,0.269367,-0.265046,-0.790477,-0.261508,-0.07446,-0.007102,-0.073256,-0.946266
-1.167092,-2.506435,0.742604,0.060997,0.051991,0.435824,0.896456,-0.485455,0.131157,-0.02031,0.307736,0.040837,-0.01209,-0.358988,-0.126349,0.025969,0.795314,-0.444301,-0.028519,-0.144662,-0.130977,-0.002251,0.289142,0.439514,-0.167354,0.669665,-0.0742,0.37907,0.342397,-0.285381,-0.780504,-0.236928,-0.071516,-0.013132,-0.078628,-0.948655
-1.16878,-2.491316,0.740546,0.06188,0.044389,0.423684,0.902603,-0.508996,0.114546,-0.049035,0.391728,0.023326,-0.027845,-0.335446,-0.125097,0.051332,0.807123,-0.462568,-0.01658,-0.147811,-0.12739,0.001763,0.315496,0.436171,-0.187597,0.719082,-0.085851,0.409789,0.416869,-0.294949,-0.770783,-0.220787,-0.069645,-0.013442,-0.080913,-0.948355
-1.170678,-2.474222,0.737991,0.060673,0.033234,0.410488,0.909238,-0.516683,0.093364,-0.086237,0.493974,0.004599,-0.052423,-0.306205,-0.118422,0.077703,0.820675,-0.477257,-0.007516,-0.14655,-0.120532,0.010916,0.339911,0.430737,-0.20589,0.767098,-0.097172,0.426221,0.481268,-0.296901,-0.758502,-0.209843,-0.068822,-0.01308,-0.081849,-0.946583
-1.171844,-2.456169,0.74099,0.051946,0.022419,0.395403,0.916764,-0.466994,0.095946,-0.111194,0.471759,0.046671,-0.075394,-0.254201,-0.100528,0.097486,0.770611,-0.46171,-0.002805,-0.133271,-0.09704,0.02608,0.333902,0.414934,-0.218304,0.815495,-0.109383,0.438128,0.535464,-0.312974,-0.739264,-0.205468,-0.060919,-0.02583,-0.080201,-0.94923
-1.175184,-2.436544,0.73838,0.047515,0.021195,0.386057,0.921006,-0.48142,0.071736,-0.137998,0.515435,0.086461,-0.11001,-0.248101,-0.106673,0.119909,0.782383,-0.472835,0.007989,-0.135917,-0.092141,0.013539,0.360876,0.413849,-0.216452,0.82567,-0.109832,0.439678,0.555206,-0.300593,-0.730831,-0.208844,-0.065217,-0.021334,-0.079208,-0.947783
