0.66061,-4.450013,0.770605,0.006194,-0.013943,0.259216,0.965699,-0.166872,-0.033416,-0.090324,0.369201,-0.149753,-0.021877,-0.147112,0.023618,0.00825,0.383321,-0.214184,0.019316,0.042667,0.00114,-0.030571,0.045723,0.331892,-0.805614,0.01157,-0.297481,0.295427,-0.107912,-0.032635,-0.319387,0.789441,0.036479,0.233524,0.365689,0.131206
0.660105,-4.450013,0.770547,0.00525,-0.013121,0.256925,0.966328,-0.168608,-0.030336,-0.086489,0.369441,-0.156536,-0.022163,-0.150378,0.026147,0.011119,0.381861,-0.212707,0.021845,0.041512,0.001681,-0.030924,0.041801,0.336253,-0.805017,0.007723,-0.287682,0.293993,-0.133568,-0.033207,-0.319053,0.787495,0.036858,0.22728,0.363847,0.16962
0.659619,-4.449872,0.770556,0.004034,-0.012421,0.254841,0.966895,-0.16906,-0.026832,-0.08337,0.367172,-0.161699,-0.023625,-0.153063,0.029219,0.014136,0.380104,-0.209511,0.022857,0.040668,0.002486,-0.031425,0.039614,0.339396,-0.803239,0.00548,-0.272544,0.294119,-0.172721,-0.033248,-0.318208,0.783509,0.03801,0.21571,0.361883,0.213711
0.658882,-4.449705,0.770539,0.00327,-0.011465,0.252708,0.967469,-0.169861,-0.024518,-0.079663,0.364009,-0.164785,-0.024664,-0.155316,0.031553,0.018805,0.376307,-0.20457,0.018997,0.040253,0.002179,-0.03201,0.039665,0.339947,-0.799349,0.004457,-0.257372,0.294907,-0.215396,-0.032098,-0.317585,0.778446,0.038853,0.202487,0.360927,0.254432
0.658566,-4.449329,0.770579,0.002377,-0.010708,0.250632,0.96802,-0.169909,-0.022028,-0.076282,0.361322,-0.167797,-0.024611,-0.156075,0.033739,0.022184,0.371576,-0.202465,0.019085,0.040247,0.001481,-0.034321,0.039702,0.340807,-0.796949,0.003264,-0.242912,0.296895,-0.252983,-0.029075,-0.316669,0.773661,0.039145,0.192205,0.357592,0.282027
0.65831,-4.449042,0.770702,0.001534,-0.010415,0.24871,0.968521,-0.169333,-0.01937,-0.073302,0.359423,-0.170016,-0.024372,-0.155037,0.03621,0.02545,0.365563,-0.198992,0.019744,0.040182,0.001225,-0.037547,0.039995,0.342647,-0.795843,0.002882,-0.232472,0.298208,-0.279611,-0.025814,-0.315321,0.771691,0.040395,0.186984,0.355454,0.295236
0.658164,-4.448527,0.770819,0.000826,-0.01078,0.246794,0.969008,-0.167479,-0.016862,-0.070186,0.358649,-0.172741,-0.024452,-0.151546,0.038289,0.028303,0.358412,-0.196223,0.020946,0.040307,0.001839,-0.041612,0.038601,0.345166,-0.797271,0.00226,-0.227518,0.297495,-0.29236,-0.024948,-0.315869,0.772824,0.041002,0.186917,0.353896,0.295166
0.658254,-4.448294,0.77094,0.000472,-0.011881,0.244974,0.969457,-0.164336,-0.014346,-0.067412,0.359148,-0.17541,-0.024533,-0.145843,0.040531,0.031204,0.350799,-0.193246,0.021672,0.040499,0.001895,-0.044723,0.034026,0.350033,-0.801234,0.001262,-0.226321,0.296941,-0.292819,-0.027086,-0.317119,0.775202,0.040228,0.191315,0.351013,0.284932
0.658392,-4.4475,0.770995,0.000384,-0.013728,0.243466,0.969812,-0.159285,-0.013054,-0.064912,0.360162,-0.178595,-0.023539,-0.137822,0.041544,0.033564,0.343513,-0.192331,0.023308,0.040481,0.002936,-0.046459,0.028544,0.353889,-0.803776,-0.000106,-0.227325,0.296154,-0.284138,-0.031832,-0.321109,0.778804,0.039194,0.196479,0.346006,0.271013
0.65859,-4.447074,0.770998,0.000098,-0.016495,0.241992,0.970138,-0.153252,-0.010333,-0.062876,0.362921,-0.183261,-0.02375,-0.13081,0.04399,0.035042,0.341039,-0.190904,0.0267,0.041292,0.003764,-0.044411,0.020951,0.357785,-0.80452,-0.000605,-0.228594,0.291977,-0.268048,-0.037521,-0.325516,0.782233,0.037712,0.20178,0.339209,0.254286
0.658579,-4.4466,0.77085,0.000285,-0.019281,0.240894,0.97036,-0.147608,-0.008992,-0.060775,0.366568,-0.188761,-0.024383,-0.12507,0.04564,0.037656,0.342382,-0.189894,0.023804,0.041042,0.003191,-0.037728,0.013434,0.36049,-0.802597,-0.001971,-0.227324,0.287197,-0.250133,-0.042247,-0.330278,0.784104,0.034937,0.206338,0.33208,0.23645
0.658433,-4.446334,0.770637,0.000653,-0.021644,0.240113,0.970503,-0.143489,-0.008429,-0.059291,0.370579,-0.194034,-0.025183,-0.122417,0.046448,0.038862,0.34754,-0.191526,0.021123,0.041057,0.001047,-0.026819,0.009885,0.359892,-0.79615,-0.004244,-0.22492,0.284011,-0.235388,-0.043137,-0.331901,0.781877,0.031711,0.210055,0.326797,0.219678
0.657889,-4.446226,0.770376,0.001019,-0.023347,0.239039,0.970729,-0.141761,-0.008046,-0.057056,0.37528,-0.198496,-0.025884,-0.123756,0.046749,0.039876,0.356443,-0.194974,0.020452,0.043327,-0.00166,-0.012745,0.010236,0.356155,-0.787542,-0.008363,-0.222196,0.284638,-0.227808,-0.041428,-0.332226,0.777086,0.027199,0.211285,0.324668,0.204805
0.656897,-4.446515,0.770111,0.000842,-0.023969,0.239496,0.970601,-0.14434,-0.007996,-0.057796,0.379975,-0.201464,-0.027214,-0.128966,0.047042,0.038347,0.366448,-0.195944,0.019266,0.044229,-0.003485,0.002382,0.0105,0.353152,-0.781532,-0.016329,-0.216895,0.289911,-0.228346,-0.038447,-0.333802,0.773767,0.019804,0.212125,0.326277,0.19307
0.655593,-4.446982,0.769927,-0.000127,-0.02287,0.238706,0.970823,-0.152142,-0.006392,-0.056935,0.386016,-0.202486,-0.02719,-0.139165,0.048866,0.038144,0.37596,-0.194354,0.017228,0.046841,-0.005074,0.014467,0.015241,0.35362,-0.777353,-0.028266,-0.211534,0.296362,-0.232386,-0.035658,-0.336823,0.776834,0.009986,0.213345,0.328099,0.185744
0.654122,-4.447565,0.770004,-0.000969,-0.020157,0.238986,0.970813,-0.162287,-0.006682,-0.057547,0.387952,-0.199888,-0.025321,-0.151799,0.048764,0.036489,0.382921,-0.191167,0.013854,0.049055,-0.008044,0.023902,0.017698,0.35918,-0.780078,-0.03966,-0.20547,0.30302,-0.241565,-0.034534,-0.344148,0.78611,-0.000148,0.214569,0.32837,0.179538
0.652653,-4.448317,0.770172,-0.002355,-0.016324,0.239791,0.970684,-0.173638,-0.006343,-0.059081,0.385838,-0.195168,-0.024207,-0.165471,0.049094,0.033928,0.386425,-0.186064,0.010488,0.051259,-0.010577,0.030993,0.019213,0.367799,-0.787386,-0.050294,-0.203201,0.304014,-0.246076,-0.034901,-0.353422,0.799757,-0.00902,0.218551,0.327121,0.173731
0.650888,-4.449036,0.770358,-0.003823,-0.011968,0.241605,0.970293,-0.186116,-0.007126,-0.062595,0.382157,-0.189616,-0.02446,-0.178264,0.048132,0.029936,0.385444,-0.179764,0.008612,0.052199,-0.01241,0.038013,0.019557,0.376236,-0.798001,-0.057915,-0.207889,0.301321,-0.244219,-0.036664,-0.362925,0.815414,-0.015703,0.22651,0.323263,0.166679
0.649025,-4.449958,0.77037,-0.005627,-0.007442,0.243794,0.969782,-0.200475,-0.007526,-0.067237,0.380033,-0.18327,-0.025149,-0.19056,0.04764,0.025155,0.381833,-0.173038,0.007891,0.053058,-0.013416,0.046445,0.020793,0.383806,-0.807687,-0.063818,-0.217941,0.29666,-0.234102,-0.039366,-0.372305,0.832163,-0.022486,0.237876,0.31551,0.153578
0.64699,-4.45141,0.770333,-0.008022,-0.002012,0.246717,0.969052,-0.218894,-0.007578,-0.073945,0.379367,-0.175749,-0.02543,-0.204809,0.04809,0.018831,0.37619,-0.164762,0.00685,0.053828,-0.013869,0.0573,0.021951,0.390515,-0.816133,-0.069999,-0.2297,0.294093,-0.2188,-0.043617,-0.380879,0.847125,-0.02938,0.247703,0.310109,0.138346
0.645023,-4.453281,0.770657,-0.011754,0.006245,0.249731,0.968224,-0.244353,-0.00605,-0.081831,0.377642,-0.164604,-0.024782,-0.224004,0.050332,0.012442,0.365499,-0.150855,0.004797,0.055771,-0.014259,0.064973,0.024821,0.397568,-0.821838,-0.07492,-0.240359,0.291569,-0.197197,-0.047861,-0.387193,0.860242,-0.033764,0.252753,0.307857,0.123026
0.642782,-4.455376,0.771021,-0.016344,0.017316,0.25224,0.967372,-0.276589,-0.004236,-0.090117,0.374769,-0.150254,-0.026274,-0.249612,0.052815,0.005696,0.352469,-0.132775,-0.000721,0.060699,-0.012231,0.064152,0.02896,0.398868,-0.82648,-0.076994,-0.250249,0.290073,-0.17185,-0.04859,-0.393868,0.870678,-0.035813,0.256378,0.310814,0.112264
0.641113,-4.456527,0.771587,-0.020182,0.030274,0.254694,0.966337,-0.309778,-0.005779,-0.096012,0.368803,-0.132437,-0.023208,-0.27633,0.051822,0.001077,0.33725,-0.116633,-0.002559,0.067253,-0.011977,0.055954,0.031256,0.397159,-0.831684,-0.07472,-0.261797,0.291995,-0.144811,-0.047037,-0.398088,0.880168,-0.035398,0.263085,0.314116,0.103401
0.639884,-4.457517,0.771871,-0.023013,0.041794,0.257829,0.965012,-0.336789,-0.008975,-0.102184,0.359271,-0.115758,-0.02176,-0.298929,0.048725,-0.004333,0.323888,-0.105869,-0.00207,0.072932,-0.012251,0.047867,0.030047,0.395671,-0.836934,-0.072301,-0.272189,0.29392,-0.1237,-0.047847,-0.401728,0.890477,-0.033472,0.273611,0.31446,0.093225
0.639455,-4.457152,0.771846,-0.02468,0.050431,0.262698,0.963243,-0.353774,-0.015642,-0.110213,0.347561,-0.10268,-0.021829,-0.313195,0.042114,-0.01142,0.314091,-0.101723,0.000995,0.074905,-0.010237,0.042338,0.030083,0.390407,-0.842189,-0.072367,-0.281609,0.295945,-0.107152,-0.051541,-0.408347,0.898303,-0.03212,0.284771,0.312937,0.084745
0.639953,-4.456844,0.771953,-0.024898,0.05591,0.267456,0.961624,-0.36105,-0.02285,-0.11827,0.334656,-0.088832,-0.021006,-0.31978,0.035159,-0.018307,0.30708,-0.100073,0.003827,0.075952,-0.008376,0.041568,0.029627,0.386413,-0.844189,-0.073122,-0.288314,0.288489,-0.095239,-0.057425,-0.409977,0.901419,-0.027589,0.294003,0.312817,0.082758
0.641576,-4.456678,0.772256,-0.024285,0.058998,0.273256,0.959823,-0.360494,-0.030311,-0.128585,0.319067,-0.071987,-0.021054,-0.320097,0.028077,-0.027324,0.302743,-0.100617,0.003159,0.076322,-0.00675,0.043118,0.027756,0.387158,-0.845397,-0.075022,-0.28987,0.280808,-0.088005,-0.059782,-0.403139,0.892178,-0.021247,0.299431,0.318056,0.091129
0.643571,-4.456432,0.772665,-0.02321,0.060562,0.279711,0.957891,-0.354755,-0.037871,-0.139944,0.301832,-0.057898,-0.020248,-0.317629,0.020446,-0.037927,0.302066,-0.103926,0.000862,0.077955,-0.004054,0.044999,0.021696,0.389242,-0.845188,-0.076866,-0.283673,0.273434,-0.086494,-0.058032,-0.391574,0.868902,-0.015436,0.300823,0.321353,0.105089
0.646448,-4.455468,0.773643,-0.019587,0.056547,0.282834,0.9573,-0.32632,-0.041315,-0.141986,0.273941,-0.044351,-0.015391,-0.294225,0.014106,-0.041001,0.29175,-0.107547,-0.000379,0.083044,0.000229,0.05155,0.015732,0.375701,-0.849734,-0.065561,-0.263863,0.271597,-0.082205,-0.050241,-0.359913,0.838115,0.004243,0.294367,0.314608,0.103689
0.648854,-4.455173,0.774029,-0.017254,0.053646,0.289528,0.955509,-0.310303,-0.048008,-0.153807,0.259033,-0.033045,-0.014031,-0.281956,0.007022,-0.052111,0.295147,-0.115398,-0.001086,0.087419,0.007034,0.058841,0.005727,0.379414,-0.851807,-0.064761,-0.245139,0.272936,-0.088429,-0.044211,-0.334185,0.783034,0.022479,0.302682,0.304203,0.09363
0.65116,-4.454968,0.774163,-0.014988,0.051357,0.296888,0.953413,-0.300173,-0.055862,-0.166659,0.252911,-0.02664,-0.014103,-0.27569,-0.001075,-0.064603,0.308448,-0.127927,-0.001962,0.090562,0.014206,0.064611,0.001456,0.384146,-0.853772,-0.065949,-0.230375,0.269627,-0.097631,-0.051618,-0.308093,0.718828,0.046385,0.313148,0.30225,0.067648
0.653618,-4.454899,0.773953,-0.01257,0.049459,0.304438,0.951164,-0.293207,-0.064329,-0.179236,0.252374,-0.02484,-0.013659,-0.273518,-0.009824,-0.07755,0.329234,-0.144052,-0.003004,0.093477,0.021041,0.069304,0.003503,0.389092,-0.856034,-0.06756,-0.221126,0.265868,-0.109331,-0.074515,-0.286781,0.649482,0.071901,0.318931,0.30877,0.024755
0.656003,-4.455052,0.773777,-0.010011,0.047778,0.311823,0.948885,-0.28828,-0.073003,-0.190723,0.254892,-0.023949,-0.011779,-0.274767,-0.018903,-0.089938,0.355423,-0.159829,-0.006412,0.097015,0.028104,0.07443,0.009122,0.389883,-0.857602,-0.068595,-0.218947,0.257763,-0.119632,-0.109255,-0.270643,0.579921,0.099069,0.325662,0.31844,-0.039168
0.658308,-4.455083,0.773314,-0.007297,0.046687,0.319419,0.946435,-0.285025,-0.08265,-0.201924,0.258293,-0.024095,-0.010407,-0.277815,-0.029239,-0.101847,0.383575,-0.177291,-0.010772,0.099961,0.036546,0.079722,0.017304,0.387279,-0.857855,-0.070027,-0.221199,0.248096,-0.127393,-0.15116,-0.254732,0.505476,0.1236,0.33783,0.331813,-0.119493
0.660128,-4.455402,0.772878,-0.004335,0.046049,0.327191,0.943826,-0.284085,-0.093488,-0.21291,0.262909,-0.023357,-0.009109,-0.283042,-0.041122,-0.113814,0.412667,-0.193027,-0.013155,0.103747,0.04551,0.087466,0.022585,0.385137,-0.859132,-0.072431,-0.223318,0.239878,-0.130626,-0.197423,-0.244153,0.43552,0.141924,0.357883,0.341111,-0.209123
0.662015,-4.45633,0.772275,-0.001506,0.046354,0.334427,0.94128,-0.285967,-0.103643,-0.223191,0.268299,-0.022865,-0.0081,-0.290554,-0.052426,-0.124899,0.440833,-0.206907,-0.01556,0.107747,0.05391,0.096808,0.025756,0.384972,-0.858602,-0.078276,-0.222391,0.232158,-0.128466,-0.248002,-0.235051,0.368278,0.152219,0.381167,0.332513,-0.301336
0.663666,-4.457567,0.771693,0.000756,0.047699,0.341605,0.938632,-0.291176,-0.11326,-0.233313,0.273761,-0.021593,-0.007465,-0.300649,-0.063372,-0.135808,0.467245,-0.217603,-0.01697,0.11181,0.061682,0.107265,0.028928,0.385984,-0.855723,-0.085171,-0.218969,0.223696,-0.122088,-0.302907,-0.234094,0.305946,0.154967,0.396107,0.307229,-0.385392
0.665009,-4.459398,0.771157,0.002689,0.050046,0.347908,0.936188,-0.299464,-0.121937,-0.242006,0.279127,-0.018653,-0.005656,-0.314459,-0.073645,-0.14552,0.493169,-0.224697,-0.01833,0.116441,0.068315,0.119249,0.032208,0.386604,-0.852709,-0.091625,-0.215834,0.21776,-0.114123,-0.359831,-0.240715,0.251194,0.153699,0.399583,0.274603,-0.453601
0.66612,-4.461485,0.770694,0.004282,0.053838,0.353376,0.933921,-0.310467,-0.130277,-0.249296,0.282108,-0.01234,-0.004633,-0.332305,-0.083831,-0.153236,0.518187,-0.228921,-0.019278,0.122091,0.074611,0.131473,0.035683,0.384849,-0.850703,-0.097819,-0.214238,0.213175,-0.106749,-0.413998,-0.246754,0.198506,0.151471,0.394862,0.23715,-0.50714
0.666979,-4.463587,0.769855,0.005512,0.059449,0.358149,0.931753,-0.323045,-0.138058,-0.254956,0.279457,-0.005378,-0.006635,-0.355551,-0.094877,-0.159317,0.544134,-0.234147,-0.017491,0.128258,0.079723,0.141182,0.038865,0.382956,-0.852483,-0.103314,-0.214486,0.209242,-0.102157,-0.463424,-0.253769,0.154295,0.150656,0.380801,0.189586,-0.547435
0.667063,-4.466337,0.76926,0.007179,0.066313,0.36227,0.929683,-0.337351,-0.146656,-0.258805,0.271989,0.008651,-0.006158,-0.384227,-0.107349,-0.162436,0.571663,-0.235344,-0.01637,0.133894,0.081049,0.151625,0.036647,0.382778,-0.855002,-0.108485,-0.213494,0.207921,-0.099475,-0.508471,-0.264711,0.119486,0.157303,0.358756,0.137088,-0.574678
0.667174,-4.469479,0.768374,0.008873,0.074378,0.365536,0.927778,-0.351486,-0.154292,-0.261545,0.258405,0.024262,-0.007835,-0.416229,-0.119507,-0.163374,0.598824,-0.237212,-0.01799,0.138904,0.077738,0.161552,0.030362,0.38604,-0.857533,-0.114245,-0.20897,0.210206,-0.099573,-0.546575,-0.280146,0.094371,0.173846,0.334748,0.092119,-0.591723
0.667234,-4.472995,0.767434,0.010139,0.083275,0.368105,0.925992,-0.365879,-0.159997,-0.262989,0.240278,0.042892,-0.010642,-0.450078,-0.130111,-0.162695,0.623625,-0.238207,-0.019715,0.143331,0.071358,0.170938,0.024187,0.391461,-0.859411,-0.11976,-0.203861,0.211762,-0.100541,-0.577521,-0.298374,0.080286,0.207124,0.314386,0.059352,-0.598578
0.667053,-4.476363,0.766585,0.011168,0.092518,0.370108,0.924303,-0.379151,-0.165077,-0.264308,0.217777,0.06374,-0.012448,-0.483354,-0.139952,-0.161252,0.643976,-0.237382,-0.022902,0.14595,0.064087,0.179126,0.023436,0.394157,-0.861153,-0.122936,-0.201656,0.213966,-0.100447,-0.603369,-0.315259,0.075489,0.263146,0.304621,0.039648,-0.592181
0.66658,-4.479323,0.765614,0.011743,0.101638,0.371922,0.922608,-0.39162,-0.169419,-0.265378,0.193569,0.084926,-0.015567,-0.514408,-0.149101,-0.159795,0.659799,-0.236897,-0.02434,0.146015,0.058935,0.184677,0.024688,0.393668,-0.864966,-0.124808,-0.201132,0.215862,-0.10302,-0.625311,-0.324084,0.077899,0.345921,0.323348,0.043341,-0.569804
0.66582,-4.481905,0.764937,0.011986,0.111774,0.371319,0.921675,-0.404222,-0.171576,-0.261544,0.165566,0.108916,-0.017129,-0.54703,-0.155636,-0.153961,0.671647,-0.233647,-0.023176,0.144948,0.05287,0.185331,0.02841,0.390414,-0.86559,-0.125718,-0.201702,0.216087,-0.105914,-0.657323,-0.323907,0.081578,0.463747,0.375823,0.066762,-0.519244
0.66559,-4.484364,0.764563,0.012022,0.119094,0.37092,0.920918,-0.414485,-0.17229,-0.259443,0.146698,0.128199,-0.01874,-0.569461,-0.158858,-0.1508,0.676795,-0.22982,-0.024863,0.141867,0.045414,0.186619,0.030968,0.390636,-0.865462,-0.128889,-0.203154,0.214727,-0.108236,-0.680659,-0.323789,0.089262,0.566331,0.426259,0.097176,-0.464189
0.665968,-4.48658,0.764266,0.01169,0.123849,0.371022,0.920254,-0.421984,-0.171515,-0.261011,0.135387,0.140314,-0.022112,-0.583006,-0.15948,-0.15087,0.677629,-0.227213,-0.02821,0.138202,0.03857,0.188896,0.031782,0.394076,-0.86353,-0.132169,-0.203688,0.215663,-0.109625,-0.690858,-0.322578,0.100229,0.619061,0.459619,0.121953,-0.436326
0.666438,-4.487953,0.764466,0.011159,0.127613,0.37037,0.920009,-0.428526,-0.170135,-0.259878,0.12858,0.150903,-0.022532,-0.591343,-0.158178,-0.149977,0.673983,-0.223924,-0.03211,0.134615,0.035267,0.189883,0.031841,0.394628,-0.85966,-0.136822,-0.201757,0.218435,-0.11033,-0.703925,-0.321257,0.106367,0.62718,0.477945,0.127394,-0.429039
0.66723,-4.488888,0.764882,0.010366,0.130369,0.369382,0.920029,-0.434339,-0.167882,-0.258122,0.126345,0.157334,-0.021476,-0.594563,-0.155143,-0.149823,0.66585,-0.220248,-0.034387,0.132085,0.034059,0.191592,0.031348,0.394743,-0.854761,-0.142153,-0.197579,0.219963,-0.114145,-0.71683,-0.324063,0.106328,0.588281,0.465255,0.108271,-0.439704
0.66808,-4.489492,0.765486,0.009117,0.131908,0.367932,0.920404,-0.439042,-0.164077,-0.256506,0.128198,0.159501,-0.02027,-0.593834,-0.149865,-0.149869,0.655181,-0.21576,-0.035534,0.131034,0.034404,0.193247,0.029449,0.396346,-0.847206,-0.144982,-0.188221,0.223513,-0.119641,-0.724563,-0.328977,0.099524,0.523532,0.428373,0.086593,-0.463711
0.66897,-4.489854,0.765986,0.007587,0.13274,0.365532,0.921254,-0.443284,-0.158752,-0.253687,0.133321,0.157626,-0.020138,-0.591556,-0.142528,-0.149322,0.643791,-0.210434,-0.037196,0.130572,0.035098,0.195251,0.032387,0.39511,-0.841122,-0.147844,-0.182593,0.225264,-0.124545,-0.730112,-0.332256,0.087787,0.458618,0.387694,0.08166,-0.488987
0.669596,-4.490032,0.76646,0.005996,0.133316,0.362543,0.922363,-0.446684,-0.15277,-0.250159,0.138186,0.15404,-0.020124,-0.589531,-0.134714,-0.147895,0.633045,-0.204691,-0.039277,0.130613,0.034889,0.196025,0.036539,0.392939,-0.838504,-0.148801,-0.18248,0.225718,-0.124732,-0.732719,-0.336122,0.080115,0.413457,0.358295,0.094553,-0.504292
0.669991,-4.490017,0.766842,0.004676,0.133746,0.358702,0.923809,-0.448819,-0.146548,-0.244783,0.14196,0.15011,-0.020555,-0.588191,-0.126738,-0.144502,0.623654,-0.199177,-0.040512,0.131883,0.033148,0.19507,0.039232,0.394729,-0.83951,-0.148304,-0.184203,0.22509,-0.124616,-0.734309,-0.342179,0.080816,0.399497,0.341851,0.115504,-0.51346
0.670402,-4.48979,0.767064,0.003881,0.134226,0.354862,0.925225,-0.449764,-0.141493,-0.239346,0.144285,0.146662,-0.020764,-0.588135,-0.120183,-0.140165,0.617723,-0.194686,-0.043484,0.132155,0.030041,0.191921,0.04067,0.39452,-0.843525,-0.14723,-0.187247,0.225992,-0.12613,-0.74034,-0.342953,0.084268,0.423707,0.340341,0.140363,-0.518686
0.670535,-4.489384,0.76739,0.003342,0.134285,0.350829,0.926755,-0.449285,-0.136704,-0.232799,0.145638,0.143867,-0.020877,-0.588141,-0.114179,-0.134877,0.613686,-0.190497,-0.045675,0.130224,0.027468,0.188446,0.042969,0.39061,-0.845871,-0.146895,-0.191626,0.226251,-0.124625,-0.749653,-0.325006,0.084956,0.465773,0.361527,0.163841,-0.517084
0.67103,-4.489072,0.76749,0.00268,0.134014,0.346826,0.928302,-0.446612,-0.130686,-0.227334,0.144988,0.13943,-0.022942,-0.587527,-0.107352,-0.130024,0.610862,-0.187929,-0.047906,0.128345,0.024287,0.185449,0.04034,0.393524,-0.845429,-0.14596,-0.19146,0.229206,-0.121605,-0.754944,-0.303502,0.087597,0.481572,0.383135,0.16346,-0.516946
0.671547,-4.488743,0.767697,0.0029,0.133395,0.344536,0.929243,-0.444051,-0.128105,-0.223342,0.146248,0.137471,-0.025466,-0.584772,-0.104017,-0.126835,0.608276,-0.187362,-0.050929,0.127477,0.019919,0.184592,0.034756,0.397404,-0.846251,-0.146094,-0.189166,0.231501,-0.124664,-0.754194,-0.302438,0.097113,0.464421,0.378061,0.142137,-0.52496
0.671935,-4.488176,0.767831,0.003042,0.132428,0.343559,0.929743,-0.440699,-0.126922,-0.221609,0.146877,0.134882,-0.025171,-0.580963,-0.102364,-0.125368,0.606537,-0.187961,-0.051617,0.127048,0.018323,0.183393,0.031207,0.399937,-0.84585,-0.143387,-0.186499,0.232545,-0.127752,-0.748871,-0.306106,0.099171,0.440259,0.362462,0.12805,-0.539047
0.672417,-4.487611,0.767969,0.002852,0.131205,0.343441,0.92996,-0.437161,-0.125747,-0.221778,0.147583,0.131445,-0.024324,-0.576034,-0.101041,-0.125886,0.604419,-0.189433,-0.05078,0.124812,0.018312,0.180686,0.033101,0.39933,-0.845442,-0.139501,-0.186428,0.232877,-0.128803,-0.743877,-0.302417,0.091768,0.433393,0.356261,0.134197,-0.55042
0.672725,-4.487039,0.768059,0.002564,0.129701,0.343446,0.93017,-0.434091,-0.124582,-0.222226,0.149919,0.12773,-0.025113,-0.570457,-0.099632,-0.126872,0.601864,-0.190548,-0.050199,0.121873,0.018695,0.176649,0.037869,0.398017,-0.846287,-0.135404,-0.190143,0.2318,-0.127856,-0.741442,-0.297719,0.086469,0.446117,0.359558,0.150706,-0.552693
0.672997,-4.48653,0.768116,0.002306,0.128227,0.343326,0.930419,-0.431159,-0.123375,-0.222626,0.152401,0.122947,-0.025419,-0.564453,-0.097846,-0.127337,0.598066,-0.191976,-0.050066,0.119472,0.019332,0.173174,0.040142,0.397918,-0.849111,-0.133079,-0.195407,0.229624,-0.124702,-0.738121,-0.292704,0.086329,0.458812,0.367189,0.164184,-0.549811
0.673263,-4.486122,0.768286,0.001932,0.126723,0.343186,0.930678,-0.427728,-0.121597,-0.223143,0.153765,0.118892,-0.025263,-0.55792,-0.095657,-0.127958,0.593096,-0.192682,-0.049331,0.120298,0.020409,0.171003,0.035844,0.400577,-0.85257,-0.132449,-0.198203,0.226888,-0.12162,-0.730967,-0.295426,0.091222,0.453452,0.365258,0.162739,-0.54788
0.67351,-4.485758,0.768638,0.001411,0.125386,0.343398,0.930781,-0.424048,-0.119819,-0.224405,0.153062,0.117032,-0.024579,-0.550147,-0.093493,-0.129431,0.584838,-0.192159,-0.049278,0.123174,0.022756,0.169938,0.029424,0.400893,-0.856182,-0.132087,-0.199683,0.223789,-0.119807,-0.720851,-0.303912,0.095621,0.435331,0.355032,0.156621,-0.549969
0.673695,-4.485356,0.769034,0.000691,0.12431,0.343545,0.930873,-0.420202,-0.117743,-0.225832,0.150414,0.11651,-0.023293,-0.541452,-0.090935,-0.130865,0.57315,-0.191192,-0.047652,0.126177,0.026499,0.168377,0.027013,0.397947,-0.855716,-0.127894,-0.201187,0.220878,-0.113054,-0.709232,-0.303675,0.092676,0.418318,0.355932,0.162968,-0.55649
0.673855,-4.485147,0.769422,-0.00022,0.123362,0.34348,0.931023,-0.416878,-0.114896,-0.227079,0.147588,0.116536,-0.023177,-0.533986,-0.087866,-0.132346,0.562252,-0.189277,-0.045237,0.127739,0.030504,0.166763,0.029158,0.392714,-0.852082,-0.123691,-0.202419,0.220517,-0.108275,-0.698447,-0.288326,0.083937,0.40741,0.377007,0.180635,-0.565455
0.674044,-4.485124,0.769694,-0.000984,0.122444,0.343374,0.931183,-0.414319,-0.112245,-0.227933,0.146042,0.116207,-0.023574,-0.52782,-0.084862,-0.133823,0.553439,-0.187006,-0.045208,0.12799,0.032444,0.165005,0.032648,0.387094,-0.848181,-0.12067,-0.205656,0.219492,-0.102892,-0.688825,-0.275425,0.082334,0.394353,0.399968,0.194476,-0.576091
0.673989,-4.485045,0.769877,-0.001429,0.121485,0.34364,0.931209,-0.412842,-0.111118,-0.228916,0.146441,0.116245,-0.023267,-0.522996,-0.083355,-0.135288,0.547732,-0.185359,-0.045774,0.12812,0.034092,0.163846,0.031787,0.387733,-0.846563,-0.119314,-0.205418,0.222255,-0.099197,-0.678633,-0.277335,0.091883,0.371722,0.406548,0.195428,-0.589608
0.673897,-4.48502,0.770058,-0.00152,0.120758,0.344195,0.931099,-0.412389,-0.111285,-0.230164,0.148152,0.116174,-0.023068,-0.520358,-0.083419,-0.136745,0.546125,-0.184739,-0.04584,0.128483,0.035487,0.163909,0.02909,0.390535,-0.847416,-0.119028,-0.203641,0.223692,-0.099981,-0.667716,-0.287381,0.106189,0.345885,0.402641,0.191416,-0.600638
0.673717,-4.484886,0.770024,-0.001223,0.120219,0.34479,0.930949,-0.412202,-0.112552,-0.230738,0.150067,0.115864,-0.022892,-0.519821,-0.084785,-0.137509,0.547996,-0.185386,-0.045753,0.127878,0.037202,0.163974,0.029094,0.392141,-0.848225,-0.11868,-0.201641,0.222453,-0.104761,-0.659971,-0.291815,0.112412,0.327401,0.400504,0.191526,-0.608359
0.673581,-4.484788,0.76988,-0.000805,0.11984,0.345418,0.930765,-0.41154,-0.113963,-0.231553,0.15062,0.115588,-0.023596,-0.520911,-0.086668,-0.138133,0.55299,-0.187324,-0.046039,0.126072,0.037989,0.163172,0.032083,0.390779,-0.848423,-0.117532,-0.20239,0.220517,-0.110212,-0.654356,-0.294917,0.116164,0.319387,0.397513,0.193531,-0.609686
0.673439,-4.484464,0.769652,-0.000159,0.119468,0.345999,0.930598,-0.409783,-0.115881,-0.232007,0.149581,0.115533,-0.023829,-0.522357,-0.089192,-0.138151,0.559144,-0.189867,-0.046725,0.123655,0.037559,0.161292,0.035288,0.387521,-0.848443,-0.115281,-0.206431,0.21518,-0.111626,-0.649166,-0.295604,0.118742,0.321128,0.396288,0.197296,-0.607249
0.673602,-4.484122,0.76954,0.000667,0.118896,0.346627,0.930437,-0.407638,-0.117911,-0.232345,0.149578,0.116066,-0.024513,-0.522579,-0.091787,-0.13823,0.565218,-0.193288,-0.046624,0.121553,0.036991,0.158169,0.034696,0.389233,-0.848831,-0.112846,-0.206298,0.215137,-0.11453,-0.642621,-0.292458,0.119747,0.329756,0.39919,0.20209,-0.603038
0.673983,-4.483675,0.769487,0.001603,0.118065,0.347451,0.930234,-0.404559,-0.120128,-0.233091,0.149753,0.116067,-0.02448,-0.520944,-0.094427,-0.13872,0.56967,-0.195963,-0.045929,0.119871,0.035818,0.154318,0.032842,0.388759,-0.849768,-0.110378,-0.206485,0.216356,-0.113671,-0.633834,-0.287248,0.120273,0.339031,0.403294,0.204921,-0.598826
0.674573,-4.483034,0.769509,0.002446,0.116826,0.348385,0.93004,-0.400178,-0.12196,-0.234307,0.149768,0.11526,-0.024238,-0.517393,-0.096661,-0.139731,0.572965,-0.19852,-0.046055,0.118748,0.03494,0.150414,0.030295,0.389476,-0.85041,-0.107601,-0.206854,0.21826,-0.108006,-0.622502,-0.284921,0.123277,0.344186,0.405988,0.206982,-0.595514
0.675338,-4.482181,0.769652,0.003153,0.115164,0.349839,0.929699,-0.394562,-0.123733,-0.236616,0.1496,0.113462,-0.02346,-0.510909,-0.098858,-0.14208,0.573635,-0.201779,-0.045449,0.118602,0.03431,0.14538,0.027715,0.388875,-0.851124,-0.104153,-0.208303,0.218795,-0.10419,-0.606677,-0.289017,0.130597,0.344797,0.406472,0.21265,-0.595472
0.676324,-4.481232,0.769781,0.004126,0.112829,0.35183,0.92923,-0.387929,-0.126107,-0.239653,0.151177,0.111173,-0.023539,-0.501977,-0.101654,-0.145408,0.574453,-0.206373,-0.043744,0.118605,0.034358,0.138,0.024798,0.388775,-0.850452,-0.096824,-0.209114,0.220847,-0.101185,-0.58527,-0.299139,0.144278,0.340179,0.414181,0.235104,-0.599424
0.677746,-4.480042,0.769998,0.005122,0.109425,0.353675,0.928932,-0.378366,-0.127464,-0.242954,0.153601,0.106753,-0.023116,-0.490186,-0.103248,-0.149031,0.575356,-0.21043,-0.044091,0.119577,0.035429,0.128452,0.020308,0.390863,-0.847645,-0.089436,-0.206811,0.229035,-0.10288,-0.563632,-0.320729,0.166754,0.334078,0.426422,0.280008,-0.605298
0.679349,-4.478618,0.770255,0.006398,0.104992,0.35654,0.92834,-0.366123,-0.129512,-0.248095,0.155957,0.101615,-0.023466,-0.474936,-0.105841,-0.154417,0.576602,-0.216629,-0.044424,0.120427,0.039332,0.117267,0.016554,0.389326,-0.840957,-0.08071,-0.203516,0.242352,-0.110975,-0.543356,-0.351215,0.193527,0.325743,0.43537,0.337903,-0.605606
0.681383,-4.476737,0.770383,0.00828,0.100465,0.360662,0.927233,-0.352414,-0.13389,-0.255131,0.157757,0.096902,-0.023416,-0.457432,-0.110977,-0.161405,0.578096,-0.22595,-0.043185,0.121157,0.045161,0.106102,0.01466,0.383393,-0.826228,-0.071133,-0.200483,0.261131,-0.12392,-0.522576,-0.385283,0.223667,0.311767,0.437499,0.399196,-0.593019
0.682539,-4.474002,0.770562,0.010712,0.09555,0.366106,0.925593,-0.338613,-0.142205,-0.263244,0.1607,0.094497,-0.019833,-0.438007,-0.120067,-0.169674,0.579465,-0.235727,-0.038036,0.121631,0.055139,0.095765,0.018843,0.367995,-0.799591,-0.062692,-0.19803,0.288222,-0.142663,-0.502413,-0.417084,0.254654,0.295834,0.433566,0.456796,-0.566896
0.684052,-4.47158,0.770719,0.013398,0.090515,0.371345,0.923975,-0.32377,-0.149833,-0.271611,0.163035,0.091286,-0.017637,-0.418555,-0.128546,-0.17786,0.582047,-0.24581,-0.033926,0.1246,0.066565,0.086097,0.031396,0.348332,-0.758061,-0.061286,-0.195925,0.324869,-0.162432,-0.482965,-0.437966,0.284895,0.27676,0.426709,0.505257,-0.529313
0.68551,-4.468966,0.770738,0.016557,0.08606,0.376456,0.92228,-0.309666,-0.158963,-0.279858,0.165322,0.087791,-0.015741,-0.399735,-0.138293,-0.185349,0.584428,-0.25688,-0.030029,0.130608,0.078322,0.075314,0.047993,0.330557,-0.70563,-0.069591,-0.189511,0.371466,-0.173806,-0.46471,-0.450449,0.316427,0.255437,0.413222,0.539868,-0.478375
0.687125,-4.466384,0.77081,0.020171,0.079993,0.379305,0.921587,-0.292134,-0.165653,-0.283443,0.170301,0.081921,-0.012021,-0.377665,-0.144873,-0.189598,0.586531,-0.266341,-0.026495,0.137133,0.091782,0.0668,0.083437,0.29311,-0.635548,-0.088647,-0.198351,0.42425,-0.168172,-0.44664,-0.449809,0.350891,0.229683,0.391193,0.56307,-0.411362
0.688374,-4.464669,0.770734,0.023034,0.076533,0.383864,0.919924,-0.281619,-0.173523,-0.291574,0.173229,0.078787,-0.013193,-0.364762,-0.153813,-0.196487,0.592202,-0.274609,-0.025221,0.156166,0.097087,0.057172,0.120549,0.246791,-0.578289,-0.116469,-0.241598,0.453708,-0.139933,-0.437322,-0.432048,0.36742,0.212368,0.385863,0.566236,-0.361542
0.689416,-4.46237,0.770829,0.026569,0.071715,0.386064,0.919296,-0.269127,-0.181086,-0.292747,0.181103,0.072639,-0.007293,-0.347377,-0.160674,-0.198656,0.59553,-0.282383,-0.021893,0.170194,0.106336,0.045332,0.15987,0.185102,-0.521716,-0.161859,-0.321502,0.476297,-0.075764,-0.427409,-0.404563,0.392798,0.188393,0.376643,0.554348,-0.306353
0.690361,-4.461164,0.770955,0.029459,0.067032,0.389219,0.91823,-0.259276,-0.187277,-0.296537,0.189876,0.067611,-0.00606,-0.331112,-0.166266,-0.203677,0.597242,-0.28837,-0.019967,0.190052,0.113547,0.032213,0.173032,0.142734,-0.475417,-0.216462,-0.398784,0.472243,-0.002909,-0.425002,-0.375736,0.415863,0.16401,0.374433,0.533957,-0.263204
0.691752,-4.460065,0.770661,0.03161,0.063564,0.392613,0.91696,-0.251594,-0.192277,-0.301828,0.197841,0.059553,-0.005623,-0.315562,-0.170307,-0.209249,0.59548,-0.296808,-0.015899,0.212413,0.118736,0.015286,0.162157,0.12807,-0.429741,-0.271328,-0.458669,0.453382,0.06765,-0.432264,-0.353591,0.43794,0.137509,0.367748,0.50896,-0.230374
0.692854,-4.459963,0.770666,0.03281,0.059889,0.396313,0.915572,-0.246174,-0.194735,-0.307422,0.207079,0.051943,-0.005422,-0.301042,-0.171616,-0.216703,0.592596,-0.300669,-0.013293,0.236327,0.124086,-0.001479,0.131524,0.134919,-0.379161,-0.317742,-0.497982,0.435192,0.12973,-0.447456,-0.335853,0.457159,0.112679,0.358921,0.482564,-0.205875
0.693886,-4.460176,0.770668,0.033395,0.056376,0.40066,0.913881,-0.242575,-0.196124,-0.312129,0.217328,0.042596,-0.00371,-0.28532,-0.171537,-0.226488,0.585277,-0.303896,-0.010403,0.258057,0.128238,-0.018808,0.086441,0.160313,-0.316052,-0.344503,-0.521715,0.422897,0.193645,-0.470026,-0.320625,0.477325,0.091732,0.351972,0.461615,-0.189366
0.695135,-4.460455,0.770534,0.033372,0.053114,0.405538,0.911923,-0.239761,-0.194791,-0.314679,0.227052,0.031874,-0.003603,-0.26967,-0.170194,-0.237612,0.576664,-0.306637,-0.007186,0.27663,0.131019,-0.034732,0.034765,0.19406,-0.24767,-0.349678,-0.540206,0.413422,0.265336,-0.501123,-0.303214,0.497108,0.076814,0.348672,0.440996,-0.182206
0.696075,-4.460839,0.770549,0.033255,0.050049,0.410069,0.910073,-0.237216,-0.192855,-0.316801,0.235493,0.022039,-0.002876,-0.254737,-0.16832,-0.248095,0.566803,-0.307687,-0.004521,0.290345,0.132615,-0.047726,-0.016512,0.228996,-0.180336,-0.332585,-0.560032,0.397962,0.35342,-0.539832,-0.280092,0.51835,0.069845,0.350625,0.418738,-0.18266
0.69708,-4.461342,0.770478,0.033146,0.047188,0.414388,0.908272,-0.233898,-0.190469,-0.319494,0.24102,0.014717,-0.003287,-0.240891,-0.166153,-0.258173,0.557691,-0.30925,-0.002836,0.301009,0.132814,-0.059009,-0.066007,0.257557,-0.120653,-0.291522,-0.586488,0.375418,0.456532,-0.584615,-0.254705,0.541489,0.073212,0.355217,0.398195,-0.187038
0.697905,-4.461798,0.770365,0.033186,0.04466,0.418516,0.906503,-0.229645,-0.188244,-0.321912,0.242934,0.010014,-0.005335,-0.228214,-0.164583,-0.267681,0.549135,-0.311114,-0.001168,0.310295,0.13281,-0.06845,-0.111246,0.276619,-0.073102,-0.228436,-0.61957,0.351651,0.561951,-0.630871,-0.227026,0.563929,0.086654,0.361481,0.377082,-0.191799
0.698668,-4.462237,0.770327,0.033403,0.042608,0.42257,0.904712,-0.225527,-0.186526,-0.324546,0.242744,0.008241,-0.008356,-0.216761,-0.163767,-0.276646,0.541076,-0.312801,0.000257,0.319547,0.131511,-0.076162,-0.149653,0.283232,-0.040715,-0.148034,-0.658807,0.328882,0.66012,-0.67544,-0.199614,0.585323,0.109767,0.368671,0.358367,-0.19471
0.698911,-4.462712,0.770614,0.033902,0.040872,0.426268,0.903037,-0.221913,-0.186096,-0.327107,0.241493,0.009145,-0.01014,-0.206016,-0.16395,-0.284647,0.531657,-0.312953,0.002083,0.330265,0.12685,-0.082849,-0.181492,0.267269,-0.019862,-0.056815,-0.70822,0.30569,0.746081,-0.716098,-0.173061,0.602677,0.141548,0.375538,0.344927,-0.194771
0.699113,-4.463052,0.77082,0.034151,0.039695,0.429687,0.901458,-0.219256,-0.185783,-0.32997,0.239593,0.010433,-0.012135,-0.196781,-0.163993,-0.292171,0.522183,-0.312887,0.003736,0.342949,0.121877,-0.088385,-0.207248,0.239464,-0.007694,0.034419,-0.754865,0.27967,0.807713,-0.751145,-0.14675,0.614833,0.181032,0.383911,0.338197,-0.187666
0.698948,-4.463492,0.771002,0.034088,0.038923,0.432582,0.900109,-0.218446,-0.185494,-0.332667,0.238284,0.011674,-0.014824,-0.189127,-0.163574,-0.29879,0.511875,-0.312636,0.006619,0.357829,0.117498,-0.092354,-0.226435,0.213478,0.000285,0.115716,-0.779187,0.242665,0.850269,-0.780256,-0.1201,0.623897,0.230331,0.3964,0.342706,-0.170736
0.698731,-4.46397,0.771282,0.0336,0.0384,0.434842,0.89906,-0.219252,-0.184808,-0.335211,0.23859,0.013555,-0.016564,-0.182231,-0.161772,-0.30419,0.500223,-0.310005,0.00929,0.371332,0.112566,-0.095142,-0.237741,0.192957,0.005486,0.186018,-0.782442,0.201351,0.875431,-0.810111,-0.096219,0.638095,0.291241,0.410029,0.35988,-0.143997
0.698378,-4.464252,0.771702,0.032617,0.038184,0.435951,0.898568,-0.220757,-0.183208,-0.337636,0.239393,0.013475,-0.017963,-0.175794,-0.158389,-0.307869,0.48576,-0.305621,0.012399,0.384624,0.104883,-0.097417,-0.241262,0.171037,0.01276,0.243819,-0.788558,0.16959,0.88291,-0.842624,-0.075161,0.661638,0.362792,0.421961,0.385607,-0.113649
0.698012,-4.464286,0.772141,0.031218,0.038067,0.435723,0.898733,-0.222154,-0.180926,-0.340259,0.240293,0.011927,-0.018095,-0.17015,-0.153423,-0.309237,0.470415,-0.299327,0.014486,0.397642,0.095433,-0.099776,-0.239444,0.14708,0.024792,0.287617,-0.808059,0.153226,0.880098,-0.87689,-0.056849,0.696804,0.443077,0.431564,0.414789,-0.076763
0.697483,-4.464006,0.772529,0.029508,0.038121,0.43423,0.899511,-0.223358,-0.178203,-0.342531,0.240899,0.00879,-0.018079,-0.165789,-0.147442,-0.307814,0.454961,-0.292155,0.015297,0.410922,0.087003,-0.101311,-0.234849,0.129502,0.035998,0.316388,-0.835581,0.153341,0.870541,-0.910827,-0.041407,0.741237,0.523721,0.437549,0.431939,-0.032492
0.696902,-4.463495,0.772843,0.027615,0.038075,0.431494,0.900889,-0.224607,-0.174874,-0.343701,0.242552,0.004884,-0.018563,-0.162614,-0.1407,-0.304237,0.441249,-0.285372,0.015548,0.424359,0.081348,-0.101016,-0.23003,0.129234,0.043692,0.329547,-0.852757,0.161996,0.859752,-0.940362,-0.029227,0.791486,0.598645,0.439787,0.434348,0.020893
0.696263,-4.462739,0.773072,0.025576,0.037561,0.428115,0.902581,-0.22568,-0.171074,-0.343612,0.246365,-0.001088,-0.018445,-0.159376,-0.133206,-0.299423,0.428919,-0.27881,0.016246,0.436188,0.078103,-0.098865,-0.224555,0.140026,0.044611,0.328435,-0.863295,0.182514,0.848026,-0.962021,-0.017642,0.832239,0.661484,0.439284,0.426248,0.075767
0.695759,-4.461552,0.773215,0.02355,0.036226,0.424633,0.904334,-0.226152,-0.167437,-0.343577,0.253864,-0.009213,-0.017483,-0.154343,-0.125221,-0.293992,0.417503,-0.272217,0.015773,0.447327,0.074668,-0.095864,-0.219084,0.157474,0.041819,0.31178,-0.867088,0.212962,0.833805,-0.977573,-0.00889,0.856591,0.708537,0.432809,0.410736,0.117863
0.695278,-4.460071,0.773318,0.021266,0.034197,0.421406,0.905978,-0.226895,-0.163449,-0.341929,0.265235,-0.019532,-0.016497,-0.147429,-0.116543,-0.289314,0.406046,-0.266365,0.015974,0.455665,0.071908,-0.090726,-0.2119,0.182265,0.03317,0.280452,-0.858323,0.243452,0.822303,-0.986554,-0.001038,0.860168,0.737837,0.422693,0.391779,0.13955
0.69505,-4.458439,0.77315,0.018584,0.031338,0.418287,0.907584,-0.22758,-0.158173,-0.34081,0.280463,-0.033479,-0.016122,-0.139183,-0.106421,-0.285265,0.395768,-0.260927,0.0161,0.461682,0.068035,-0.083849,-0.204901,0.21675,0.022064,0.235206,-0.835476,0.26226,0.821074,-0.984137,0.007439,0.843844,0.746658,0.415855,0.373053,0.136417
0.694839,-4.456706,0.773063,0.015688,0.027645,0.415149,0.909198,-0.228035,-0.152372,-0.339965,0.299032,-0.049404,-0.015751,-0.130475,-0.095683,-0.281466,0.388126,-0.255708,0.01594,0.464875,0.060714,-0.076686,-0.198743,0.257391,0.008167,0.179906,-0.810421,0.275197,0.824828,-0.974541,0.015185,0.819737,0.736398,0.417731,0.357388,0.107663
0.694483,-4.454793,0.772884,0.012672,0.023737,0.411364,0.911074,-0.228244,-0.145943,-0.338063,0.318253,-0.066612,-0.016539,-0.122547,-0.084745,-0.276355,0.382131,-0.250867,0.014343,0.466645,0.050495,-0.071028,-0.192731,0.304164,-0.003419,0.119438,-0.788766,0.287286,0.829737,-0.967936,0.017706,0.800588,0.709603,0.422523,0.342301,0.064525
0.694171,-4.453108,0.772555,0.009495,0.019912,0.40693,0.913193,-0.228265,-0.138235,-0.335645,0.33657,-0.08397,-0.019512,-0.116691,-0.073395,-0.270215,0.378996,-0.246783,0.011891,0.466068,0.03949,-0.066391,-0.188848,0.350676,-0.013004,0.062049,-0.778456,0.305423,0.833235,-0.968512,0.012336,0.789643,0.669939,0.422963,0.325035,0.020119
0.693372,-4.451482,0.772261,0.00643,0.016661,0.401951,0.915487,-0.229117,-0.130546,-0.329662,0.353065,-0.100027,-0.022202,-0.113845,-0.063368,-0.262849,0.378062,-0.243448,0.008811,0.464463,0.0298,-0.060875,-0.189615,0.393314,-0.019475,0.00961,-0.781202,0.330495,0.834651,-0.973336,0.000968,0.779417,0.623792,0.417142,0.310809,-0.013318
0.691923,-4.450198,0.771897,0.003617,0.014095,0.39868,0.916975,-0.229965,-0.124201,-0.326575,0.363566,-0.11027,-0.027048,-0.115019,-0.057134,-0.258713,0.381019,-0.240339,0.008213,0.459475,0.024845,-0.056584,-0.19854,0.422652,-0.026541,-0.02813,-0.78847,0.347968,0.83417,-0.977326,-0.00552,0.75778,0.587928,0.415833,0.30202,-0.030816
0.690031,-4.448744,0.771779,0.001092,0.011901,0.392997,0.919462,-0.231706,-0.117081,-0.317516,0.374934,-0.120775,-0.028832,-0.117034,-0.050228,-0.248676,0.382903,-0.236528,0.006851,0.453821,0.019003,-0.051432,-0.216346,0.449371,-0.037494,-0.065221,-0.797785,0.362806,0.835114,-0.975449,-0.008705,0.729286,0.54874,0.421488,0.297073,-0.042394
0.68798,-4.447088,0.771632,-0.001437,0.01015,0.386082,0.922407,-0.234728,-0.109971,-0.305842,0.387455,-0.129802,-0.028888,-0.119143,-0.042964,-0.236209,0.382095,-0.232264,0.00639,0.447317,0.012696,-0.048475,-0.241738,0.476367,-0.05548,-0.099204,-0.801211,0.370758,0.835209,-0.975083,-0.014842,0.69773,0.507144,0.429481,0.292721,-0.052606
0.68575,-4.445453,0.771548,-0.004052,0.00861,0.378877,0.925398,-0.239317,-0.103184,-0.293768,0.401497,-0.136346,-0.027642,-0.120694,-0.035384,-0.223568,0.378489,-0.226528,0.006354,0.438133,0.005257,-0.048006,-0.276077,0.498527,-0.078099,-0.131586,-0.794846,0.367189,0.834723,-0.979356,-0.030301,0.664635,0.462922,0.431789,0.286368,-0.064707
0.683089,-4.443698,0.771553,-0.006793,0.007277,0.371583,0.928346,-0.2451,-0.09697,-0.281451,0.415863,-0.141768,-0.025002,-0.12238,-0.027946,-0.210418,0.373149,-0.219591,0.005885,0.425933,-0.001537,-0.048028,-0.319538,0.512342,-0.103556,-0.162261,-0.7745,0.35265,0.831676,-0.985294,-0.052735,0.627007,0.415218,0.428057,0.278157,-0.080307
0.67998,-4.44176,0.771436,-0.009548,0.005787,0.363976,0.931341,-0.250923,-0.090901,-0.268674,0.430262,-0.146998,-0.023514,-0.124355,-0.020961,-0.196771,0.368353,-0.212501,0.00624,0.411119,-0.008362,-0.047312,-0.371307,0.511764,-0.128285,-0.189367,-0.747737,0.335814,0.825359,-0.989023,-0.08379,0.582194,0.361484,0.417921,0.267532,-0.102233
0.676557,-4.439662,0.771141,-0.012371,0.004306,0.356468,0.934216,-0.256003,-0.084464,-0.256065,0.443328,-0.154629,-0.024771,-0.127528,-0.014621,-0.183372,0.365647,-0.206462,0.007277,0.392785,-0.014891,-0.046013,-0.427752,0.496809,-0.156408,-0.208634,-0.726358,0.325368,0.817758,-0.988764,-0.124422,0.534237,0.306235,0.402647,0.25936,-0.132702
0.672915,-4.437403,0.770873,-0.015051,0.002653,0.349147,0.936943,-0.26054,-0.078514,-0.243648,0.455515,-0.161087,-0.024538,-0.13191,-0.009084,-0.17008,0.366448,-0.20129,0.007478,0.370142,-0.019357,-0.043129,-0.486116,0.472265,-0.184622,-0.218162,-0.709093,0.321185,0.812892,-0.980828,-0.166387,0.483234,0.254866,0.390189,0.25806,-0.16905
0.66908,-4.434814,0.770461,-0.017359,0.000895,0.341614,0.93968,-0.263306,-0.073236,-0.230683,0.465217,-0.16728,-0.024412,-0.137894,-0.005026,-0.156424,0.371636,-0.197737,0.007711,0.341802,-0.022195,-0.039969,-0.540915,0.446515,-0.215903,-0.217005,-0.694387,0.323099,0.807932,-0.966283,-0.206582,0.436061,0.212477,0.386565,0.260847,-0.208221
0.665333,-4.431983,0.77006,-0.019195,-0.000754,0.333662,0.942497,-0.263456,-0.068288,-0.216931,0.471156,-0.17325,-0.0237,-0.145643,-0.002114,-0.141677,0.381035,-0.19583,0.007732,0.307881,-0.02581,-0.037687,-0.588947,0.420697,-0.250225,-0.204503,-0.688631,0.335282,0.797969,-0.950462,-0.244812,0.39178,0.179925,0.38734,0.261238,-0.247866
0.661665,-4.428927,0.769815,-0.02069,-0.0022,0.324908,0.945517,-0.26112,-0.063297,-0.201655,0.472254,-0.177693,-0.022579,-0.154883,0.000364,-0.125122,0.392826,-0.193514,0.007247,0.267603,-0.031162,-0.035706,-0.629884,0.390951,-0.28565,-0.184908,-0.681356,0.339395,0.789128,-0.937641,-0.281394,0.350886,0.158694,0.383737,0.257409,-0.285264
0.658237,-4.425623,0.769726,-0.021281,-0.003139,0.315663,0.948627,-0.256762,-0.059997,-0.184856,0.469492,-0.179486,-0.020508,-0.164745,0.000951,-0.107259,0.405367,-0.191113,0.006622,0.224548,-0.037795,-0.034794,-0.664324,0.361266,-0.321857,-0.160323,-0.667978,0.326099,0.784614,-0.926415,-0.317349,0.314498,0.150496,0.37528,0.251617,-0.318895
0.655032,-4.42214,0.769739,-0.021462,-0.003723,0.305492,0.951945,-0.250532,-0.056892,-0.165772,0.462589,-0.17987,-0.017007,-0.174879,0.001343,-0.087629,0.417228,-0.188354,0.007233,0.181317,-0.044703,-0.034508,-0.691823,0.330013,-0.357115,-0.130105,-0.656556,0.307329,0.777056,-0.915954,-0.345651,0.28067,0.15413,0.367311,0.247121,-0.346496
0.651876,-4.418801,0.769777,-0.021272,-0.004206,0.294239,0.955486,-0.242902,-0.053235,-0.144552,0.453009,-0.179028,-0.015925,-0.185579,0.002129,-0.066198,0.428814,-0.185044,0.00889,0.138773,-0.052949,-0.034136,-0.712937,0.292431,-0.390772,-0.094141,-0.646263,0.282166,0.764131,-0.909397,-0.374336,0.253606,0.166394,0.354139,0.241734,-0.370011
0.649002,-4.415415,0.769816,-0.021016,-0.004539,0.282025,0.959166,-0.234825,-0.048849,-0.12171,0.442799,-0.178138,-0.017044,-0.196712,0.003938,-0.042678,0.440182,-0.181415,0.012393,0.101257,-0.060622,-0.033868,-0.728459,0.249308,-0.421205,-0.052774,-0.632394,0.254145,0.730218,-0.90389,-0.402623,0.234189,0.187603,0.336342,0.237032,-0.389263
0.646449,-4.412168,0.769749,-0.020624,-0.004957,0.268392,0.963076,-0.228129,-0.04379,-0.096232,0.436829,-0.178283,-0.015576,-0.207269,0.00767,-0.016191,0.450538,-0.177674,0.013615,0.070204,-0.066547,-0.032318,-0.739908,0.205913,-0.442696,-0.007915,-0.61099,0.218145,0.684011,-0.895993,-0.417771,0.220703,0.215987,0.329557,0.237142,-0.399328
0.644247,-4.409071,0.769525,-0.020512,-0.005681,0.254018,0.966965,-0.22397,-0.037704,-0.070034,0.437913,-0.181176,-0.013522,-0.215324,0.013462,0.010495,0.456873,-0.17432,0.015974,0.044241,-0.0703,-0.030682,-0.748005,0.169477,-0.456858,0.045854,-0.588862,0.180672,0.636036,-0.887039,-0.423333,0.21206,0.246211,0.329392,0.234316,-0.402704
0.642297,-4.406254,0.769117,-0.020875,-0.006771,0.23976,0.970584,-0.222493,-0.030299,-0.044493,0.445835,-0.187175,-0.011748,-0.220341,0.021229,0.036164,0.458921,-0.171003,0.017573,0.022944,-0.071609,-0.028931,-0.757106,0.142513,-0.462585,0.108565,-0.568888,0.148026,0.593933,-0.878104,-0.42615,0.208925,0.275943,0.326221,0.221938,-0.404844
0.640531,-4.403746,0.768723,-0.021636,-0.008178,0.225187,0.974041,-0.22234,-0.020913,-0.01888,0.458044,-0.195193,-0.00967,-0.222305,0.030695,0.061562,0.455772,-0.166757,0.019231,0.006727,-0.070362,-0.027508,-0.766721,0.124225,-0.460624,0.177218,-0.554876,0.12771,0.55883,-0.870561,-0.423619,0.211981,0.307735,0.322689,0.205627,-0.405132
0.639306,-4.401405,0.768425,-0.02261,-0.009364,0.210547,0.977277,-0.221263,-0.010226,0.006971,0.468997,-0.203364,-0.008241,-0.222071,0.040947,0.086729,0.448379,-0.161476,0.020531,-0.005358,-0.066736,-0.027231,-0.776842,0.114215,-0.453074,0.248905,-0.544746,0.119038,0.53069,-0.865821,-0.413663,0.219723,0.34121,0.32313,0.191787,-0.400427
0.63828,-4.399413,0.768229,-0.02349,-0.009946,0.196221,0.980228,-0.218331,0.000437,0.032086,0.473675,-0.209468,-0.008522,-0.22133,0.050515,0.110617,0.43796,-0.155425,0.022208,-0.013581,-0.062978,-0.028037,-0.78692,0.108731,-0.440708,0.32109,-0.540127,0.120514,0.504411,-0.864651,-0.401708,0.230835,0.374455,0.322447,0.176815,-0.39258
0.637211,-4.397744,0.768468,-0.023974,-0.009652,0.183123,0.98275,-0.213765,0.009322,0.055966,0.470446,-0.210942,-0.009315,-0.221158,0.058022,0.132917,0.425334,-0.147458,0.025011,-0.018224,-0.060318,-0.029328,-0.796729,0.106589,-0.426839,0.38817,-0.537196,0.12556,0.475506,-0.866169,-0.391087,0.244725,0.408753,0.318028,0.160559,-0.385616
0.636251,-4.396604,0.768943,-0.024107,-0.008378,0.171307,0.984887,-0.207984,0.016354,0.077494,0.459334,-0.208283,-0.010871,-0.222113,0.06397,0.15315,0.411755,-0.137755,0.025442,-0.020184,-0.057882,-0.03117,-0.806071,0.109674,-0.413936,0.445163,-0.531771,0.128591,0.446541,-0.868428,-0.379747,0.261573,0.444505,0.314058,0.142419,-0.376821
0.63521,-4.3958,0.769573,-0.023822,-0.00663,0.161218,0.986609,-0.202246,0.021034,0.096761,0.444207,-0.202559,-0.011673,-0.223185,0.067696,0.170819,0.397119,-0.12824,0.025661,-0.0215,-0.056366,-0.033687,-0.81394,0.119049,-0.404401,0.492544,-0.522245,0.131905,0.416915,-0.874395,-0.377048,0.284897,0.483254,0.303591,0.124857,-0.368316
0.634397,-4.395122,0.770223,-0.023722,-0.004439,0.153299,0.987885,-0.1978,0.02428,0.111725,0.42855,-0.196034,-0.011868,-0.224652,0.069917,0.184404,0.383135,-0.118942,0.027166,-0.023706,-0.054131,-0.034913,-0.816278,0.125036,-0.394708,0.529644,-0.514969,0.135743,0.384565,-0.883178,-0.374712,0.307229,0.524877,0.29315,0.113857,-0.360444
0.633485,-4.394942,0.770772,-0.023504,-0.002357,0.147692,0.988751,-0.196155,0.026202,0.122516,0.416635,-0.190144,-0.010087,-0.226325,0.071528,0.195423,0.370435,-0.108975,0.02742,-0.025101,-0.051136,-0.033703,-0.812839,0.12279,-0.382217,0.556988,-0.516456,0.140585,0.35235,-0.890594,-0.367417,0.322744,0.562858,0.290302,0.108358,-0.350982
0.632813,-4.395272,0.771072,-0.023429,-0.000449,0.143906,0.989314,-0.196542,0.028114,0.129749,0.408793,-0.186687,-0.009547,-0.226999,0.073135,0.203285,0.35781,-0.100999,0.027746,-0.024409,-0.046501,-0.03236,-0.809011,0.118732,-0.370028,0.577141,-0.519426,0.143062,0.326467,-0.894809,-0.360027,0.331962,0.590215,0.291714,0.103719,-0.341224
0.632459,-4.395901,0.771257,-0.023285,0.00129,0.141828,0.989617,-0.199056,0.029402,0.133799,0.405791,-0.185087,-0.008389,-0.2267,0.073805,0.208251,0.345795,-0.093927,0.031942,-0.021105,-0.04153,-0.030643,-0.807063,0.114491,-0.360611,0.591873,-0.518854,0.141084,0.309725,-0.89578,-0.356987,0.337334,0.606279,0.292596,0.098545,-0.333991
0.632218,-4.396858,0.771315,-0.02335,0.002874,0.141015,0.989728,-0.202865,0.030962,0.13545,0.405153,-0.184359,-0.00776,-0.226241,0.074403,0.211208,0.335066,-0.088049,0.035498,-0.016342,-0.035536,-0.028237,-0.804905,0.108756,-0.354242,0.601806,-0.517101,0.137167,0.302441,-0.894104,-0.355437,0.337269,0.614415,0.29309,0.094775,-0.331018
0.632216,-4.398025,0.771436,-0.023409,0.004352,0.141188,0.989696,-0.20722,0.032259,0.134974,0.405862,-0.183491,-0.007175,-0.225979,0.074657,0.211644,0.326148,-0.08207,0.040261,-0.011455,-0.030029,-0.026488,-0.802297,0.100104,-0.346193,0.609759,-0.517818,0.135454,0.304193,-0.890271,-0.35263,0.33256,0.619339,0.294692,0.094369,-0.331195
0.632425,-4.399579,0.771631,-0.023497,0.005786,0.141817,0.989597,-0.211504,0.033973,0.133568,0.40651,-0.182219,-0.007042,-0.226611,0.075706,0.210941,0.31977,-0.07678,0.041823,-0.007121,-0.0249,-0.025483,-0.799467,0.092378,-0.339375,0.615682,-0.519971,0.134961,0.310132,-0.886659,-0.350221,0.329618,0.622337,0.295824,0.09595,-0.332454
0.632832,-4.401473,0.77178,-0.023428,0.007085,0.143022,0.989417,-0.215428,0.035542,0.13124,0.406994,-0.1805,-0.008649,-0.227917,0.076954,0.209132,0.31628,-0.073275,0.041347,-0.003712,-0.019822,-0.02525,-0.796366,0.086611,-0.334536,0.61933,-0.523217,0.135762,0.318657,-0.883436,-0.348622,0.328585,0.623025,0.296194,0.097662,-0.333566
0.633632,-4.40346,0.771866,-0.023147,0.008222,0.14466,0.989176,-0.218466,0.036596,0.128271,0.407268,-0.178806,-0.008836,-0.229406,0.077945,0.206256,0.31577,-0.073209,0.039994,-0.001167,-0.015565,-0.025261,-0.794419,0.084724,-0.335151,0.620775,-0.525355,0.133849,0.325584,-0.880442,-0.347916,0.328665,0.622756,0.296644,0.099074,-0.335829
0.634562,-4.405694,0.772024,-0.022203,0.008983,0.146773,0.98888,-0.220389,0.036269,0.124464,0.407183,-0.175942,-0.009016,-0.23092,0.07791,0.202711,0.318105,-0.075553,0.038227,0.000769,-0.014107,-0.025289,-0.793631,0.083031,-0.334205,0.62159,-0.527076,0.130244,0.330772,-0.877486,-0.347018,0.328611,0.621581,0.29713,0.100126,-0.338487
0.635754,-4.408125,0.772128,-0.020851,0.00958,0.149012,0.988569,-0.220419,0.03521,0.120663,0.404795,-0.173397,-0.010805,-0.232631,0.077443,0.198798,0.322506,-0.079434,0.037435,0.001977,-0.013742,-0.02573,-0.792855,0.081607,-0.333224,0.621809,-0.52847,0.126905,0.332981,-0.874772,-0.346965,0.329219,0.619995,0.296784,0.101381,-0.341165
0.637266,-4.410508,0.772246,-0.019244,0.009964,0.151507,0.988219,-0.219167,0.033428,0.11663,0.401733,-0.169727,-0.010824,-0.234421,0.076631,0.194653,0.329244,-0.083513,0.035896,0.002771,-0.014215,-0.026136,-0.792621,0.079931,-0.331568,0.622132,-0.529303,0.124104,0.332413,-0.871032,-0.345736,0.329335,0.617651,0.297253,0.102615,-0.343121
0.638886,-4.413059,0.772433,-0.017587,0.010197,0.154156,0.987837,-0.21745,0.03183,0.112441,0.398188,-0.165778,-0.011568,-0.235871,0.075842,0.18995,0.336465,-0.088295,0.033834,0.002892,-0.015578,-0.026602,-0.792269,0.078518,-0.330864,0.622217,-0.529909,0.12299,0.330592,-0.868054,-0.345284,0.330468,0.615765,0.296936,0.10275,-0.34566
0.640522,-4.415847,0.772538,-0.016024,0.010167,0.156969,0.987421,-0.215247,0.03076,0.107526,0.394638,-0.162739,-0.012902,-0.236857,0.075489,0.184679,0.343652,-0.093532,0.031768,0.002578,-0.017256,-0.027357,-0.791398,0.076967,-0.330158,0.621547,-0.530508,0.123877,0.328022,-0.865919,-0.345842,0.33276,0.614678,0.296589,0.105005,-0.347225
0.642359,-4.418709,0.772606,-0.014353,0.009955,0.159618,0.987024,-0.213126,0.029909,0.102753,0.392868,-0.160724,-0.014391,-0.236793,0.07503,0.179397,0.350321,-0.099694,0.030672,0.002305,-0.019336,-0.028292,-0.790344,0.075956,-0.329088,0.620389,-0.530276,0.124754,0.325876,-0.863951,-0.346627,0.33504,0.612778,0.295614,0.107811,-0.348614
0.644435,-4.421557,0.772585,-0.012866,0.009642,0.162284,0.986613,-0.21094,0.029652,0.097776,0.39209,-0.160151,-0.016343,-0.235839,0.075047,0.174373,0.356059,-0.105898,0.029592,0.002209,-0.021511,-0.029388,-0.788747,0.074837,-0.32947,0.61832,-0.530364,0.126138,0.322381,-0.861575,-0.349221,0.338705,0.609029,0.292969,0.109513,-0.351127
0.646515,-4.42435,0.772548,-0.011393,0.009003,0.164935,0.986198,-0.208618,0.029561,0.092838,0.392461,-0.15956,-0.017946,-0.234153,0.075193,0.169199,0.361668,-0.111078,0.028511,0.003252,-0.023665,-0.030074,-0.786245,0.070342,-0.327249,0.615579,-0.532464,0.127284,0.317748,-0.858324,-0.352176,0.341292,0.605308,0.290262,0.112232,-0.355131
0.648656,-4.427059,0.772527,-0.009899,0.008318,0.167176,0.985842,-0.206248,0.029642,0.088524,0.393584,-0.159825,-0.018926,-0.231514,0.0755,0.164485,0.365662,-0.116527,0.026768,0.005047,-0.025335,-0.031072,-0.782673,0.064573,-0.325296,0.613349,-0.536361,0.128242,0.312415,-0.85453,-0.352498,0.342378,0.603125,0.29098,0.117064,-0.357927
0.650867,-4.42978,0.772507,-0.008746,0.007482,0.16931,0.985496,-0.203537,0.030732,0.084113,0.394775,-0.160196,-0.02181,-0.229082,0.076764,0.159981,0.370519,-0.121065,0.024184,0.007002,-0.02633,-0.032069,-0.778199,0.057612,-0.322795,0.61237,-0.542601,0.128391,0.308911,-0.851225,-0.352203,0.343851,0.600677,0.292853,0.121437,-0.358636
0.652884,-4.432419,0.772398,-0.007428,0.006679,0.171514,0.985131,-0.200995,0.031218,0.079886,0.395597,-0.160774,-0.02347,-0.226392,0.077383,0.155139,0.374619,-0.126878,0.02123,0.008676,-0.027076,-0.033376,-0.774522,0.051065,-0.319552,0.61256,-0.550191,0.127587,0.306442,-0.848665,-0.352439,0.345612,0.598373,0.29383,0.12318,-0.358881
0.654908,-4.434843,0.772285,-0.005967,0.005793,0.173374,0.984821,-0.198013,0.031314,0.076221,0.396667,-0.161328,-0.024689,-0.22399,0.077783,0.151174,0.379698,-0.132844,0.018752,0.010327,-0.026829,-0.034579,-0.77223,0.048504,-0.318641,0.612644,-0.554562,0.125192,0.306524,-0.846754,-0.35309,0.348864,0.59591,0.294409,0.124029,-0.357844
0.65683,-4.437182,0.772158,-0.004513,0.004934,0.175544,0.984449,-0.194879,0.031099,0.072189,0.396702,-0.161848,-0.026557,-0.221854,0.077795,0.146771,0.385199,-0.139206,0.016528,0.011783,-0.0259,-0.0359,-0.771321,0.048559,-0.319601,0.613202,-0.555811,0.123833,0.308701,-0.845342,-0.353413,0.349763,0.594175,0.295887,0.125555,-0.356719
0.658692,-4.439387,0.771988,-0.003154,0.004031,0.177879,0.984039,-0.191722,0.030746,0.067939,0.396655,-0.162407,-0.027265,-0.220071,0.077854,0.14216,0.391444,-0.144995,0.013817,0.012543,-0.025129,-0.037148,-0.770703,0.048352,-0.319515,0.614286,-0.556957,0.124474,0.311417,-0.844527,-0.352666,0.348473,0.592941,0.297205,0.12573,-0.35467
0.660411,-4.44158,0.77191,-0.001576,0.003181,0.180309,0.983604,-0.188936,0.029691,0.063405,0.396853,-0.162279,-0.028561,-0.218093,0.077242,0.137679,0.396972,-0.150751,0.010871,0.012936,-0.024908,-0.038433,-0.770465,0.048737,-0.319934,0.615331,-0.557004,0.125317,0.312754,-0.844273,-0.35369,0.349169,0.592362,0.297354,0.126062,-0.354418
0.662077,-4.443507,0.771725,-0.000247,0.002221,0.18272,0.983162,-0.186306,0.028915,0.059074,0.397539,-0.162542,-0.02885,-0.215953,0.076823,0.132917,0.402528,-0.15627,0.007339,0.013189,-0.024338,-0.039703,-0.770286,0.048521,-0.319161,0.616259,-0.556647,0.1262,0.312912,-0.843925,-0.355448,0.350214,0.592085,0.297119,0.127031,-0.354246
0.66374,-4.44539,0.771603,0.001145,0.00127,0.185305,0.982679,-0.183553,0.027812,0.054331,0.398238,-0.162965,-0.029744,-0.213676,0.07608,0.128142,0.407802,-0.161787,0.004759,0.012844,-0.023549,-0.040963,-0.770162,0.048262,-0.31888,0.617811,-0.55635,0.128394,0.311136,-0.843525,-0.356156,0.349975,0.592515,0.297945,0.127582,-0.35357
0.665344,-4.447173,0.771426,0.002461,0.000279,0.187645,0.982234,-0.180462,0.026881,0.050044,0.398204,-0.16352,-0.030541,-0.211251,0.075496,0.123805,0.412713,-0.166741,0.00225,0.012475,-0.023055,-0.042184,-0.769561,0.047346,-0.318055,0.619432,-0.556329,0.130935,0.307838,-0.842879,-0.357223,0.350523,0.593269,0.298378,0.127793,-0.352769
0.666885,-4.448783,0.771317,0.003544,-0.000628,0.190001,0.981777,-0.1772,0.026178,0.045262,0.397229,-0.163637,-0.034064,-0.208994,0.075144,0.119465,0.417456,-0.17107,0.000251,0.01141,-0.022488,-0.043459,-0.768713,0.046404,-0.316968,0.621623,-0.556528,0.132858,0.304933,-0.841781,-0.357556,0.349982,0.59398,0.299527,0.129107,-0.352369
0.6684,-4.450525,0.771138,0.00462,-0.001457,0.192287,0.981327,-0.173634,0.025808,0.040718,0.395392,-0.164157,-0.036477,-0.206867,0.074937,0.114865,0.421634,-0.175858,-0.003348,0.009857,-0.022477,-0.044397,-0.76703,0.04437,-0.314625,0.623435,-0.557689,0.133603,0.301696,-0.840679,-0.35812,0.350211,0.594779,0.30044,0.13101,-0.352669
0.669806,-4.452066,0.771075,0.005756,-0.002304,0.194628,0.980858,-0.170571,0.024915,0.036098,0.394514,-0.164069,-0.038188,-0.204732,0.074188,0.11053,0.425821,-0.179699,-0.005696,0.007269,-0.022602,-0.044411,-0.764245,0.041815,-0.313201,0.6252,-0.560462,0.133574,0.298254,-0.840242,-0.358497,0.351458,0.594938,0.301447,0.133617,-0.353797
0.671128,-4.453643,0.770916,0.006957,-0.003072,0.197068,0.98036,-0.168454,0.023805,0.03161,0.394522,-0.16406,-0.039345,-0.202272,0.073143,0.105799,0.428943,-0.1844,-0.008098,0.004102,-0.02269,-0.044178,-0.762023,0.040509,-0.312979,0.627767,-0.563257,0.132014,0.296172,-0.840126,-0.358913,0.353251,0.594854,0.301553,0.134702,-0.354199
0.672311,-4.45524,0.770702,0.007967,-0.003862,0.199689,0.979819,-0.167332,0.022896,0.026595,0.395973,-0.164136,-0.040424,-0.200485,0.072367,0.100895,0.43269,-0.188399,-0.010135,0.000361,-0.02245,-0.04367,-0.76101,0.039904,-0.311902,0.630785,-0.565504,0.130044,0.29458,-0.839467,-0.35889,0.355243,0.595562,0.302271,0.136551,-0.353712
0.67331,-4.456781,0.770471,0.008952,-0.004619,0.201755,0.979384,-0.166772,0.02224,0.022558,0.398351,-0.164811,-0.040982,-0.19903,0.071832,0.09677,0.436442,-0.192233,-0.011755,-0.002703,-0.022025,-0.043285,-0.760169,0.03924,-0.309559,0.633603,-0.56764,0.12968,0.293963,-0.839,-0.358984,0.358414,0.596264,0.302016,0.137813,-0.351947
0.674409,-4.458212,0.770218,0.009856,-0.005165,0.203337,0.979046,-0.166372,0.021929,0.019389,0.40091,-0.165809,-0.041796,-0.197981,0.071634,0.09338,0.440128,-0.196284,-0.013759,-0.004823,-0.021154,-0.043092,-0.759803,0.038206,-0.306115,0.636064,-0.568967,0.128978,0.295191,-0.838029,-0.357464,0.359232,0.597125,0.302447,0.138812,-0.349918
0.675349,-4.459615,0.770035,0.010784,-0.005681,0.204492,0.978792,-0.165714,0.021715,0.017033,0.402676,-0.166064,-0.042226,-0.197283,0.071631,0.090974,0.44371,-0.199368,-0.016498,-0.005423,-0.020099,-0.042937,-0.759544,0.037055,-0.302834,0.638193,-0.569254,0.127829,0.297139,-0.836276,-0.356032,0.359195,0.597798,0.303949,0.139738,-0.349233
0.676303,-4.460826,0.769919,0.011759,-0.00595,0.205322,0.978606,-0.164648,0.021294,0.015529,0.403117,-0.166202,-0.043014,-0.196247,0.071294,0.089245,0.4458,-0.202486,-0.018047,-0.005077,-0.019397,-0.043348,-0.759033,0.036175,-0.301215,0.640121,-0.569217,0.127166,0.298955,-0.834676,-0.355176,0.359674,0.598823,0.304876,0.141123,-0.349152
0.677223,-4.46204,0.769818,0.012597,-0.006248,0.205982,0.978455,-0.163167,0.021281,0.01417,0.402721,-0.165914,-0.043596,-0.195174,0.071362,0.087737,0.447386,-0.204541,-0.019695,-0.004133,-0.018626,-0.043683,-0.758116,0.034804,-0.299531,0.641763,-0.569506,0.128282,0.30048,-0.832781,-0.353964,0.360045,0.600008,0.306507,0.141937,-0.350966
0.678138,-4.463274,0.769779,0.013385,-0.006441,0.206448,0.978345,-0.16161,0.021464,0.013126,0.401762,-0.165224,-0.044005,-0.193795,0.071602,0.086598,0.447745,-0.206035,-0.021199,-0.00292,-0.017537,-0.044151,-0.756658,0.033845,-0.299493,0.642439,-0.570323,0.132004,0.301486,-0.830561,-0.352527,0.361793,0.601964,0.310441,0.145259,-0.353353
0.678995,-4.464341,0.769711,0.014117,-0.006627,0.207057,0.978205,-0.160182,0.021451,0.011986,0.400932,-0.165048,-0.044804,-0.192179,0.07159,0.085343,0.447723,-0.208078,-0.022152,-0.001644,-0.015652,-0.044545,-0.754033,0.033576,-0.300489,0.642674,-0.573805,0.143361,0.305769,-0.82809,-0.349923,0.363505,0.605155,0.317421,0.149693,-0.356635
0.67979,-4.465317,0.769593,0.014887,-0.00687,0.207441,0.97811,-0.158834,0.021382,0.011226,0.400696,-0.16502,-0.045202,-0.190777,0.071434,0.084238,0.448315,-0.21026,-0.022142,-0.000516,-0.013909,-0.044891,-0.750596,0.034275,-0.300126,0.641238,-0.580277,0.163794,0.321986,-0.825009,-0.344377,0.363241,0.608966,0.328584,0.154184,-0.360853
0.680701,-4.466231,0.769485,0.015649,-0.007121,0.207984,0.977981,-0.15755,0.021182,0.010129,0.400845,-0.164972,-0.045634,-0.189855,0.071226,0.082867,0.45012,-0.212513,-0.023014,-0.000632,-0.013427,-0.045379,-0.746603,0.033965,-0.296136,0.639667,-0.591002,0.185856,0.350054,-0.823183,-0.34022,0.365228,0.612872,0.338586,0.158841,-0.365755
0.681492,-4.467125,0.769399,0.016375,-0.007396,0.208872,0.977778,-0.156775,0.020769,0.008517,0.401313,-0.164706,-0.045999,-0.18915,0.070853,0.080969,0.452474,-0.215049,-0.024667,-0.001802,-0.013136,-0.045874,-0.743605,0.032117,-0.288667,0.637847,-0.602249,0.197787,0.379539,-0.823368,-0.337866,0.368288,0.616512,0.345759,0.165487,-0.370386
0.682313,-4.468033,0.769265,0.017098,-0.007744,0.209873,0.977548,-0.155941,0.020342,0.006616,0.402072,-0.164766,-0.046891,-0.188752,0.070619,0.078968,0.45583,-0.217832,-0.0271,-0.003119,-0.012331,-0.046269,-0.740342,0.031485,-0.283692,0.634914,-0.61034,0.199366,0.403025,-0.824435,-0.335863,0.371415,0.620067,0.351906,0.174862,-0.37447
0.683305,-4.468806,0.769045,0.017753,-0.007977,0.211258,0.977237,-0.155138,0.019679,0.00394,0.402786,-0.165321,-0.048024,-0.18827,0.070188,0.07636,0.459418,-0.221433,-0.029492,-0.00449,-0.012506,-0.046436,-0.736922,0.031798,-0.281166,0.630328,-0.615834,0.195105,0.419343,-0.826426,-0.334997,0.373824,0.621644,0.355397,0.183091,-0.377219
0.684376,-4.469671,0.768883,0.018415,-0.008193,0.213135,0.976815,-0.154846,0.01884,0.000394,0.403937,-0.165338,-0.048909,-0.187689,0.069516,0.072895,0.462843,-0.224626,-0.031435,-0.006837,-0.013676,-0.045711,-0.733812,0.03392,-0.2811,0.625154,-0.618456,0.187124,0.427562,-0.830077,-0.33452,0.376285,0.622057,0.355296,0.187902,-0.376377
0.685398,-4.470649,0.768754,0.018847,-0.008297,0.21537,0.976315,-0.154966,0.01842,-0.00382,0.404625,-0.165548,-0.05034,-0.187347,0.069141,0.068812,0.465777,-0.226872,-0.032934,-0.009456,-0.015251,-0.043886,-0.732432,0.038875,-0.284393,0.621923,-0.617886,0.178034,0.427022,-0.836215,-0.335642,0.380752,0.623369,0.350962,0.188904,-0.370171
0.686412,-4.471809,0.768576,0.019184,-0.008421,0.217866,0.975754,-0.155595,0.018284,-0.008571,0.405804,-0.165745,-0.052101,-0.187217,0.069069,0.06424,0.468808,-0.228629,-0.033973,-0.011474,-0.017181,-0.041403,-0.734164,0.046073,-0.290008,0.623424,-0.614684,0.170443,0.420716,-0.843482,-0.336967,0.385496,0.627695,0.346053,0.189198,-0.361053
0.687473,-4.473027,0.768359,0.019366,-0.008614,0.220746,0.975101,-0.156663,0.018242,-0.014532,0.407881,-0.166818,-0.053589,-0.186501,0.069199,0.059014,0.471002,-0.230706,-0.035203,-0.012778,-0.019717,-0.039374,-0.739553,0.052793,-0.294654,0.632728,-0.611032,0.165823,0.411792,-0.850782,-0.336874,0.388117,0.636884,0.343078,0.189037,-0.349593
0.688657,-4.474329,0.768111,0.019518,-0.009194,0.223759,0.974406,-0.157554,0.018462,-0.020986,0.411487,-0.168425,-0.055019,-0.184276,0.069571,0.053244,0.472177,-0.23247,-0.036259,-0.013523,-0.021906,-0.039536,-0.746358,0.055632,-0.295657,0.651821,-0.61044,0.164705,0.402618,-0.857972,-0.334765,0.388632,0.653519,0.343412,0.190795,-0.338485
0.689917,-4.475508,0.767938,0.019648,-0.010362,0.226821,0.973683,-0.157431,0.018843,-0.02746,0.415984,-0.170115,-0.055643,-0.179634,0.069938,0.04704,0.471503,-0.234015,-0.03686,-0.013183,-0.024414,-0.04321,-0.753728,0.051801,-0.290991,0.677737,-0.614812,0.164651,0.392062,-0.863082,-0.33015,0.387143,0.676161,0.348362,0.194336,-0.329651
0.691626,-4.476506,0.767809,0.019706,-0.01179,0.229608,0.973012,-0.155667,0.019714,-0.03366,0.419772,-0.172052,-0.056208,-0.172623,0.070874,0.041404,0.468535,-0.235473,-0.037821,-0.012223,-0.026941,-0.048651,-0.761421,0.044608,-0.282657,0.703908,-0.622016,0.16277,0.378925,-0.867208,-0.323985,0.382485,0.698988,0.356706,0.199458,-0.323753
0.693215,-4.477323,0.767709,0.019938,-0.013679,0.23158,0.972515,-0.152194,0.020675,-0.03845,0.423096,-0.174399,-0.05681,-0.164253,0.07194,0.037161,0.464661,-0.236786,-0.038219,-0.009483,-0.029302,-0.051818,-0.769767,0.039581,-0.274947,0.724833,-0.626481,0.15807,0.364393,-0.872431,-0.321458,0.381313,0.715148,0.362614,0.201167,-0.31862
0.69438,-4.478164,0.767252,0.020191,-0.014399,0.232636,0.972248,-0.153801,0.021201,-0.041133,0.430505,-0.178972,-0.057954,-0.163272,0.07337,0.034841,0.46841,-0.240294,-0.038508,-0.005844,-0.031584,-0.051118,-0.786831,0.043567,-0.268062,0.742761,-0.630753,0.16275,0.351698,-0.885516,-0.328183,0.383883,0.724718,0.365531,0.20245,-0.309924
0.695862,-4.478822,0.766883,0.020629,-0.017416,0.233922,0.971881,-0.146193,0.022951,-0.044027,0.431669,-0.18332,-0.058717,-0.154083,0.074647,0.031289,0.468352,-0.244266,-0.041029,-0.000962,-0.031998,-0.046487,-0.791248,0.043835,-0.271552,0.754745,-0.624692,0.170373,0.33777,-0.888736,-0.333444,0.392231,0.727309,0.359973,0.198363,-0.306719
0.696399,-4.479622,0.766421,0.021429,-0.02031,0.234531,0.97166,-0.141753,0.023659,-0.045611,0.436589,-0.187148,-0.059331,-0.149653,0.075527,0.029215,0.474226,-0.248043,-0.043428,0.003908,-0.033331,-0.037722,-0.798729,0.047454,-0.272529,0.763493,-0.618708,0.191462,0.328327,-0.894439,-0.340213,0.396579,0.729951,0.354175,0.19515,-0.299068
0.696463,-4.480685,0.765946,0.022205,-0.022369,0.234716,0.971553,-0.140725,0.024295,-0.046196,0.443197,-0.190255,-0.060301,-0.150184,0.076408,0.027593,0.484368,-0.251755,-0.046987,0.008509,-0.036194,-0.027182,-0.806106,0.046145,-0.265244,0.768519,-0.615727,0.212754,0.323382,-0.901673,-0.343469,0.396231,0.736381,0.351067,0.19465,-0.284658
0.695993,-4.481888,0.765519,0.0228,-0.023191,0.234485,0.971576,-0.143074,0.024853,-0.045902,0.449592,-0.192065,-0.06185,-0.155336,0.077269,0.027075,0.496052,-0.254319,-0.051185,0.011824,-0.039796,-0.016896,-0.811792,0.040113,-0.25085,0.770304,-0.62079,0.230268,0.326776,-0.910874,-0.346022,0.396777,0.744651,0.34845,0.194517,-0.266688
0.695105,-4.483128,0.765098,0.023326,-0.022812,0.234004,0.971688,-0.147954,0.024871,-0.044911,0.454507,-0.192363,-0.0631,-0.16378,0.077569,0.027214,0.507499,-0.256164,-0.054261,0.014227,-0.042891,-0.008525,-0.817006,0.032559,-0.234246,0.767009,-0.629306,0.238691,0.335321,-0.9208,-0.347292,0.39436,0.752207,0.347879,0.194395,-0.250007
0.69409,-4.484298,0.764732,0.023622,-0.021462,0.233526,0.971827,-0.154215,0.024633,-0.044125,0.457196,-0.191669,-0.063084,-0.174716,0.077723,0.027526,0.518981,-0.257062,-0.056953,0.016111,-0.044978,-0.00155,-0.821014,0.026535,-0.220691,0.755576,-0.633776,0.232328,0.342761,-0.929438,-0.348288,0.387865,0.752977,0.348578,0.193032,-0.238341
0.693217,-4.485444,0.764399,0.024141,-0.019388,0.233099,0.97196,-0.161129,0.023599,-0.043084,0.458608,-0.190252,-0.064467,-0.185968,0.077076,0.028188,0.528511,-0.258247,-0.059399,0.017419,-0.047654,0.004876,-0.820377,0.018656,-0.207966,0.735262,-0.635336,0.21557,0.344178,-0.933733,-0.349038,0.375446,0.741528,0.349887,0.186479,-0.234093
0.692547,-4.486287,0.764115,0.024393,-0.01697,0.233019,0.972018,-0.167704,0.02248,-0.04259,0.458191,-0.188461,-0.06464,-0.196402,0.07629,0.028417,0.535835,-0.259297,-0.061111,0.018181,-0.049653,0.010845,-0.814472,0.009541,-0.198442,0.707752,-0.633868,0.19351,0.337357,-0.931601,-0.350779,0.358663,0.718452,0.351436,0.176689,-0.238843
0.69203,-4.486871,0.764037,0.024637,-0.014545,0.233354,0.971971,-0.174409,0.020794,-0.042645,0.458403,-0.186066,-0.063952,-0.204917,0.074874,0.028368,0.540149,-0.259345,-0.061446,0.018593,-0.051428,0.016409,-0.80309,0.001628,-0.193522,0.676436,-0.630655,0.173689,0.323502,-0.923229,-0.354232,0.340207,0.687992,0.352447,0.166058,-0.251831
0.691679,-4.487447,0.76404,0.024547,-0.0123,0.233905,0.971872,-0.180788,0.019794,-0.043503,0.458477,-0.18367,-0.063263,-0.211689,0.074211,0.027866,0.541825,-0.258386,-0.061937,0.018853,-0.051943,0.02142,-0.786997,0.001182,-0.198145,0.642653,-0.623241,0.164181,0.306409,-0.908783,-0.358196,0.323119,0.654428,0.352974,0.150886,-0.267696
0.691484,-4.488048,0.764084,0.024057,-0.010273,0.234026,0.971878,-0.186707,0.020256,-0.044151,0.459095,-0.182614,-0.063146,-0.217326,0.074885,0.027427,0.541774,-0.256182,-0.06258,0.018547,-0.050929,0.026047,-0.764856,0.010531,-0.212517,0.606807,-0.611452,0.168078,0.291433,-0.888581,-0.357481,0.30671,0.621936,0.356064,0.126327,-0.277517
0.691504,-4.488599,0.764014,0.023118,-0.008394,0.233014,0.972162,-0.192409,0.022831,-0.042954,0.461437,-0.184188,-0.064343,-0.222408,0.077574,0.028316,0.540873,-0.253573,-0.063496,0.01802,-0.050657,0.030084,-0.734744,0.027927,-0.23249,0.567988,-0.597523,0.182912,0.282164,-0.86336,-0.354254,0.295505,0.593319,0.360618,0.09769,-0.275568
0.691743,-4.489187,0.763814,0.022017,-0.006943,0.23111,0.972654,-0.198327,0.027102,-0.039845,0.467482,-0.186972,-0.067212,-0.227283,0.081929,0.030649,0.541557,-0.251494,-0.065314,0.016533,-0.052201,0.035149,-0.695434,0.053878,-0.25936,0.525124,-0.582314,0.203491,0.281639,-0.832258,-0.35336,0.29368,0.564853,0.364526,0.07575,-0.265562
0.692094,-4.489609,0.763445,0.020671,-0.005959,0.22854,0.973297,-0.204261,0.032602,-0.035874,0.476471,-0.191255,-0.070315,-0.232248,0.087519,0.033612,0.544507,-0.249989,-0.067303,0.014106,-0.056497,0.041718,-0.644653,0.080286,-0.288525,0.480334,-0.572448,0.221031,0.284478,-0.796063,-0.353765,0.295829,0.533392,0.366353,0.064066,-0.255813
0.692788,-4.490329,0.76294,0.019368,-0.005296,0.22537,0.974066,-0.210414,0.039282,-0.031405,0.488392,-0.196961,-0.074539,-0.237362,0.094309,0.037086,0.549537,-0.249274,-0.069652,0.012577,-0.063551,0.050262,-0.581437,0.098268,-0.316199,0.438656,-0.575268,0.22965,0.286539,-0.753897,-0.354481,0.297614,0.497299,0.364571,0.061561,-0.2521
0.693746,-4.490968,0.762262,0.017907,-0.004915,0.221558,0.97497,-0.217118,0.046873,-0.026586,0.503971,-0.203377,-0.079508,-0.242301,0.102209,0.041518,0.556095,-0.249703,-0.072091,0.015158,-0.070557,0.059545,-0.508471,0.102874,-0.338623,0.404826,-0.592344,0.233526,0.285282,-0.704264,-0.354233,0.297114,0.455509,0.360395,0.061933,-0.259472
0.695059,-4.491398,0.761403,0.016254,-0.004852,0.217978,0.975806,-0.225386,0.054601,-0.023433,0.524726,-0.210486,-0.086529,-0.246574,0.110594,0.045424,0.564025,-0.250988,-0.075708,0.021396,-0.075671,0.06811,-0.433755,0.099539,-0.357476,0.382586,-0.614519,0.236253,0.28057,-0.649947,-0.356631,0.295481,0.411407,0.352625,0.057877,-0.27803
0.696126,-4.491551,0.760487,0.014442,-0.005314,0.213992,0.976714,-0.2368,0.062326,-0.0217,0.553351,-0.215531,-0.095151,-0.249807,0.1195,0.049748,0.571696,-0.252416,-0.079352,0.029157,-0.078588,0.076036,-0.362151,0.09754,-0.373949,0.369926,-0.629065,0.236537,0.273827,-0.596081,-0.362149,0.297271,0.371962,0.344004,0.05898,-0.303494
0.696991,-4.491332,0.759488,0.012292,-0.006213,0.209996,0.977605,-0.252456,0.069894,-0.023203,0.590184,-0.215971,-0.110658,-0.251734,0.128662,0.053733,0.57822,-0.253253,-0.082265,0.036276,-0.079591,0.084364,-0.29537,0.092845,-0.384434,0.364482,-0.63586,0.241689,0.268546,-0.541829,-0.363099,0.297622,0.336471,0.341569,0.075049,-0.330991
0.697557,-4.490852,0.758453,0.009015,-0.007105,0.206526,0.978374,-0.27042,0.077674,-0.030806,0.627455,-0.213124,-0.12927,-0.253034,0.139026,0.055929,0.581911,-0.252661,-0.085255,0.041337,-0.076721,0.091509,-0.236577,0.088323,-0.392222,0.364581,-0.635107,0.256113,0.272069,-0.484979,-0.359147,0.298054,0.30193,0.346,0.102646,-0.359049
0.697939,-4.489793,0.757647,0.004763,-0.00762,0.203015,0.979134,-0.288106,0.084477,-0.04371,0.660571,-0.211838,-0.143012,-0.253485,0.150259,0.058123,0.581126,-0.249243,-0.086801,0.043859,-0.070814,0.095683,-0.188639,0.088847,-0.401079,0.370752,-0.622995,0.280589,0.274613,-0.422899,-0.350305,0.300568,0.266673,0.354167,0.13423,-0.385992
0.698349,-4.488165,0.757336,0.000593,-0.007242,0.199067,0.979959,-0.302209,0.087382,-0.061523,0.684405,-0.216475,-0.150098,-0.25295,0.16031,0.061895,0.575033,-0.243091,-0.087656,0.045279,-0.066081,0.096349,-0.147889,0.086994,-0.405022,0.381497,-0.603529,0.308889,0.275067,-0.357162,-0.342594,0.309684,0.234438,0.357254,0.16329,-0.407871
0.698834,-4.486144,0.757309,-0.003555,-0.005404,0.194158,0.980949,-0.305378,0.090218,-0.076694,0.684537,-0.236949,-0.145344,-0.25376,0.169549,0.068144,0.56598,-0.235568,-0.086145,0.043941,-0.061979,0.092243,-0.112287,0.084628,-0.404475,0.398512,-0.580274,0.341711,0.270154,-0.290717,-0.332535,0.322844,0.209255,0.352999,0.18744,-0.414171
0.699531,-4.483611,0.757792,-0.005838,-0.003053,0.187582,0.982227,-0.301544,0.093688,-0.08379,0.66683,-0.260305,-0.135187,-0.25485,0.175407,0.079186,0.558161,-0.228597,-0.08411,0.041239,-0.060586,0.086445,-0.085183,0.095123,-0.401849,0.422726,-0.541538,0.376483,0.257734,-0.223308,-0.320322,0.340207,0.193877,0.345082,0.209166,-0.402561
0.700493,-4.480788,0.758847,-0.004568,-0.001104,0.180144,0.983629,-0.290785,0.092393,-0.089213,0.630722,-0.266912,-0.123657,-0.253846,0.174315,0.094509,0.553391,-0.224488,-0.082042,0.037114,-0.067328,0.078778,-0.05807,0.11781,-0.401988,0.445614,-0.480059,0.418799,0.229074,-0.149936,-0.305932,0.361615,0.182107,0.330102,0.233598,-0.37754
0.700922,-4.477231,0.759782,-0.001699,0.00074,0.173235,0.984879,-0.283646,0.086189,-0.095053,0.59366,-0.250747,-0.114223,-0.255571,0.168618,0.110823,0.555915,-0.225278,-0.078816,0.028063,-0.076787,0.075095,-0.036025,0.144972,-0.39879,0.46317,-0.414463,0.454487,0.198443,-0.097999,-0.300594,0.381754,0.189272,0.311448,0.26123,-0.335383
0.700756,-4.472788,0.759791,-0.001691,-0.000971,0.164258,0.986416,-0.270749,0.090328,-0.08997,0.561133,-0.236379,-0.113311,-0.252924,0.170862,0.127399,0.561737,-0.226382,-0.078743,0.018781,-0.082609,0.073837,-0.011019,0.174738,-0.390499,0.481239,-0.349612,0.471454,0.167058,-0.062563,-0.300613,0.402773,0.213314,0.27548,0.28679,-0.271083
0.701242,-4.467939,0.760435,-0.002449,-0.000653,0.16038,0.987052,-0.257879,0.091053,-0.075114,0.543773,-0.240631,-0.10459,-0.249842,0.168889,0.136279,0.559754,-0.228126,-0.07528,0.002571,-0.086056,0.071239,0.006412,0.201394,-0.39054,0.504349,-0.295671,0.481037,0.136837,-0.043085,-0.318463,0.424999,0.245799,0.225626,0.306757,-0.192197
0.700993,-4.462004,0.761524,-0.002108,-0.000835,0.158266,0.987394,-0.24554,0.085462,-0.061561,0.532265,-0.241384,-0.095788,-0.243471,0.161007,0.144935,0.553777,-0.226417,-0.069198,-0.016147,-0.091975,0.066107,0.022205,0.226717,-0.391224,0.53748,-0.238272,0.480936,0.098656,-0.032729,-0.345603,0.451645,0.290265,0.14633,0.325228,-0.087604
0.700145,-4.455923,0.762719,-0.003369,-0.000034,0.154563,0.987977,-0.240209,0.083027,-0.04985,0.524861,-0.235553,-0.089061,-0.239106,0.156667,0.155232,0.543762,-0.22169,-0.065515,-0.02757,-0.093429,0.058895,0.026512,0.258081,-0.406433,0.571913,-0.183075,0.474403,0.060853,-0.034561,-0.383762,0.484895,0.340721,0.054383,0.345502,0.022056
0.69902,-4.449561,0.763964,-0.004864,0.000695,0.150998,0.988522,-0.236016,0.079827,-0.04077,0.518711,-0.229755,-0.083861,-0.231607,0.151535,0.165307,0.526407,-0.215247,-0.059703,-0.034539,-0.092953,0.052079,0.022907,0.293476,-0.431407,0.60225,-0.121898,0.458685,0.015502,-0.038631,-0.421172,0.514202,0.392522,-0.044165,0.352213,0.133354
0.698174,-4.442899,0.765256,-0.006869,0.001602,0.147777,0.988996,-0.23142,0.076858,-0.033369,0.510538,-0.224611,-0.079687,-0.223253,0.146362,0.174693,0.506808,-0.209088,-0.0515,-0.038184,-0.09036,0.045204,0.017665,0.331742,-0.462036,0.622411,-0.05877,0.440326,-0.029729,-0.037103,-0.450395,0.536407,0.446345,-0.130028,0.345769,0.232419
0.697235,-4.435929,0.766331,-0.008788,0.002541,0.14417,0.989511,-0.227174,0.073882,-0.024239,0.504198,-0.222591,-0.075885,-0.215967,0.14118,0.185126,0.489397,-0.204109,-0.044269,-0.039293,-0.087278,0.03982,0.015455,0.366395,-0.487674,0.630013,-0.007678,0.431399,-0.057863,-0.027232,-0.466852,0.549159,0.504057,-0.186142,0.338574,0.304909
0.696562,-4.428956,0.767487,-0.010138,0.003381,0.141151,0.98993,-0.22074,0.068958,-0.01558,0.494492,-0.219204,-0.069268,-0.207219,0.134042,0.194591,0.470768,-0.198241,-0.038305,-0.041594,-0.085839,0.033887,0.023004,0.386961,-0.49602,0.639246,0.01813,0.425341,-0.067185,-0.009278,-0.4652,0.543928,0.573491,-0.220015,0.340303,0.354873
0.69599,-4.421751,0.768454,-0.011406,0.003663,0.138352,0.990311,-0.212342,0.063533,-0.006736,0.483273,-0.217189,-0.063889,-0.198107,0.126634,0.203383,0.45419,-0.19309,-0.033242,-0.043117,-0.083498,0.029241,0.041539,0.386764,-0.482529,0.654393,0.006998,0.417425,-0.053504,0.015691,-0.449052,0.517619,0.647821,-0.235051,0.361197,0.382736
0.695751,-4.414282,0.769248,-0.012521,0.004094,0.136595,0.990539,-0.203455,0.056497,0.000149,0.470305,-0.214703,-0.057833,-0.190764,0.11819,0.210109,0.441979,-0.189464,-0.02855,-0.044607,-0.081368,0.025274,0.063148,0.371699,-0.458044,0.678665,-0.032496,0.410954,-0.024006,0.044625,-0.424324,0.471763,0.719128,-0.235732,0.403506,0.388749
0.694969,-4.406992,0.769954,-0.013068,0.004395,0.135481,0.990684,-0.195042,0.047766,0.006063,0.45695,-0.212446,-0.051888,-0.186122,0.10852,0.21562,0.434662,-0.187545,-0.023467,-0.044491,-0.079664,0.022691,0.084825,0.350977,-0.428864,0.70618,-0.086649,0.405545,0.017226,0.074073,-0.397494,0.412203,0.779688,-0.221763,0.458447,0.371071
0.69411,-4.399892,0.770368,-0.013849,0.004665,0.135392,0.990684,-0.187506,0.039259,0.010247,0.443958,-0.211901,-0.048034,-0.183647,0.099225,0.218658,0.431582,-0.187738,-0.017766,-0.044905,-0.077121,0.020298,0.102439,0.330171,-0.398018,0.734969,-0.144184,0.413185,0.068177,0.101871,-0.377143,0.354306,0.822625,-0.192502,0.506167,0.329921
0.693035,-4.393074,0.770421,-0.015049,0.004302,0.135763,0.990618,-0.182034,0.031576,0.012078,0.436547,-0.213769,-0.043078,-0.181595,0.091213,0.219942,0.431213,-0.188643,-0.012605,-0.046828,-0.074115,0.019209,0.118372,0.31933,-0.37651,0.753533,-0.191348,0.424476,0.126182,0.125068,-0.368949,0.315192,0.845742,-0.157328,0.534318,0.273973
0.69192,-4.38668,0.770347,-0.016638,0.003774,0.136798,0.990452,-0.179353,0.025034,0.012665,0.434252,-0.217174,-0.037167,-0.17939,0.084323,0.21987,0.430908,-0.189018,-0.008061,-0.050814,-0.070446,0.017897,0.12865,0.317072,-0.361998,0.771805,-0.226563,0.439258,0.187164,0.14498,-0.371336,0.298459,0.852153,-0.126948,0.538332,0.215411
0.690521,-4.380524,0.770082,-0.018654,0.002702,0.137772,0.990285,-0.178314,0.019522,0.011891,0.436388,-0.222055,-0.031364,-0.176421,0.078713,0.219,0.430049,-0.188542,-0.003467,-0.055317,-0.066403,0.017015,0.133516,0.323209,-0.357452,0.787057,-0.238552,0.446976,0.234047,0.160892,-0.381282,0.300722,0.847233,-0.110193,0.526151,0.167043
0.689438,-4.374806,0.769832,-0.020652,0.001927,0.138453,0.990152,-0.178947,0.015106,0.011742,0.441777,-0.227348,-0.026317,-0.1733,0.073754,0.21812,0.428015,-0.187741,0.00094,-0.059456,-0.06244,0.01546,0.135718,0.335097,-0.360066,0.80164,-0.225698,0.451354,0.256119,0.173118,-0.392964,0.310708,0.836931,-0.104236,0.507993,0.132695
0.688323,-4.369589,0.769482,-0.022446,0.000677,0.137777,0.990209,-0.178023,0.011963,0.014005,0.446603,-0.231865,-0.022404,-0.170578,0.070231,0.218921,0.427528,-0.186697,0.004966,-0.060338,-0.058448,0.014547,0.138391,0.346346,-0.363538,0.815638,-0.197756,0.458156,0.253835,0.181705,-0.39992,0.318891,0.827465,-0.102648,0.493457,0.115753
0.687361,-4.364786,0.769208,-0.023513,-0.000517,0.136605,0.990346,-0.175843,0.008224,0.017407,0.449623,-0.234412,-0.018264,-0.168766,0.066425,0.221468,0.428754,-0.186149,0.008577,-0.059686,-0.055844,0.014144,0.143316,0.353029,-0.361276,0.828718,-0.166982,0.467098,0.235795,0.185816,-0.398488,0.318948,0.822037,-0.096808,0.487059,0.107413
0.68637,-4.360392,0.768997,-0.023972,-0.001755,0.134812,0.99058,-0.172633,0.004045,0.022132,0.45054,-0.23582,-0.013383,-0.168065,0.062486,0.225293,0.432192,-0.186636,0.011319,-0.058187,-0.054009,0.014153,0.150192,0.353352,-0.352225,0.844279,-0.140006,0.477569,0.210346,0.185302,-0.389632,0.310819,0.820909,-0.08526,0.487715,0.102872
0.685253,-4.356329,0.768746,-0.023578,-0.003331,0.132799,0.990857,-0.167464,-0.001467,0.027776,0.449036,-0.235702,-0.009106,-0.167325,0.057642,0.230394,0.436934,-0.188178,0.014539,-0.056318,-0.053347,0.014774,0.158259,0.348705,-0.337022,0.859733,-0.120995,0.492022,0.186983,0.181436,-0.378486,0.302155,0.819747,-0.07372,0.494361,0.102353
0.684307,-4.352455,0.768456,-0.022886,-0.004732,0.131405,0.991053,-0.162175,-0.007675,0.032699,0.446415,-0.234587,-0.004932,-0.166621,0.052053,0.234961,0.441973,-0.190763,0.018615,-0.056419,-0.053395,0.015443,0.166544,0.343581,-0.323395,0.873191,-0.108682,0.508147,0.169517,0.174601,-0.367496,0.297046,0.815786,-0.061529,0.502353,0.097582
0.683296,-4.348933,0.768186,-0.022241,-0.005994,0.130419,0.991191,-0.157134,-0.013698,0.036605,0.442782,-0.233227,-0.001389,-0.166115,0.046563,0.238616,0.446447,-0.193436,0.023046,-0.057054,-0.052876,0.015413,0.172314,0.338629,-0.313844,0.884876,-0.100765,0.522713,0.159705,0.167152,-0.358989,0.296287,0.807802,-0.046785,0.504857,0.083354
0.682229,-4.345802,0.767916,-0.021878,-0.006958,0.130236,0.991217,-0.153795,-0.019154,0.038883,0.440029,-0.231732,0.00203,-0.165737,0.041485,0.24079,0.449752,-0.195891,0.026639,-0.058614,-0.051571,0.015122,0.173626,0.336382,-0.313756,0.895845,-0.093097,0.532509,0.154279,0.159443,-0.354438,0.303049,0.795951,-0.033783,0.498895,0.064658
0.681036,-4.343075,0.767716,-0.021775,-0.007474,0.13097,0.991119,-0.152586,-0.024283,0.039076,0.437894,-0.229791,0.00583,-0.165716,0.036447,0.240956,0.451308,-0.197684,0.029661,-0.060802,-0.049841,0.013375,0.170638,0.336577,-0.320727,0.903325,-0.084258,0.538023,0.15028,0.152066,-0.351371,0.313617,0.784338,-0.022698,0.486818,0.045481
0.67958,-4.340886,0.767527,-0.021611,-0.007985,0.131807,0.991008,-0.15212,-0.028937,0.038931,0.436188,-0.228879,0.009464,-0.165194,0.031723,0.240847,0.450941,-0.199388,0.03291,-0.061382,-0.04808,0.012071,0.164773,0.339951,-0.333739,0.902501,-0.070264,0.537625,0.141586,0.144436,-0.350052,0.326398,0.773658,-0.015635,0.4724,0.03214
0.678413,-4.338946,0.767344,-0.021738,-0.008111,0.133376,0.990794,-0.152368,-0.033061,0.037434,0.434219,-0.227667,0.013261,-0.16444,0.02738,0.239141,0.449008,-0.199426,0.034856,-0.061482,-0.045944,0.010394,0.158275,0.343218,-0.346344,0.894061,-0.056049,0.532564,0.128182,0.138483,-0.348854,0.339483,0.762445,-0.013405,0.457753,0.029353
0.677114,-4.33731,0.767264,-0.021722,-0.00799,0.134828,0.990599,-0.153356,-0.037228,0.035756,0.432128,-0.226055,0.017024,-0.163542,0.022919,0.23735,0.445105,-0.198357,0.037084,-0.060981,-0.044059,0.00842,0.153875,0.344247,-0.354734,0.879969,-0.046293,0.523636,0.114686,0.133544,-0.350332,0.354341,0.750157,-0.019335,0.451698,0.038784
0.675779,-4.335948,0.767253,-0.022084,-0.007673,0.136818,0.99032,-0.154865,-0.04035,0.033332,0.429521,-0.224451,0.018486,-0.162673,0.019151,0.23451,0.440311,-0.197183,0.039166,-0.059991,-0.041517,0.006307,0.150441,0.340996,-0.357608,0.864763,-0.046162,0.516584,0.104921,0.127714,-0.360271,0.374537,0.737686,-0.038288,0.4526,0.057947
0.67447,-4.334687,0.767121,-0.022467,-0.007484,0.1389,0.990023,-0.156082,-0.043429,0.030286,0.426848,-0.222948,0.021036,-0.16217,0.015765,0.231654,0.437122,-0.19613,0.041451,-0.059353,-0.038704,0.004814,0.148951,0.333698,-0.356742,0.849907,-0.054099,0.50896,0.099348,0.121965,-0.369428,0.388149,0.734002,-0.060553,0.451368,0.082485
0.673334,-4.333865,0.767122,-0.022377,-0.006989,0.140924,0.989743,-0.157061,-0.047035,0.027052,0.42294,-0.220968,0.023288,-0.162763,0.012136,0.22875,0.435229,-0.195892,0.043157,-0.057589,-0.037058,0.003367,0.146584,0.324393,-0.355771,0.838913,-0.066259,0.501466,0.095043,0.119212,-0.370198,0.386594,0.740742,-0.071213,0.450345,0.102245
0.672061,-4.333314,0.767024,-0.0219,-0.006915,0.142737,0.989494,-0.156971,-0.05067,0.025088,0.418425,-0.218066,0.024924,-0.164043,0.008557,0.226285,0.436172,-0.196562,0.044658,-0.055359,-0.035762,0.003236,0.14381,0.317667,-0.36077,0.829887,-0.073326,0.490816,0.087103,0.119316,-0.364793,0.37524,0.752913,-0.070478,0.451876,0.118086
0.670881,-4.333005,0.766932,-0.021185,-0.006926,0.144118,0.989309,-0.156276,-0.054187,0.023522,0.413421,-0.215289,0.026246,-0.166129,0.005334,0.224504,0.439126,-0.19762,0.046489,-0.05313,-0.034772,0.00296,0.14176,0.315683,-0.370284,0.822548,-0.071719,0.479574,0.074289,0.121689,-0.357712,0.36069,0.763826,-0.061911,0.456471,0.124209
0.669781,-4.332967,0.766893,-0.020143,-0.006819,0.145942,0.989065,-0.154482,-0.058385,0.021495,0.405662,-0.210334,0.028136,-0.169077,0.001693,0.222385,0.443833,-0.198456,0.047427,-0.052153,-0.034655,0.00305,0.140167,0.318371,-0.380461,0.817313,-0.062,0.471917,0.056623,0.12506,-0.352805,0.34884,0.769638,-0.052487,0.460871,0.122202
0.66896,-4.333135,0.767002,-0.019009,-0.006539,0.147392,0.988874,-0.15254,-0.062126,0.019863,0.397688,-0.205764,0.029265,-0.17211,-0.0017,0.220519,0.448399,-0.200576,0.047823,-0.052629,-0.034674,0.002233,0.141832,0.320352,-0.381549,0.817623,-0.051487,0.474226,0.040624,0.12886,-0.350209,0.340679,0.771572,-0.044473,0.462101,0.113776
0.667926,-4.333659,0.76705,-0.018041,-0.006117,0.148999,0.988654,-0.150949,-0.065201,0.017879,0.388506,-0.200973,0.029493,-0.175528,-0.004307,0.21871,0.452041,-0.20127,0.048226,-0.054156,-0.034774,0.00156,0.145824,0.317309,-0.369318,0.824866,-0.051264,0.48441,0.034927,0.131637,-0.350064,0.337153,0.771645,-0.037054,0.460833,0.099285
0.667196,-4.334267,0.767116,-0.017092,-0.005624,0.150496,0.988447,-0.150412,-0.067902,0.015778,0.382511,-0.196706,0.029697,-0.178333,-0.006894,0.216633,0.454867,-0.202571,0.049182,-0.056694,-0.035541,0.000144,0.151535,0.312999,-0.352085,0.835739,-0.058863,0.493618,0.039993,0.132476,-0.350689,0.337427,0.772735,-0.031579,0.458773,0.083447
0.666395,-4.335306,0.767188,-0.016389,-0.005589,0.152033,0.988224,-0.150624,-0.069386,0.013348,0.378993,-0.193903,0.030455,-0.180082,-0.008655,0.21309,0.456976,-0.204021,0.049667,-0.059078,-0.03573,-0.000723,0.154457,0.312236,-0.341587,0.851125,-0.066017,0.500209,0.049868,0.131865,-0.351239,0.338839,0.775213,-0.026577,0.4557,0.069236
0.665822,-4.336643,0.767277,-0.015835,-0.005951,0.153071,0.98807,-0.150446,-0.069365,0.011763,0.377357,-0.191874,0.029772,-0.181453,-0.009281,0.20867,0.459852,-0.204745,0.049078,-0.058751,-0.035159,-0.001517,0.153151,0.316537,-0.340214,0.868529,-0.06654,0.507863,0.058628,0.12978,-0.351905,0.340897,0.781011,-0.023007,0.454144,0.062129
0.665154,-4.338347,0.767239,-0.014858,-0.006815,0.152703,0.988137,-0.149199,-0.068789,0.012555,0.376148,-0.191047,0.02922,-0.184498,-0.010494,0.200423,0.466757,-0.206621,0.048061,-0.054696,-0.035048,-0.001188,0.146385,0.325812,-0.346309,0.88634,-0.057149,0.516767,0.060403,0.123788,-0.353424,0.344678,0.791937,-0.022281,0.454919,0.063854
0.664593,-4.340321,0.767132,-0.013054,-0.007805,0.149492,0.988646,-0.145716,-0.067782,0.018052,0.372669,-0.190535,0.028219,-0.1924,-0.014897,0.181546,0.481255,-0.209844,0.049621,-0.045753,-0.036195,-0.000694,0.133402,0.337629,-0.355448,0.908591,-0.037359,0.52609,0.051851,0.112849,-0.3543,0.348574,0.809345,-0.023206,0.462171,0.071891
0.663953,-4.342707,0.766983,-0.010029,-0.008156,0.144005,0.989493,-0.140211,-0.067692,0.02797,0.363079,-0.188245,0.024619,-0.206422,-0.02528,0.151011,0.502051,-0.21532,0.053404,-0.034321,-0.039852,-0.001195,0.117498,0.349581,-0.362236,0.929615,-0.012048,0.538265,0.038488,0.095877,-0.355464,0.354171,0.830588,-0.029852,0.479029,0.08845
