0.0423,-3.183117,0.785355,-0.004916,0.018251,0.711675,0.702255,-0.139788,0.043244,0.043007,0.327403,-0.176529,-0.026198,-0.132402,-0.120148,-0.169832,0.268348,-0.176556,0.079122,0.035671,-0.017077,-0.05402,0.240708,0.3198,-0.31938,0.942243,0.019704,0.402161,-0.074396,-0.180459,-0.683211,0.34484,-0.15529,-0.07841,0.227484,-0.208374
0.042887,-3.182906,0.785432,-0.004778,0.018602,0.711245,0.702681,-0.140958,0.043606,0.043727,0.329791,-0.173281,-0.024885,-0.133405,-0.11997,-0.169692,0.269782,-0.176009,0.078862,0.03539,-0.01888,-0.053929,0.241016,0.320655,-0.321848,0.935812,0.033902,0.406285,-0.115969,-0.178423,-0.684651,0.341626,-0.159402,-0.088297,0.23181,-0.172137
0.043604,-3.182593,0.785545,-0.004487,0.018911,0.710924,0.703001,-0.141749,0.043906,0.043931,0.332308,-0.171042,-0.024866,-0.134181,-0.119492,-0.16665,0.271268,-0.17608,0.079046,0.03408,-0.020342,-0.053844,0.242402,0.32215,-0.322391,0.930167,0.053748,0.410756,-0.165503,-0.175822,-0.68583,0.338915,-0.164369,-0.09861,0.235499,-0.13596
0.044409,-3.182284,0.785671,-0.00406,0.019116,0.71028,0.703648,-0.141398,0.044708,0.045677,0.333739,-0.169339,-0.025082,-0.134217,-0.118707,-0.165303,0.272438,-0.176205,0.078024,0.032689,-0.021609,-0.053575,0.245055,0.324089,-0.321159,0.924837,0.074608,0.413285,-0.213006,-0.174518,-0.689067,0.337453,-0.170064,-0.109106,0.240038,-0.103677
0.045292,-3.181982,0.785737,-0.003334,0.019215,0.709548,0.704387,-0.13965,0.045305,0.047352,0.334051,-0.168042,-0.025469,-0.133957,-0.11835,-0.163378,0.273371,-0.177955,0.076864,0.031323,-0.023095,-0.05258,0.247138,0.325853,-0.318973,0.9224,0.092188,0.414652,-0.251571,-0.175332,-0.690817,0.336832,-0.174197,-0.117097,0.243412,-0.080118
0.046335,-3.181557,0.785778,-0.002418,0.019267,0.708719,0.705224,-0.136601,0.045976,0.049467,0.333052,-0.167422,-0.025828,-0.133114,-0.117509,-0.161027,0.274955,-0.180184,0.07511,0.029377,-0.024672,-0.051663,0.249219,0.327845,-0.316611,0.923101,0.104974,0.415964,-0.276777,-0.178038,-0.690619,0.338005,-0.176946,-0.12001,0.242771,-0.069409
0.047469,-3.181108,0.785756,-0.00159,0.019314,0.707803,0.706144,-0.133266,0.047035,0.051783,0.331796,-0.16824,-0.027775,-0.132888,-0.116423,-0.158194,0.277077,-0.182178,0.0736,0.028082,-0.025786,-0.0509,0.250452,0.329479,-0.314091,0.926347,0.111166,0.416641,-0.28693,-0.182891,-0.689608,0.341762,-0.177801,-0.118315,0.240115,-0.070961
0.048693,-3.179708,0.785596,-0.000899,0.019858,0.705736,0.708196,-0.12803,0.048591,0.057224,0.329138,-0.169738,-0.029674,-0.132276,-0.114959,-0.153972,0.278177,-0.186852,0.072419,0.029203,-0.027344,-0.053175,0.253701,0.330804,-0.310543,0.93215,0.112407,0.417076,-0.283864,-0.186715,-0.68978,0.346631,-0.18127,-0.11356,0.238993,-0.083582
0.050664,-3.178852,0.785377,-0.001321,0.020507,0.703973,0.709929,-0.125245,0.052606,0.060908,0.325149,-0.170885,-0.032113,-0.135033,-0.11081,-0.148221,0.280601,-0.18888,0.073787,0.029101,-0.02798,-0.056194,0.25497,0.33378,-0.309491,0.939906,0.110206,0.418376,-0.271245,-0.196324,-0.690943,0.353364,-0.182483,-0.10954,0.241298,-0.09812
0.052482,-3.177959,0.785345,-0.001474,0.02128,0.702534,0.71133,-0.122864,0.055491,0.064287,0.321975,-0.170908,-0.034666,-0.137722,-0.108115,-0.141991,0.283042,-0.191227,0.076342,0.027853,-0.028235,-0.058878,0.255374,0.335521,-0.309146,0.949378,0.10432,0.417889,-0.252819,-0.206634,-0.693528,0.360001,-0.185353,-0.104104,0.240313,-0.116955
0.054602,-3.177027,0.784991,-0.001501,0.022089,0.70092,0.712896,-0.120669,0.0587,0.068377,0.320241,-0.172458,-0.036399,-0.139743,-0.104853,-0.138089,0.28558,-0.196351,0.074124,0.025734,-0.028711,-0.061133,0.254989,0.338206,-0.310224,0.959912,0.097835,0.416791,-0.232838,-0.220081,-0.696797,0.367382,-0.189478,-0.100718,0.241895,-0.132396
0.056666,-3.175943,0.785143,-0.000591,0.022588,0.69934,0.714432,-0.116236,0.060707,0.072475,0.317698,-0.170299,-0.035832,-0.139206,-0.103087,-0.13598,0.287984,-0.199453,0.072703,0.023086,-0.02938,-0.061145,0.254454,0.340565,-0.311805,0.969121,0.091743,0.416031,-0.214753,-0.235645,-0.701012,0.37402,-0.195116,-0.097553,0.239949,-0.14769
0.058947,-3.174705,0.785061,0.000642,0.022764,0.697775,0.715955,-0.110325,0.062777,0.075781,0.315285,-0.170913,-0.036274,-0.137303,-0.100536,-0.131271,0.289355,-0.203367,0.0694,0.019803,-0.029998,-0.059947,0.254343,0.343263,-0.313196,0.975871,0.086989,0.415291,-0.200884,-0.253664,-0.708268,0.38119,-0.204411,-0.09659,0.238077,-0.15819
0.061331,-3.173308,0.785001,0.001705,0.022945,0.695962,0.71771,-0.104185,0.065641,0.080435,0.31267,-0.171131,-0.037287,-0.135973,-0.09779,-0.128475,0.292426,-0.207752,0.067502,0.016762,-0.029781,-0.059284,0.254961,0.345055,-0.314343,0.980302,0.083962,0.416419,-0.191968,-0.275198,-0.724859,0.387525,-0.217745,-0.103558,0.238752,-0.158602
0.063959,-3.171945,0.784999,0.002794,0.024912,0.695555,0.718035,-0.102074,0.064765,0.082203,0.30909,-0.16728,-0.037463,-0.135552,-0.098232,-0.125203,0.292096,-0.209568,0.064776,0.007835,-0.034619,-0.062865,0.262843,0.353786,-0.31152,0.974906,0.082457,0.417082,-0.192297,-0.292442,-0.745386,0.392668,-0.244752,-0.114713,0.243755,-0.146763
0.066668,-3.170565,0.784663,0.003645,0.025682,0.693224,0.720256,-0.098286,0.068151,0.088431,0.309625,-0.169001,-0.039779,-0.13718,-0.09546,-0.124495,0.298443,-0.216965,0.056411,0.006719,-0.033441,-0.063126,0.263801,0.355384,-0.31387,0.971926,0.08312,0.417325,-0.194115,-0.318276,-0.766912,0.397261,-0.259291,-0.129927,0.243971,-0.124016
0.069638,-3.169038,0.784533,0.004466,0.026316,0.691291,0.722083,-0.094976,0.071644,0.092703,0.310831,-0.168473,-0.041638,-0.139349,-0.092488,-0.118536,0.306038,-0.222033,0.055239,0.004705,-0.031669,-0.063381,0.263611,0.355868,-0.314536,0.96892,0.084224,0.418462,-0.200376,-0.343835,-0.782978,0.399884,-0.270771,-0.142539,0.243371,-0.092262
0.072575,-3.167497,0.784242,0.005209,0.027116,0.689794,0.723479,-0.093214,0.074738,0.095881,0.314044,-0.169047,-0.04309,-0.141297,-0.088574,-0.112422,0.313523,-0.228838,0.048248,0.001062,-0.029174,-0.063861,0.263715,0.354874,-0.315347,0.963615,0.085918,0.418719,-0.208842,-0.371604,-0.792251,0.401555,-0.277137,-0.152907,0.243854,-0.051641
0.076035,-3.165783,0.783621,0.004825,0.027236,0.687397,0.725755,-0.091187,0.082808,0.103212,0.318102,-0.172776,-0.04898,-0.145796,-0.082168,-0.109516,0.324941,-0.23813,0.046955,0.002113,-0.02219,-0.064044,0.259888,0.349343,-0.321445,0.960941,0.088244,0.417314,-0.21394,-0.402311,-0.795515,0.40362,-0.272844,-0.164427,0.239796,-0.010497
0.079629,-3.164178,0.783311,0.004454,0.027824,0.686628,0.726463,-0.093092,0.091921,0.118723,0.324159,-0.170164,-0.061449,-0.150053,-0.076333,-0.106789,0.335462,-0.24373,0.038905,-0.002971,-0.016831,-0.065171,0.258171,0.347137,-0.325505,0.955853,0.09234,0.418954,-0.222565,-0.429948,-0.794434,0.405836,-0.272308,-0.175547,0.237004,0.029744
0.083138,-3.162567,0.782934,0.004017,0.02876,0.685788,0.727222,-0.094717,0.1008,0.135621,0.328548,-0.169477,-0.073792,-0.154481,-0.071152,-0.104239,0.344652,-0.250421,0.031829,-0.006769,-0.01154,-0.066072,0.255761,0.344881,-0.330995,0.948967,0.098112,0.42356,-0.230637,-0.457641,-0.791928,0.411237,-0.267636,-0.187261,0.236924,0.060679
0.086694,-3.16095,0.78252,0.003947,0.029323,0.684171,0.728721,-0.094735,0.109156,0.148686,0.333899,-0.171736,-0.081304,-0.157605,-0.066345,-0.103815,0.354075,-0.257592,0.030634,-0.007169,-0.00648,-0.065299,0.25382,0.341933,-0.33557,0.939391,0.10066,0.422523,-0.237384,-0.486495,-0.786951,0.422903,-0.255861,-0.198526,0.239917,0.078332
0.09029,-3.159107,0.781707,0.004105,0.028665,0.682803,0.730029,-0.094608,0.118243,0.155259,0.345026,-0.18135,-0.085886,-0.158928,-0.059634,-0.10094,0.365102,-0.26665,0.02796,-0.006842,0.001362,-0.061477,0.250034,0.335742,-0.341186,0.929765,0.101953,0.424009,-0.242676,-0.524108,-0.785428,0.450744,-0.22924,-0.214148,0.247562,0.080801
0.094159,-3.157188,0.780841,0.004418,0.027536,0.681458,0.731326,-0.093622,0.127588,0.1585,0.356797,-0.192707,-0.086386,-0.157504,-0.051613,-0.1003,0.373749,-0.274645,0.020779,-0.004816,0.008083,-0.057303,0.24829,0.331772,-0.345467,0.916387,0.10012,0.421438,-0.247539,-0.558072,-0.783614,0.486364,-0.194838,-0.231447,0.258323,0.067871
0.098088,-3.15501,0.779873,0.005001,0.026155,0.680612,0.73216,-0.094406,0.136798,0.159135,0.373442,-0.203134,-0.086537,-0.154392,-0.043635,-0.097868,0.381217,-0.280965,0.016893,-0.001967,0.013988,-0.052282,0.246548,0.330372,-0.355438,0.898172,0.101364,0.420894,-0.251771,-0.588092,-0.782203,0.535631,-0.152583,-0.24746,0.27045,0.04312
0.102213,-3.15278,0.77905,0.005871,0.024313,0.680538,0.732286,-0.097596,0.146806,0.158945,0.395649,-0.211242,-0.087081,-0.150203,-0.036589,-0.09784,0.389355,-0.286035,0.020475,0.002659,0.020527,-0.045479,0.244626,0.335777,-0.369211,0.872907,0.106597,0.424971,-0.24822,-0.611032,-0.784378,0.592809,-0.112333,-0.262555,0.28896,-0.005812
0.10639,-3.150647,0.778044,0.006754,0.022671,0.680438,0.732423,-0.103272,0.157608,0.160435,0.421288,-0.217951,-0.089902,-0.145584,-0.030483,-0.100994,0.396886,-0.295685,0.019046,0.010746,0.025634,-0.037465,0.240534,0.344462,-0.381309,0.848646,0.109649,0.430465,-0.235032,-0.631688,-0.795137,0.662047,-0.07937,-0.272904,0.319469,-0.094418
0.110452,-3.14842,0.776788,0.007334,0.020597,0.680722,0.732215,-0.111786,0.169959,0.160801,0.451973,-0.223539,-0.094322,-0.141289,-0.022663,-0.102928,0.405831,-0.306399,0.011029,0.020556,0.030857,-0.028896,0.236485,0.349702,-0.38684,0.830502,0.103424,0.43017,-0.218042,-0.652497,-0.804321,0.738941,-0.049594,-0.266698,0.361946,-0.224209
0.114267,-3.146158,0.775475,0.007589,0.01802,0.681221,0.731817,-0.124733,0.183806,0.157983,0.490426,-0.225167,-0.098717,-0.137302,-0.013441,-0.103887,0.416098,-0.314946,0.003562,0.030627,0.038873,-0.019291,0.232178,0.348392,-0.389569,0.818814,0.086886,0.42485,-0.200244,-0.686216,-0.804077,0.830345,-0.005603,-0.224182,0.397184,-0.402247
0.118249,-3.143884,0.774298,0.007703,0.016419,0.680721,0.732318,-0.137649,0.196411,0.156053,0.525952,-0.223861,-0.103526,-0.134806,-0.005753,-0.108193,0.425553,-0.323039,-0.003882,0.042954,0.044107,-0.010923,0.230517,0.348692,-0.391069,0.80817,0.069031,0.418251,-0.18794,-0.716401,-0.789577,0.909147,0.040955,-0.165612,0.410171,-0.581751
0.121815,-3.141422,0.773229,0.008115,0.015944,0.678007,0.734838,-0.14465,0.197471,0.130015,0.550822,-0.231124,-0.10067,-0.135373,0.002006,-0.100942,0.436266,-0.329709,-0.010087,0.059479,0.047527,-0.004075,0.232165,0.351289,-0.394617,0.796338,0.055074,0.413721,-0.180509,-0.744144,-0.761439,0.975015,0.092962,-0.101704,0.400238,-0.741213
0.125544,-3.138621,0.773018,0.009451,0.015726,0.676812,0.735927,-0.156668,0.203541,0.127091,0.584018,-0.216413,-0.098648,-0.134036,0.005597,-0.100525,0.446965,-0.332836,-0.014773,0.070921,0.04899,0.005932,0.23369,0.355399,-0.397949,0.787964,0.044704,0.4076,-0.177114,-0.766083,-0.727641,1.020549,0.145924,-0.04711,0.375769,-0.866776
0.129036,-3.136021,0.7732,0.011593,0.015999,0.677002,0.735716,-0.176305,0.211938,0.135845,0.62807,-0.191723,-0.099161,-0.130982,0.007197,-0.097899,0.455563,-0.336938,-0.023136,0.079921,0.048317,0.019307,0.232421,0.359568,-0.402387,0.785429,0.038928,0.404429,-0.177899,-0.783209,-0.696378,1.046195,0.196427,-0.005831,0.33864,-0.972877
0.13233,-3.133688,0.774078,0.013908,0.016389,0.677186,0.735498,-0.2006,0.223285,0.155302,0.678436,-0.158479,-0.089259,-0.125645,0.00631,-0.101629,0.458122,-0.333068,-0.030234,0.091039,0.047621,0.033532,0.231388,0.360587,-0.405424,0.789581,0.03556,0.404861,-0.184308,-0.79833,-0.668144,1.049267,0.243045,0.016621,0.305363,-1.048568
0.135219,-3.131461,0.774697,0.015579,0.017156,0.678629,0.734115,-0.232949,0.231455,0.166244,0.738534,-0.138528,-0.054967,-0.121162,0.005241,-0.104103,0.459424,-0.332166,-0.034798,0.102233,0.047948,0.048462,0.227865,0.358228,-0.407171,0.797206,0.030401,0.405775,-0.192746,-0.817469,-0.638289,1.049419,0.299202,0.036812,0.274374,-1.102936
0.137792,-3.129421,0.774873,0.015938,0.018372,0.680654,0.732202,-0.276231,0.242033,0.18034,0.808452,-0.120662,0.004479,-0.116603,0.005357,-0.110819,0.457117,-0.333995,-0.04269,0.111561,0.049069,0.06237,0.224338,0.355539,-0.408815,0.806335,0.025561,0.405763,-0.201061,-0.845488,-0.608042,1.056177,0.357985,0.043629,0.250325,-1.128661
0.140184,-3.127484,0.775749,0.014271,0.020752,0.681777,0.731127,-0.315055,0.243183,0.185301,0.855126,-0.1138,0.050973,-0.118674,0.006281,-0.11233,0.451607,-0.326175,-0.039022,0.123365,0.052557,0.072843,0.222041,0.350183,-0.405457,0.813912,0.021115,0.406699,-0.207244,-0.877448,-0.582125,1.067333,0.417996,0.036025,0.232134,-1.130588
0.141636,-3.125276,0.775921,0.011059,0.02342,0.679525,0.733196,-0.351325,0.223303,0.168943,0.87788,-0.119522,0.023298,-0.124102,0.010531,-0.111721,0.44857,-0.324288,-0.040188,0.141911,0.057577,0.081121,0.222318,0.344384,-0.399128,0.81839,0.016526,0.408299,-0.209798,-0.906926,-0.557787,1.082221,0.475483,0.018965,0.215323,-1.118131
0.1428,-3.122594,0.775731,0.006678,0.025551,0.677142,0.735378,-0.388736,0.188184,0.141519,0.879139,-0.109443,-0.014049,-0.129113,0.01837,-0.107702,0.443643,-0.324878,-0.045169,0.160699,0.064002,0.089047,0.224832,0.340593,-0.393683,0.818429,0.011525,0.407356,-0.209254,-0.933025,-0.536172,1.092375,0.53091,0.000103,0.197314,-1.100273
0.144386,-3.119711,0.775636,0.000866,0.027285,0.67748,0.735035,-0.420854,0.160319,0.132842,0.850717,-0.106861,-0.035406,-0.134937,0.026408,-0.114729,0.440323,-0.322621,-0.048404,0.174521,0.071105,0.097207,0.228141,0.339365,-0.391245,0.813103,0.005938,0.404273,-0.20532,-0.956882,-0.520438,1.091271,0.581712,-0.015872,0.177928,-1.083186
0.145875,-3.116165,0.775492,-0.004341,0.029209,0.678204,0.73428,-0.44917,0.130502,0.125262,0.803046,-0.105745,-0.049581,-0.137594,0.033136,-0.121514,0.434432,-0.322935,-0.051663,0.18901,0.076273,0.106094,0.232568,0.340061,-0.392988,0.805097,0.001488,0.403406,-0.200542,-0.98231,-0.512188,1.084208,0.622628,-0.030445,0.157947,-1.072862
0.147139,-3.111909,0.77489,-0.009325,0.030918,0.679175,0.733266,-0.473886,0.102115,0.117474,0.737791,-0.099931,-0.06142,-0.138992,0.040031,-0.125338,0.428948,-0.325096,-0.054122,0.202925,0.080133,0.115588,0.237843,0.343293,-0.398373,0.795331,-0.000203,0.405574,-0.196902,-1.0116,-0.513042,1.07358,0.656387,-0.04611,0.138033,-1.071814
0.148382,-3.106826,0.773811,-0.014792,0.032091,0.680247,0.732131,-0.493782,0.081521,0.117736,0.656367,-0.091801,-0.069514,-0.139596,0.048006,-0.131073,0.425274,-0.328931,-0.057,0.216967,0.084092,0.124224,0.244295,0.346777,-0.402397,0.78434,-0.001669,0.408005,-0.195908,-1.046114,-0.524987,1.065825,0.684276,-0.06626,0.118412,-1.081153
0.149736,-3.100843,0.772701,-0.019906,0.032952,0.680715,0.731536,-0.512498,0.064936,0.118918,0.570349,-0.073181,-0.077995,-0.140181,0.056756,-0.13452,0.425518,-0.329697,-0.061654,0.232106,0.086065,0.132624,0.249778,0.352977,-0.409638,0.775769,0.000435,0.411317,-0.199368,-1.085828,-0.542598,1.065147,0.712309,-0.082443,0.102618,-1.101275
0.151076,-3.093622,0.771123,-0.02536,0.033285,0.680701,0.731365,-0.529411,0.054398,0.124647,0.483517,-0.047622,-0.086592,-0.13861,0.067682,-0.136421,0.425168,-0.331198,-0.072458,0.247184,0.086978,0.138958,0.254463,0.360745,-0.418591,0.770475,0.006473,0.411819,-0.206773,-1.126439,-0.561268,1.067112,0.745713,-0.079623,0.095784,-1.127933
0.152667,-3.085075,0.769343,-0.030864,0.033527,0.680197,0.731611,-0.54658,0.04701,0.128064,0.406127,-0.015528,-0.095413,-0.132553,0.078529,-0.140335,0.421154,-0.338066,-0.077567,0.260911,0.086571,0.142973,0.260105,0.368917,-0.426455,0.769729,0.016239,0.4114,-0.215926,-1.165874,-0.579423,1.070277,0.784423,-0.060687,0.095926,-1.153355
0.153574,-3.075259,0.767182,-0.036816,0.033456,0.679589,0.731904,-0.561696,0.0441,0.136509,0.349619,-0.002254,-0.105933,-0.12526,0.089453,-0.144127,0.418542,-0.346986,-0.079646,0.2715,0.086275,0.143952,0.266135,0.373,-0.429363,0.776742,0.02623,0.412494,-0.224877,-1.207604,-0.60119,1.085822,0.824372,-0.046067,0.09753,-1.17207
0.154379,-3.063996,0.765066,-0.041982,0.033996,0.679587,0.731603,-0.575446,0.044969,0.156618,0.329561,-0.001275,-0.098484,-0.119107,0.096904,-0.147181,0.42313,-0.355623,-0.079159,0.277707,0.083298,0.143391,0.272775,0.374327,-0.429163,0.78778,0.036355,0.415498,-0.231554,-1.246303,-0.625712,1.108832,0.864582,-0.034373,0.102957,-1.175761
0.154876,-3.050726,0.762842,-0.046134,0.034661,0.679298,0.73159,-0.583979,0.046506,0.175904,0.342654,-0.010446,-0.077023,-0.110682,0.10123,-0.14905,0.432158,-0.367911,-0.077891,0.28303,0.077319,0.141274,0.279958,0.376023,-0.428296,0.798869,0.048682,0.419634,-0.237821,-1.275589,-0.655546,1.131581,0.896579,-0.0178,0.112602,-1.172432
0.154865,-3.035351,0.760207,-0.050595,0.035036,0.677306,0.733123,-0.582075,0.038963,0.160319,0.364231,-0.030866,-0.034728,-0.102211,0.106983,-0.14435,0.445892,-0.380057,-0.076865,0.290346,0.069801,0.135172,0.291659,0.380689,-0.426359,0.805043,0.062077,0.424859,-0.244519,-1.29731,-0.689839,1.158258,0.925268,0.000662,0.125723,-1.163034
0.154272,-3.017891,0.758844,-0.054441,0.040519,0.676346,0.733451,-0.589586,0.023055,0.153479,0.389112,-0.018842,0.005526,-0.094616,0.101812,-0.141039,0.451067,-0.383749,-0.073034,0.289216,0.054017,0.122044,0.312613,0.388593,-0.422518,0.799716,0.074152,0.423316,-0.255885,-1.320174,-0.72699,1.19173,0.951082,0.024208,0.141166,-1.146714
0.15312,-2.998724,0.756648,-0.056361,0.042161,0.674906,0.734539,-0.582929,0.016381,0.144298,0.403258,0.008258,0.021849,-0.084644,0.096593,-0.137618,0.474516,-0.389584,-0.064202,0.290034,0.040947,0.114275,0.329428,0.390796,-0.417655,0.801287,0.081416,0.415836,-0.260694,-1.325277,-0.762114,1.210532,0.982045,0.052161,0.158966,-1.141016
0.151316,-2.978721,0.756106,-0.055331,0.047397,0.676625,0.732715,-0.584878,-0.003181,0.140788,0.441314,0.008216,0.045662,-0.08015,0.075509,-0.140998,0.507306,-0.383402,-0.045464,0.280849,0.020877,0.106634,0.341977,0.389326,-0.410746,0.809034,0.084794,0.409662,-0.264079,-1.322317,-0.798049,1.219484,1.011757,0.083986,0.178585,-1.134538
0.149342,-2.957676,0.756845,-0.052604,0.054032,0.681179,0.728223,-0.587496,-0.025978,0.144269,0.486637,-0.00031,0.0717,-0.082514,0.04436,-0.15116,0.55209,-0.353958,-0.006013,0.266666,0.001044,0.097144,0.344115,0.380987,-0.399661,0.828587,0.085745,0.409967,-0.26809,-1.305402,-0.837089,1.21312,1.032673,0.125012,0.196002,-1.138034
0.147145,-2.936143,0.758379,-0.049041,0.061226,0.68577,0.723578,-0.577473,-0.051104,0.149682,0.513268,-0.011509,0.078679,-0.091552,0.005606,-0.166121,0.605119,-0.301633,0.058284,0.253365,-0.014828,0.084008,0.338111,0.368252,-0.387019,0.853633,0.090799,0.417799,-0.268697,-1.281276,-0.879281,1.206156,1.040058,0.160384,0.206249,-1.150294
0.144695,-2.915054,0.760027,-0.043668,0.064894,0.689606,0.719948,-0.555825,-0.072873,0.154071,0.535646,-0.025243,0.075332,-0.109103,-0.035641,-0.17477,0.682861,-0.241546,0.144441,0.242874,-0.024555,0.075021,0.323403,0.353433,-0.377058,0.879927,0.097567,0.427382,-0.258437,-1.246322,-0.915615,1.196826,1.044072,0.176999,0.208424,-1.174003
0.142394,-2.894069,0.763326,-0.03943,0.067308,0.69467,0.715086,-0.521994,-0.094753,0.15324,0.532081,-0.024624,0.078527,-0.144793,-0.078742,-0.18803,0.787363,-0.157753,0.205444,0.225767,-0.030312,0.066041,0.310382,0.34598,-0.373972,0.895907,0.100144,0.427421,-0.237602,-1.214941,-0.956459,1.182995,1.033718,0.191267,0.206956,-1.190197
0.141287,-2.874235,0.767159,-0.037688,0.065313,0.698655,0.711474,-0.48178,-0.104271,0.146598,0.521725,-0.030427,0.087703,-0.20726,-0.11707,-0.197091,0.920904,-0.03777,0.224782,0.208337,-0.028217,0.063333,0.299985,0.345582,-0.370642,0.899064,0.093593,0.413696,-0.211373,-1.186093,-0.997708,1.155506,1.011675,0.20685,0.20799,-1.198835
0.140827,-2.856289,0.770144,-0.03793,0.066318,0.698906,0.711121,-0.451566,-0.108508,0.148282,0.511106,-0.036581,0.107871,-0.263772,-0.163957,-0.212174,1.014801,-0.039447,0.205428,0.198497,-0.030267,0.059968,0.287712,0.341085,-0.357393,0.903553,0.075861,0.402666,-0.186897,-1.153354,-1.046195,1.116708,0.96937,0.218002,0.207769,-1.20772
0.141217,-2.839212,0.772874,-0.037616,0.063743,0.696143,0.714077,-0.413877,-0.102462,0.155092,0.50134,-0.058011,0.120817,-0.348532,-0.216682,-0.220463,1.130826,-0.088537,0.173947,0.197443,-0.03079,0.061792,0.280233,0.338813,-0.339292,0.900089,0.053838,0.400369,-0.168132,-1.11327,-1.102848,1.071253,0.903069,0.220643,0.211808,-1.207677
0.143791,-2.820851,0.77318,-0.035527,0.062293,0.700327,0.710211,-0.375667,-0.107845,0.146549,0.49247,-0.084001,0.120149,-0.469038,-0.23253,-0.176786,1.24196,-0.090006,0.079452,0.181818,-0.033338,0.067858,0.276444,0.340212,-0.325234,0.880347,0.029658,0.401013,-0.155138,-1.066351,-1.171342,1.017049,0.827074,0.236086,0.227666,-1.203434
0.14569,-2.804922,0.774389,-0.036553,0.062897,0.704782,0.705684,-0.351408,-0.11297,0.130044,0.485345,-0.09739,0.122513,-0.554083,-0.233446,-0.14642,1.259009,-0.105766,0.047733,0.162162,-0.035727,0.068552,0.274708,0.345307,-0.320211,0.851338,0.008072,0.402306,-0.147314,-1.012567,-1.243172,0.962852,0.745676,0.25735,0.256921,-1.197207
0.148859,-2.788852,0.775137,-0.039357,0.061386,0.70922,0.701206,-0.324788,-0.109458,0.111648,0.477596,-0.120022,0.118743,-0.618163,-0.224782,-0.127155,1.223428,-0.133206,0.063802,0.139041,-0.031855,0.069401,0.275575,0.352113,-0.318046,0.818628,-0.010665,0.396869,-0.142807,-0.95844,-1.316968,0.918592,0.66214,0.282212,0.304547,-1.181718
0.152692,-2.772261,0.774792,-0.040777,0.059593,0.713277,0.697152,-0.29711,-0.104808,0.096174,0.474705,-0.144288,0.114175,-0.67338,-0.226929,-0.119247,1.157593,-0.148296,0.075869,0.113803,-0.025915,0.072656,0.274084,0.357821,-0.321197,0.79399,-0.019955,0.393708,-0.145773,-0.908636,-1.392051,0.881419,0.578641,0.312487,0.360463,-1.172361
0.15658,-2.755573,0.773429,-0.041996,0.05979,0.716128,0.694134,-0.271495,-0.101637,0.083958,0.47174,-0.176727,0.119021,-0.714325,-0.239881,-0.124589,1.055227,-0.194442,0.084083,0.087861,-0.017936,0.074206,0.269423,0.357368,-0.324345,0.78167,-0.019949,0.395285,-0.157061,-0.860083,-1.46575,0.839567,0.500078,0.350352,0.416162,-1.172793
0.160646,-2.738427,0.772224,-0.042407,0.059845,0.718404,0.691748,-0.248136,-0.097803,0.072621,0.478704,-0.207003,0.117013,-0.750839,-0.256312,-0.13451,0.943863,-0.226872,0.091037,0.056347,-0.006627,0.077092,0.265846,0.350505,-0.322123,0.781738,-0.015423,0.398227,-0.169924,-0.808278,-1.531016,0.78878,0.426619,0.393754,0.459849,-1.184694
0.165153,-2.720078,0.769913,-0.043701,0.059672,0.721074,0.688899,-0.222545,-0.091424,0.060068,0.482643,-0.238872,0.112241,-0.774314,-0.260154,-0.13619,0.807294,-0.229001,0.085366,0.0164,0.008037,0.076666,0.265807,0.337781,-0.312206,0.796049,-0.008268,0.402318,-0.181098,-0.735606,-1.587846,0.716826,0.34549,0.43044,0.490099,-1.202276
0.17046,-2.700013,0.766428,-0.044559,0.060428,0.723485,0.686245,-0.191612,-0.085383,0.047923,0.478997,-0.269672,0.103528,-0.780357,-0.258032,-0.131824,0.650169,-0.235201,0.091304,-0.031484,0.016942,0.06973,0.273803,0.325578,-0.295248,0.819746,-0.001733,0.408479,-0.188981,-0.652935,-1.619992,0.642365,0.280732,0.437313,0.497989,-1.205961
0.176378,-2.677699,0.762284,-0.043877,0.059439,0.725897,0.683824,-0.154372,-0.076688,0.037503,0.47982,-0.294307,0.092648,-0.771842,-0.252483,-0.119398,0.506016,-0.234507,0.106339,-0.082521,0.022572,0.061399,0.289256,0.315625,-0.27362,0.845803,0.002029,0.407934,-0.192461,-0.556321,-1.634001,0.563786,0.227314,0.437573,0.501193,-1.202971
0.183441,-2.652818,0.757457,-0.041331,0.054822,0.726818,0.68339,-0.103828,-0.060537,0.032322,0.480898,-0.323791,0.085669,-0.755852,-0.240057,-0.104003,0.409551,-0.241619,0.101474,-0.13214,0.023225,0.055232,0.305039,0.314839,-0.259688,0.883032,0.014735,0.416637,-0.194133,-0.421852,-1.629686,0.451982,0.174868,0.42464,0.501243,-1.194649
0.191741,-2.625776,0.75145,-0.038098,0.049528,0.724227,0.686725,-0.050948,-0.03979,0.035346,0.491171,-0.352936,0.076335,-0.74305,-0.221914,-0.092815,0.382502,-0.246884,0.069488,-0.164486,0.009522,0.050502,0.317311,0.333836,-0.252136,0.917002,0.035081,0.427606,-0.199688,-0.181437,-1.594698,0.240164,0.11583,0.393502,0.496925,-1.181127
0.20166,-2.59668,0.744403,-0.033987,0.046661,0.720033,0.691535,-0.004108,-0.020874,0.044053,0.514191,-0.371754,0.061248,-0.723124,-0.203859,-0.095254,0.398105,-0.234002,0.04739,-0.172211,-0.01593,0.045456,0.320251,0.371022,-0.257973,0.941939,0.056764,0.431171,-0.207831,0.186861,-1.528821,-0.087461,0.022332,0.372706,0.484511,-1.179079
0.21336,-2.565818,0.7387,-0.036184,0.043591,0.717388,0.694367,0.027251,0.011055,0.044788,0.546639,-0.376421,0.039678,-0.705021,-0.167289,-0.080954,0.413,-0.121595,0.067126,-0.175195,-0.019503,0.02985,0.315406,0.399052,-0.274336,0.966146,0.086321,0.435792,-0.220323,0.480451,-1.458384,-0.32021,-0.083935,0.371632,0.46066,-1.18902
0.227135,-2.533738,0.73276,-0.028754,0.043802,0.71828,0.693779,0.059432,0.025143,0.040437,0.588982,-0.351263,0.011083,-0.666109,-0.151202,-0.063262,0.395574,0.005025,0.097511,-0.191748,-0.032766,0.017674,0.310126,0.412174,-0.282115,0.992494,0.11371,0.431252,-0.228625,0.680041,-1.390938,-0.441551,-0.175817,0.368037,0.412662,-1.212093
0.241042,-2.502333,0.731241,-0.02478,0.042728,0.712668,0.699761,0.079324,0.051018,0.059508,0.633401,-0.279188,-0.023328,-0.642822,-0.123528,-0.050021,0.426505,0.031288,0.084942,-0.203872,-0.033463,0.005906,0.309573,0.404055,-0.267565,1.018558,0.118474,0.424176,-0.213297,0.794124,-1.343953,-0.466711,-0.255205,0.347687,0.348152,-1.240582
0.254499,-2.472489,0.733441,-0.027636,0.039013,0.7019,0.710669,0.068652,0.10436,0.114693,0.708455,-0.171529,-0.057878,-0.639777,-0.074248,-0.039532,0.49593,0.003573,0.050403,-0.218303,-0.018527,-0.003711,0.311238,0.376946,-0.237078,1.045271,0.091692,0.428011,-0.160529,0.844753,-1.326875,-0.426514,-0.319734,0.314164,0.282818,-1.267592
0.267965,-2.445162,0.737351,-0.024187,0.034237,0.692365,0.720328,0.009887,0.160941,0.16575,0.869457,-0.030446,-0.044386,-0.612401,-0.037296,-0.034153,0.544691,-0.041799,0.022725,-0.240612,-0.015555,-0.001942,0.310479,0.343268,-0.202247,1.062315,0.02796,0.43372,-0.078317,0.841294,-1.331553,-0.338795,-0.365319,0.262534,0.235337,-1.275032
0.280443,-2.420562,0.7422,-0.022843,0.029036,0.686937,0.725777,-0.076581,0.196787,0.159405,1.044177,0.039497,0.018615,-0.571356,-0.00948,-0.041176,0.561774,-0.07613,0.012116,-0.268502,-0.014384,-0.000319,0.295265,0.319042,-0.185584,1.068685,-0.04971,0.431758,0.002483,0.793537,-1.331823,-0.216486,-0.392779,0.2032,0.199955,-1.269556
0.289638,-2.398708,0.747627,-0.018024,0.025168,0.679797,0.732746,-0.163705,0.191239,0.135898,1.210034,-0.039424,0.027384,-0.526805,0.010345,-0.035151,0.566182,-0.094038,0.010771,-0.285832,-0.019546,0.003396,0.273846,0.316793,-0.209151,1.047239,-0.076433,0.404394,0.026319,0.755423,-1.318948,-0.123287,-0.412413,0.149196,0.176151,-1.250851
0.296383,-2.377981,0.752856,-0.013607,0.020011,0.667593,0.744133,-0.262485,0.170116,0.116261,1.357624,-0.100591,-0.006632,-0.48158,0.03597,-0.017472,0.56364,-0.102749,0.01064,-0.289002,-0.020254,0.012861,0.251568,0.327917,-0.24723,1.003734,-0.063832,0.371464,0.013044,0.712762,-1.290073,-0.05054,-0.419876,0.090491,0.152683,-1.222932
0.301828,-2.358312,0.756813,-0.009569,0.01522,0.651521,0.758418,-0.35663,0.14233,0.109903,1.457468,-0.108317,-0.051199,-0.435138,0.064339,0.009341,0.550887,-0.114175,0.001042,-0.28048,-0.019321,0.025997,0.232703,0.347026,-0.274317,0.946712,-0.038942,0.36519,-0.011479,0.674483,-1.245397,-0.006177,-0.418318,0.052506,0.132733,-1.190866
0.306275,-2.339543,0.759858,-0.005963,0.009101,0.633322,0.773812,-0.433968,0.123776,0.115731,1.503758,-0.095822,-0.099887,-0.387106,0.093091,0.040286,0.536325,-0.131258,-0.000735,-0.264138,-0.015984,0.041907,0.215216,0.367987,-0.283937,0.89135,-0.026091,0.390185,-0.017675,0.640487,-1.19408,0.019267,-0.414955,0.041136,0.118696,-1.15574
0.310485,-2.321395,0.761869,-0.003092,0.002094,0.615336,0.788256,-0.490297,0.118534,0.123675,1.495511,-0.091736,-0.144575,-0.341023,0.122137,0.07435,0.525137,-0.142774,-0.013732,-0.250463,-0.011023,0.057267,0.197884,0.3853,-0.283621,0.85487,-0.031061,0.412367,-0.000746,0.602965,-1.148046,0.037781,-0.41248,0.033835,0.105782,-1.112599
0.313973,-2.303431,0.763269,-0.000513,-0.003651,0.598102,0.801411,-0.52669,0.127108,0.133983,1.434445,-0.100346,-0.177281,-0.297497,0.145025,0.108321,0.51421,-0.155146,-0.028471,-0.24215,-0.006478,0.067837,0.179724,0.393588,-0.275371,0.846336,-0.049784,0.405772,0.02628,0.559173,-1.110078,0.052408,-0.412831,0.01853,0.087949,-1.073459
0.316686,-2.2858,0.764575,0.002164,-0.008077,0.581772,0.813309,-0.542262,0.141821,0.142852,1.322923,-0.107805,-0.179889,-0.255772,0.160525,0.142882,0.506127,-0.177228,-0.032005,-0.239939,-0.001462,0.075053,0.162807,0.393272,-0.267955,0.863914,-0.071597,0.384276,0.051602,0.508385,-1.082529,0.068133,-0.415946,0.002034,0.06934,-1.042377
0.318735,-2.267884,0.765295,0.004332,-0.011217,0.566619,0.823892,-0.538245,0.156656,0.14623,1.165063,-0.104391,-0.151919,-0.220955,0.171012,0.177858,0.507108,-0.20164,-0.034325,-0.240179,0.004655,0.079823,0.146137,0.388647,-0.265701,0.896892,-0.088027,0.368755,0.068682,0.456854,-1.066577,0.083936,-0.421996,-0.013959,0.054201,-1.018312
0.32005,-2.250151,0.765344,0.008344,-0.01233,0.553113,0.832973,-0.510962,0.160699,0.142431,0.959883,-0.082745,-0.11476,-0.189999,0.172001,0.212506,0.513062,-0.225767,-0.042956,-0.242775,0.005641,0.082388,0.1312,0.380644,-0.266339,0.937096,-0.097982,0.366371,0.071839,0.410808,-1.06135,0.09576,-0.430664,-0.028918,0.044401,-1.003073
0.321073,-2.232083,0.764718,0.016339,-0.012159,0.541177,0.840662,-0.455185,0.153763,0.13953,0.708009,-0.036249,-0.071663,-0.161431,0.16008,0.245524,0.531849,-0.264375,-0.038951,-0.246862,-0.004001,0.084496,0.118469,0.372112,-0.27085,0.976041,-0.097183,0.372789,0.058876,0.366839,-1.062442,0.106267,-0.43843,-0.043454,0.041046,-0.997871
0.321969,-2.213184,0.761892,0.020897,-0.014283,0.527636,0.849094,-0.388386,0.157685,0.129693,0.444435,0.015206,-0.023826,-0.135539,0.157118,0.277383,0.557905,-0.30552,-0.043861,-0.241206,-0.008261,0.085403,0.114572,0.366559,-0.281066,0.993813,-0.082565,0.382459,0.031357,0.339547,-1.069993,0.106423,-0.449557,-0.055504,0.044284,-0.996869
0.322953,-2.19293,0.758112,0.023835,-0.017493,0.515245,0.856533,-0.343539,0.174451,0.122938,0.249994,0.030497,0.001746,-0.105886,0.154754,0.306803,0.580411,-0.347746,-0.051838,-0.234745,-0.01056,0.086362,0.118855,0.362556,-0.297065,0.989236,-0.058005,0.391601,-0.006773,0.322092,-1.083021,0.10001,-0.462381,-0.067084,0.051243,-0.996281
0.323944,-2.172311,0.755904,0.031078,-0.018523,0.507695,0.860777,-0.321448,0.177395,0.113112,0.136331,0.009245,0.033804,-0.070778,0.135609,0.330407,0.596355,-0.38773,-0.061504,-0.237064,-0.023222,0.085871,0.127574,0.35989,-0.314348,0.968217,-0.024926,0.393183,-0.055955,0.314315,-1.097542,0.084928,-0.475492,-0.079138,0.060356,-0.994054
0.324923,-2.151925,0.755594,0.037742,-0.014146,0.506549,0.861269,-0.333926,0.168015,0.108456,0.106455,-0.007489,0.059992,-0.039562,0.104354,0.344234,0.59427,-0.41472,-0.066158,-0.252024,-0.039869,0.075929,0.13725,0.358657,-0.332738,0.93803,0.007243,0.393358,-0.099116,0.314266,-1.115107,0.062139,-0.487015,-0.103282,0.064519,-0.987162
0.324216,-2.130892,0.754012,0.04278,-0.00978,0.511161,0.858364,-0.355787,0.149985,0.107947,0.137204,-0.019604,0.070778,-0.012243,0.069484,0.342211,0.596585,-0.439079,-0.067655,-0.27321,-0.054024,0.066987,0.146332,0.364169,-0.356901,0.896403,0.052424,0.405233,-0.145223,0.329742,-1.137542,0.023183,-0.504766,-0.148117,0.065908,-0.983904
0.321847,-2.108463,0.750075,0.042866,-0.008675,0.518505,0.853956,-0.380442,0.132994,0.096679,0.217327,-0.032536,0.036681,0.014501,0.044179,0.329103,0.603012,-0.460279,-0.067009,-0.290425,-0.057885,0.061576,0.151694,0.384824,-0.384986,0.841156,0.116595,0.431012,-0.191615,0.378683,-1.17713,-0.057355,-0.538853,-0.218132,0.072521,-1.016526
0.318407,-2.085194,0.747322,0.039569,-0.007375,0.522654,0.851594,-0.404303,0.124977,0.0894,0.285295,0.00312,-0.035849,0.039558,0.025295,0.321457,0.600646,-0.466283,-0.063667,-0.293394,-0.056933,0.050639,0.15491,0.412879,-0.41014,0.795489,0.169142,0.450675,-0.21005,0.414552,-1.22752,-0.141948,-0.559822,-0.255591,0.102946,-1.032041
0.314448,-2.060097,0.743705,0.031967,-0.008047,0.52384,0.851178,-0.413111,0.125422,0.077781,0.314676,0.062915,-0.096631,0.064327,0.017915,0.32098,0.596463,-0.461582,-0.062113,-0.285744,-0.045871,0.037563,0.16124,0.43305,-0.420423,0.770024,0.199578,0.461385,-0.208362,0.437207,-1.276321,-0.214542,-0.57165,-0.2568,0.163384,-0.979876
0.31017,-2.034185,0.741349,0.02477,-0.007186,0.526263,0.849931,-0.418189,0.114539,0.064141,0.335916,0.115513,-0.120414,0.089514,0.006089,0.321188,0.585945,-0.4457,-0.052832,-0.275822,-0.027855,0.022744,0.168899,0.432419,-0.419063,0.76518,0.205825,0.469034,-0.193531,0.464706,-1.293664,-0.276791,-0.601757,-0.2293,0.238109,-0.87225
0.304864,-2.007836,0.739439,0.016955,-0.007085,0.529136,0.848338,-0.418673,0.103501,0.066163,0.362886,0.103692,-0.113323,0.112526,-0.003428,0.319452,0.577452,-0.418567,-0.038851,-0.26369,-0.012581,0.009824,0.175537,0.428152,-0.40329,0.780776,0.184638,0.464051,-0.166667,0.472126,-1.308996,-0.324684,-0.614839,-0.233365,0.289545,-0.767586
0.298836,-1.982729,0.739937,0.015508,-0.002135,0.534719,0.844885,-0.434977,0.073976,0.070005,0.428025,0.056164,-0.087296,0.13247,-0.032891,0.312138,0.563433,-0.382655,-0.008846,-0.250394,-0.013467,-0.004341,0.175734,0.408992,-0.373581,0.817826,0.129496,0.438433,-0.134259,0.468244,-1.321949,-0.377112,-0.620845,-0.25751,0.331908,-0.654597
0.292994,-1.959238,0.741051,0.016138,0.004133,0.539421,0.841871,-0.447947,0.041592,0.077075,0.487693,0.013419,-0.065825,0.141552,-0.065751,0.296978,0.562749,-0.342205,0.023377,-0.229631,-0.021897,-0.019421,0.163912,0.375567,-0.32297,0.883054,0.050546,0.41015,-0.120882,0.462175,-1.333482,-0.424181,-0.618286,-0.286789,0.374889,-0.539176
0.287509,-1.936794,0.742573,0.016483,0.009696,0.539153,0.841991,-0.441266,0.016919,0.089588,0.514258,-0.020469,-0.060028,0.132856,-0.094971,0.278919,0.586834,-0.294779,0.050314,-0.196702,-0.028549,-0.031194,0.141552,0.351529,-0.285106,0.950278,-0.00943,0.413661,-0.131521,0.447541,-1.361871,-0.460263,-0.602808,-0.31721,0.424785,-0.425348
0.282515,-1.91572,0.7452,0.01572,0.012624,0.53219,0.846385,-0.417517,0.005841,0.109939,0.515693,-0.046308,-0.064091,0.099812,-0.120669,0.248217,0.644752,-0.229554,0.075428,-0.153211,-0.03151,-0.03407,0.116153,0.348482,-0.269412,0.996295,-0.037325,0.431119,-0.150591,0.422015,-1.408561,-0.479516,-0.569748,-0.354045,0.464781,-0.311538
0.278036,-1.896848,0.7491,0.013639,0.013323,0.522114,0.852662,-0.384731,0.004041,0.134087,0.499961,-0.061634,-0.067566,0.033987,-0.14668,0.198145,0.744374,-0.133418,0.081504,-0.109084,-0.031552,-0.024751,0.08667,0.364473,-0.277895,1.020476,-0.040513,0.432448,-0.161365,0.377987,-1.461109,-0.472049,-0.52126,-0.401429,0.483136,-0.180204
0.273158,-1.880037,0.753246,0.006912,0.010671,0.51038,0.859855,-0.351314,0.015809,0.159406,0.478493,-0.075918,-0.065946,-0.059996,-0.177674,0.121265,0.872377,-0.016492,0.024882,-0.07327,-0.027463,-0.00854,0.06704,0.400342,-0.293818,1.029005,-0.037144,0.406813,-0.14781,0.331596,-1.51027,-0.434907,-0.467074,-0.442551,0.497901,-0.063031
0.268708,-1.866453,0.755345,0.000918,0.011941,0.499519,0.86622,-0.334348,0.023458,0.184136,0.466946,-0.093416,-0.064719,-0.146606,-0.242015,0.018634,0.970817,-0.002589,-0.075348,-0.041635,-0.030696,0.003458,0.050399,0.437245,-0.308091,1.040387,-0.037777,0.383834,-0.108543,0.293013,-1.552121,-0.387232,-0.411571,-0.46412,0.514339,0.023555
0.26532,-1.855405,0.757068,-0.006943,0.012634,0.497805,0.867169,-0.329966,0.027819,0.188879,0.464716,-0.109064,-0.060511,-0.230862,-0.267712,-0.046643,1.067925,-0.051085,-0.095663,-0.024934,-0.032391,0.016141,0.025531,0.462484,-0.316761,1.067423,-0.050046,0.371789,-0.053609,0.259099,-1.586265,-0.327161,-0.345933,-0.472278,0.526425,0.080988
0.263428,-1.845906,0.758541,-0.013395,0.013476,0.506908,0.861791,-0.331174,0.019661,0.17155,0.464764,-0.117565,-0.05249,-0.305856,-0.234566,-0.062302,1.127713,-0.06309,-0.049434,-0.030201,-0.036729,0.025495,0.000359,0.476292,-0.314044,1.105511,-0.071269,0.369447,-0.001002,0.235204,-1.618445,-0.258943,-0.282813,-0.47556,0.547079,0.109354
0.262642,-1.837469,0.759413,-0.017888,0.016822,0.52051,0.853503,-0.335676,0.001586,0.146904,0.460768,-0.121117,-0.039054,-0.359037,-0.16992,-0.05755,1.123281,-0.069244,0.027913,-0.043472,-0.045994,0.028053,-0.019162,0.480651,-0.301332,1.141332,-0.096661,0.374768,0.044028,0.215294,-1.642869,-0.187195,-0.222727,-0.478409,0.578935,0.124791
0.262303,-1.829273,0.760291,-0.020451,0.020017,0.533949,0.845033,-0.33497,-0.018345,0.125871,0.452794,-0.121103,-0.03176,-0.396452,-0.120123,-0.064452,1.081019,-0.095992,0.097725,-0.053357,-0.058385,0.031238,-0.031233,0.479753,-0.287068,1.162198,-0.118449,0.36767,0.071088,0.196233,-1.648167,-0.113966,-0.160689,-0.474737,0.61092,0.137439
0.262567,-1.821278,0.761352,-0.021032,0.022125,0.545016,0.83787,-0.326602,-0.037273,0.107971,0.44081,-0.118688,-0.018225,-0.425928,-0.101888,-0.094391,1.020765,-0.12129,0.12522,-0.056482,-0.073168,0.0372,-0.032757,0.479006,-0.28109,1.162767,-0.128257,0.347973,0.08152,0.171362,-1.630032,-0.038461,-0.109768,-0.465871,0.638085,0.154686
0.263634,-1.813772,0.762239,-0.021332,0.024633,0.55443,0.831592,-0.318787,-0.05435,0.093936,0.429793,-0.114055,-0.00183,-0.44382,-0.09924,-0.123642,0.938028,-0.14049,0.112998,-0.056773,-0.087621,0.044452,-0.02077,0.474765,-0.270986,1.141855,-0.130551,0.335364,0.078503,0.16506,-1.599392,0.012047,-0.083331,-0.46035,0.662184,0.181115
0.265055,-1.806833,0.763192,-0.022857,0.026137,0.563723,0.825234,-0.308112,-0.065883,0.07637,0.414398,-0.11242,0.006644,-0.45619,-0.096183,-0.145945,0.843318,-0.144573,0.07231,-0.057131,-0.099676,0.054102,0.001097,0.468432,-0.258918,1.105484,-0.132457,0.345627,0.062984,0.16732,-1.557025,0.054289,-0.075403,-0.462793,0.690343,0.21739
0.267149,-1.800163,0.764103,-0.024458,0.026823,0.573405,0.818467,-0.296261,-0.075721,0.056227,0.400659,-0.115274,0.013482,-0.460737,-0.09152,-0.159577,0.735524,-0.130098,0.021093,-0.060783,-0.110494,0.065688,0.036418,0.462618,-0.244351,1.048693,-0.124807,0.359397,0.033417,0.18598,-1.507326,0.087769,-0.099585,-0.464364,0.715392,0.247971
0.269484,-1.793644,0.764114,-0.026092,0.029146,0.583589,0.811106,-0.28777,-0.086443,0.037114,0.387824,-0.121131,0.011842,-0.458141,-0.089821,-0.169862,0.613744,-0.116373,-0.005181,-0.062072,-0.119797,0.075481,0.068557,0.45201,-0.237402,1.002622,-0.11131,0.371297,-0.004628,0.234951,-1.479544,0.11492,-0.14144,-0.491184,0.759168,0.277792
0.272059,-1.787871,0.763756,-0.028172,0.031248,0.595122,0.802533,-0.283756,-0.096546,0.011607,0.381848,-0.13077,-0.000309,-0.458266,-0.086668,-0.173997,0.498258,-0.092941,-0.003035,-0.064195,-0.123889,0.084793,0.095663,0.436463,-0.235178,0.973688,-0.095237,0.379118,-0.046082,0.287171,-1.464567,0.148521,-0.189375,-0.537352,0.774976,0.315933
0.275053,-1.781978,0.763462,-0.028197,0.034049,0.609516,0.79154,-0.284376,-0.113353,-0.016631,0.387411,-0.135191,-0.002448,-0.455982,-0.086686,-0.160448,0.389063,-0.064092,0.023989,-0.073624,-0.127368,0.092367,0.119232,0.416697,-0.234634,0.965215,-0.075714,0.385857,-0.086148,0.332539,-1.443211,0.195262,-0.232876,-0.570991,0.768145,0.347516
0.278305,-1.775433,0.763396,-0.029175,0.035305,0.623466,0.780508,-0.279928,-0.126071,-0.046957,0.389113,-0.139002,0.00621,-0.461457,-0.083086,-0.138634,0.31625,-0.047687,0.020865,-0.081693,-0.124629,0.098809,0.138564,0.396741,-0.23773,0.973905,-0.056405,0.396004,-0.115404,0.371261,-1.414484,0.255266,-0.262012,-0.586881,0.748375,0.373392
0.281837,-1.768922,0.764779,-0.033708,0.033566,0.632946,0.772733,-0.272388,-0.122871,-0.072388,0.387916,-0.146712,0.013742,-0.477911,-0.072672,-0.129334,0.291606,-0.018413,-0.001284,-0.079672,-0.110236,0.103203,0.152321,0.377045,-0.241375,0.996787,-0.032461,0.410557,-0.135301,0.392915,-1.379129,0.331593,-0.27147,-0.603901,0.722294,0.408543
0.285875,-1.761511,0.765202,-0.034335,0.034398,0.639908,0.766913,-0.261324,-0.125953,-0.088489,0.386042,-0.156543,0.013967,-0.48652,-0.073179,-0.125794,0.296252,0.006751,-0.002619,-0.076267,-0.103741,0.105349,0.162999,0.359984,-0.245908,1.027302,-0.004671,0.426911,-0.145564,0.401023,-1.332764,0.415628,-0.259882,-0.619977,0.703692,0.451498
0.290476,-1.753546,0.764413,-0.031747,0.038055,0.644373,0.763104,-0.246449,-0.134674,-0.097003,0.377834,-0.167352,0.013716,-0.481162,-0.082743,-0.136288,0.309266,0.004649,-0.005354,-0.071405,-0.106424,0.104409,0.174927,0.350056,-0.251335,1.055636,0.025999,0.441178,-0.149928,0.404985,-1.276318,0.492958,-0.237635,-0.630939,0.692945,0.492854
0.295632,-1.744952,0.763993,-0.029576,0.040304,0.647838,0.760136,-0.23087,-0.139619,-0.104367,0.374087,-0.177917,0.020085,-0.476856,-0.09156,-0.139928,0.325494,0.00931,-0.009193,-0.068385,-0.108374,0.104916,0.189945,0.346346,-0.254644,1.07282,0.052596,0.450161,-0.151774,0.414686,-1.218842,0.550354,-0.2123,-0.645228,0.690551,0.529718
0.301577,-1.736195,0.763463,-0.025473,0.042328,0.65107,0.757408,-0.215791,-0.147053,-0.111654,0.377415,-0.186619,0.029974,-0.468305,-0.097278,-0.136062,0.337493,0.005996,-0.019712,-0.068924,-0.113164,0.107444,0.206754,0.346471,-0.257783,1.082423,0.073986,0.44782,-0.156107,0.440646,-1.161419,0.581471,-0.188656,-0.657645,0.693111,0.563266
0.308208,-1.726798,0.763175,-0.022817,0.043001,0.652171,0.756507,-0.20063,-0.147649,-0.11548,0.38499,-0.201124,0.040015,-0.460776,-0.096119,-0.13712,0.358008,-0.016556,-0.03067,-0.069466,-0.113235,0.109841,0.225234,0.349017,-0.260873,1.082728,0.08571,0.439203,-0.158312,0.482365,-1.107749,0.59054,-0.17405,-0.65303,0.69602,0.578893
0.315265,-1.717275,0.762872,-0.022151,0.041737,0.650634,0.75792,-0.187261,-0.139465,-0.115304,0.399048,-0.22244,0.048195,-0.458793,-0.087018,-0.134789,0.391652,-0.045407,-0.031215,-0.068837,-0.106949,0.111987,0.243551,0.353779,-0.266863,1.075354,0.092265,0.43157,-0.162487,0.535357,-1.060238,0.585299,-0.171877,-0.6134,0.692873,0.558554
0.322709,-1.707789,0.762511,-0.021678,0.038759,0.646958,0.761232,-0.17375,-0.127382,-0.112431,0.420301,-0.247975,0.06313,-0.457044,-0.07148,-0.128349,0.429562,-0.072093,-0.034284,-0.067977,-0.096516,0.113888,0.258367,0.360516,-0.279968,1.064341,0.101513,0.428928,-0.175895,0.580367,-1.029735,0.596569,-0.171913,-0.562777,0.680236,0.515349
0.330367,-1.697676,0.76168,-0.020101,0.036149,0.642411,0.765243,-0.16048,-0.117083,-0.104882,0.446281,-0.273284,0.069706,-0.445332,-0.055489,-0.119773,0.452677,-0.106773,-0.034911,-0.071332,-0.087877,0.114223,0.269665,0.369362,-0.293475,1.05161,0.113498,0.431971,-0.194576,0.611103,-1.002779,0.6248,-0.158693,-0.495938,0.632954,0.462143
0.33844,-1.687235,0.760233,-0.019522,0.031818,0.637464,0.769575,-0.144135,-0.101351,-0.09911,0.471049,-0.298836,0.071347,-0.428174,-0.034113,-0.112986,0.469258,-0.140434,-0.040071,-0.076825,-0.077145,0.11511,0.271432,0.380716,-0.303219,1.044834,0.127061,0.435285,-0.217017,0.648164,-0.947494,0.642602,-0.119879,-0.397037,0.528585,0.422767
0.346996,-1.676462,0.758939,-0.018715,0.026189,0.631028,0.775092,-0.124377,-0.082189,-0.089092,0.496273,-0.321897,0.062218,-0.405388,-0.00986,-0.10805,0.479903,-0.167217,-0.044635,-0.079141,-0.064024,0.120059,0.261334,0.390722,-0.309565,1.041888,0.136828,0.43567,-0.233374,0.707724,-0.868968,0.650223,-0.07559,-0.285224,0.406935,0.423766
0.355567,-1.665825,0.7581,-0.017705,0.019869,0.62408,0.780907,-0.105732,-0.060283,-0.072021,0.525389,-0.334728,0.041181,-0.377782,0.015332,-0.099516,0.483158,-0.187051,-0.042141,-0.082416,-0.048048,0.125388,0.243065,0.397152,-0.312238,1.043139,0.141015,0.443952,-0.235833,0.765214,-0.795323,0.665879,-0.0454,-0.213745,0.337319,0.474336
0.363661,-1.655634,0.757483,-0.016372,0.014194,0.617384,0.786364,-0.091005,-0.03871,-0.051884,0.555928,-0.333392,0.006538,-0.350034,0.037489,-0.09098,0.483639,-0.203746,-0.04389,-0.088768,-0.033948,0.131748,0.218654,0.402738,-0.308908,1.040567,0.132963,0.446837,-0.222389,0.799459,-0.732869,0.673475,-0.046123,-0.17407,0.297441,0.548841
0.371118,-1.646299,0.757123,-0.015572,0.009303,0.611084,0.791358,-0.087195,-0.01617,-0.029557,0.595973,-0.319167,-0.039145,-0.32279,0.058064,-0.083421,0.479466,-0.218104,-0.052797,-0.091725,-0.024054,0.138783,0.190082,0.411722,-0.304633,1.026591,0.109437,0.444294,-0.191262,0.798505,-0.700462,0.704402,-0.05946,-0.2163,0.2942,0.642741
0.378336,-1.637513,0.757049,-0.013992,0.007359,0.605989,0.795316,-0.10168,0.002977,-0.00375,0.65664,-0.288077,-0.084704,-0.29978,0.070946,-0.076241,0.47385,-0.231814,-0.05871,-0.08877,-0.022927,0.142627,0.158449,0.426853,-0.31014,0.998146,0.073182,0.433041,-0.150803,0.797176,-0.665035,0.732136,-0.073442,-0.280765,0.285547,0.735138
0.385191,-1.629786,0.757093,-0.012177,0.006165,0.600206,0.799729,-0.132002,0.022572,0.020824,0.734419,-0.235444,-0.137022,-0.281875,0.082937,-0.065761,0.472041,-0.240968,-0.066004,-0.079745,-0.023774,0.145486,0.125101,0.441659,-0.326101,0.960165,0.030818,0.410863,-0.110303,0.795764,-0.628322,0.762467,-0.085062,-0.313657,0.247321,0.814822
0.391216,-1.62269,0.757447,-0.010604,0.006501,0.594309,0.804141,-0.177219,0.042709,0.048844,0.824931,-0.16252,-0.179855,-0.266808,0.092753,-0.052166,0.468532,-0.250042,-0.073969,-0.066342,-0.025376,0.147338,0.088087,0.451488,-0.343105,0.918506,-0.010294,0.384452,-0.076632,0.777135,-0.592329,0.805424,-0.083134,-0.34255,0.212555,0.886495
0.396188,-1.616345,0.757575,-0.009751,0.007588,0.588193,0.808627,-0.230096,0.062279,0.072675,0.917645,-0.101592,-0.18714,-0.256778,0.100232,-0.042238,0.46723,-0.258876,-0.080899,-0.050113,-0.025718,0.149674,0.045007,0.459519,-0.365507,0.881804,-0.038591,0.365,-0.053519,0.758047,-0.553388,0.845277,-0.082316,-0.3311,0.168555,0.951669
0.400832,-1.610871,0.757318,-0.012155,0.009107,0.58277,0.812496,-0.274045,0.084493,0.09008,0.985404,-0.136942,-0.154327,-0.255714,0.110888,-0.038307,0.470419,-0.262433,-0.093934,-0.034723,-0.021315,0.150805,0.001849,0.463661,-0.38418,0.847548,-0.055948,0.347586,-0.035624,0.727236,-0.522595,0.884764,-0.079567,-0.324621,0.138985,1.007976
0.404899,-1.605145,0.757833,-0.008381,0.009945,0.5759,0.817417,-0.339812,0.085549,0.088619,1.075883,-0.176374,-0.124133,-0.24642,0.113275,-0.024079,0.476121,-0.264953,-0.104939,-0.015671,-0.025677,0.159204,-0.032248,0.464216,-0.397142,0.811018,-0.064355,0.343032,-0.027248,0.70527,-0.496985,0.910736,-0.071116,-0.306962,0.115463,1.042445
0.408368,-1.598975,0.758495,-0.006036,0.010782,0.569747,0.821727,-0.403888,0.079061,0.080285,1.137067,-0.215718,-0.111441,-0.236603,0.115928,-0.010822,0.478345,-0.266905,-0.105002,-0.00448,-0.027972,0.168611,-0.05585,0.466878,-0.406528,0.767731,-0.066475,0.344961,-0.025825,0.711528,-0.474663,0.909721,-0.057812,-0.195764,0.065741,1.050117
0.411746,-1.593291,0.759227,-0.005432,0.01128,0.563406,0.826085,-0.467162,0.074495,0.073028,1.17412,-0.262835,-0.112127,-0.231025,0.121499,0.000709,0.484205,-0.266276,-0.107804,-0.005441,-0.025156,0.178575,-0.065491,0.468353,-0.405783,0.723832,-0.063178,0.347247,-0.031192,0.731403,-0.460886,0.88862,-0.03212,0.022878,-0.031972,1.025084
0.414387,-1.587062,0.759663,-0.00476,0.010694,0.557352,0.830194,-0.52616,0.076638,0.078094,1.188081,-0.318811,-0.120398,-0.222914,0.127309,0.013098,0.489967,-0.266434,-0.116159,-0.014714,-0.022456,0.188776,-0.064297,0.46923,-0.395902,0.688171,-0.052945,0.346516,-0.044046,0.741966,-0.460984,0.868527,0.001569,0.221378,-0.14734,0.979298
0.416715,-1.580548,0.759848,-0.002468,0.010223,0.552499,0.833447,-0.591065,0.076027,0.089171,1.196565,-0.351439,-0.117663,-0.211176,0.128947,0.025611,0.493923,-0.272707,-0.127876,-0.0288,-0.024386,0.198781,-0.055356,0.473531,-0.387401,0.659763,-0.036177,0.349097,-0.059381,0.743371,-0.471251,0.853806,0.035612,0.348988,-0.241387,0.949876
0.418886,-1.57368,0.759541,-0.001904,0.010383,0.548464,0.836108,-0.648832,0.077173,0.104973,1.177713,-0.370065,-0.126138,-0.201286,0.1311,0.033918,0.495903,-0.283141,-0.13473,-0.044494,-0.026266,0.205523,-0.042534,0.476938,-0.377996,0.649177,-0.015746,0.348921,-0.082114,0.731793,-0.483643,0.840239,0.085245,0.431858,-0.29718,0.96062
0.421113,-1.565793,0.759251,-0.002428,0.010399,0.545665,0.837936,-0.701332,0.076971,0.122146,1.140346,-0.367189,-0.137361,-0.188782,0.133152,0.039792,0.4946,-0.296296,-0.137664,-0.059464,-0.025631,0.209681,-0.023379,0.473531,-0.363258,0.652818,-0.001068,0.349024,-0.099148,0.720807,-0.492284,0.821377,0.145048,0.477203,-0.307715,0.993682
0.423295,-1.557246,0.758755,-0.003497,0.010548,0.543575,0.839287,-0.741688,0.075528,0.144989,1.078518,-0.343664,-0.161825,-0.174954,0.134609,0.04364,0.491313,-0.311909,-0.139746,-0.073235,-0.024515,0.211273,0.006211,0.458555,-0.330411,0.668641,-0.010766,0.335259,-0.089894,0.707394,-0.500983,0.800502,0.211762,0.474664,-0.280678,1.026741
0.425816,-1.547867,0.757889,-0.003919,0.011938,0.541499,0.840607,-0.773484,0.069711,0.16723,0.999389,-0.290888,-0.178831,-0.164118,0.133599,0.04856,0.494865,-0.331432,-0.144524,-0.086655,-0.025239,0.210027,0.033611,0.431465,-0.28649,0.710551,-0.04121,0.324889,-0.047434,0.70362,-0.49449,0.762835,0.298761,0.47451,-0.243501,1.058122
0.428445,-1.537416,0.75668,-0.004802,0.011576,0.539925,0.84162,-0.786464,0.062102,0.186161,0.8988,-0.218205,-0.168228,-0.150186,0.134903,0.053062,0.499746,-0.348274,-0.147573,-0.100456,-0.027874,0.20137,0.055262,0.403721,-0.251208,0.78587,-0.073455,0.333814,-0.005252,0.664859,-0.499837,0.753715,0.362249,0.388024,-0.166858,1.072239
0.430763,-1.525962,0.7553,-0.006018,0.008578,0.537752,0.843038,-0.772558,0.057295,0.206455,0.772467,-0.144467,-0.154425,-0.131832,0.139654,0.05839,0.507841,-0.364858,-0.146862,-0.114881,-0.028168,0.209365,0.059775,0.377964,-0.220686,0.872536,-0.093774,0.343005,0.016276,0.393308,-0.653021,1.015172,0.339333,-0.394265,0.158679,0.959629
0.43399,-1.513329,0.75291,-0.006167,0.006566,0.533956,0.845464,-0.745389,0.055761,0.225998,0.63997,-0.073464,-0.142628,-0.113814,0.142034,0.067262,0.520318,-0.385387,-0.146158,-0.100679,-0.024486,0.207615,0.085678,0.356156,-0.207595,0.930807,-0.110564,0.357363,0.024096,0.343195,-0.669661,1.045216,0.397845,-0.557062,0.279519,0.903981
0.438719,-1.498557,0.750066,-0.00368,0.004139,0.528752,0.848758,-0.704314,0.055639,0.243445,0.515633,-0.007114,-0.114969,-0.090502,0.141781,0.08105,0.53942,-0.410957,-0.148533,-0.090725,-0.030282,0.201706,0.117636,0.346822,-0.219589,0.995775,-0.112527,0.361188,0.018992,0.279333,-0.686893,1.058882,0.458387,-0.520207,0.28937,0.821299
0.44387,-1.482194,0.746088,-0.002818,0.000756,0.523521,0.852008,-0.655298,0.062931,0.265394,0.408028,0.02472,-0.065037,-0.065196,0.144752,0.092556,0.558603,-0.436354,-0.154455,-0.075948,-0.033041,0.199388,0.147585,0.344839,-0.240938,1.0523,-0.087926,0.38502,0.005112,0.198465,-0.713948,1.066091,0.520945,-0.459132,0.248645,0.735252
0.449579,-1.464219,0.741154,-0.005382,-0.001196,0.518911,0.854811,-0.6163,0.080831,0.298192,0.341448,0.008587,-0.013906,-0.042096,0.15093,0.101999,0.573815,-0.459598,-0.157793,-0.058294,-0.035001,0.188537,0.182997,0.346003,-0.252943,1.10042,-0.052658,0.4096,-0.018282,0.128983,-0.742243,1.042534,0.58144,-0.441715,0.218936,0.663741
0.455664,-1.444328,0.736901,-0.006557,0.00063,0.515974,0.856579,-0.583008,0.090637,0.330894,0.305633,-0.031787,0.020758,-0.020332,0.146637,0.108623,0.587004,-0.482218,-0.15455,-0.046843,-0.043037,0.17285,0.217332,0.343048,-0.253358,1.143781,-0.008426,0.428914,-0.047753,0.082674,-0.76094,0.96719,0.651577,-0.430393,0.200517,0.594609
0.461939,-1.423593,0.733898,-0.004527,0.007221,0.519967,0.854144,-0.563246,0.085165,0.367441,0.310178,-0.046795,0.025726,-0.004402,0.127159,0.108413,0.603863,-0.49556,-0.132562,-0.043245,-0.058563,0.153311,0.243769,0.337745,-0.248545,1.185665,0.041428,0.430767,-0.084703,0.072585,-0.761374,0.829821,0.724656,-0.420991,0.207025,0.522284
0.468774,-1.401906,0.732628,-0.001708,0.020784,0.527314,0.849415,-0.561633,0.064017,0.385309,0.327001,0.018923,0.029199,0.001233,0.097601,0.107147,0.61752,-0.496715,-0.104691,-0.049604,-0.080341,0.119699,0.265451,0.331772,-0.239298,1.229416,0.075537,0.42767,-0.123756,0.087212,-0.73968,0.660226,0.773106,-0.394962,0.251892,0.446876
0.475507,-1.378402,0.729324,-0.005912,0.025597,0.530751,0.847121,-0.557035,0.055003,0.367642,0.319307,0.09411,0.052128,0.012531,0.09399,0.111567,0.635417,-0.480489,-0.07064,-0.043099,-0.083354,0.091766,0.278292,0.328198,-0.225225,1.265491,0.089802,0.412474,-0.153674,0.110489,-0.698195,0.502075,0.796227,-0.34055,0.323005,0.348476
0.481608,-1.353879,0.727139,-0.013621,0.024603,0.535754,0.843905,-0.552337,0.052505,0.351606,0.338349,0.097113,0.083823,0.028271,0.101601,0.103841,0.650013,-0.438068,-0.029702,-0.03296,-0.076792,0.07183,0.274302,0.337696,-0.258071,1.300663,0.129292,0.4271,-0.184132,0.128196,-0.652903,0.384366,0.793514,-0.245134,0.385157,0.222542
0.487458,-1.329403,0.728123,-0.017258,0.024894,0.541939,0.839872,-0.55473,0.048044,0.338434,0.396008,0.059997,0.087465,0.034448,0.096172,0.085416,0.675513,-0.360128,0.046642,-0.009818,-0.075086,0.055845,0.238825,0.347275,-0.249702,1.326393,0.141732,0.44229,-0.213312,0.146899,-0.620279,0.320354,0.775781,-0.132387,0.40929,0.089332
0.493472,-1.305742,0.732617,-0.015692,0.029989,0.548604,0.835397,-0.544007,0.028185,0.330861,0.434325,0.020825,0.077047,0.016972,0.073259,0.064403,0.719033,-0.243506,0.144958,0.010693,-0.085208,0.043463,0.195315,0.353076,-0.246595,1.318683,0.136347,0.444801,-0.227352,0.152864,-0.619353,0.329558,0.735114,-0.048807,0.395635,-0.024188
0.499301,-1.282891,0.738526,-0.013522,0.03236,0.55348,0.832124,-0.509582,0.006945,0.326808,0.434553,-0.006532,0.077208,-0.027706,0.042932,0.025483,0.806695,-0.083344,0.226483,0.031544,-0.089744,0.038258,0.160595,0.358384,-0.258147,1.265514,0.131595,0.443336,-0.231613,0.139719,-0.647307,0.387183,0.692044,-0.012505,0.356806,-0.090649
0.50354,-1.260684,0.745348,-0.01334,0.028665,0.556407,0.830308,-0.456194,-0.007187,0.322033,0.409981,-0.026042,0.077186,-0.108486,-0.002849,-0.039227,0.947519,0.139112,0.210565,0.045098,-0.084521,0.043218,0.1424,0.363755,-0.256243,1.167237,0.099732,0.417417,-0.222621,0.106275,-0.679869,0.456538,0.660567,-0.015817,0.29146,-0.097938
0.50369,-1.239155,0.749843,-0.011923,0.031232,0.555185,0.831055,-0.408845,-0.030014,0.33249,0.370333,-0.036791,0.080928,-0.16831,-0.150988,-0.16281,1.074792,0.228869,0.12358,0.061906,-0.088761,0.040761,0.131628,0.365902,-0.249026,1.04238,0.047251,0.384315,-0.198219,0.069445,-0.706614,0.516855,0.648866,-0.045555,0.246963,-0.059183
0.503702,-1.22018,0.753282,-0.012024,0.030148,0.568538,0.822016,-0.369575,-0.06121,0.309232,0.341262,-0.046703,0.089105,-0.232704,-0.247569,-0.19833,1.210924,0.216887,0.073282,0.056156,-0.089651,0.047203,0.111286,0.367155,-0.249937,0.918496,-0.01154,0.360951,-0.157961,0.050037,-0.708731,0.536875,0.650325,-0.078589,0.24665,-0.009578
0.507828,-1.204586,0.7568,-0.017856,0.026798,0.58834,0.807972,-0.345553,-0.077565,0.256878,0.329512,-0.0582,0.095249,-0.304921,-0.232977,-0.167075,1.335409,0.125569,0.086615,0.042026,-0.078909,0.047856,0.083261,0.365163,-0.258343,0.816187,-0.064878,0.344983,-0.113431,0.062185,-0.693713,0.520657,0.657079,-0.105127,0.283991,0.041914
0.513144,-1.190305,0.759867,-0.024652,0.02045,0.612385,0.78991,-0.326189,-0.087157,0.196864,0.333842,-0.07449,0.106682,-0.393531,-0.16673,-0.123494,1.44262,0.055881,0.100325,0.022642,-0.061523,0.050859,0.048554,0.363751,-0.279803,0.729108,-0.100798,0.345348,-0.070125,0.099135,-0.663106,0.480634,0.664872,-0.11732,0.33003,0.086641
0.517605,-1.176534,0.762249,-0.029851,0.015291,0.634892,0.771872,-0.313552,-0.096825,0.140106,0.349881,-0.090444,0.109835,-0.478023,-0.118789,-0.100932,1.513548,0.006728,0.131259,0.009561,-0.04659,0.05585,0.010376,0.365454,-0.310746,0.650245,-0.118603,0.346455,-0.032487,0.145143,-0.622927,0.436221,0.674367,-0.114855,0.351344,0.128967
0.521966,-1.163079,0.764301,-0.033844,0.010504,0.654376,0.755339,-0.299831,-0.104268,0.089265,0.364532,-0.105385,0.113543,-0.548205,-0.094346,-0.092707,1.547753,-0.049147,0.143448,0.006038,-0.034067,0.0617,-0.024439,0.374472,-0.3505,0.582654,-0.114487,0.332432,-0.018025,0.188834,-0.586812,0.41172,0.686508,-0.113305,0.346644,0.177819
0.525644,-1.14938,0.765961,-0.036114,0.007994,0.669529,0.741864,-0.285883,-0.113053,0.047608,0.37758,-0.120808,0.116961,-0.59972,-0.104292,-0.094562,1.547554,-0.136802,0.125276,0.01423,-0.026651,0.065901,-0.047206,0.389401,-0.390134,0.513807,-0.097454,0.333584,-0.015899,0.221867,-0.564932,0.418713,0.707171,-0.135171,0.348038,0.243053
0.529083,-1.135413,0.767032,-0.036613,0.006139,0.681917,0.730487,-0.264897,-0.120703,0.018341,0.383573,-0.138298,0.113797,-0.647021,-0.13356,-0.100124,1.525966,-0.231158,0.075689,0.025621,-0.02241,0.070695,-0.057747,0.408289,-0.4205,0.456394,-0.070415,0.333462,-0.032448,0.238495,-0.558312,0.451848,0.727184,-0.192754,0.355746,0.335092
0.53269,-1.121553,0.767751,-0.035129,0.004412,0.69311,0.719962,-0.245678,-0.128302,-0.008626,0.395577,-0.154807,0.113291,-0.691664,-0.164124,-0.098653,1.481453,-0.297996,0.036849,0.034972,-0.019852,0.079794,-0.055558,0.424787,-0.436389,0.42067,-0.039932,0.317965,-0.06204,0.246457,-0.551749,0.478009,0.744954,-0.249551,0.340058,0.446734
0.536392,-1.107833,0.768372,-0.034679,0.000681,0.70489,0.708468,-0.227338,-0.131473,-0.039609,0.413565,-0.169903,0.113141,-0.732849,-0.16693,-0.077939,1.414596,-0.313438,0.005009,0.038542,-0.011033,0.090725,-0.036641,0.435599,-0.441712,0.407441,-0.012623,0.313549,-0.098066,0.244764,-0.548297,0.504263,0.766112,-0.303832,0.312874,0.568879
0.540532,-1.093399,0.768711,-0.036254,-0.003506,0.718463,0.69461,-0.21234,-0.131188,-0.076701,0.435276,-0.187275,0.116908,-0.760118,-0.141335,-0.036017,1.315417,-0.301767,-0.003876,0.032692,0.002016,0.099342,-0.006056,0.434437,-0.437034,0.429244,0.00249,0.314925,-0.131781,0.236215,-0.551194,0.528473,0.784331,-0.349688,0.280527,0.677459
0.544325,-1.078965,0.769018,-0.038452,-0.00713,0.733099,0.678997,-0.201668,-0.131637,-0.117021,0.461601,-0.202393,0.120376,-0.766106,-0.107197,0.017418,1.18009,-0.267331,0.010857,0.021018,0.016083,0.106769,0.027928,0.420344,-0.424017,0.491715,0.007108,0.324229,-0.159012,0.226684,-0.555423,0.538346,0.798579,-0.381763,0.254584,0.761022
0.547959,-1.064195,0.768754,-0.039665,-0.009563,0.748154,0.66227,-0.191132,-0.135551,-0.15817,0.487574,-0.218353,0.121439,-0.74302,-0.082605,0.073362,1.001555,-0.236939,0.032742,0.00552,0.027657,0.114026,0.061668,0.398022,-0.400672,0.588753,0.005803,0.343877,-0.180244,0.221545,-0.560739,0.531022,0.805657,-0.397543,0.242177,0.802623
0.551342,-1.048368,0.766838,-0.036415,-0.008357,0.763127,0.645167,-0.173577,-0.151375,-0.197371,0.505832,-0.235937,0.119721,-0.690335,-0.08902,0.121025,0.787882,-0.234109,0.040009,-0.012283,0.028839,0.12152,0.091849,0.375455,-0.369129,0.714395,0.000765,0.366234,-0.191123,0.222042,-0.566769,0.512016,0.807264,-0.395762,0.245026,0.797435
0.55458,-1.031304,0.763977,-0.029845,-0.006544,0.775914,0.630098,-0.145635,-0.168498,-0.230512,0.518137,-0.257639,0.121599,-0.639245,-0.115718,0.143206,0.594923,-0.243659,0.050259,-0.026081,0.024043,0.129892,0.113249,0.361476,-0.331731,0.867729,0.001427,0.397128,-0.19204,0.22885,-0.56775,0.48584,0.813391,-0.37428,0.259664,0.74587
0.558223,-1.012688,0.761018,-0.024325,-0.005556,0.786325,0.61731,-0.114268,-0.177523,-0.260583,0.52867,-0.281012,0.123389,-0.600605,-0.137117,0.156847,0.445205,-0.264482,0.061233,-0.034374,0.018669,0.13541,0.126771,0.361236,-0.295756,1.032707,0.012318,0.448535,-0.178565,0.234434,-0.562016,0.458897,0.826473,-0.348529,0.292,0.667847
0.562338,-0.992473,0.757962,-0.018969,-0.004972,0.793769,0.607903,-0.07803,-0.179367,-0.284141,0.534215,-0.303003,0.126498,-0.573685,-0.151766,0.155973,0.343056,-0.298943,0.067276,-0.035135,0.011623,0.13919,0.138469,0.37484,-0.268785,1.186287,0.024035,0.486371,-0.141253,0.235709,-0.552277,0.43714,0.845113,-0.312328,0.328344,0.56879
0.566941,-0.971697,0.757071,-0.021571,-0.008487,0.796992,0.603545,-0.047201,-0.155184,-0.297713,0.533453,-0.320391,0.126727,-0.57336,-0.136958,0.133008,0.316079,-0.313545,0.052811,-0.020802,0.01641,0.134305,0.149369,0.400172,-0.266767,1.315605,0.037757,0.477987,-0.091266,0.234844,-0.542947,0.42467,0.857831,-0.281376,0.372247,0.476166
0.572088,-0.949305,0.756761,-0.029099,-0.013374,0.800692,0.59822,-0.02356,-0.118771,-0.31139,0.534248,-0.333479,0.124132,-0.577477,-0.105345,0.126902,0.330648,-0.299182,0.046691,-0.004335,0.029269,0.121509,0.165611,0.429918,-0.288796,1.403217,0.064084,0.435101,-0.051112,0.234585,-0.540995,0.420828,0.859193,-0.256167,0.405515,0.399165
0.577896,-0.926094,0.756511,-0.040494,-0.015031,0.803318,0.593982,-0.016948,-0.08151,-0.321297,0.544452,-0.340567,0.118738,-0.575586,-0.065791,0.123659,0.344518,-0.220661,0.06018,0.017651,0.043086,0.099415,0.191446,0.460066,-0.3251,1.435897,0.103141,0.380962,-0.034549,0.231676,-0.550677,0.427756,0.851684,-0.240343,0.419302,0.341518
0.584686,-0.901646,0.755736,-0.049163,-0.013876,0.805789,0.589996,-0.01075,-0.054166,-0.334317,0.558196,-0.342099,0.113273,-0.573409,-0.037417,0.104214,0.339518,-0.102408,0.085871,0.039355,0.054626,0.079646,0.226523,0.4865,-0.350441,1.421666,0.135749,0.333136,-0.035506,0.225556,-0.569544,0.434607,0.83979,-0.222222,0.410111,0.289344
0.592463,-0.876225,0.75183,-0.043992,-0.006705,0.810664,0.583818,0.010085,-0.058601,-0.350719,0.575163,-0.339295,0.103576,-0.552536,-0.048063,0.088673,0.316745,0.000685,0.128699,0.049767,0.047084,0.076534,0.26634,0.502755,-0.347474,1.383304,0.146805,0.317373,-0.050162,0.215327,-0.591339,0.444047,0.833055,-0.209747,0.397172,0.254091
0.599836,-0.850913,0.748587,-0.038562,-0.00097,0.813148,0.580777,0.035261,-0.059094,-0.361595,0.584546,-0.329633,0.08604,-0.538781,-0.050017,0.09862,0.331749,0.034476,0.156703,0.060665,0.041264,0.078021,0.304881,0.501659,-0.303576,1.341711,0.126883,0.34367,-0.066332,0.189036,-0.615491,0.464344,0.832287,-0.20733,0.381653,0.23756
0.606837,-0.826221,0.746284,-0.032842,0.004099,0.814367,0.579406,0.05786,-0.05824,-0.364237,0.595748,-0.306884,0.057436,-0.532304,-0.042325,0.107141,0.373373,0.023132,0.142673,0.068205,0.033627,0.08157,0.334833,0.480409,-0.238733,1.3051,0.082536,0.38395,-0.070388,0.15057,-0.631665,0.484625,0.840674,-0.206308,0.368146,0.239223
0.612995,-0.80255,0.746585,-0.031661,0.006907,0.816574,0.57633,0.059608,-0.048817,-0.357943,0.621688,-0.259961,0.01099,-0.527722,-0.029864,0.099918,0.418763,-0.006703,0.112935,0.072603,0.030333,0.080811,0.34792,0.447286,-0.181611,1.27158,0.028702,0.421405,-0.064155,0.10935,-0.634001,0.489894,0.855588,-0.200173,0.36223,0.254963
0.61809,-0.780555,0.749022,-0.031796,0.010163,0.824567,0.564779,0.029351,-0.037137,-0.336624,0.67892,-0.181295,-0.053663,-0.510885,-0.034861,0.073505,0.445488,-0.041727,0.094753,0.068667,0.027359,0.077224,0.344411,0.414925,-0.15704,1.221338,-0.013528,0.428196,-0.063251,0.080434,-0.629994,0.471585,0.867907,-0.186706,0.358793,0.270358
0.622683,-0.759912,0.754195,-0.030217,0.015446,0.838702,0.543533,-0.044066,-0.014949,-0.269819,0.781209,-0.049943,-0.081703,-0.478311,-0.061344,0.032745,0.451572,-0.0707,0.091569,0.060117,0.022655,0.073115,0.327584,0.390051,-0.167542,1.16116,-0.027173,0.407322,-0.092539,0.070235,-0.627314,0.434432,0.874979,-0.163086,0.358804,0.268752
0.628208,-0.739756,0.760319,-0.031256,0.020617,0.855725,0.516074,-0.137511,0.055245,-0.153675,0.888685,0.047737,0.013444,-0.438888,-0.090508,-0.025568,0.437364,-0.088062,0.091189,0.047662,0.022936,0.057743,0.311137,0.372252,-0.187454,1.09416,-0.017341,0.380301,-0.156482,0.076031,-0.632191,0.399584,0.880968,-0.130415,0.351499,0.247287
0.631871,-0.721892,0.765342,-0.033248,0.02513,0.865937,0.498414,-0.220797,0.126627,-0.074163,1.003587,0.061891,0.081637,-0.407694,-0.10463,-0.068507,0.421458,-0.09996,0.087427,0.045591,0.023982,0.044645,0.302687,0.350452,-0.19817,1.017211,-0.000493,0.368662,-0.225582,0.067444,-0.644081,0.389224,0.889814,-0.099073,0.344193,0.215682
0.634106,-0.706521,0.769281,-0.028644,0.032572,0.868961,0.492977,-0.30724,0.126186,-0.063896,1.157875,0.058803,0.069672,-0.386057,-0.116627,-0.075935,0.422983,-0.114817,0.076098,0.061812,0.010598,0.044114,0.301416,0.327745,-0.198373,0.935106,0.008612,0.371402,-0.277973,0.036535,-0.662408,0.415145,0.900576,-0.091174,0.350751,0.194551
0.635501,-0.692629,0.77202,-0.024034,0.040651,0.869348,0.49194,-0.378511,0.067112,-0.081571,1.279435,0.060954,0.013085,-0.373596,-0.1253,-0.072043,0.433338,-0.133592,0.059842,0.080138,-0.007276,0.045008,0.304659,0.311956,-0.202098,0.858248,0.005113,0.360324,-0.309089,-0.011237,-0.680553,0.460899,0.911015,-0.099574,0.353975,0.193288
0.636584,-0.679517,0.773706,-0.020399,0.047445,0.869914,0.490491,-0.42843,-0.003279,-0.087128,1.347739,0.037428,-0.046904,-0.361226,-0.132078,-0.070699,0.44217,-0.156405,0.046473,0.092632,-0.022236,0.045844,0.305756,0.303241,-0.209813,0.807926,-0.005846,0.341639,-0.317228,-0.068767,-0.700866,0.52688,0.913689,-0.129816,0.345759,0.217329
0.637323,-0.666214,0.774974,-0.018708,0.051212,0.87173,0.486944,-0.459515,-0.053073,-0.077472,1.360052,-0.016456,-0.082517,-0.344202,-0.13396,-0.078737,0.446285,-0.18229,0.034632,0.093248,-0.030179,0.044297,0.302562,0.304641,-0.222437,0.792615,-0.005786,0.345855,-0.303965,-0.127152,-0.720293,0.592614,0.899195,-0.168039,0.32531,0.25327
0.637659,-0.652819,0.77506,-0.018738,0.052012,0.874708,0.481488,-0.482686,-0.078825,-0.061492,1.329809,-0.081366,-0.092601,-0.324437,-0.13088,-0.09435,0.447886,-0.208268,0.023017,0.08619,-0.031847,0.042954,0.304525,0.309565,-0.224909,0.793112,-0.013153,0.342052,-0.267804,-0.1774,-0.735452,0.640048,0.872004,-0.199442,0.304256,0.282876
0.637512,-0.639225,0.774515,-0.021446,0.050401,0.878384,0.474807,-0.49586,-0.077793,-0.0372,1.251836,-0.148539,-0.080836,-0.303017,-0.12151,-0.116601,0.443418,-0.231909,0.011374,0.073667,-0.027018,0.037132,0.305881,0.314535,-0.226262,0.81783,-0.022444,0.34165,-0.222413,-0.212383,-0.742448,0.663066,0.834754,-0.214502,0.28662,0.300086
0.636339,-0.625938,0.773664,-0.025679,0.045758,0.882205,0.467933,-0.493692,-0.057571,-0.004244,1.123089,-0.20839,-0.058863,-0.277957,-0.105183,-0.142668,0.433351,-0.25179,0.002993,0.062141,-0.014503,0.03255,0.302976,0.317081,-0.227128,0.857463,-0.028559,0.353855,-0.176418,-0.228726,-0.74161,0.658831,0.793878,-0.208556,0.273837,0.301957
0.634121,-0.613027,0.772409,-0.031462,0.039691,0.885938,0.461029,-0.477623,-0.0279,0.04529,0.944722,-0.244535,-0.049474,-0.253637,-0.085061,-0.169761,0.420789,-0.270578,-0.004498,0.055117,0.000514,0.026796,0.303029,0.322461,-0.231198,0.89101,-0.025497,0.376161,-0.144252,-0.223183,-0.732734,0.635484,0.749937,-0.190705,0.273062,0.28754
0.631229,-0.600548,0.770306,-0.036655,0.03185,0.88918,0.454973,-0.453348,0.00367,0.119386,0.738473,-0.232914,-0.045683,-0.22991,-0.061869,-0.193858,0.413805,-0.289723,-0.013376,0.053768,0.016731,0.025095,0.302796,0.327703,-0.237902,0.923903,-0.013287,0.391716,-0.133772,-0.207577,-0.717051,0.608628,0.712879,-0.166733,0.276275,0.260112
0.627639,-0.587871,0.766992,-0.042206,0.021221,0.893121,0.447328,-0.423367,0.036966,0.23355,0.524511,-0.182148,-0.061579,-0.206237,-0.033802,-0.220674,0.413648,-0.312197,-0.018654,0.053565,0.03797,0.024,0.299485,0.329754,-0.249939,0.954146,0.011195,0.404373,-0.143815,-0.18838,-0.69906,0.590528,0.68568,-0.147061,0.286592,0.219544
