0.032273,-4.359775,0.760591,0.011166,-0.009527,0.647856,0.761621,-0.098688,0.209172,0.086861,0.684477,-0.086767,-0.108813,-0.104072,0.068888,0.010122,0.45221,-0.305564,-0.076416,0.003716,0.020806,0.080568,0.128945,0.400257,-0.540932,0.596413,0.015904,0.253248,-0.153833,0.037687,-0.453848,0.558687,0.941344,-0.147779,0.276334,0.405415
0.035088,-4.354557,0.759644,0.014756,-0.010988,0.650818,0.759011,-0.138945,0.214245,0.084477,0.765731,-0.042616,-0.097281,-0.092761,0.065683,0.003447,0.465526,-0.319411,-0.078791,0.005516,0.023082,0.096945,0.124152,0.394645,-0.536932,0.602201,-0.031333,0.222289,-0.080359,0.029906,-0.444274,0.544775,0.966452,-0.131927,0.273707,0.426122
0.037254,-4.349136,0.759265,0.018393,-0.011751,0.653748,0.756397,-0.186527,0.213481,0.07753,0.848661,0.013676,-0.060619,-0.079875,0.060014,-0.00325,0.473742,-0.331237,-0.0821,0.008386,0.026858,0.114493,0.122692,0.384801,-0.528904,0.611593,-0.08556,0.196548,-0.030349,0.006925,-0.445203,0.570301,0.991464,-0.114363,0.269486,0.469429
0.038179,-4.343409,0.759835,0.021637,-0.010901,0.656514,0.753925,-0.241574,0.197218,0.06039,0.923146,0.069894,0.015345,-0.067678,0.050652,-0.008876,0.476106,-0.337006,-0.081118,0.014316,0.029787,0.128567,0.122427,0.375509,-0.521319,0.625648,-0.14152,0.178609,-0.00987,-0.034716,-0.471801,0.66726,0.99904,-0.124554,0.258206,0.567023
0.037769,-4.337568,0.760842,0.023992,-0.007135,0.660377,0.750517,-0.300704,0.163939,0.038983,0.973012,0.038553,0.05271,-0.060095,0.035255,-0.016727,0.475458,-0.340132,-0.078074,0.019004,0.031301,0.136564,0.116686,0.370458,-0.512732,0.644222,-0.188094,0.181171,-0.022397,-0.100924,-0.517531,0.813187,0.991573,-0.15525,0.226283,0.71855
0.037158,-4.331317,0.761621,0.024717,-0.002722,0.661487,0.749545,-0.352881,0.125601,0.016618,0.979522,0.008505,0.022046,-0.054615,0.023751,-0.017302,0.47168,-0.342035,-0.075043,0.034655,0.034193,0.139329,0.102485,0.378551,-0.508302,0.663682,-0.203227,0.21341,-0.06639,-0.178251,-0.562174,0.93995,0.979067,-0.172614,0.180788,0.873186
0.036414,-4.324445,0.763769,0.022134,0.003249,0.660103,0.750842,-0.396232,0.08886,-0.003984,0.928345,0.025767,-0.01351,-0.047015,0.017576,-0.013056,0.445075,-0.330407,-0.07565,0.057726,0.03828,0.13206,0.090403,0.407431,-0.500213,0.677568,-0.177468,0.263998,-0.154432,-0.248384,-0.606513,0.995458,0.960401,-0.158748,0.13995,0.987125
0.035896,-4.317192,0.765022,0.020436,0.008022,0.658625,0.752151,-0.427815,0.065702,-0.016263,0.839338,0.051755,-0.039103,-0.03889,0.01214,-0.007867,0.427131,-0.327024,-0.077429,0.082421,0.040424,0.134476,0.071343,0.427753,-0.489217,0.698449,-0.112032,0.296358,-0.254573,-0.320824,-0.636793,0.966637,0.933461,-0.114003,0.118555,1.033106
0.035709,-4.308682,0.765473,0.018027,0.011951,0.656772,0.753779,-0.448805,0.063407,-0.011117,0.719008,0.073649,-0.051714,-0.028215,0.009807,-0.002079,0.409197,-0.32923,-0.079748,0.101144,0.039858,0.138674,0.074664,0.450092,-0.462133,0.70731,-0.041893,0.295777,-0.347266,-0.389561,-0.663355,0.900635,0.853909,-0.059351,0.119125,0.99574
0.035429,-4.298681,0.76485,0.015293,0.015559,0.655567,0.754822,-0.463069,0.067516,-0.001203,0.578856,0.096601,-0.046198,-0.016688,0.007348,0.001893,0.39522,-0.337898,-0.079925,0.107146,0.037044,0.144091,0.108393,0.464997,-0.413673,0.705336,0.003847,0.275104,-0.401964,-0.464644,-0.70066,0.858521,0.696491,-0.007608,0.134391,0.868988
0.035038,-4.28705,0.762748,0.012603,0.019256,0.655944,0.754458,-0.477528,0.06951,0.00738,0.435675,0.129288,-0.027822,-0.006064,0.002976,0.001811,0.390422,-0.356803,-0.076042,0.103024,0.03344,0.149083,0.163634,0.463947,-0.352094,0.703454,0.016251,0.253035,-0.410405,-0.566007,-0.752584,0.85923,0.497925,0.038055,0.135252,0.664156
0.034903,-4.273696,0.759193,0.009958,0.024475,0.657663,0.752849,-0.499853,0.064438,0.007512,0.307923,0.163707,-0.005014,-0.000454,-0.004808,-0.001947,0.398599,-0.385869,-0.069112,0.095402,0.026919,0.151438,0.220808,0.445748,-0.292534,0.716332,0.005891,0.247017,-0.381039,-0.682717,-0.79469,0.846207,0.318362,0.084768,0.080894,0.42225
0.034346,-4.258247,0.755085,0.007065,0.032591,0.662565,0.748262,-0.531568,0.048325,0.000556,0.203565,0.180157,0.02011,-0.000963,-0.019568,-0.013779,0.41799,-0.418412,-0.062051,0.085587,0.017304,0.148596,0.264167,0.417374,-0.24665,0.749788,-0.013086,0.266676,-0.331584,-0.773434,-0.802231,0.77416,0.175004,0.13141,-0.009,0.208962
0.033131,-4.24122,0.751225,0.003748,0.043219,0.667909,0.742977,-0.564083,0.028117,-0.001344,0.128461,0.157559,0.042249,-0.005664,-0.039323,-0.02727,0.44026,-0.444496,-0.056193,0.079141,0.005863,0.140844,0.292244,0.388636,-0.215722,0.797562,-0.030584,0.30569,-0.282245,-0.833372,-0.763707,0.661472,0.054968,0.192996,-0.085323,0.052889
0.031178,-4.221943,0.747533,-0.001187,0.053111,0.673188,0.737561,-0.592796,0.006459,-0.000037,0.10352,0.119084,0.071518,-0.005541,-0.056849,-0.042139,0.455806,-0.460967,-0.049609,0.080225,-0.002282,0.12719,0.310606,0.369115,-0.204048,0.846345,-0.033081,0.353985,-0.250599,-0.884636,-0.698631,0.549528,-0.042039,0.271867,-0.13542,-0.051706
0.028451,-4.199485,0.743877,-0.006726,0.05501,0.674851,0.73587,-0.602624,-0.008935,-0.013105,0.136858,0.116447,0.091909,0.013019,-0.060098,-0.047935,0.463032,-0.461938,-0.042249,0.096854,-0.000795,0.117328,0.324398,0.363984,-0.217357,0.888256,-0.005599,0.40264,-0.250193,-0.941553,-0.629905,0.453322,-0.111083,0.343965,-0.161737,-0.148226
0.024919,-4.174147,0.741682,-0.009917,0.050915,0.673179,0.737658,-0.598049,-0.020714,-0.048549,0.17791,0.149442,0.077805,0.049765,-0.058502,-0.041515,0.460151,-0.440137,-0.024223,0.125459,0.001775,0.115102,0.333667,0.36971,-0.244286,0.919701,0.049742,0.436096,-0.285327,-1.005924,-0.584593,0.383829,-0.159376,0.383381,-0.16228,-0.278078
0.020462,-4.145906,0.740891,-0.012386,0.045452,0.667805,0.742844,-0.572964,-0.017176,-0.063911,0.19294,0.212878,0.040132,0.0896,-0.058353,-0.023602,0.454483,-0.39961,0.006518,0.162009,0.001607,0.111717,0.345467,0.378976,-0.271523,0.939312,0.114541,0.442939,-0.345416,-1.076851,-0.558532,0.337988,-0.176786,0.39139,-0.152437,-0.453983
0.015799,-4.115769,0.742366,-0.013081,0.044488,0.661277,0.748707,-0.537557,-0.008322,-0.04541,0.203635,0.220801,-0.001,0.118197,-0.069273,-0.000179,0.454264,-0.343073,0.037179,0.196143,-0.009017,0.103317,0.359497,0.387877,-0.290864,0.949295,0.162209,0.415804,-0.409872,-1.146072,-0.517219,0.322113,-0.162112,0.405587,-0.150989,-0.608318
0.010445,-4.085595,0.746805,-0.012362,0.047946,0.658074,0.751323,-0.507935,-0.019791,-0.02906,0.225383,0.180926,-0.013385,0.126484,-0.091148,0.011047,0.47171,-0.264579,0.065121,0.214521,-0.025211,0.092738,0.367636,0.386702,-0.297652,0.955738,0.17931,0.384467,-0.462754,-1.19874,-0.461738,0.330256,-0.143007,0.453079,-0.159282,-0.666173
0.005235,-4.056485,0.751616,-0.009834,0.049623,0.658851,0.750571,-0.486579,-0.038098,-0.014692,0.271111,0.127705,-0.000104,0.097681,-0.114066,-0.001351,0.563081,-0.185746,0.082878,0.221165,-0.038467,0.097943,0.339356,0.377853,-0.291345,0.972746,0.179523,0.361934,-0.508621,-1.210874,-0.395437,0.370817,-0.153449,0.488095,-0.17851,-0.633012
0.000508,-4.027939,0.756806,-0.010288,0.04225,0.659972,0.75003,-0.44889,-0.03981,-0.014009,0.304364,0.078616,0.008328,0.039956,-0.125275,-0.028356,0.71138,-0.07465,0.087633,0.218999,-0.03076,0.10603,0.318082,0.36495,-0.273351,0.98034,0.169252,0.347234,-0.545363,-1.2166,-0.362613,0.431314,-0.171057,0.553501,-0.199509,-0.505577
-0.003476,-4.00065,0.761023,-0.009879,0.03083,0.657618,0.752655,-0.401533,-0.032068,-0.01169,0.334466,0.026754,0.013934,-0.047052,-0.148019,-0.06731,0.885432,0.07692,0.048792,0.216608,-0.017614,0.11627,0.298236,0.354141,-0.25997,0.97379,0.151148,0.343034,-0.565435,-1.216483,-0.360138,0.486619,-0.193177,0.605493,-0.206583,-0.338093
-0.006716,-3.975112,0.764744,-0.009022,0.022693,0.651764,0.758028,-0.358375,-0.022335,0.002323,0.362363,-0.022016,0.018134,-0.13227,-0.181292,-0.107118,1.010035,0.058061,-0.030257,0.21642,-0.01209,0.120433,0.271505,0.353015,-0.262183,0.960746,0.133026,0.345017,-0.570612,-1.206822,-0.366446,0.520323,-0.210876,0.627016,-0.18753,-0.193265
-0.007827,-3.950481,0.767714,-0.007509,0.017585,0.648621,0.760871,-0.319839,-0.019106,0.01416,0.384882,-0.056617,0.024408,-0.221995,-0.189083,-0.126282,1.091749,-0.044103,-0.057036,0.212062,-0.012334,0.127336,0.228198,0.364548,-0.283271,0.941865,0.114814,0.344788,-0.558286,-1.191873,-0.360711,0.530191,-0.219915,0.640917,-0.159419,-0.0748
-0.007618,-3.926287,0.77053,-0.003507,0.015594,0.649304,0.760361,-0.279107,-0.028534,0.019917,0.394422,-0.078912,0.040689,-0.307056,-0.172242,-0.12464,1.105828,-0.0707,-0.041537,0.19433,-0.019699,0.134419,0.183161,0.387623,-0.308886,0.910695,0.098048,0.339683,-0.527343,-1.182052,-0.347129,0.533292,-0.219295,0.661428,-0.135833,0.023434
-0.006693,-3.902062,0.773383,0.000591,0.015061,0.649664,0.760072,-0.232309,-0.039227,0.025303,0.387192,-0.093454,0.055522,-0.375895,-0.148873,-0.120078,1.052334,-0.082767,-0.02572,0.170368,-0.028045,0.132038,0.140101,0.415738,-0.337628,0.884239,0.077189,0.330292,-0.474251,-1.177887,-0.333677,0.521117,-0.209862,0.670763,-0.125805,0.083822
-0.005099,-3.877784,0.775579,0.004489,0.01517,0.648017,0.761461,-0.182491,-0.048593,0.031136,0.37249,-0.105355,0.064903,-0.427039,-0.141532,-0.132458,0.943576,-0.079713,-0.019822,0.150085,-0.037411,0.127052,0.097254,0.444212,-0.357976,0.866266,0.044941,0.31082,-0.398963,-1.187984,-0.341008,0.498411,-0.197706,0.654685,-0.1229,0.104555
-0.002586,-3.853307,0.77636,0.007467,0.01582,0.647152,0.76216,-0.133869,-0.056739,0.03598,0.356285,-0.12093,0.072602,-0.455094,-0.145753,-0.161944,0.782888,-0.053709,-0.018065,0.130424,-0.048048,0.120753,0.051542,0.469957,-0.370909,0.860936,0.005537,0.285775,-0.311931,-1.200225,-0.367766,0.475444,-0.19037,0.620585,-0.128609,0.087965
0.000635,-3.828136,0.77558,0.008536,0.013999,0.649083,0.760541,-0.085436,-0.059788,0.029942,0.345834,-0.145343,0.078581,-0.45486,-0.136283,-0.186429,0.569515,0.003846,-0.018767,0.110538,-0.053932,0.110499,-0.000359,0.489514,-0.387596,0.878022,-0.045315,0.25794,-0.22259,-1.209512,-0.417622,0.450446,-0.191066,0.555961,-0.153767,0.00838
0.004371,-3.801619,0.772667,0.00785,0.011955,0.654153,0.756227,-0.040939,-0.059549,0.016636,0.343401,-0.183226,0.078036,-0.442676,-0.122358,-0.197407,0.338411,0.073304,-0.015361,0.088163,-0.054109,0.101942,-0.044623,0.504749,-0.397777,0.889246,-0.09063,0.231259,-0.159671,-1.213535,-0.479531,0.441835,-0.20958,0.484446,-0.188929,-0.128762
0.008707,-3.77388,0.768558,0.006222,0.008243,0.661749,0.749655,0.005446,-0.054855,-0.00482,0.343568,-0.225522,0.077273,-0.431561,-0.104994,-0.169319,0.140135,0.137572,0.006104,0.064969,-0.046311,0.091336,-0.082585,0.51861,-0.411286,0.896147,-0.12816,0.207545,-0.124963,-1.212216,-0.509829,0.45156,-0.227113,0.434992,-0.205447,-0.297261
0.014077,-3.745257,0.763464,0.002816,0.004555,0.670591,0.741808,0.047926,-0.044513,-0.032186,0.347413,-0.266668,0.075052,-0.429022,-0.083038,-0.087347,0.026986,0.10334,-0.005063,0.043087,-0.031097,0.074017,-0.111194,0.531715,-0.425979,0.89867,-0.151094,0.191427,-0.116145,-1.207949,-0.497048,0.470379,-0.226488,0.447966,-0.204485,-0.412245
0.020176,-3.716426,0.758252,-0.001666,0.00038,0.676505,0.736436,0.085686,-0.027103,-0.052485,0.359046,-0.298922,0.07108,-0.439307,-0.046999,0.015611,0.030225,0.075641,-0.044434,0.02749,-0.008271,0.053007,-0.125959,0.545578,-0.429699,0.901174,-0.164647,0.183996,-0.127778,-1.206641,-0.468171,0.49039,-0.215141,0.525556,-0.204419,-0.45594
0.028218,-3.686917,0.750692,0.010203,-0.002129,0.681056,0.732158,0.136728,-0.036465,-0.064668,0.389797,-0.325015,0.070578,-0.448606,-0.032384,0.076616,0.13747,0.147372,-0.029044,0.017273,-0.00879,0.061614,-0.141633,0.5452,-0.418867,0.902494,-0.160989,0.186755,-0.129484,-1.183689,-0.420032,0.520227,-0.225313,0.588868,-0.221195,-0.426674
0.038369,-3.65651,0.744363,0.019874,-0.002229,0.686144,0.727191,0.176454,-0.040129,-0.075228,0.423111,-0.318436,0.055677,-0.44863,-0.035997,0.080817,0.219335,0.208006,-0.017367,0.007851,-0.010602,0.06518,-0.136993,0.539558,-0.38936,0.891227,-0.147074,0.195667,-0.123006,-1.156469,-0.384786,0.536803,-0.239047,0.643392,-0.245531,-0.355906
0.049839,-3.625669,0.742216,0.021195,-0.003657,0.689137,0.724312,0.192803,-0.023725,-0.079578,0.469253,-0.262594,0.018536,-0.435718,-0.031339,0.060555,0.293299,0.142667,0.007878,0.001437,0.000277,0.058828,-0.105214,0.525835,-0.350553,0.867748,-0.130757,0.207618,-0.106686,-1.15016,-0.371279,0.522483,-0.23435,0.651,-0.283186,-0.290374
0.060348,-3.595547,0.74394,0.014386,-0.012402,0.687499,0.725936,0.178086,0.019869,-0.059008,0.557772,-0.162748,-0.040816,-0.438636,0.003553,0.036305,0.405864,0.046439,0.016629,0.007651,0.030789,0.062087,-0.068017,0.493789,-0.317736,0.842491,-0.118559,0.214498,-0.077036,-1.138277,-0.361593,0.501034,-0.233171,0.589887,-0.332493,-0.259444
0.069727,-3.56672,0.74806,0.013363,-0.016112,0.68976,0.723735,0.13842,0.046485,-0.041145,0.665742,-0.022411,-0.109603,-0.417076,0.01567,0.019283,0.469941,-0.018271,0.012542,0.008248,0.04621,0.063632,-0.017686,0.461656,-0.301615,0.819954,-0.117767,0.223716,-0.063842,-1.139022,-0.384375,0.489808,-0.228952,0.503738,-0.389591,-0.302398
0.078888,-3.539746,0.754474,0.018515,-0.016762,0.697451,0.716197,0.058994,0.063328,-0.025025,0.815967,0.144085,-0.15894,-0.367689,0.009128,0.004677,0.484499,-0.058943,0.006068,0.011849,0.045613,0.070969,0.020393,0.434876,-0.317321,0.796982,-0.11837,0.242825,-0.087853,-1.138937,-0.423535,0.500846,-0.232595,0.395363,-0.430212,-0.424341
0.087468,-3.515595,0.761242,0.020575,-0.015541,0.707597,0.706146,-0.032695,0.093105,-0.003462,0.929392,0.27792,-0.166732,-0.317481,-0.000344,-0.022796,0.473917,-0.078185,-0.000015,0.019447,0.045197,0.070768,0.041751,0.422125,-0.359112,0.78428,-0.09998,0.261849,-0.173935,-1.141842,-0.448595,0.52021,-0.23597,0.337134,-0.435096,-0.534518
0.095211,-3.493475,0.76855,0.02204,-0.011777,0.715673,0.697988,-0.117913,0.127858,0.038255,0.989893,0.163431,-0.133154,-0.270909,-0.008904,-0.042897,0.449865,-0.081321,-0.002799,0.028971,0.041932,0.070713,0.057633,0.418209,-0.40376,0.776232,-0.058578,0.263765,-0.29905,-1.137801,-0.441178,0.543556,-0.236685,0.35468,-0.425716,-0.564572
0.100728,-3.472442,0.774116,0.021337,-0.009392,0.716976,0.696708,-0.203785,0.142665,0.07327,0.997309,0.048639,-0.101152,-0.228107,-0.004754,-0.049132,0.419896,-0.085787,-0.005342,0.049349,0.045926,0.073235,0.075495,0.422016,-0.434295,0.77299,0.001313,0.252425,-0.440889,-1.126982,-0.413587,0.579231,-0.243715,0.421127,-0.411665,-0.527456
0.10486,-3.45211,0.778282,0.017142,-0.008146,0.712234,0.701686,-0.272214,0.142872,0.098223,0.932784,0.005703,-0.097521,-0.189874,0.012835,-0.043615,0.383436,-0.090774,-0.01646,0.077881,0.057933,0.070673,0.102369,0.426129,-0.431987,0.783543,0.072858,0.235267,-0.579906,-1.117229,-0.386708,0.61422,-0.248857,0.514075,-0.393927,-0.431711
0.108469,-3.431858,0.780792,0.013355,-0.006773,0.703755,0.710285,-0.314374,0.122031,0.102652,0.795277,-0.003316,-0.098743,-0.15317,0.03243,-0.025249,0.348205,-0.102363,-0.029779,0.108199,0.065533,0.067882,0.142004,0.422376,-0.398868,0.805083,0.125572,0.227242,-0.668593,-1.124718,-0.376637,0.631989,-0.243204,0.587603,-0.374331,-0.320954
0.111683,-3.410777,0.781882,0.011847,-0.003364,0.691857,0.721929,-0.323509,0.094244,0.102115,0.585051,0.035588,-0.08346,-0.111371,0.045852,0.006662,0.305287,-0.118722,-0.035964,0.135307,0.064487,0.053603,0.208257,0.410715,-0.336939,0.834413,0.160779,0.233278,-0.717156,-1.168862,-0.394292,0.621954,-0.213408,0.659051,-0.343518,-0.217843
0.114463,-3.38889,0.779566,0.014361,-0.001527,0.68123,0.731927,-0.329769,0.070754,0.082419,0.384702,0.098433,-0.033305,-0.073652,0.050345,0.035355,0.297025,-0.165262,-0.035063,0.158769,0.060058,0.051609,0.259721,0.383069,-0.270626,0.873547,0.178751,0.260741,-0.715425,-1.200011,-0.414284,0.614115,-0.188981,0.668078,-0.312503,-0.143653
0.117136,-3.36591,0.776337,0.019647,0.002567,0.674821,0.737715,-0.35466,0.047875,0.056122,0.233541,0.161198,0.04026,-0.040634,0.041472,0.056051,0.306445,-0.223189,-0.029829,0.172563,0.04423,0.055117,0.303547,0.35521,-0.203509,0.909478,0.178295,0.29953,-0.678352,-1.215855,-0.451548,0.605797,-0.185713,0.650968,-0.30263,-0.127959
0.120055,-3.342626,0.77351,0.02447,0.011416,0.675688,0.736693,-0.389102,0.021072,0.04337,0.108234,0.216251,0.097639,-0.018037,0.019574,0.057129,0.324932,-0.279384,-0.027499,0.160469,0.016603,0.053246,0.342147,0.333786,-0.147468,0.939826,0.171043,0.347581,-0.613458,-1.217349,-0.49092,0.598648,-0.195219,0.609577,-0.306714,-0.187103
0.12266,-3.319576,0.770533,0.024989,0.023143,0.68054,0.731919,-0.419892,-0.004515,0.046627,-0.003915,0.240313,0.088651,-0.006365,-0.002699,0.045814,0.342614,-0.324917,-0.025514,0.135725,-0.013171,0.03788,0.380181,0.324599,-0.110767,0.954968,0.158838,0.394988,-0.538503,-1.208512,-0.514212,0.589776,-0.208934,0.570046,-0.306794,-0.288038
0.124708,-3.295639,0.766,0.02158,0.031463,0.685047,0.727499,-0.447446,-0.02342,0.061068,-0.050306,0.231912,0.053694,0.006851,-0.012795,0.033774,0.357995,-0.362493,-0.02486,0.112037,-0.03367,0.016198,0.416717,0.330463,-0.098333,0.960565,0.148329,0.429281,-0.475793,-1.197418,-0.517118,0.573096,-0.212539,0.559186,-0.299486,-0.379732
0.126213,-3.270251,0.760966,0.019378,0.03367,0.686259,0.726319,-0.47714,-0.040122,0.034633,0.011744,0.261977,0.046516,0.030786,-0.013233,0.029674,0.378479,-0.394743,-0.029121,0.102488,-0.047035,0.003036,0.440989,0.346473,-0.107503,0.964832,0.137714,0.452266,-0.424865,-1.183639,-0.500019,0.557802,-0.22286,0.563197,-0.286935,-0.450007
0.126082,-3.243461,0.755736,0.014394,0.023316,0.680734,0.732018,-0.50026,-0.046964,-0.038463,0.115354,0.295513,0.068651,0.072326,0.011298,0.040011,0.392536,-0.410056,-0.042641,0.114137,-0.03834,0.000918,0.452869,0.368669,-0.12599,0.970831,0.125257,0.459725,-0.38915,-1.174187,-0.468897,0.544688,-0.241358,0.585119,-0.264682,-0.473336
0.123525,-3.213662,0.751334,0.009876,0.015589,0.666518,0.745261,-0.499463,-0.05456,-0.108747,0.173801,0.35434,0.047712,0.106276,0.02646,0.072132,0.41331,-0.413756,-0.05395,0.143109,-0.028841,0.00237,0.446257,0.381229,-0.135109,0.975798,0.122242,0.453094,-0.37418,-1.163442,-0.432793,0.543414,-0.257066,0.595863,-0.244376,-0.443746
0.120385,-3.182941,0.748439,0.006196,0.009984,0.652875,0.757374,-0.47443,-0.045121,-0.110417,0.206098,0.363681,0.011225,0.131709,0.032679,0.102662,0.443137,-0.401653,-0.047117,0.16348,-0.025252,-0.00899,0.448831,0.396892,-0.133052,0.986848,0.114699,0.440789,-0.362172,-1.179554,-0.426883,0.536843,-0.263788,0.599741,-0.218588,-0.389845
0.116762,-3.152354,0.748232,0.010138,0.011108,0.637522,0.770285,-0.433303,-0.036091,-0.075342,0.235966,0.276654,-0.020644,0.139712,0.012324,0.134363,0.49649,-0.374949,-0.016489,0.186741,-0.040277,-0.016364,0.43369,0.40706,-0.124662,1.013708,0.094861,0.424758,-0.340049,-1.199069,-0.425257,0.536277,-0.262131,0.586982,-0.195166,-0.317795
0.112919,-3.122704,0.751362,0.018319,0.015483,0.627917,0.777911,-0.399904,-0.052193,-0.033795,0.280112,0.182472,-0.005971,0.13173,-0.024562,0.139881,0.566054,-0.316767,0.036378,0.198089,-0.061918,-0.020481,0.394135,0.413494,-0.120743,1.055861,0.06949,0.417381,-0.306199,-1.211593,-0.426027,0.55414,-0.256131,0.570011,-0.190758,-0.269485
0.109074,-3.094444,0.755159,0.024423,0.016228,0.621707,0.782701,-0.360114,-0.068368,-0.006351,0.307705,0.108011,0.017137,0.098887,-0.057214,0.116253,0.670322,-0.225752,0.107928,0.206166,-0.068309,-0.020927,0.329084,0.415421,-0.126152,1.104441,0.04588,0.417594,-0.264901,-1.221218,-0.431283,0.595623,-0.244896,0.555168,-0.210714,-0.251517
0.105708,-3.068419,0.75931,0.026884,0.009066,0.615319,0.787767,-0.304955,-0.069103,0.008435,0.314511,0.051665,0.030791,0.025613,-0.074673,0.082593,0.838077,-0.091905,0.152182,0.213324,-0.051761,-0.012288,0.247008,0.41003,-0.15099,1.148161,0.026109,0.411413,-0.217308,-1.225168,-0.420392,0.654478,-0.227152,0.562289,-0.250996,-0.24871
0.103466,-3.0445,0.763344,0.026883,0.000494,0.605407,0.795462,-0.249144,-0.059138,0.025317,0.312624,0.011963,0.037073,-0.072397,-0.090844,0.051581,0.997191,0.083635,0.123971,0.223336,-0.0306,-0.000994,0.178521,0.406171,-0.180663,1.149255,0.01241,0.392462,-0.169803,-1.22067,-0.38883,0.707235,-0.207349,0.597465,-0.303889,-0.243462
0.101898,-3.022442,0.767643,0.021857,-0.00373,0.593665,0.804407,-0.203504,-0.04371,0.048952,0.295834,-0.008985,0.044294,-0.151987,-0.114759,0.009422,1.070083,0.050101,0.023139,0.235623,-0.011957,-0.008127,0.136164,0.406834,-0.210863,1.113184,-0.000471,0.363098,-0.129243,-1.225856,-0.356324,0.727639,-0.180131,0.665443,-0.357529,-0.242629
0.102298,-3.00225,0.770271,0.022521,-0.00738,0.593258,0.804663,-0.173183,-0.047343,0.053964,0.310465,-0.034523,0.054892,-0.232569,-0.113836,-0.010954,1.119376,-0.037853,-0.018353,0.228453,-0.006292,0.007032,0.069346,0.40456,-0.245665,1.058905,-0.014723,0.334067,-0.100428,-1.183652,-0.298009,0.744897,-0.171804,0.672331,-0.410567,-0.240801
0.104827,-2.981444,0.773136,0.020629,-0.0073,0.599228,0.800279,-0.143146,-0.055072,0.043845,0.30299,-0.043887,0.066622,-0.289127,-0.080945,-0.017149,1.073411,-0.072326,-0.015858,0.208222,-0.007378,0.000681,0.03574,0.409167,-0.282742,0.99062,-0.041248,0.307084,-0.094253,-1.182324,-0.261242,0.731759,-0.153952,0.710761,-0.448261,-0.254916
0.107899,-2.96153,0.774959,0.020951,-0.005981,0.606147,0.795054,-0.116456,-0.067426,0.029363,0.30109,-0.054378,0.077514,-0.330043,-0.062309,-0.02927,0.972721,-0.094518,-0.000895,0.191714,-0.011795,0.000431,-0.005089,0.411242,-0.324562,0.915283,-0.073943,0.280033,-0.117085,-1.173795,-0.220364,0.720968,-0.142137,0.727934,-0.46521,-0.253306
0.111528,-2.94149,0.775594,0.021522,-0.003749,0.611388,0.79103,-0.087477,-0.079301,0.01622,0.295719,-0.069736,0.084267,-0.357909,-0.07252,-0.069894,0.833639,-0.093136,0.000617,0.185602,-0.016186,-0.00171,-0.049646,0.418888,-0.38199,0.844713,-0.101808,0.252482,-0.167008,-1.173992,-0.190394,0.70587,-0.134346,0.739792,-0.467148,-0.239933
0.115249,-2.921559,0.773607,0.025689,-0.000175,0.614143,0.788777,-0.062613,-0.096638,0.014907,0.305273,-0.099233,0.091411,-0.378675,-0.10254,-0.116002,0.6814,-0.065874,-0.001473,0.187653,-0.025108,0.003937,-0.105288,0.421897,-0.440974,0.784865,-0.11497,0.221003,-0.221818,-1.160975,-0.171128,0.698835,-0.139065,0.7175,-0.468137,-0.217441
0.119903,-2.9012,0.771356,0.026227,0.002759,0.616977,0.786539,-0.039484,-0.104591,0.010011,0.314036,-0.133525,0.092925,-0.381156,-0.126903,-0.179488,0.494358,-0.006621,-0.012025,0.197476,-0.031015,0.002084,-0.163529,0.439352,-0.497819,0.737194,-0.120288,0.18763,-0.285577,-1.170195,-0.188547,0.673746,-0.147456,0.679537,-0.469572,-0.207885
0.125322,-2.880322,0.768452,0.024085,0.005019,0.616559,0.786924,-0.018785,-0.102694,0.010154,0.329352,-0.177307,0.089623,-0.374478,-0.141383,-0.265556,0.298945,0.076851,-0.009465,0.215416,-0.035814,0.00088,-0.223594,0.461849,-0.541134,0.701884,-0.11003,0.1584,-0.333997,-1.182985,-0.223632,0.644976,-0.165916,0.631174,-0.463177,-0.214816
0.131779,-2.858528,0.764131,0.023932,0.008966,0.616275,0.787116,0.00373,-0.105901,0.010043,0.34373,-0.220898,0.089513,-0.371515,-0.154045,-0.348918,0.140178,0.136286,0.023763,0.224409,-0.043774,-0.000632,-0.263784,0.480434,-0.557705,0.671801,-0.092471,0.134173,-0.350288,-1.191734,-0.253696,0.623747,-0.186547,0.597515,-0.442924,-0.22928
0.139718,-2.835823,0.759814,0.020727,0.01101,0.620565,0.783804,0.026928,-0.101224,-0.003021,0.355907,-0.260763,0.09123,-0.367749,-0.146387,-0.380924,0.032278,0.098216,0.026818,0.221313,-0.045478,-0.008412,-0.278606,0.494873,-0.551537,0.64742,-0.07665,0.116871,-0.341566,-1.195884,-0.282191,0.604242,-0.203248,0.579705,-0.41305,-0.250616
0.148153,-2.811258,0.757219,0.012105,0.003971,0.62944,0.776945,0.057556,-0.075456,-0.031399,0.371876,-0.296615,0.095873,-0.368499,-0.116274,-0.331085,0.01591,0.068718,-0.004159,0.208203,-0.028858,-0.017949,-0.260994,0.500942,-0.525365,0.631492,-0.066264,0.107839,-0.312681,-1.195897,-0.31105,0.579731,-0.219704,0.572578,-0.367649,-0.284463
0.157377,-2.784382,0.752486,0.013309,-0.004296,0.636364,0.771262,0.10718,-0.062838,-0.051328,0.389312,-0.329275,0.101699,-0.375017,-0.095092,-0.256023,0.096677,0.1149,-0.016852,0.191469,-0.014908,-0.018003,-0.201136,0.486358,-0.476885,0.624573,-0.063904,0.110514,-0.264829,-1.19373,-0.340982,0.558429,-0.243121,0.570327,-0.304804,-0.331428
0.168228,-2.756316,0.747003,0.018202,-0.00813,0.643397,0.765273,0.156748,-0.058634,-0.069389,0.401643,-0.34253,0.099496,-0.385169,-0.084058,-0.2086,0.178993,0.174702,-0.04539,0.169864,-0.010262,-0.019777,-0.121235,0.460997,-0.427381,0.633721,-0.069754,0.129057,-0.218909,-1.198095,-0.377909,0.535266,-0.261773,0.569176,-0.242521,-0.378865
0.181441,-2.727896,0.741866,0.023137,-0.007666,0.64878,0.760585,0.19136,-0.055597,-0.083863,0.425379,-0.330039,0.083382,-0.374367,-0.089627,-0.207537,0.239094,0.159549,-0.065744,0.150824,-0.014941,-0.023625,-0.03658,0.434403,-0.38871,0.665061,-0.08229,0.159713,-0.188197,-1.2119,-0.418729,0.502421,-0.271917,0.56916,-0.181113,-0.418451
0.195187,-2.700429,0.741877,0.019281,-0.015097,0.649042,0.760359,0.212961,-0.021134,-0.080226,0.464128,-0.277623,0.037356,-0.378032,-0.07506,-0.218299,0.356495,0.07075,-0.051506,0.136779,0.001435,-0.026567,0.058222,0.404197,-0.346138,0.719994,-0.093833,0.200796,-0.17187,-1.226996,-0.455807,0.466855,-0.292375,0.562636,-0.114213,-0.459837
0.207451,-2.673515,0.743889,0.013444,-0.01959,0.648311,0.761005,0.214564,0.011792,-0.070272,0.508722,-0.185471,-0.030318,-0.375089,-0.059544,-0.230189,0.442461,0.010596,-0.037474,0.125207,0.015972,-0.032446,0.148699,0.380943,-0.3042,0.796734,-0.098289,0.254293,-0.181313,-1.248853,-0.499001,0.438676,-0.305395,0.55635,-0.065388,-0.484971
0.219001,-2.647914,0.746792,0.011849,-0.021952,0.647743,0.76145,0.192502,0.03029,-0.064774,0.585098,-0.070103,-0.115028,-0.350492,-0.046145,-0.233733,0.483315,-0.030765,-0.034877,0.115286,0.020368,-0.035627,0.230824,0.366532,-0.266763,0.882089,-0.084616,0.336175,-0.211229,-1.275475,-0.541671,0.420938,-0.318922,0.548102,-0.017449,-0.496624
0.230016,-2.62347,0.750615,0.013765,-0.024826,0.647429,0.761597,0.142636,0.04174,-0.058197,0.70678,0.062313,-0.198767,-0.307955,-0.034319,-0.235345,0.494884,-0.057197,-0.037539,0.109167,0.019616,-0.031501,0.294831,0.362528,-0.237454,0.958879,-0.033925,0.442253,-0.2793,-1.302057,-0.579205,0.410267,-0.32986,0.541564,0.032561,-0.497672
0.239705,-2.601133,0.754686,0.016122,-0.026722,0.6474,0.761511,0.076386,0.059018,-0.03864,0.825339,0.204815,-0.245469,-0.263897,-0.025587,-0.23695,0.492442,-0.069763,-0.037904,0.102787,0.017892,-0.025302,0.347752,0.368617,-0.225589,1.012316,0.060329,0.51455,-0.395297,-1.327394,-0.603481,0.405781,-0.329992,0.539767,0.06596,-0.485145
0.249509,-2.581356,0.75859,0.015625,-0.025284,0.647942,0.76111,0.018204,0.111345,0.011171,0.894382,0.141203,-0.212761,-0.230449,-0.017093,-0.243111,0.483248,-0.077097,-0.046308,0.092611,0.016706,-0.025514,0.399913,0.380065,-0.222447,1.03569,0.190476,0.520915,-0.551496,-1.342906,-0.609106,0.412394,-0.328114,0.537118,0.072042,-0.463247
0.257506,-2.562632,0.762104,0.01837,-0.025394,0.642182,0.765911,-0.051082,0.15778,0.059603,0.945364,0.035675,-0.168081,-0.193388,-0.005929,-0.230806,0.472047,-0.086993,-0.057755,0.093546,0.015647,-0.019229,0.459308,0.393545,-0.220605,1.025274,0.315612,0.477701,-0.704186,-1.345495,-0.593838,0.43451,-0.321863,0.534637,0.047403,-0.435505
0.264051,-2.545193,0.764763,0.021372,-0.02553,0.631351,0.774782,-0.111165,0.175991,0.081626,0.935399,-0.026701,-0.14858,-0.158178,0.007375,-0.208148,0.457879,-0.100006,-0.074405,0.105812,0.012561,-0.010795,0.514539,0.403087,-0.2159,0.999592,0.383545,0.427286,-0.803473,-1.335483,-0.565352,0.466056,-0.312767,0.536969,-0.003243,-0.40642
0.269789,-2.529019,0.766513,0.023319,-0.025531,0.616787,0.78637,-0.162889,0.172986,0.077901,0.871668,-0.078518,-0.12761,-0.12548,0.023977,-0.175195,0.439446,-0.114355,-0.088669,0.128821,0.008384,-0.003898,0.561462,0.408871,-0.203977,0.968084,0.408804,0.381547,-0.867517,-1.31672,-0.534075,0.503856,-0.298957,0.544379,-0.074549,-0.374441
0.274677,-2.513031,0.767872,0.025442,-0.024608,0.600122,0.799125,-0.199206,0.161646,0.06573,0.747304,-0.076383,-0.095184,-0.089766,0.038163,-0.13632,0.410137,-0.126312,-0.100058,0.151143,0.002805,-0.00766,0.623967,0.407283,-0.188423,0.933351,0.396607,0.34422,-0.898197,-1.308307,-0.515797,0.540191,-0.269083,0.586916,-0.161141,-0.342882
0.278543,-2.498042,0.767505,0.026626,-0.02348,0.581969,0.812436,-0.232821,0.158615,0.044049,0.599944,-0.040677,-0.042181,-0.063841,0.049525,-0.091919,0.395789,-0.148547,-0.103048,0.176753,-0.004945,-0.00113,0.647565,0.39389,-0.174107,0.911027,0.366757,0.333169,-0.892661,-1.290841,-0.498452,0.57179,-0.248697,0.600247,-0.251428,-0.318873
0.282192,-2.483438,0.766342,0.027912,-0.021574,0.564004,0.825018,-0.260669,0.158095,0.015498,0.432855,0.023155,0.035528,-0.045219,0.0561,-0.046983,0.394144,-0.17691,-0.099412,0.192833,-0.016666,0.005712,0.654831,0.370744,-0.158524,0.897518,0.328893,0.345659,-0.854847,-1.27101,-0.483239,0.600752,-0.232416,0.600673,-0.34795,-0.306814
0.286414,-2.468782,0.764293,0.028919,-0.01912,0.547067,0.83637,-0.293558,0.152526,-0.04692,0.278493,0.087307,0.104088,-0.028719,0.060696,-0.004292,0.396494,-0.20765,-0.092702,0.197661,-0.033882,0.010945,0.653097,0.348532,-0.148665,0.881161,0.295157,0.375709,-0.795638,-1.251332,-0.472919,0.622235,-0.224712,0.598774,-0.428614,-0.308164
0.291421,-2.453977,0.762165,0.029879,-0.017459,0.526831,0.849265,-0.332176,0.136418,-0.170207,0.173288,0.104849,0.11421,-0.012914,0.067482,0.044812,0.403269,-0.236989,-0.088519,0.204993,-0.051728,0.020898,0.621108,0.334302,-0.154241,0.865636,0.273024,0.408117,-0.737681,-1.214962,-0.45124,0.63701,-0.227721,0.567134,-0.480435,-0.316804
0.296497,-2.439118,0.761138,0.033023,-0.012749,0.501294,0.864553,-0.358299,0.103707,-0.330318,0.11355,0.091916,0.116012,0.002108,0.06632,0.104815,0.401788,-0.257559,-0.08213,0.208264,-0.074038,0.022424,0.592148,0.332458,-0.178098,0.84853,0.259782,0.422987,-0.695862,-1.191809,-0.431223,0.64165,-0.227838,0.554061,-0.503231,-0.336672
0.300465,-2.422651,0.759359,0.031689,-0.010396,0.475991,0.878817,-0.363803,0.067504,-0.459753,0.103168,0.084226,0.097634,0.017123,0.070458,0.15782,0.400895,-0.275249,-0.080553,0.199509,-0.085859,0.016118,0.553499,0.343894,-0.221169,0.831374,0.252624,0.427355,-0.662746,-1.170329,-0.41238,0.638933,-0.228934,0.539932,-0.512501,-0.364883
0.302164,-2.403608,0.756582,0.028454,-0.011899,0.44436,0.895317,-0.343119,0.032037,-0.532269,0.144959,0.080283,0.058896,0.032831,0.077167,0.219932,0.409057,-0.292395,-0.084255,0.201955,-0.088667,0.008055,0.504629,0.369422,-0.277278,0.821063,0.246515,0.415866,-0.642195,-1.149545,-0.399029,0.640095,-0.235403,0.52053,-0.504204,-0.401608
0.301189,-2.381951,0.75393,0.025215,-0.015918,0.406529,0.913151,-0.312266,0.002387,-0.579177,0.183866,0.10591,-0.000656,0.04872,0.080854,0.294938,0.423761,-0.309263,-0.087489,0.2119,-0.082961,0.001938,0.458741,0.398392,-0.313908,0.815648,0.241544,0.38626,-0.636504,-1.133453,-0.400312,0.643489,-0.24609,0.511806,-0.476755,-0.430182
0.299705,-2.358012,0.750079,0.016013,-0.023746,0.370688,0.928316,-0.273859,0.012746,-0.573526,0.191948,0.121609,-0.072152,0.068191,0.093473,0.361211,0.437146,-0.32343,-0.093901,0.213962,-0.061782,-0.001327,0.414353,0.424296,-0.319522,0.827277,0.223845,0.354182,-0.624284,-1.124862,-0.421364,0.636326,-0.262926,0.509405,-0.423722,-0.453413
0.298267,-2.336208,0.748769,0.008034,-0.027373,0.338922,0.940382,-0.242452,0.038613,-0.548783,0.200807,0.061544,-0.133652,0.081796,0.094755,0.416976,0.435694,-0.32101,-0.103925,0.196246,-0.048085,-0.004317,0.38272,0.431659,-0.286264,0.855624,0.18294,0.336997,-0.59269,-1.130619,-0.449394,0.617153,-0.276246,0.520517,-0.352646,-0.458795
0.296381,-2.317382,0.750095,0.001183,-0.029818,0.308383,0.950794,-0.228826,0.055264,-0.484173,0.237912,0.006483,-0.129012,0.088909,0.094039,0.467067,0.430024,-0.302328,-0.120691,0.167567,-0.042636,-0.001263,0.359382,0.430652,-0.227289,0.89944,0.107679,0.326721,-0.538173,-1.159316,-0.486274,0.583912,-0.281856,0.528937,-0.269677,-0.454715
0.293399,-2.300041,0.752606,-0.001387,-0.028681,0.277827,0.960202,-0.223005,0.065051,-0.416068,0.273377,-0.036906,-0.112974,0.085552,0.079923,0.50927,0.424118,-0.283943,-0.130442,0.131854,-0.048741,0.00678,0.336055,0.44004,-0.171205,0.950375,0.011007,0.316359,-0.471654,-1.213784,-0.536559,0.553504,-0.276377,0.526248,-0.183253,-0.436202
0.289361,-2.283804,0.754699,-0.002696,-0.02533,0.246964,0.96869,-0.215138,0.071251,-0.350786,0.28878,-0.061675,-0.097068,0.070431,0.058413,0.53491,0.421755,-0.271893,-0.134236,0.093213,-0.054841,0.015623,0.312585,0.469352,-0.13858,0.997245,-0.0791,0.30942,-0.411227,-1.278571,-0.590986,0.541828,-0.261224,0.525002,-0.098317,-0.394945
0.284504,-2.268208,0.756479,-0.002857,-0.020326,0.211723,0.977114,-0.204015,0.078075,-0.280696,0.290102,-0.072624,-0.087235,0.0454,0.028739,0.548875,0.41665,-0.267517,-0.123962,0.058591,-0.058585,0.020273,0.294246,0.519895,-0.130016,1.038469,-0.138959,0.314696,-0.365607,-1.337051,-0.637931,0.550025,-0.243515,0.529958,-0.026211,-0.333795
0.279969,-2.25362,0.758783,-0.002425,-0.014153,0.170432,0.985265,-0.191302,0.088792,-0.200678,0.28587,-0.073878,-0.081647,0.01145,-0.001433,0.550201,0.410466,-0.259,-0.109459,0.032779,-0.062378,0.022709,0.279377,0.591368,-0.149946,1.07634,-0.156625,0.323517,-0.328619,-1.384393,-0.677103,0.564479,-0.230306,0.53125,0.016704,-0.269266
0.275651,-2.241293,0.760834,-0.001631,-0.008395,0.124743,0.992152,-0.179155,0.103646,-0.111993,0.283992,-0.068063,-0.07485,-0.025687,-0.031415,0.522816,0.399667,-0.244079,-0.099836,0.013756,-0.06693,0.023801,0.270783,0.671781,-0.184193,1.113087,-0.137117,0.330563,-0.292041,-1.417197,-0.710239,0.579951,-0.225355,0.526862,0.030167,-0.219144
0.271419,-2.230666,0.763344,-0.000827,-0.002891,0.072488,0.997365,-0.166566,0.123987,-0.013563,0.285429,-0.057021,-0.068166,-0.072338,-0.064824,0.444138,0.392387,-0.220785,-0.094221,0.009722,-0.07362,0.025537,0.254037,0.752319,-0.221386,1.158694,-0.097954,0.339133,-0.245026,-1.437202,-0.74181,0.587699,-0.222972,0.522348,0.030441,-0.184345
0.267228,-2.221568,0.765276,-0.000263,0.001619,0.016981,0.999854,-0.152661,0.148287,0.089473,0.290422,-0.048157,-0.065027,-0.118282,-0.1027,0.325457,0.381511,-0.195255,-0.08033,0.017214,-0.080923,0.022581,0.232485,0.820263,-0.249511,1.216193,-0.059653,0.346542,-0.182676,-1.439272,-0.767416,0.589239,-0.220429,0.522349,0.026976,-0.169992
0.263417,-2.213441,0.767218,0.000435,0.006041,-0.040785,0.99915,-0.13607,0.174794,0.197434,0.295789,-0.041749,-0.067319,-0.162304,-0.145221,0.165386,0.37417,-0.167523,-0.061743,0.035797,-0.088339,0.020349,0.20677,0.870622,-0.255888,1.279646,-0.042531,0.343727,-0.101765,-1.432084,-0.789391,0.588173,-0.220747,0.525577,0.021942,-0.174576
0.25948,-2.20613,0.768907,0.001423,0.010212,-0.101454,0.994787,-0.114062,0.202072,0.308649,0.297972,-0.036936,-0.075622,-0.206641,-0.198933,-0.04631,0.382699,-0.133622,-0.038918,0.064995,-0.095264,0.021618,0.176031,0.903258,-0.239277,1.3415,-0.05265,0.331352,-0.007918,-1.416227,-0.801505,0.586345,-0.226074,0.530028,0.014765,-0.196464
0.255172,-2.199753,0.770593,0.003622,0.015111,-0.162048,0.986661,-0.092286,0.226168,0.415517,0.297692,-0.029363,-0.085804,-0.245897,-0.261203,-0.261036,0.411905,-0.098227,-0.045365,0.095246,-0.102486,0.028238,0.142829,0.920497,-0.207189,1.39037,-0.085265,0.304457,0.084997,-1.397041,-0.801411,0.584621,-0.237088,0.53045,0.001053,-0.232914
0.250808,-2.194505,0.772364,0.005331,0.021199,-0.219667,0.97533,-0.073943,0.246153,0.494785,0.293329,-0.021182,-0.092972,-0.274648,-0.30982,-0.41747,0.452085,-0.066463,-0.050978,0.115624,-0.107826,0.033846,0.119676,0.929256,-0.175972,1.417126,-0.12627,0.261578,0.164092,-1.381266,-0.794866,0.583326,-0.247954,0.529646,-0.018429,-0.278158
0.246915,-2.191157,0.773428,0.007291,0.026397,-0.267259,0.963236,-0.065,0.255332,0.540964,0.293344,-0.01902,-0.087707,-0.293046,-0.331436,-0.495343,0.493689,-0.05224,-0.053051,0.115084,-0.111915,0.036793,0.109573,0.931071,-0.164074,1.417734,-0.161088,0.210754,0.226364,-1.369116,-0.780888,0.584141,-0.25512,0.531687,-0.037796,-0.322966
0.242763,-2.189768,0.773416,0.010014,0.029537,-0.300906,0.953144,-0.061331,0.257687,0.56705,0.294829,-0.023425,-0.079961,-0.312026,-0.321939,-0.490357,0.527814,-0.076081,-0.053257,0.092187,-0.114919,0.036377,0.11001,0.924364,-0.180355,1.393374,-0.180513,0.167749,0.271855,-1.359517,-0.763602,0.587587,-0.25816,0.536042,-0.055234,-0.358259
0.239161,-2.190018,0.772628,0.011611,0.031222,-0.323201,0.945744,-0.057597,0.258161,0.579625,0.294071,-0.036201,-0.072904,-0.335657,-0.2901,-0.433953,0.55381,-0.12903,-0.057423,0.052273,-0.11332,0.031674,0.113528,0.913222,-0.228764,1.347989,-0.17682,0.147133,0.305585,-1.350068,-0.748621,0.590639,-0.259997,0.541427,-0.070137,-0.379914
0.236955,-2.191951,0.771193,0.013643,0.032716,-0.341028,0.939385,-0.051717,0.257972,0.592273,0.292545,-0.05534,-0.06539,-0.35157,-0.265931,-0.397473,0.560818,-0.176124,-0.065058,0.008867,-0.109506,0.020673,0.108976,0.896536,-0.300237,1.28315,-0.151418,0.151163,0.323696,-1.334497,-0.738747,0.590492,-0.262857,0.547692,-0.079295,-0.389274
0.235937,-2.195974,0.769237,0.01528,0.035078,-0.356527,0.933501,-0.044943,0.261462,0.606177,0.291368,-0.080777,-0.059181,-0.348306,-0.259508,-0.402631,0.536439,-0.200584,-0.086468,-0.030596,-0.102568,0.004412,0.093693,0.873913,-0.370445,1.207234,-0.117514,0.175856,0.311917,-1.31332,-0.740255,0.584171,-0.269774,0.552502,-0.082903,-0.390344
0.23547,-2.203051,0.766899,0.012667,0.037707,-0.366871,0.929421,-0.039574,0.279367,0.609838,0.300171,-0.112204,-0.057957,-0.322559,-0.254068,-0.420892,0.481858,-0.1743,-0.067117,-0.063531,-0.086419,-0.016601,0.067253,0.841358,-0.422856,1.12243,-0.087326,0.218267,0.252932,-1.278945,-0.747989,0.568731,-0.28331,0.556172,-0.080031,-0.38956
0.234373,-2.214174,0.762222,0.015024,0.035727,-0.374161,0.926554,-0.031004,0.290326,0.610357,0.321153,-0.143403,-0.05668,-0.269192,-0.242245,-0.412857,0.387146,-0.14893,0.037453,-0.091404,-0.081258,-0.037746,0.04346,0.793762,-0.444186,1.042497,-0.068729,0.241439,0.149961,-1.249626,-0.745042,0.546058,-0.300385,0.56174,-0.06943,-0.395784
0.233022,-2.228258,0.760203,0.009911,0.032081,-0.3864,0.92172,-0.015522,0.324787,0.604755,0.357183,-0.155647,-0.054902,-0.230247,-0.201815,-0.408589,0.35021,-0.15806,0.069027,-0.102744,-0.068606,-0.048746,0.026242,0.734969,-0.441469,0.958899,-0.060414,0.239952,0.022885,-1.22434,-0.714666,0.507199,-0.314868,0.560928,-0.059276,-0.414484
0.230014,-2.244446,0.759163,0.001058,0.025943,-0.407703,0.912745,0.002494,0.375979,0.590039,0.413697,-0.131484,-0.066265,-0.206867,-0.150767,-0.38197,0.348107,-0.163627,0.043825,-0.102611,-0.055704,-0.046049,0.024812,0.672142,-0.421503,0.868328,-0.055961,0.233959,-0.103403,-1.20873,-0.662575,0.461252,-0.331633,0.542877,-0.061465,-0.434974
0.226029,-2.261758,0.758071,-0.008218,0.019972,-0.436034,0.899671,0.023818,0.4339,0.578089,0.476573,-0.075147,-0.095633,-0.189229,-0.094134,-0.341781,0.357176,-0.176005,0.005797,-0.095163,-0.046943,-0.04125,0.037317,0.613166,-0.387726,0.7715,-0.053485,0.223058,-0.215229,-1.198335,-0.597716,0.420211,-0.351195,0.510055,-0.076769,-0.455025
0.220743,-2.280536,0.756343,-0.016965,0.012513,-0.465933,0.884569,0.04692,0.494691,0.560131,0.544323,0.006311,-0.122819,-0.165192,-0.038637,-0.295356,0.366323,-0.193216,-0.022068,-0.084719,-0.043465,-0.037791,0.060377,0.566366,-0.362236,0.672993,-0.055615,0.201635,-0.315113,-1.187982,-0.521955,0.394635,-0.361732,0.466608,-0.103093,-0.475903
0.215131,-2.299227,0.754523,-0.021977,0.003176,-0.495849,0.868125,0.067038,0.536892,0.521504,0.606295,0.095165,-0.108265,-0.136313,0.005921,-0.244156,0.372097,-0.214102,-0.042048,-0.063422,-0.045836,-0.037987,0.066258,0.533255,-0.370023,0.594957,-0.063124,0.17101,-0.394906,-1.173367,-0.4538,0.391417,-0.360879,0.431907,-0.138177,-0.489239
0.209819,-2.316,0.752938,-0.025071,-0.008251,-0.527332,0.849249,0.072486,0.556073,0.445281,0.675386,0.17137,-0.031084,-0.108122,0.040907,-0.18347,0.383475,-0.233493,-0.059088,-0.02665,-0.045125,-0.03123,0.053622,0.516157,-0.404696,0.535802,-0.061847,0.142806,-0.460635,-1.161812,-0.402101,0.411713,-0.351799,0.411789,-0.181801,-0.492153
0.213969,-2.326056,0.753098,-0.026971,-0.013111,-0.561035,0.827248,0.060538,0.482343,0.274525,0.71611,0.162209,-0.043876,-0.098629,0.063824,-0.116057,0.401695,-0.24629,-0.067171,0.007223,-0.034832,-0.030561,0.024308,0.519251,-0.452399,0.486828,-0.036808,0.126157,-0.507774,-1.160886,-0.37686,0.441524,-0.333597,0.404751,-0.23845,-0.483381
0.219691,-2.337098,0.754276,-0.026491,-0.016288,-0.585526,0.810057,0.017838,0.369184,0.123275,0.75766,0.104261,-0.088069,-0.085618,0.076069,-0.061625,0.410323,-0.256202,-0.073797,0.030688,-0.023193,-0.029975,-0.001774,0.542803,-0.50134,0.442042,0.007456,0.122214,-0.535698,-1.169755,-0.363187,0.467931,-0.309282,0.413765,-0.299061,-0.467588
0.221185,-2.348795,0.755804,-0.023573,-0.024981,-0.598979,0.800028,-0.051976,0.303971,0.063428,0.827968,0.078084,-0.088916,-0.062936,0.073306,-0.026199,0.418001,-0.267968,-0.085023,0.051998,-0.021223,-0.01681,-0.020179,0.567212,-0.542401,0.40378,0.050416,0.120759,-0.542244,-1.177795,-0.349579,0.494251,-0.283988,0.427056,-0.356152,-0.445338
0.222681,-2.35939,0.756904,-0.018652,-0.031176,-0.604927,0.795451,-0.127971,0.269532,0.05098,0.867939,0.057668,-0.07309,-0.044942,0.062756,-0.008969,0.422582,-0.2848,-0.094898,0.0686,-0.02016,-0.003233,-0.030848,0.581244,-0.567117,0.381394,0.082204,0.12158,-0.534993,-1.186991,-0.341768,0.51822,-0.258713,0.441078,-0.410255,-0.412661
0.225452,-2.369471,0.757604,-0.013509,-0.034849,-0.606206,0.794429,-0.200644,0.246262,0.06345,0.866133,0.016503,-0.056834,-0.029683,0.049468,-0.001867,0.423935,-0.301533,-0.098608,0.080322,-0.017182,0.010007,-0.023594,0.580761,-0.569717,0.379143,0.09195,0.117667,-0.520943,-1.198774,-0.341851,0.535267,-0.239497,0.459687,-0.449366,-0.374184
0.229203,-2.379907,0.758102,-0.008509,-0.037139,-0.606103,0.794473,-0.270395,0.220194,0.082666,0.829697,-0.005148,-0.056819,-0.01309,0.03621,0.001918,0.420255,-0.317589,-0.100869,0.0895,-0.013966,0.023296,0.007786,0.565824,-0.548559,0.397996,0.080472,0.1128,-0.501866,-1.215106,-0.351211,0.541164,-0.227143,0.477957,-0.470119,-0.339415
0.233698,-2.390912,0.758079,-0.004202,-0.036432,-0.606248,0.794429,-0.327954,0.184176,0.090178,0.742646,0.020447,-0.074377,0.000405,0.028278,0.00673,0.415428,-0.32931,-0.103342,0.096409,-0.008687,0.032393,0.05966,0.540102,-0.508674,0.438913,0.055243,0.113335,-0.475723,-1.235822,-0.36734,0.536251,-0.218539,0.492729,-0.470113,-0.313218
0.238552,-2.402809,0.757183,0.001481,-0.03249,-0.606226,0.794627,-0.367223,0.134791,0.07745,0.591662,0.078775,-0.082607,0.008711,0.02219,0.010184,0.409123,-0.344352,-0.105439,0.097771,-0.005194,0.03355,0.123811,0.500391,-0.449622,0.50642,0.023157,0.124964,-0.431521,-1.259058,-0.39035,0.527028,-0.213282,0.499964,-0.451056,-0.295892
0.243955,-2.416552,0.754971,0.004253,-0.026482,-0.610741,0.791376,-0.382323,0.087308,0.026467,0.396052,0.140734,-0.078281,0.022337,0.026163,0.022491,0.395054,-0.357625,-0.103052,0.101482,0.003112,0.026721,0.203536,0.461237,-0.373561,0.591481,-0.012289,0.160258,-0.386869,-1.297938,-0.426429,0.517974,-0.199415,0.535797,-0.409874,-0.286759
0.249152,-2.432473,0.750901,0.002684,-0.024086,-0.616247,0.78718,-0.408778,0.049989,-0.069977,0.25792,0.17052,-0.056623,0.04299,0.033935,0.035554,0.400239,-0.382923,-0.102876,0.115338,0.008201,0.034332,0.263798,0.426023,-0.295991,0.690204,-0.040461,0.218884,-0.338089,-1.309781,-0.462355,0.515632,-0.197704,0.544627,-0.369355,-0.275835
0.25469,-2.450253,0.747285,0.005269,-0.02571,-0.622204,0.782415,-0.444462,0.016251,-0.155861,0.182276,0.171238,-0.016617,0.061244,0.028383,0.051366,0.419293,-0.410719,-0.104655,0.131213,-0.000255,0.047211,0.302297,0.395813,-0.225195,0.805297,-0.063826,0.288211,-0.274704,-1.291499,-0.490947,0.526567,-0.213623,0.518955,-0.332329,-0.27301
0.260951,-2.46908,0.744998,0.011983,-0.027585,-0.627551,0.777995,-0.479232,-0.010756,-0.201709,0.160567,0.162657,0.018207,0.079369,0.011972,0.065285,0.429402,-0.426449,-0.106367,0.135865,-0.018238,0.05327,0.341836,0.384979,-0.154259,0.923834,-0.087572,0.365245,-0.209403,-1.280333,-0.523007,0.552898,-0.22864,0.52546,-0.291932,-0.279407
0.269002,-2.488891,0.743313,0.019235,-0.030384,-0.635474,0.771285,-0.511563,-0.035979,-0.212315,0.207928,0.200008,-0.00744,0.097398,-0.010316,0.08439,0.440819,-0.432844,-0.105628,0.137483,-0.039943,0.05924,0.377333,0.389821,-0.09486,1.040665,-0.105895,0.439363,-0.134963,-1.266186,-0.546132,0.591456,-0.240555,0.550956,-0.261941,-0.286313
0.279984,-2.510485,0.73928,0.01695,-0.025224,-0.648848,0.760311,-0.503793,-0.033586,-0.219252,0.243011,0.234456,-0.054326,0.111596,-0.00777,0.111591,0.459992,-0.433489,-0.099866,0.142002,-0.04244,0.060969,0.414128,0.406618,-0.058863,1.145732,-0.114089,0.49451,-0.047736,-1.25612,-0.570312,0.627216,-0.249927,0.576915,-0.253892,-0.297445
0.292225,-2.533102,0.73633,0.011903,-0.018797,-0.664205,0.747219,-0.483889,-0.009242,-0.195018,0.259389,0.257848,-0.07946,0.125171,-0.002006,0.140457,0.480769,-0.418705,-0.086507,0.148688,-0.040891,0.062265,0.444359,0.420357,-0.058888,1.240202,-0.114685,0.518115,0.06013,-1.246698,-0.600188,0.657593,-0.262571,0.594516,-0.257314,-0.320608
0.304767,-2.555904,0.73599,0.00869,-0.011714,-0.676924,0.735908,-0.455637,0.014693,-0.168162,0.269795,0.205975,-0.08352,0.131971,-0.000427,0.164487,0.500838,-0.385432,-0.066438,0.149978,-0.043402,0.061696,0.470233,0.429175,-0.08306,1.298132,-0.100305,0.506912,0.150272,-1.242498,-0.626668,0.677111,-0.26598,0.608451,-0.253779,-0.343217
0.316971,-2.577952,0.739896,0.011955,-0.009401,-0.687556,0.725972,-0.442544,0.017249,-0.129432,0.311639,0.138968,-0.067614,0.132387,-0.018636,0.182074,0.517145,-0.333263,-0.038368,0.149663,-0.06026,0.060773,0.482768,0.426232,-0.120433,1.32874,-0.078544,0.463266,0.222323,-1.236489,-0.650845,0.694656,-0.269201,0.618515,-0.238464,-0.36482
0.328812,-2.600196,0.744777,0.016862,-0.007842,-0.698046,0.715812,-0.428262,0.016249,-0.091881,0.349477,0.078362,-0.052115,0.123667,-0.042621,0.18936,0.539037,-0.272615,-0.002425,0.151128,-0.076562,0.056719,0.484395,0.414495,-0.153304,1.333625,-0.053953,0.410765,0.254212,-1.229545,-0.669799,0.713169,-0.271677,0.627291,-0.21931,-0.37659
0.340418,-2.622576,0.749969,-0.018996,0.005335,0.710137,-0.703787,-0.400515,0.022207,-0.055281,0.366317,0.028706,-0.041477,0.098232,-0.064553,0.176363,0.585301,-0.198006,0.042265,0.154321,-0.083785,0.051014,0.480359,0.400073,-0.178761,1.314136,-0.033237,0.371486,0.235535,-1.222847,-0.681423,0.732178,-0.272895,0.637218,-0.207816,-0.373343
0.351413,-2.644646,0.755645,-0.01629,0.0021,0.723376,-0.690259,-0.358366,0.036323,-0.019957,0.366397,-0.007989,-0.032402,0.046957,-0.086006,0.132588,0.675659,-0.094492,0.079901,0.157844,-0.082389,0.0474,0.474748,0.393378,-0.203852,1.267755,-0.016552,0.35019,0.162489,-1.222616,-0.689079,0.745008,-0.273137,0.648496,-0.206071,-0.358601
0.361406,-2.665976,0.762491,-0.009802,-0.004971,0.739892,-0.672636,-0.303466,0.065745,0.019689,0.341723,-0.027694,-0.029302,-0.036422,-0.110596,0.0656,0.793863,0.052416,0.057027,0.167538,-0.072235,0.036466,0.485172,0.408445,-0.228653,1.18713,0.006339,0.340775,0.01618,-1.246349,-0.707198,0.744507,-0.267549,0.687947,-0.210397,-0.337281
0.370195,-2.683525,0.765307,-0.01124,-0.007469,0.754595,-0.656052,-0.279463,0.074982,0.064139,0.354493,-0.054723,-0.02393,-0.119349,-0.181175,-0.032935,0.903074,0.032588,-0.031867,0.178231,-0.076377,0.043056,0.420422,0.424304,-0.266683,1.122431,0.034648,0.346993,-0.160757,-1.233231,-0.684264,0.74187,-0.267687,0.657376,-0.21765,-0.31699
0.377263,-2.700883,0.769163,-0.008631,-0.011513,0.761986,-0.647434,-0.249491,0.082212,0.085972,0.351359,-0.066037,-0.016677,-0.191961,-0.198797,-0.07528,0.976122,-0.049641,-0.045007,0.169507,-0.073005,0.038763,0.351118,0.453494,-0.314613,1.082199,0.070413,0.345701,-0.333672,-1.224907,-0.668235,0.733738,-0.267105,0.651246,-0.224786,-0.304406
0.382367,-2.718056,0.77226,-0.008291,-0.013187,0.761232,-0.648293,-0.224426,0.073271,0.088169,0.345216,-0.070746,-0.006169,-0.267647,-0.152527,-0.048182,1.012296,-0.092794,-0.013881,0.148932,-0.072149,0.03296,0.239249,0.497978,-0.368598,1.077187,0.130955,0.345626,-0.521506,-1.213843,-0.658923,0.725708,-0.263148,0.645303,-0.23767,-0.293693
0.386649,-2.735489,0.775096,-0.0091,-0.01404,0.759173,-0.650674,-0.191942,0.060021,0.088326,0.321034,-0.069184,0.003941,-0.315096,-0.093903,-0.022514,0.961426,-0.119286,0.004616,0.124889,-0.07403,0.01834,0.129405,0.540711,-0.417955,1.088233,0.186457,0.340121,-0.63662,-1.221841,-0.663209,0.714739,-0.251357,0.678388,-0.253154,-0.28717
0.390347,-2.75236,0.776073,-0.009252,-0.012432,0.757202,-0.652997,-0.16039,0.045801,0.088479,0.309253,-0.081211,0.009115,-0.355916,-0.065572,-0.023783,0.881543,-0.138332,0.005148,0.103216,-0.07353,0.015916,-0.010119,0.566507,-0.454453,1.112458,0.219055,0.338269,-0.686286,-1.219164,-0.648611,0.709988,-0.241629,0.68124,-0.276391,-0.281303
0.393177,-2.769481,0.775921,-0.00915,-0.010318,0.754051,-0.656672,-0.131032,0.031571,0.084703,0.30443,-0.100242,0.014688,-0.383098,-0.062524,-0.042896,0.765999,-0.130415,0.000648,0.080996,-0.072219,0.014916,-0.147236,0.580333,-0.480118,1.140615,0.200788,0.32514,-0.663272,-1.22055,-0.624407,0.702951,-0.232841,0.678566,-0.308016,-0.280587
0.395061,-2.787092,0.77469,-0.008367,-0.009258,0.748997,-0.662456,-0.105124,0.020404,0.073774,0.306976,-0.126179,0.018702,-0.394452,-0.064661,-0.053292,0.613811,-0.092968,-0.020118,0.060206,-0.06781,0.014728,-0.278598,0.582483,-0.50115,1.165045,0.118884,0.277683,-0.572069,-1.22592,-0.590189,0.690645,-0.224209,0.666748,-0.351883,-0.284038
0.396049,-2.805717,0.772227,-0.009609,-0.006374,0.743419,-0.668727,-0.077296,0.004185,0.061785,0.308058,-0.155518,0.025527,-0.393666,-0.07607,-0.04894,0.436963,-0.037978,-0.052174,0.046181,-0.066813,0.011389,-0.38268,0.575969,-0.502708,1.153106,0.01057,0.204522,-0.457919,-1.235432,-0.553407,0.674493,-0.213667,0.658614,-0.396798,-0.287376
0.396296,-2.825874,0.768646,-0.011051,-0.001574,0.737988,-0.674721,-0.041522,-0.01406,0.051335,0.304648,-0.186386,0.034128,-0.391184,-0.096516,-0.03853,0.269002,0.022704,-0.059378,0.040873,-0.066579,0.007564,-0.458633,0.558885,-0.483164,1.097232,-0.09603,0.13939,-0.355223,-1.249458,-0.521893,0.657398,-0.2019,0.64937,-0.434826,-0.289328
0.395721,-2.847998,0.764545,-0.011499,0.004584,0.731796,-0.681411,0.003908,-0.031731,0.037122,0.295415,-0.215475,0.041742,-0.396471,-0.119194,-0.008148,0.149605,0.05156,-0.037055,0.041495,-0.064557,0.002366,-0.514056,0.526461,-0.437821,1.009244,-0.18688,0.104474,-0.28308,-1.263971,-0.501337,0.641503,-0.189459,0.646143,-0.460209,-0.287408
0.3944,-2.871324,0.761806,-0.0063,0.004589,0.726721,-0.686889,0.050096,-0.026298,0.021284,0.289419,-0.242002,0.042852,-0.411238,-0.115675,0.050134,0.098308,0.056083,-0.021918,0.047099,-0.045234,-0.004196,-0.549293,0.484877,-0.391785,0.885244,-0.267067,0.093029,-0.218757,-1.275747,-0.488568,0.62859,-0.176211,0.637651,-0.480437,-0.282616
0.392234,-2.89494,0.761192,0.005768,-0.004373,0.725642,-0.688034,0.088066,0.01082,0.015466,0.297957,-0.263232,0.040286,-0.449065,-0.071431,0.100872,0.150946,0.120903,0.01879,0.062515,-0.004785,-0.013929,-0.568181,0.442446,-0.349968,0.734472,-0.328776,0.085601,-0.162519,-1.280262,-0.481748,0.618249,-0.167949,0.627359,-0.496641,-0.274106
0.387131,-2.920768,0.756155,0.00724,0.00259,0.720303,-0.693617,0.122964,0.006912,0.001405,0.32863,-0.281039,0.039848,-0.443331,-0.059787,0.140383,0.211931,0.171907,0.057815,0.067111,-0.000112,-0.018122,-0.577446,0.405133,-0.318179,0.573415,-0.373825,0.071158,-0.122196,-1.281523,-0.479282,0.613027,-0.160767,0.62411,-0.505515,-0.264441
0.380044,-2.947795,0.750983,0.006403,0.012254,0.713676,-0.70034,0.149549,-0.002221,-0.01907,0.375499,-0.2825,0.033856,-0.421627,-0.065602,0.135105,0.261099,0.163164,0.065162,0.069824,-0.002837,-0.015878,-0.588826,0.384877,-0.31607,0.412041,-0.388629,0.036064,-0.099488,-1.2612,-0.466659,0.615749,-0.165526,0.603727,-0.511526,-0.251306
0.372026,-2.974442,0.749395,0.008832,0.019877,0.709025,-0.704848,0.176546,0.000876,-0.033733,0.415114,-0.245264,0.01471,-0.394876,-0.069644,0.118986,0.325083,0.090229,0.068373,0.06422,-0.001428,-0.019384,-0.578546,0.43426,-0.324854,0.244448,-0.402404,0.005827,-0.096086,-1.263336,-0.479253,0.608894,-0.161226,0.626338,-0.499007,-0.246748
0.363433,-3.00147,0.751576,0.016478,0.015806,0.70922,-0.704617,0.187722,0.035035,-0.033468,0.459617,-0.173363,-0.017396,-0.389236,-0.040952,0.098938,0.412581,0.025286,0.05049,0.064542,0.019928,-0.025648,-0.566616,0.504628,-0.327267,0.097507,-0.400883,-0.020934,-0.112693,-1.249727,-0.483242,0.603507,-0.164463,0.638051,-0.477222,-0.235967
0.355012,-3.028692,0.754824,0.021678,0.010375,0.709434,-0.704362,0.178813,0.06788,-0.028479,0.51614,-0.064859,-0.059718,-0.369799,-0.015115,0.078176,0.459766,-0.019921,0.02326,0.062683,0.034753,-0.036851,-0.555979,0.584719,-0.318866,-0.016972,-0.402183,-0.033308,-0.144529,-1.235345,-0.496174,0.599467,-0.165586,0.648421,-0.448121,-0.22971
0.346795,-3.054923,0.758927,-0.02588,-0.006206,-0.706333,0.707379,0.142143,0.097816,-0.027354,0.604522,0.06878,-0.104786,-0.33403,0.002212,0.052942,0.473871,-0.048366,-0.002631,0.055047,0.042774,-0.043949,-0.539515,0.66426,-0.297568,-0.127855,-0.412883,-0.035828,-0.173968,-1.216197,-0.521199,0.598651,-0.175934,0.651183,-0.406331,-0.228963
0.339556,-3.079652,0.763986,-0.027533,-0.006339,-0.701383,0.712225,0.073453,0.117023,-0.025848,0.726496,0.238564,-0.132182,-0.287209,0.007778,0.031725,0.467404,-0.065771,-0.026943,0.047823,0.042525,-0.041779,-0.535103,0.730012,-0.262786,-0.21288,-0.431493,-0.046617,-0.195549,-1.203593,-0.554103,0.598437,-0.185496,0.659938,-0.355368,-0.230223
0.334084,-3.100925,0.768122,-0.024817,-0.006776,-0.694873,0.718672,0.00349,0.12965,-0.017209,0.825188,0.316789,-0.114641,-0.250948,0.002325,0.011296,0.459575,-0.08062,-0.040099,0.040246,0.036732,-0.038227,-0.54185,0.776033,-0.211339,-0.271174,-0.446847,-0.066086,-0.206369,-1.199071,-0.587618,0.593162,-0.190322,0.670377,-0.303853,-0.233915
0.330238,-3.119229,0.771475,-0.017517,-0.004768,-0.688025,0.72546,-0.060485,0.139323,0.004708,0.882063,0.173066,-0.07898,-0.233253,-0.009288,-0.008316,0.458105,-0.098001,-0.050756,0.03101,0.028079,-0.038248,-0.542818,0.802645,-0.143566,-0.311401,-0.449252,-0.084685,-0.207415,-1.196572,-0.612519,0.585717,-0.199349,0.668298,-0.25146,-0.244263
0.328342,-3.136918,0.774314,-0.011755,-0.00839,-0.688679,0.724923,-0.150965,0.128208,0.024377,0.935466,0.058451,-0.081619,-0.207891,-0.019533,-0.005234,0.455827,-0.120566,-0.060303,0.038257,0.014612,-0.027,-0.523815,0.808727,-0.063173,-0.33222,-0.444823,-0.098694,-0.199713,-1.194319,-0.624742,0.579916,-0.2088,0.666383,-0.197725,-0.260231
0.327591,-3.15407,0.775952,-0.006022,-0.00773,-0.693514,0.720377,-0.226297,0.095441,0.012596,0.908573,-0.015937,-0.101273,-0.189998,-0.01989,0.007968,0.448976,-0.144022,-0.066991,0.055408,0.005449,-0.018146,-0.483314,0.789533,0.022056,-0.338737,-0.434049,-0.112938,-0.18038,-1.195106,-0.633974,0.576746,-0.218341,0.659787,-0.149815,-0.278215
0.327609,-3.171187,0.776749,-0.00127,-0.005569,-0.700068,0.714053,-0.286368,0.062128,-0.005784,0.815393,-0.051023,-0.1067,-0.169532,-0.016415,0.025374,0.433665,-0.169465,-0.072405,0.074489,-0.002395,-0.005312,-0.413006,0.739302,0.10085,-0.334644,-0.421637,-0.139057,-0.145031,-1.199956,-0.645226,0.577159,-0.227558,0.650043,-0.115928,-0.294475
0.328371,-3.188581,0.776106,-0.001758,0.002715,0.70814,-0.706065,-0.325802,0.045675,-0.024252,0.664999,-0.045791,-0.095928,-0.14796,-0.009327,0.046748,0.419369,-0.198638,-0.078356,0.089627,-0.009958,0.014231,-0.309747,0.646377,0.161305,-0.31923,-0.415427,-0.180242,-0.091212,-1.211211,-0.656735,0.58025,-0.23696,0.640061,-0.09567,-0.307902
0.330368,-3.206654,0.773892,-0.0032,0.000776,0.716963,-0.697103,-0.345991,0.049968,-0.032136,0.475729,0.002766,-0.05043,-0.125186,-0.003913,0.069923,0.413313,-0.236291,-0.077485,0.093367,-0.020531,0.039401,-0.189039,0.496664,0.189312,-0.275849,-0.41782,-0.233474,-0.019378,-1.227733,-0.657638,0.58654,-0.248025,0.629161,-0.080357,-0.321333
0.333385,-3.226358,0.769683,-0.000203,-0.00188,0.724937,-0.688813,-0.355633,0.07788,-0.034641,0.284852,0.056099,0.023468,-0.099553,0.006393,0.090098,0.42016,-0.279421,-0.074314,0.085469,-0.031205,0.064985,-0.086668,0.298074,0.179624,-0.154839,-0.445067,-0.284457,0.049364,-1.243512,-0.645247,0.588735,-0.255907,0.622947,-0.06938,-0.331656
0.336838,-3.24779,0.765974,0.000155,0.000695,0.729134,-0.684371,-0.391035,0.097223,-0.039854,0.176996,0.099556,0.069271,-0.06997,-0.001038,0.103032,0.435835,-0.318315,-0.07365,0.069024,-0.055578,0.084212,-0.023753,0.113404,0.15605,0.088203,-0.498891,-0.278901,0.115415,-1.252749,-0.618134,0.59339,-0.258569,0.622043,-0.066924,-0.335089
0.34039,-3.270499,0.764556,-0.010875,0.012797,0.72672,-0.686728,-0.450466,0.067709,-0.07005,0.171293,0.183825,0.022863,-0.04436,-0.049036,0.104409,0.461267,-0.354664,-0.068194,0.041894,-0.096583,0.08471,-0.036425,0.09538,0.116915,0.497503,-0.527582,-0.146688,0.175882,-1.254633,-0.570466,0.622328,-0.249748,0.625022,-0.07224,-0.332382
0.345731,-3.295537,0.760385,-0.013742,0.0188,0.723791,-0.689626,-0.481853,0.028777,-0.127402,0.227109,0.282542,-0.049484,-0.016419,-0.077278,0.097465,0.496648,-0.384447,-0.063962,0.023379,-0.126215,0.084153,-0.091144,0.104721,-0.030662,0.805699,-0.572645,0.022956,0.115825,-1.244596,-0.512283,0.638415,-0.237346,0.642595,-0.084216,-0.315475
0.354057,-3.322902,0.751787,0.002692,0.00877,0.722462,-0.691349,-0.455073,0.038775,-0.148515,0.248406,0.294983,-0.080806,0.014865,-0.052178,0.075366,0.542195,-0.39746,-0.069261,0.003751,-0.112527,0.098157,-0.131612,0.105891,-0.345024,0.80113,-0.563968,0.034618,-0.048916,-1.252057,-0.471221,0.647818,-0.230291,0.659617,-0.124484,-0.293564
0.364194,-3.350105,0.746745,0.016903,0.005976,0.722719,-0.69091,-0.424452,0.04765,-0.152783,0.299871,0.21039,-0.088736,0.041316,-0.046812,0.054576,0.600123,-0.372421,-0.054714,0.018801,-0.106081,0.111365,-0.238184,0.133283,-0.687906,0.627883,-0.483713,-0.051263,-0.21972,-1.245656,-0.465132,0.64575,-0.219482,0.659755,-0.189883,-0.277362
0.373987,-3.376714,0.748969,0.014043,0.009649,0.728603,-0.684725,-0.413791,0.032705,-0.120425,0.374155,0.12414,-0.060855,0.031599,-0.083903,0.04043,0.666967,-0.295996,-0.020915,0.051224,-0.120718,0.108265,-0.385485,0.117971,-0.831224,0.470928,-0.390041,-0.101359,-0.364038,-1.2413,-0.456275,0.650039,-0.213683,0.663883,-0.238936,-0.263963
0.38319,-3.402763,0.754988,0.008106,0.011153,0.740703,-0.671691,-0.381743,0.030567,-0.075303,0.395835,0.061509,-0.041904,-0.015692,-0.129541,0.017852,0.753315,-0.175791,-0.004399,0.085657,-0.118982,0.090386,-0.515796,0.086828,-0.872734,0.373663,-0.336835,-0.131505,-0.500927,-1.248911,-0.430092,0.680499,-0.198937,0.678342,-0.268176,-0.242953
0.393777,-3.427577,0.762665,0.00396,0.008494,0.757476,-0.652795,-0.332914,0.041046,-0.019088,0.374678,0.025287,-0.028608,-0.096352,-0.176497,-0.01668,0.859739,-0.035651,-0.035384,0.119237,-0.105129,0.066737,-0.634895,0.081456,-0.880549,0.302945,-0.320203,-0.158872,-0.61763,-1.262318,-0.397841,0.710873,-0.178712,0.68697,-0.300716,-0.214624
0.403548,-3.450419,0.76881,0.003539,0.005101,0.770445,-0.637476,-0.286196,0.048847,0.024193,0.353931,-0.000543,-0.019869,-0.165328,-0.212848,-0.052163,0.953597,0.000574,-0.115227,0.136977,-0.091776,0.048745,-0.737689,0.109961,-0.895679,0.24092,-0.301948,-0.179852,-0.666293,-1.253768,-0.362846,0.722017,-0.173259,0.670694,-0.323498,-0.191387
0.410548,-3.471984,0.774147,0.002958,-0.002212,0.777256,-0.629174,-0.251757,0.055137,0.04708,0.332104,-0.015654,-0.012566,-0.214916,-0.214946,-0.080018,1.005919,-0.072409,-0.096227,0.141042,-0.08169,0.02769,-0.810646,0.160191,-0.905665,0.188857,-0.278877,-0.185226,-0.663971,-1.267506,-0.365814,0.702351,-0.169343,0.658412,-0.337515,-0.181777
0.41501,-3.493814,0.778433,0.00672,-0.006601,0.774856,-0.632068,-0.217381,0.052204,0.042635,0.323112,-0.030857,0.001064,-0.263978,-0.18306,-0.091723,1.04864,-0.109333,-0.019586,0.12662,-0.073349,0.019296,-0.853205,0.21432,-0.922068,0.146458,-0.242723,-0.168342,-0.613716,-1.286167,-0.396252,0.66665,-0.165979,0.645664,-0.33954,-0.18498
0.418388,-3.51549,0.781504,0.007746,-0.008076,0.770664,-0.637143,-0.187991,0.039634,0.034586,0.320764,-0.047311,0.018844,-0.298956,-0.149316,-0.107827,1.031411,-0.116145,0.041929,0.11152,-0.071902,0.014533,-0.862345,0.262852,-0.944394,0.116732,-0.209413,-0.133967,-0.534897,-1.303663,-0.442114,0.629004,-0.165626,0.628354,-0.332212,-0.199835
0.4211,-3.536535,0.783337,0.006434,-0.008594,0.768022,-0.640334,-0.159853,0.025891,0.031094,0.316726,-0.065832,0.027457,-0.325309,-0.125195,-0.132256,0.964458,-0.127169,0.06466,0.105872,-0.073541,0.011997,-0.835615,0.305053,-0.966342,0.105227,-0.195345,-0.095336,-0.454097,-1.318256,-0.497959,0.598097,-0.171629,0.608262,-0.316335,-0.223158
0.422992,-3.556962,0.783798,0.004022,-0.00809,0.765907,-0.642888,-0.133491,0.011561,0.029869,0.314882,-0.086057,0.029632,-0.350501,-0.110936,-0.159883,0.86842,-0.133977,0.062147,0.105218,-0.076059,0.013838,-0.777443,0.346581,-0.984889,0.117176,-0.202814,-0.065048,-0.384396,-1.329028,-0.558427,0.578306,-0.183838,0.589483,-0.292852,-0.252772
0.42423,-3.576825,0.782981,0.001408,-0.007447,0.761732,-0.647847,-0.110784,-0.003687,0.021811,0.31717,-0.107405,0.031253,-0.373668,-0.096165,-0.174658,0.746249,-0.113247,0.059193,0.101872,-0.077406,0.01884,-0.695977,0.389897,-0.990567,0.160476,-0.220795,-0.045737,-0.325684,-1.332286,-0.617385,0.571177,-0.200791,0.576389,-0.270189,-0.284653
0.424691,-3.596649,0.78097,-0.002436,-0.007192,0.755064,-0.655607,-0.094151,-0.020379,0.007377,0.325899,-0.134482,0.03466,-0.380329,-0.078771,-0.176155,0.577236,-0.068062,0.049893,0.090781,-0.07989,0.023077,-0.594618,0.430116,-0.974338,0.24707,-0.238612,-0.037088,-0.271578,-1.321284,-0.665099,0.571022,-0.227983,0.566658,-0.254101,-0.319236
0.424217,-3.616534,0.777143,-0.007961,-0.003588,0.746843,-0.664943,-0.076706,-0.044322,-0.01151,0.338407,-0.166021,0.037885,-0.369327,-0.072306,-0.174985,0.379267,-0.020788,0.027465,0.073112,-0.086651,0.026958,-0.478958,0.453291,-0.914604,0.390823,-0.250736,-0.026737,-0.233679,-1.30134,-0.695984,0.574374,-0.254164,0.560284,-0.249728,-0.344737
0.423334,-3.638107,0.772098,-0.011674,0.003082,0.737758,-0.674957,-0.046365,-0.070335,-0.032152,0.347376,-0.202087,0.042423,-0.365308,-0.080379,-0.177005,0.222783,0.005541,0.007311,0.054516,-0.090533,0.033875,-0.36104,0.460557,-0.806257,0.577896,-0.258737,-0.011585,-0.210011,-1.280178,-0.71359,0.582277,-0.271091,0.559474,-0.252579,-0.35618
0.422602,-3.661483,0.768039,-0.00888,0.006038,0.729828,-0.683546,-0.004222,-0.077783,-0.054653,0.351285,-0.237263,0.047592,-0.377889,-0.079745,-0.162626,0.139694,0.021102,-0.004993,0.038286,-0.073863,0.037497,-0.24207,0.448564,-0.624249,0.809003,-0.254622,0.009056,-0.18345,-1.255808,-0.715183,0.598593,-0.288156,0.563494,-0.257968,-0.35872
0.421978,-3.686381,0.766271,0.000197,-0.000138,0.725874,-0.687827,0.0405,-0.056233,-0.073418,0.348769,-0.263197,0.047423,-0.421371,-0.05096,-0.110213,0.151941,0.077492,-0.018564,0.036811,-0.030454,0.033191,-0.140361,0.4179,-0.350022,1.076135,-0.26074,0.064948,-0.125547,-1.236069,-0.710926,0.612946,-0.300901,0.569503,-0.266502,-0.355602
0.419913,-3.712895,0.762453,0.006071,-0.001124,0.723498,-0.690299,0.085909,-0.045519,-0.088974,0.354907,-0.281623,0.04379,-0.466432,-0.01164,-0.011986,0.226696,0.155194,-0.017343,0.03903,0.006911,0.02862,-0.086625,0.423208,-0.039751,1.397299,-0.295243,0.107458,-0.019586,-1.228322,-0.705002,0.627893,-0.306776,0.572819,-0.273049,-0.352762
0.415425,-3.741502,0.75449,-0.000562,0.01183,0.721838,-0.691961,0.126989,-0.075392,-0.098136,0.376112,-0.290081,0.039448,-0.473104,0.000215,0.032618,0.300027,0.161009,-0.04395,0.040815,0.003879,0.035386,-0.036316,0.519547,0.187437,1.699988,-0.348564,0.056098,0.068193,-1.238776,-0.698638,0.630307,-0.301523,0.571709,-0.275996,-0.353723
0.409411,-3.770698,0.748266,-0.006038,0.02217,0.72003,-0.693563,0.151044,-0.096141,-0.102012,0.42291,-0.273056,0.02326,-0.46523,-0.009047,0.028605,0.370989,0.091665,-0.062939,0.047586,-0.000014,0.056802,0.119167,0.58176,0.310657,1.7,-0.390178,0.046336,0.114427,-1.260596,-0.707576,0.613771,-0.300837,0.569126,-0.279436,-0.354388
0.4022,-3.800383,0.74763,-0.001794,0.019173,0.71916,-0.694578,0.1511,-0.075238,-0.09613,0.494951,-0.211963,-0.020987,-0.462482,0.004326,0.011287,0.464966,0.013494,-0.06804,0.040138,0.021135,0.062056,0.300395,0.634994,0.341675,1.7,-0.38533,0.066416,0.15639,-1.275654,-0.690837,0.59839,-0.299798,0.556058,-0.288924,-0.361043
0.39551,-3.830095,0.749717,0.002726,0.01286,0.716003,-0.697973,0.119573,-0.051255,-0.09931,0.593284,-0.089287,-0.098674,-0.441512,0.019503,-0.01287,0.515487,-0.041475,-0.077719,0.040419,0.04509,0.054486,0.451948,0.677133,0.291322,1.7,-0.312246,0.044941,0.188434,-1.277177,-0.682387,0.594917,-0.301551,0.52975,-0.300973,-0.372962
0.389616,-3.85855,0.75488,0.004629,0.006705,0.710192,-0.703961,0.060565,-0.038586,-0.113779,0.702356,0.082185,-0.184172,-0.400886,0.029153,-0.035371,0.515907,-0.067959,-0.086667,0.056495,0.069853,0.044192,0.550226,0.706617,0.22026,1.7,-0.215683,0.016727,0.224115,-1.277517,-0.696564,0.60443,-0.306585,0.503086,-0.306641,-0.384707
0.385247,-3.884768,0.761991,-0.00198,-0.00697,-0.703261,0.710895,-0.024444,-0.046315,-0.112887,0.826767,0.28831,-0.223396,-0.350483,0.021262,-0.050011,0.495296,-0.07961,-0.08677,0.080603,0.082626,0.041252,0.605399,0.725593,0.178811,1.7,-0.150861,0.025532,0.252724,-1.286099,-0.719975,0.615753,-0.309059,0.487379,-0.307226,-0.39213
0.379373,-3.908016,0.768614,0.007352,-0.005136,-0.692498,0.721364,-0.087771,-0.026328,-0.082816,0.888774,0.292236,-0.177376,-0.316317,0.00366,-0.072454,0.471068,-0.084059,-0.084462,0.093882,0.080511,0.029345,0.638933,0.739292,0.185955,1.7,-0.13701,0.064816,0.240216,-1.297799,-0.735062,0.620854,-0.30693,0.488403,-0.306645,-0.390559
0.373885,-3.929256,0.774978,0.017538,-0.004576,-0.685042,0.728278,-0.160175,0.005989,-0.030192,0.932591,0.154889,-0.121418,-0.284081,-0.011648,-0.087109,0.442662,-0.088557,-0.087973,0.10359,0.069711,0.020759,0.658685,0.741916,0.222625,1.7,-0.153463,0.10933,0.188091,-1.304084,-0.728116,0.626641,-0.30508,0.493855,-0.308212,-0.381286
0.369635,-3.951165,0.780305,0.023605,-0.007179,-0.684835,0.72828,-0.237136,0.02374,0.015493,0.942441,0.064613,-0.106658,-0.238347,-0.015618,-0.084677,0.404879,-0.092808,-0.095131,0.110144,0.055293,0.007885,0.703825,0.745019,0.274743,1.7,-0.182323,0.132093,0.109122,-1.325063,-0.709032,0.635419,-0.288654,0.53488,-0.310126,-0.366737
0.366515,-3.971131,0.783094,0.027266,-0.009713,-0.689678,0.723537,-0.304392,0.015334,0.03185,0.901029,0.021173,-0.108717,-0.203,-0.013243,-0.07251,0.388233,-0.112426,-0.103605,0.128922,0.049467,0.016414,0.682889,0.716261,0.289615,1.7,-0.199637,0.121579,0.065352,-1.319021,-0.673829,0.649296,-0.281532,0.529125,-0.315323,-0.34483
0.36453,-3.991981,0.784477,0.028737,-0.009422,-0.698093,0.715368,-0.327491,-0.004876,0.026527,0.757004,0.012992,-0.106498,-0.163407,-0.001701,-0.052679,0.360238,-0.128791,-0.108214,0.160856,0.044448,0.003757,0.675656,0.696003,0.27683,1.7,-0.21898,0.130178,0.06886,-1.330776,-0.667661,0.648785,-0.25316,0.551069,-0.315623,-0.320661
0.363877,-4.011876,0.78341,-0.025332,0.007978,0.708427,-0.705284,-0.330355,-0.016074,0.014109,0.562607,0.038119,-0.094032,-0.126161,0.017364,-0.029643,0.346163,-0.155034,-0.113624,0.19062,0.046729,0.002063,0.637096,0.655304,0.241938,1.7,-0.231932,0.11689,0.123798,-1.335437,-0.668447,0.654566,-0.236808,0.564789,-0.312143,-0.293799
0.362796,-4.033404,0.77941,-0.01878,0.00564,0.71968,-0.694029,-0.324282,-0.009311,0.008884,0.353278,0.095537,-0.053006,-0.085441,0.04245,-0.004831,0.340128,-0.194329,-0.117669,0.211634,0.053877,0.004862,0.584865,0.594237,0.217017,1.69379,-0.247171,0.086268,0.186988,-1.337505,-0.67125,0.656393,-0.227504,0.58031,-0.300328,-0.274502
0.361618,-4.055768,0.773176,-0.008267,0.003131,0.728617,-0.684864,-0.325833,0.015056,0.028246,0.177684,0.143937,0.008861,-0.039635,0.070398,0.013963,0.342992,-0.239224,-0.117967,0.217778,0.063223,0.012153,0.544692,0.518442,0.205016,1.643125,-0.268378,0.089866,0.241384,-1.332731,-0.674401,0.653433,-0.224088,0.59667,-0.284638,-0.261786
0.359868,-4.079122,0.767458,-0.001915,0.00351,0.731914,-0.681385,-0.348228,0.034107,0.080741,0.057986,0.161045,0.060149,0.0056,0.082442,0.022563,0.349445,-0.283112,-0.11611,0.202493,0.058204,0.018489,0.512225,0.436467,0.182767,1.549734,-0.28781,0.125323,0.280879,-1.323005,-0.678875,0.649166,-0.225,0.609267,-0.272375,-0.256237
0.358383,-4.102232,0.762632,-0.00336,0.004072,0.728572,-0.684949,-0.389375,0.037267,0.137233,-0.015043,0.155339,0.069376,0.034539,0.076568,0.013407,0.36694,-0.32917,-0.110507,0.172512,0.034865,0.024486,0.447168,0.352788,0.146391,1.428204,-0.306141,0.187828,0.298587,-1.295313,-0.672845,0.642162,-0.236051,0.585342,-0.270594,-0.260946
0.357183,-4.124241,0.761421,-0.016484,0.014909,0.725715,-0.687636,-0.443897,0.012665,0.187821,-0.00522,0.190573,0.091017,0.055081,0.033064,0.009233,0.390763,-0.36538,-0.099016,0.140805,-0.018902,0.026317,0.403757,0.2863,0.086416,1.26704,-0.317626,0.265299,0.265529,-1.284686,-0.668506,0.639175,-0.242008,0.57702,-0.268277,-0.275586
0.356808,-4.147635,0.758734,-0.029886,0.026732,0.72611,-0.686408,-0.490638,-0.012886,0.197962,0.076119,0.262638,0.117613,0.066771,-0.013363,0.01041,0.436846,-0.400214,-0.093644,0.11522,-0.077643,0.021946,0.358643,0.252825,0.001401,1.106017,-0.303981,0.332479,0.175039,-1.280987,-0.653208,0.63913,-0.246311,0.573912,-0.268609,-0.296045
0.357669,-4.174194,0.75089,-0.028218,0.030377,0.735119,-0.676669,-0.511853,-0.00263,0.184067,0.171688,0.336304,0.100706,0.08089,-0.021118,0.024747,0.505717,-0.433516,-0.094281,0.11114,-0.105329,0.016977,0.306085,0.260361,-0.091305,0.964012,-0.261108,0.370409,0.023378,-1.279076,-0.631132,0.642691,-0.250707,0.569425,-0.269366,-0.322824
0.359471,-4.203077,0.742774,-0.014885,0.025414,0.748935,-0.661989,-0.492196,0.038864,0.184437,0.214054,0.353423,0.066573,0.10388,0.004247,0.05186,0.565072,-0.434258,-0.088063,0.121301,-0.101166,0.008769,0.225754,0.289746,-0.171642,0.889186,-0.211264,0.34439,-0.14635,-1.271162,-0.598266,0.651469,-0.251731,0.568367,-0.270077,-0.342572
0.362586,-4.232692,0.739345,-0.004961,0.020777,0.758896,-0.650862,-0.452082,0.068758,0.183769,0.242051,0.284682,0.038815,0.122872,0.015912,0.067645,0.612761,-0.393317,-0.054831,0.127416,-0.096946,-0.002592,0.117832,0.327896,-0.243763,0.86849,-0.174958,0.283859,-0.302763,-1.261178,-0.564917,0.665118,-0.248554,0.569512,-0.270173,-0.351609
0.365962,-4.260899,0.744128,-0.006517,0.022453,0.76327,-0.645656,-0.426959,0.063859,0.194916,0.286567,0.211863,0.039033,0.12571,-0.011235,0.058088,0.648884,-0.300752,0.01268,0.126339,-0.108122,-0.01924,-0.002763,0.359692,-0.306724,0.876149,-0.15022,0.236691,-0.410638,-1.257046,-0.546066,0.687496,-0.239876,0.576452,-0.272313,-0.341768
0.369318,-4.28845,0.750835,-0.00895,0.024307,0.766042,-0.642268,-0.400136,0.053316,0.204759,0.323655,0.143782,0.049174,0.102414,-0.050135,0.022687,0.710929,-0.168645,0.10346,0.136086,-0.113545,-0.027925,-0.154096,0.384973,-0.364962,0.912743,-0.117082,0.203921,-0.488126,-1.262441,-0.552588,0.716402,-0.22526,0.581886,-0.287371,-0.307388
0.372985,-4.315097,0.758086,-0.005467,0.022932,0.768681,-0.639198,-0.353063,0.049777,0.209748,0.323841,0.096793,0.056863,0.042978,-0.079619,-0.015897,0.823568,0.020275,0.165054,0.145161,-0.102736,-0.030313,-0.292749,0.403369,-0.413863,0.929053,-0.086414,0.182221,-0.499037,-1.271309,-0.563435,0.747327,-0.212096,0.601762,-0.318812,-0.253171
0.376653,-4.339166,0.764301,-0.003133,0.017952,0.770477,-0.637207,-0.31097,0.048676,0.212214,0.30691,0.071658,0.054527,-0.023583,-0.093771,-0.0327,0.921966,0.126063,0.173571,0.150179,-0.088774,-0.033802,-0.411897,0.423167,-0.456037,0.919146,-0.072509,0.152319,-0.452157,-1.275689,-0.56202,0.769947,-0.203623,0.626543,-0.363156,-0.198432
0.379389,-4.360187,0.769195,-0.005945,0.010924,0.768601,-0.639608,-0.288078,0.041864,0.208157,0.288992,0.061831,0.054563,-0.06514,-0.089806,-0.034001,0.955757,0.019844,0.151523,0.147051,-0.080101,-0.044544,-0.501721,0.442039,-0.486555,0.888563,-0.078901,0.107922,-0.374246,-1.268547,-0.538283,0.780531,-0.200876,0.647684,-0.40681,-0.165939
0.38021,-4.380488,0.773802,-0.001902,0.008019,0.756774,-0.653624,-0.257606,0.027839,0.175664,0.278088,0.05564,0.057339,-0.133766,-0.067785,-0.027811,1.008052,-0.080241,0.123077,0.125586,-0.067593,-0.04075,-0.568612,0.449668,-0.51488,0.855994,-0.099638,0.061015,-0.28248,-1.258029,-0.502266,0.772222,-0.196334,0.666301,-0.445335,-0.150847
0.380125,-4.399749,0.777426,0.002468,0.007834,0.739746,-0.672836,-0.22892,0.007246,0.128657,0.272605,0.051851,0.063735,-0.209194,-0.048763,-0.017119,1.033476,-0.131731,0.081912,0.100248,-0.05536,-0.031505,-0.613713,0.44317,-0.534995,0.822731,-0.126578,0.031199,-0.197771,-1.257996,-0.463386,0.74398,-0.187304,0.674907,-0.459585,-0.149544
0.379347,-4.417991,0.780206,0.002971,0.007323,0.719567,-0.694378,-0.20889,-0.017138,0.077422,0.267186,0.049798,0.066072,-0.264524,-0.04746,-0.011271,0.991383,-0.166043,0.030315,0.078914,-0.044927,-0.026804,-0.642912,0.427584,-0.555362,0.784103,-0.152077,0.024222,-0.13432,-1.275086,-0.436844,0.699149,-0.173721,0.663646,-0.444296,-0.159937
0.377207,-4.435667,0.782009,-0.003188,-0.006564,-0.692477,0.721403,-0.193704,-0.043296,0.009422,0.265379,0.047528,0.061525,-0.298205,-0.05392,0.009219,0.895537,-0.185084,-0.011902,0.056188,-0.033843,-0.023178,-0.658669,0.407612,-0.583675,0.738463,-0.173108,0.028013,-0.099765,-1.303968,-0.439842,0.646302,-0.159232,0.632458,-0.400927,-0.178274
0.373715,-4.452853,0.782789,-0.005013,-0.005209,-0.653649,0.756764,-0.183818,-0.071471,-0.084558,0.27087,0.04232,0.051536,-0.307926,-0.049365,0.083487,0.761745,-0.172345,-0.037741,0.024536,-0.018147,-0.017039,-0.663562,0.386962,-0.626585,0.688943,-0.184799,0.029564,-0.095773,-1.328913,-0.468552,0.600595,-0.15494,0.594479,-0.338065,-0.193989
0.369347,-4.469968,0.782884,-0.007771,-0.003428,-0.602842,0.797815,-0.17943,-0.103894,-0.203648,0.286608,0.032253,0.044172,-0.282108,-0.04213,0.221434,0.583296,-0.130996,-0.068161,-0.012671,0.001415,-0.007425,-0.653771,0.369673,-0.686357,0.630983,-0.183569,0.028544,-0.112296,-1.336667,-0.515157,0.568238,-0.170935,0.552548,-0.268093,-0.204476
0.365117,-4.48743,0.781747,-0.008387,-0.00365,-0.54533,0.838172,-0.171581,-0.143107,-0.324529,0.301419,0.01609,0.036735,-0.231124,-0.058836,0.397702,0.386372,-0.071346,-0.111584,-0.043197,0.01744,0.003948,-0.627545,0.359029,-0.748979,0.577856,-0.169752,0.024393,-0.14779,-1.331961,-0.568408,0.541745,-0.198111,0.519911,-0.214914,-0.215454
0.361478,-4.505722,0.780358,-0.007293,-0.003692,-0.487779,0.872929,-0.158075,-0.176692,-0.433863,0.30506,0.000155,0.032129,-0.197907,-0.081992,0.57409,0.254487,-0.022455,-0.132746,-0.063529,0.032972,0.013643,-0.589007,0.359712,-0.803797,0.550004,-0.152143,0.021207,-0.191355,-1.332825,-0.604594,0.519674,-0.215343,0.498476,-0.1857,-0.225659
0.356942,-4.523494,0.779192,-0.005132,-0.006055,-0.436236,0.899797,-0.137266,-0.194557,-0.51534,0.296819,-0.013729,0.017936,-0.178142,-0.111487,0.641484,0.17342,0.038086,-0.086175,-0.070826,0.045461,0.021431,-0.536975,0.376193,-0.850482,0.54564,-0.134987,0.022089,-0.234452,-1.335555,-0.619475,0.497554,-0.232249,0.484689,-0.164538,-0.238649
