-0.996046,-3.261156,0.778536,-0.005537,-0.007883,0.139367,0.990194,-0.092341,-0.005549,-0.068208,0.234626,-0.095859,0.009153,0.009518,-0.099274,-0.095108,0.119757,-0.119282,0.073446,0.025886,0.023906,-0.047747,0.137522,0.321818,-0.40962,0.998934,0.052556,0.4009,-0.118219,-0.495302,-0.503867,0.041925,-0.197859,0.355222,0.054442,-0.556624
-0.997115,-3.261719,0.778499,-0.004615,-0.007555,0.14445,0.989472,-0.096761,-0.010668,-0.077294,0.234946,-0.089776,0.010119,0.008648,-0.103703,-0.104653,0.123141,-0.12293,0.074607,0.032431,0.028744,-0.042176,0.130439,0.317524,-0.418588,0.999086,0.057793,0.398136,-0.150896,-0.537143,-0.566288,-0.014772,-0.264206,0.288245,0.011128,-0.582284
-0.998013,-3.262401,0.778475,-0.00391,-0.007121,0.149028,0.9888,-0.101071,-0.014789,-0.085464,0.235428,-0.085108,0.010861,0.007143,-0.107072,-0.112829,0.12701,-0.125989,0.075709,0.036167,0.033859,-0.034554,0.129419,0.313653,-0.424758,0.992412,0.066506,0.399078,-0.19105,-0.539858,-0.599967,-0.056316,-0.30402,0.23897,-0.01781,-0.590399
-0.998803,-3.263226,0.778469,-0.003591,-0.006644,0.153234,0.988161,-0.104671,-0.017492,-0.093132,0.2346,-0.0808,0.010768,0.005484,-0.109213,-0.120582,0.130637,-0.129225,0.077243,0.036137,0.038987,-0.025623,0.133643,0.310786,-0.429065,0.97955,0.07904,0.402523,-0.232108,-0.501528,-0.607116,-0.081523,-0.317111,0.206253,-0.033964,-0.588272
-0.999623,-3.26426,0.77855,-0.003515,-0.005768,0.156891,0.987593,-0.108681,-0.019251,-0.100289,0.23266,-0.075992,0.010234,0.002869,-0.110328,-0.12745,0.133037,-0.130239,0.076958,0.036021,0.042741,-0.015612,0.140413,0.310962,-0.431148,0.96155,0.095057,0.408483,-0.268436,-0.42485,-0.599106,-0.092337,-0.296455,0.176268,-0.034817,-0.588642
-0.999984,-3.265247,0.778692,-0.003538,-0.004198,0.159565,0.987172,-0.113095,-0.020284,-0.105732,0.230194,-0.071647,0.009797,0.00073,-0.11075,-0.132929,0.131567,-0.130328,0.077367,0.042567,0.044001,-0.009917,0.1467,0.314241,-0.427303,0.944767,0.114015,0.41744,-0.298044,-0.320309,-0.578851,-0.08371,-0.219977,0.154422,-0.007109,-0.584066
-0.999805,-3.266258,0.778856,-0.003931,-0.000742,0.161639,0.986842,-0.12088,-0.020464,-0.109987,0.227518,-0.067559,0.008521,-0.002419,-0.110004,-0.137367,0.123679,-0.126459,0.077211,0.055651,0.042184,-0.014118,0.152845,0.319589,-0.418838,0.935169,0.133321,0.426536,-0.318445,-0.207428,-0.530475,-0.037313,-0.050749,0.16089,0.047604,-0.55679
-0.998796,-3.267059,0.779063,-0.004423,0.002952,0.163501,0.986529,-0.128062,-0.020343,-0.113782,0.225382,-0.065669,0.008424,-0.002308,-0.108573,-0.141914,0.110051,-0.120216,0.077573,0.073239,0.037689,-0.026745,0.155321,0.322495,-0.412284,0.944496,0.140767,0.426337,-0.323577,-0.114306,-0.446774,0.064736,0.262275,0.246823,0.16031,-0.498613
-0.997058,-3.267934,0.7791,-0.00513,0.005109,0.164175,0.986405,-0.131218,-0.018001,-0.115724,0.22524,-0.067468,0.007971,-0.000094,-0.105291,-0.143846,0.099395,-0.114937,0.077225,0.084307,0.03773,-0.045589,0.158553,0.319656,-0.408077,0.975676,0.135338,0.421175,-0.312879,-0.097985,-0.335251,0.141802,0.756633,0.421429,0.364956,-0.363076
-0.995651,-3.269334,0.779029,-0.004647,0.003157,0.165544,0.986186,-0.126088,-0.016341,-0.117258,0.226208,-0.069725,0.006145,0.006134,-0.103499,-0.146191,0.100248,-0.117402,0.07544,0.057599,0.030123,-0.052499,0.152496,0.315772,-0.384913,1.040178,0.124652,0.409199,-0.289344,-0.084757,-0.258597,0.125442,0.98379,0.606714,0.518908,-0.359991
-0.994714,-3.269728,0.778796,-0.002249,0.000449,0.17598,0.984391,-0.121578,-0.02597,-0.133884,0.226083,-0.066053,0.004359,0.016686,-0.111393,-0.163688,0.108215,-0.12971,0.076004,0.044267,0.051529,-0.037023,0.128705,0.306664,-0.355794,1.058442,0.139741,0.407715,-0.262426,-0.046095,-0.202929,0.055281,0.897744,0.683052,0.451728,-0.467005
-0.994389,-3.268431,0.778888,-0.000586,-0.00302,0.190311,0.981719,-0.118602,-0.039818,-0.159654,0.229588,-0.060424,0.00672,0.029412,-0.122321,-0.191006,0.119674,-0.141014,0.080424,0.020053,0.072422,-0.016438,0.126597,0.298465,-0.345248,1.036671,0.150972,0.417573,-0.212804,-0.011326,-0.181897,0.031234,0.70328,0.67917,0.39901,-0.544786
-0.994541,-3.2681,0.779232,0.000407,-0.003854,0.196746,0.980447,-0.118577,-0.046988,-0.172557,0.229585,-0.055256,0.009554,0.031457,-0.128031,-0.203629,0.128121,-0.144818,0.079634,0.001648,0.080618,-0.007424,0.144169,0.298841,-0.34891,1.008025,0.12863,0.406137,-0.162175,-0.010726,-0.234411,0.0663,0.577434,0.672375,0.411884,-0.56976
-0.994993,-3.268378,0.77923,0.001619,-0.003633,0.194919,0.980811,-0.116421,-0.048337,-0.169188,0.224731,-0.052403,0.011131,0.023703,-0.13175,-0.200627,0.141041,-0.15206,0.07834,-0.000777,0.084766,-0.009716,0.156149,0.291854,-0.356508,0.999423,0.098637,0.396604,-0.143926,-0.035669,-0.308698,0.095349,0.473144,0.652507,0.439392,-0.564775
-0.995539,-3.268933,0.778947,0.002581,-0.002257,0.192919,0.981209,-0.116772,-0.048659,-0.164606,0.218822,-0.049803,0.009439,0.01383,-0.134379,-0.19529,0.152075,-0.159092,0.080397,0.016038,0.091048,-0.018466,0.143357,0.291575,-0.383121,0.992389,0.106353,0.415425,-0.171286,-0.062738,-0.390498,0.0899,0.350855,0.589515,0.462224,-0.537227
-0.995745,-3.269303,0.778913,0.003287,0.00013,0.192745,0.981243,-0.122416,-0.050602,-0.163936,0.218491,-0.045916,0.006516,0.01048,-0.13621,-0.194293,0.148028,-0.159214,0.083512,0.044176,0.096175,-0.026097,0.125548,0.303399,-0.415355,0.957509,0.14515,0.430901,-0.225061,-0.06179,-0.500927,0.074039,0.195028,0.4702,0.459401,-0.511431
-0.995353,-3.269484,0.778778,0.002952,0.002403,0.194512,0.980893,-0.130074,-0.051809,-0.166802,0.222804,-0.044992,0.00517,0.015461,-0.134784,-0.198214,0.130489,-0.153934,0.087243,0.065467,0.100245,-0.030863,0.11981,0.314212,-0.426108,0.908487,0.168872,0.423524,-0.269205,-0.029783,-0.637904,0.059648,0.048304,0.312015,0.42071,-0.528895
-0.99454,-3.269915,0.778504,0.002392,0.003944,0.197594,0.980273,-0.135942,-0.052654,-0.172513,0.22732,-0.046712,0.006048,0.023652,-0.132727,-0.206002,0.111013,-0.146186,0.089003,0.075122,0.102694,-0.030617,0.123837,0.31276,-0.412842,0.867625,0.157991,0.405982,-0.291071,0.013095,-0.778657,0.0569,-0.042337,0.147951,0.375644,-0.615323
-0.993525,-3.270904,0.778328,0.002371,0.004824,0.199356,0.979912,-0.137724,-0.052459,-0.176323,0.227728,-0.047215,0.007432,0.028391,-0.131016,-0.210355,0.101035,-0.143911,0.091081,0.087209,0.101638,-0.028166,0.126251,0.303648,-0.403338,0.84755,0.128211,0.395628,-0.302077,0.038594,-0.892386,0.111433,-0.021845,0.011258,0.342355,-0.745356
-0.992501,-3.272192,0.778266,0.002255,0.005064,0.197099,0.980368,-0.134968,-0.048482,-0.173907,0.223725,-0.046957,0.009244,0.026824,-0.127745,-0.20667,0.101567,-0.144277,0.088736,0.113895,0.103795,-0.03087,0.125489,0.290982,-0.42444,0.843208,0.09919,0.400136,-0.306704,-0.031817,-0.951496,0.327932,0.168064,-0.047644,0.340638,-0.8641
-0.991365,-3.274158,0.778363,0.002431,0.005041,0.19382,0.981021,-0.131073,-0.042905,-0.168482,0.219245,-0.047779,0.007343,0.021493,-0.12423,-0.200189,0.109768,-0.148953,0.084359,0.120255,0.104984,-0.034205,0.130258,0.286263,-0.442244,0.849328,0.083478,0.412089,-0.303434,-0.249016,-0.81833,0.720949,0.606005,-0.023201,0.400691,-0.855233
-0.990021,-3.27619,0.778284,0.003464,0.003289,0.192745,0.981237,-0.125452,-0.039841,-0.166041,0.218921,-0.049235,0.003846,0.021834,-0.122562,-0.197536,0.118736,-0.155665,0.081461,0.104438,0.099439,-0.030916,0.127531,0.285945,-0.448251,0.883071,0.082772,0.418362,-0.297378,-0.307815,-0.63848,0.887846,0.918047,-0.049904,0.425665,-0.758375
-0.988102,-3.277024,0.778352,0.004598,0.002335,0.196493,0.980492,-0.122309,-0.042101,-0.172439,0.219791,-0.049409,0.001464,0.028239,-0.123789,-0.203522,0.120579,-0.16128,0.081984,0.097783,0.092273,-0.028684,0.118341,0.290996,-0.440641,0.910159,0.100888,0.427712,-0.292416,-0.336877,-0.588057,0.878191,0.963255,-0.037416,0.402878,-0.733028
-0.986389,-3.277003,0.778717,0.00475,0.001496,0.201117,0.979554,-0.120655,-0.04446,-0.181112,0.222167,-0.04946,0.003777,0.035316,-0.124714,-0.2132,0.119939,-0.159981,0.082747,0.095735,0.087919,-0.027823,0.116061,0.293758,-0.434383,0.922145,0.123203,0.43546,-0.285231,-0.3426,-0.580356,0.85679,0.961795,-0.031152,0.401236,-0.642173
-0.984589,-3.277757,0.778824,0.003824,0.000584,0.202245,0.979327,-0.118042,-0.040997,-0.184448,0.223862,-0.052588,0.005315,0.037269,-0.120547,-0.215335,0.124175,-0.159858,0.07823,0.091197,0.080414,-0.030213,0.128176,0.294291,-0.416707,0.934325,0.120911,0.42119,-0.266281,-0.349975,-0.584234,0.887486,0.937878,-0.035633,0.41854,-0.512425
-0.982887,-3.27899,0.778541,0.003008,-0.000847,0.200617,0.979665,-0.112758,-0.03454,-0.181407,0.224067,-0.058704,0.003971,0.034815,-0.115948,-0.212037,0.136797,-0.165965,0.075027,0.096119,0.071274,-0.026924,0.134323,0.292495,-0.393237,0.955645,0.110783,0.404319,-0.249417,-0.345221,-0.59377,0.931741,0.883939,-0.019857,0.46448,-0.388367
-0.981526,-3.27985,0.778324,0.002628,-0.002466,0.199833,0.979823,-0.107687,-0.030215,-0.179716,0.224643,-0.063192,0.002038,0.033655,-0.112946,-0.209505,0.148808,-0.172458,0.072874,0.106323,0.064311,-0.02303,0.13178,0.292197,-0.381997,0.97651,0.11666,0.41447,-0.244712,-0.326557,-0.603098,0.940052,0.831361,-0.007371,0.521038,-0.280885
-0.980306,-3.280699,0.778465,0.002336,-0.003054,0.200296,0.979728,-0.105593,-0.027601,-0.181337,0.224884,-0.063454,-0.000098,0.035055,-0.110446,-0.210616,0.151602,-0.173398,0.071588,0.116693,0.056974,-0.021294,0.13255,0.29922,-0.383976,0.982426,0.127335,0.417123,-0.241342,-0.307467,-0.607126,0.920364,0.795459,-0.015186,0.560545,-0.197913
-0.979763,-3.28134,0.778499,0.002197,-0.002526,0.200402,0.979708,-0.107214,-0.02661,-0.181928,0.226255,-0.063335,-0.001059,0.035985,-0.108601,-0.211056,0.147954,-0.171838,0.069107,0.126429,0.050818,-0.019729,0.136527,0.306258,-0.388731,0.983578,0.133306,0.408478,-0.236471,-0.29501,-0.61424,0.894434,0.769102,-0.04333,0.586423,-0.133132
-0.979845,-3.28191,0.778457,0.002086,-0.001371,0.200367,0.979718,-0.110173,-0.026112,-0.182196,0.225946,-0.062353,-0.00154,0.035379,-0.108108,-0.212281,0.142898,-0.170479,0.070585,0.132647,0.048171,-0.018561,0.141551,0.306497,-0.387398,0.989656,0.132838,0.406194,-0.234428,-0.29202,-0.622261,0.880584,0.757343,-0.074464,0.59585,-0.096051
-0.980503,-3.282423,0.778442,0.002481,-0.00008,0.199895,0.979814,-0.112945,-0.026856,-0.181443,0.223712,-0.059245,-0.001659,0.032458,-0.10854,-0.211086,0.140391,-0.170103,0.070847,0.135373,0.04801,-0.01561,0.144864,0.297157,-0.37187,1.001744,0.11963,0.406405,-0.234469,-0.291396,-0.630813,0.877249,0.747617,-0.093385,0.594048,-0.092975
-0.981402,-3.282742,0.778541,0.002806,0.0011,0.199171,0.97996,-0.115022,-0.027544,-0.180096,0.220135,-0.055459,-0.001702,0.027945,-0.109918,-0.209709,0.140663,-0.170311,0.071342,0.134291,0.052084,-0.011314,0.145119,0.285704,-0.356365,1.01054,0.100903,0.406098,-0.229789,-0.293085,-0.639415,0.880687,0.741192,-0.093594,0.585117,-0.126194
-0.982581,-3.282946,0.778536,0.003493,0.002466,0.19911,0.979968,-0.11787,-0.029794,-0.17973,0.216328,-0.050736,-0.00181,0.023938,-0.112415,-0.209611,0.139942,-0.172157,0.071129,0.129788,0.058256,-0.007412,0.143935,0.28207,-0.359626,1.007147,0.094296,0.409117,-0.221444,-0.299761,-0.647371,0.887729,0.740458,-0.079431,0.574532,-0.188627
-0.983756,-3.283076,0.778488,0.004054,0.0039,0.199761,0.979829,-0.121575,-0.032459,-0.180616,0.213576,-0.046807,-0.001653,0.021537,-0.114767,-0.210811,0.136491,-0.173233,0.072849,0.122877,0.064332,-0.005528,0.143923,0.285465,-0.374945,0.996118,0.098706,0.411111,-0.213729,-0.310163,-0.655015,0.898565,0.742882,-0.060646,0.561499,-0.263701
-0.984604,-3.283196,0.778459,0.004493,0.005356,0.200417,0.979686,-0.125215,-0.034789,-0.181733,0.211494,-0.043519,-0.001245,0.020252,-0.116533,-0.212056,0.131055,-0.172015,0.074337,0.115817,0.069352,-0.005361,0.144092,0.289681,-0.387385,0.987093,0.10446,0.411419,-0.209549,-0.320106,-0.659647,0.910361,0.748574,-0.041368,0.54677,-0.336133
-0.985092,-3.283321,0.778463,0.004679,0.006521,0.200813,0.979597,-0.127719,-0.035969,-0.182249,0.209491,-0.041433,-0.000827,0.019819,-0.11735,-0.213149,0.125581,-0.170375,0.075724,0.11084,0.073078,-0.006961,0.143092,0.289613,-0.39085,0.984985,0.106339,0.409817,-0.209112,-0.328671,-0.661466,0.923888,0.755797,-0.023669,0.533562,-0.395628
-0.985423,-3.283453,0.778477,0.004776,0.007134,0.200906,0.979573,-0.128983,-0.03645,-0.182559,0.208126,-0.04018,-0.000936,0.019581,-0.117592,-0.213651,0.122147,-0.168418,0.075592,0.107663,0.076,-0.007949,0.14146,0.286086,-0.388307,0.984895,0.105348,0.407879,-0.210802,-0.337541,-0.661565,0.938001,0.763179,-0.0088,0.524568,-0.437102
-0.985694,-3.283611,0.778502,0.004832,0.007072,0.200624,0.979631,-0.129026,-0.036302,-0.182169,0.207735,-0.039576,-0.001361,0.018965,-0.117522,-0.213223,0.122197,-0.167625,0.075274,0.10654,0.078442,-0.007248,0.139528,0.281634,-0.386039,0.98266,0.103807,0.408699,-0.212742,-0.345708,-0.660617,0.951442,0.769561,0.002324,0.520186,-0.459004
-0.985816,-3.283785,0.778541,0.005096,0.006512,0.199872,0.979787,-0.127983,-0.036049,-0.180868,0.20839,-0.039906,-0.00135,0.018359,-0.117702,-0.211606,0.124867,-0.168367,0.074704,0.107488,0.079721,-0.005805,0.138004,0.278487,-0.387364,0.977823,0.102567,0.408882,-0.213772,-0.350996,-0.658423,0.961133,0.77397,0.011275,0.52101,-0.463387
-0.985899,-3.283953,0.7786,0.005358,0.005963,0.199284,0.979909,-0.127037,-0.0359,-0.179738,0.209169,-0.040125,-0.001148,0.018107,-0.117821,-0.210306,0.127192,-0.169497,0.074364,0.109403,0.079846,-0.004855,0.137331,0.277606,-0.389003,0.972487,0.101963,0.408957,-0.215158,-0.352667,-0.656214,0.965216,0.775726,0.015723,0.524837,-0.453125
-0.985857,-3.284087,0.778604,0.005433,0.005657,0.198858,0.979997,-0.126255,-0.035453,-0.179138,0.209372,-0.040342,-0.001272,0.018522,-0.117521,-0.20953,0.127442,-0.16905,0.074297,0.110895,0.079458,-0.004991,0.136999,0.278651,-0.390353,0.969876,0.102142,0.409709,-0.217124,-0.352483,-0.654164,0.966182,0.775132,0.014948,0.530676,-0.432441
-0.985822,-3.284242,0.77865,0.005463,0.005496,0.198479,0.980074,-0.125683,-0.034955,-0.178582,0.209119,-0.040056,-0.001669,0.019157,-0.117025,-0.208887,0.12639,-0.168225,0.074446,0.111948,0.078724,-0.00529,0.136589,0.280358,-0.390677,0.96991,0.103101,0.411214,-0.219094,-0.350487,-0.651946,0.9636,0.773205,0.011623,0.537676,-0.4064
-0.985852,-3.284426,0.778659,0.005443,0.005345,0.198116,0.980149,-0.12515,-0.034317,-0.177994,0.208662,-0.040003,-0.002099,0.019477,-0.11649,-0.208289,0.125626,-0.167412,0.074182,0.112546,0.078067,-0.005099,0.136524,0.281062,-0.389501,0.970442,0.103416,0.412079,-0.220744,-0.348441,-0.650031,0.959702,0.770689,0.006176,0.543666,-0.379653
-0.985889,-3.284574,0.77865,0.005412,0.00508,0.197825,0.980209,-0.124701,-0.033751,-0.177582,0.208883,-0.040203,-0.002376,0.019816,-0.11599,-0.207791,0.125554,-0.16744,0.074031,0.113123,0.077412,-0.004612,0.136806,0.280849,-0.3881,0.969552,0.10294,0.410763,-0.22157,-0.346839,-0.648616,0.956979,0.768446,-0.000691,0.547642,-0.355738
-0.985954,-3.284769,0.778621,0.005389,0.004734,0.197647,0.980247,-0.124335,-0.033203,-0.177181,0.209514,-0.040816,-0.002511,0.020065,-0.115461,-0.20728,0.125917,-0.167394,0.073641,0.11389,0.076498,-0.003834,0.137609,0.280432,-0.387172,0.966972,0.102718,0.407649,-0.222689,-0.345587,-0.647394,0.953557,0.766906,-0.007802,0.549862,-0.33726
-0.986002,-3.284878,0.778593,0.005348,0.004458,0.197446,0.980289,-0.124019,-0.032807,-0.176894,0.210099,-0.041478,-0.002533,0.02014,-0.115131,-0.207077,0.126578,-0.168094,0.073597,0.115151,0.075605,-0.003561,0.138937,0.279359,-0.384078,0.965317,0.102154,0.405382,-0.2253,-0.343176,-0.646804,0.947956,0.76581,-0.01333,0.550769,-0.326043
-0.986031,-3.28493,0.778558,0.005309,0.004297,0.197486,0.980282,-0.12387,-0.032578,-0.176799,0.210393,-0.042018,-0.002987,0.020052,-0.115017,-0.207037,0.12733,-0.168385,0.07352,0.116014,0.074881,-0.003719,0.140611,0.277439,-0.379046,0.966468,0.099692,0.404972,-0.226621,-0.340556,-0.646498,0.942429,0.765325,-0.016886,0.550316,-0.322155
-0.986078,-3.284948,0.778536,0.005331,0.004173,0.197639,0.980252,-0.123817,-0.032704,-0.177105,0.210608,-0.041853,-0.003018,0.019851,-0.115206,-0.207299,0.128339,-0.169035,0.073594,0.11683,0.074238,-0.004132,0.1414,0.274937,-0.373299,0.969704,0.095556,0.4059,-0.226465,-0.338712,-0.646492,0.939416,0.765844,-0.018233,0.548699,-0.324862
-0.986175,-3.28487,0.778498,0.00532,0.004024,0.197917,0.980196,-0.123689,-0.032874,-0.177262,0.210734,-0.04276,-0.003873,0.019627,-0.115471,-0.207728,0.129657,-0.169818,0.073556,0.116933,0.074244,-0.004327,0.141875,0.272342,-0.368054,0.971968,0.090455,0.406213,-0.224116,-0.337787,-0.646957,0.938323,0.767084,-0.017158,0.546715,-0.332895
-0.986252,-3.284747,0.778497,0.005518,0.00386,0.198153,0.980148,-0.123737,-0.03368,-0.177709,0.211493,-0.042362,-0.00356,0.019694,-0.116286,-0.207979,0.130656,-0.170324,0.07371,0.11712,0.073992,-0.00476,0.142487,0.270575,-0.36499,0.972748,0.086571,0.406699,-0.220346,-0.336554,-0.646945,0.936709,0.768777,-0.014274,0.544182,-0.343635
-0.986331,-3.284572,0.778504,0.005576,0.003596,0.198479,0.980083,-0.123653,-0.03434,-0.178177,0.212244,-0.041932,-0.002833,0.019907,-0.116801,-0.208442,0.13183,-0.170595,0.074264,0.117399,0.073851,-0.005386,0.142705,0.269741,-0.363832,0.972507,0.083854,0.407232,-0.215945,-0.335073,-0.646714,0.934445,0.771254,-0.011524,0.540765,-0.354236
-0.986448,-3.284396,0.778466,0.005429,0.003196,0.198695,0.980041,-0.123137,-0.034356,-0.178738,0.212662,-0.042225,-0.002005,0.020132,-0.116911,-0.208921,0.133287,-0.170635,0.074496,0.117867,0.074125,-0.005884,0.143085,0.269355,-0.363955,0.971818,0.082209,0.408555,-0.212921,-0.334254,-0.646523,0.93332,0.774155,-0.009562,0.537501,-0.362789
-0.986588,-3.284189,0.778461,0.005288,0.002726,0.198875,0.980007,-0.122407,-0.034192,-0.178781,0.213049,-0.043393,-0.003102,0.020258,-0.116917,-0.209131,0.135033,-0.170661,0.074438,0.11821,0.074505,-0.00624,0.143525,0.269096,-0.364363,0.971641,0.080664,0.409072,-0.211192,-0.333746,-0.645986,0.932869,0.777237,-0.007789,0.534582,-0.368442
-0.986802,-3.283972,0.77849,0.005402,0.002234,0.198859,0.980011,-0.121901,-0.034725,-0.178739,0.213998,-0.043477,-0.002794,0.020283,-0.117623,-0.208912,0.136975,-0.170587,0.074403,0.118544,0.074724,-0.006272,0.143847,0.26867,-0.364459,0.972101,0.079044,0.409106,-0.210022,-0.333558,-0.645195,0.932115,0.780359,-0.006635,0.532252,-0.370743
-0.987097,-3.283784,0.778494,0.005363,0.0018,0.198923,0.979999,-0.121508,-0.034892,-0.178502,0.214527,-0.043426,-0.003599,0.020146,-0.117895,-0.208933,0.138608,-0.170558,0.074503,0.118296,0.075342,-0.006541,0.144278,0.268006,-0.364481,0.972943,0.076929,0.406937,-0.208783,-0.332572,-0.643507,0.926896,0.784055,-0.006466,0.528886,-0.369177
-0.987329,-3.283593,0.778528,0.005437,0.001403,0.1991,0.979963,-0.121297,-0.035427,-0.178814,0.215307,-0.042878,-0.003934,0.020217,-0.118084,-0.207719,0.139814,-0.169021,0.072806,0.116859,0.07574,-0.007685,0.145125,0.268325,-0.366404,0.973013,0.077345,0.406065,-0.209451,-0.32937,-0.639557,0.909987,0.788352,-0.010058,0.523321,-0.35872
-0.987526,-3.283448,0.7786,0.005283,0.001037,0.199267,0.97993,-0.121186,-0.035444,-0.179212,0.216045,-0.042485,-0.003295,0.020486,-0.117841,-0.207691,0.140215,-0.167566,0.07206,0.114442,0.075938,-0.009969,0.146539,0.26956,-0.366964,0.970942,0.081546,0.407435,-0.21281,-0.322256,-0.634524,0.870324,0.788503,-0.018626,0.515451,-0.333072
-0.987678,-3.283376,0.778615,0.005159,0.000842,0.199548,0.979874,-0.121788,-0.035538,-0.179537,0.217563,-0.042761,-0.003961,0.021049,-0.117867,-0.20844,0.139808,-0.16662,0.071888,0.111067,0.075661,-0.011848,0.149422,0.271747,-0.365147,0.96402,0.087687,0.409279,-0.217318,-0.302421,-0.631147,0.781383,0.771714,-0.020348,0.504272,-0.288456
-0.987875,-3.28336,0.778661,0.005024,0.000753,0.199366,0.979912,-0.1229,-0.035594,-0.179413,0.219718,-0.043518,-0.002784,0.020651,-0.117576,-0.208097,0.14003,-0.166161,0.072193,0.11263,0.074068,-0.011177,0.150951,0.278716,-0.370858,0.950489,0.09534,0.413078,-0.223808,-0.249489,-0.62371,0.620548,0.714304,0.006204,0.504358,-0.235063
-0.988159,-3.283399,0.778774,0.004832,0.000644,0.200071,0.979769,-0.12298,-0.035579,-0.18054,0.218901,-0.04299,-0.003172,0.020703,-0.117501,-0.209272,0.140041,-0.165001,0.07108,0.111972,0.074367,-0.00876,0.15423,0.285252,-0.379297,0.933924,0.101835,0.414247,-0.232457,-0.163277,-0.576572,0.414793,0.607392,0.112064,0.521452,-0.235299
-0.988375,-3.283446,0.77896,0.005027,0.000988,0.20104,0.97957,-0.124079,-0.036854,-0.182112,0.218127,-0.040995,-0.00363,0.020237,-0.118432,-0.21111,0.140001,-0.16532,0.071426,0.111172,0.078809,-0.006027,0.157477,0.287498,-0.386012,0.919023,0.10582,0.412778,-0.244161,-0.066667,-0.466832,0.224092,0.455856,0.296525,0.51998,-0.30236
-0.988879,-3.283275,0.779056,0.005101,0.001818,0.202481,0.979271,-0.126722,-0.038832,-0.184393,0.217259,-0.038683,-0.003883,0.019025,-0.120127,-0.213547,0.139109,-0.164238,0.072723,0.111226,0.084524,-0.005151,0.159961,0.286343,-0.389689,0.909575,0.108123,0.412927,-0.256644,0.008401,-0.371445,0.135562,0.29827,0.427834,0.425483,-0.391533
-0.988993,-3.282831,0.779141,0.004861,0.002756,0.203525,0.979054,-0.129284,-0.040107,-0.186081,0.217375,-0.038036,-0.003244,0.018492,-0.120781,-0.215404,0.136798,-0.162077,0.073082,0.111225,0.084623,-0.007103,0.163239,0.288024,-0.390456,0.908528,0.112436,0.419465,-0.266427,0.074398,-0.356104,0.134792,0.174742,0.398522,0.222718,-0.500604
-0.989006,-3.282419,0.779138,0.004124,0.003395,0.20383,0.978992,-0.131137,-0.039648,-0.187147,0.217936,-0.039013,-0.002449,0.01824,-0.120014,-0.216385,0.134605,-0.160525,0.075226,0.111191,0.080674,-0.013146,0.166978,0.289669,-0.388204,0.917439,0.116801,0.424742,-0.27297,0.10869,-0.410556,0.160125,0.161786,0.206093,-0.011494,-0.672769
-0.988738,-3.282599,0.779093,0.003663,0.003361,0.202215,0.979329,-0.130687,-0.037261,-0.184902,0.218621,-0.041002,-0.002392,0.017385,-0.118162,-0.214994,0.13467,-0.159485,0.073389,0.115,0.075964,-0.02117,0.16714,0.291926,-0.394433,0.935982,0.122768,0.426122,-0.276971,0.088778,-0.402276,0.17312,0.33192,0.147852,-0.045873,-0.847917
-0.988204,-3.283414,0.779069,0.00418,0.002355,0.198932,0.980002,-0.127629,-0.034495,-0.178765,0.220413,-0.043782,-0.00335,0.016033,-0.11627,-0.207278,0.138971,-0.161039,0.07021,0.107628,0.076843,-0.027114,0.173505,0.288658,-0.395206,0.956712,0.121377,0.418946,-0.275275,0.04024,-0.205435,0.055934,0.609285,0.628356,0.193353,-0.862507
-0.988892,-3.283492,0.778801,0.00479,0.000407,0.196797,0.980433,-0.123003,-0.033616,-0.174042,0.220271,-0.045626,-0.0028,0.015626,-0.117004,-0.203345,0.145399,-0.165038,0.069631,0.096146,0.073004,-0.017545,0.17167,0.292208,-0.389144,0.964827,0.111391,0.414858,-0.268193,0.002863,-0.20996,0.068776,0.608727,0.705682,0.231157,-0.809387
-0.989337,-3.282821,0.778869,0.005508,-0.002135,0.199596,0.979861,-0.119476,-0.037026,-0.17762,0.222864,-0.046084,-0.003499,0.020001,-0.120036,-0.206391,0.151709,-0.168792,0.071261,0.08297,0.077679,0.004747,0.157536,0.297164,-0.381311,0.962798,0.115717,0.415803,-0.26163,0.02495,-0.2932,0.179138,0.392166,0.530971,0.183892,-0.703875
-0.989709,-3.281824,0.779129,0.00542,-0.002615,0.203877,0.978978,-0.120088,-0.041223,-0.18629,0.223111,-0.042387,-0.003319,0.024881,-0.12264,-0.215157,0.149212,-0.167415,0.072349,0.06454,0.085224,0.007073,0.165524,0.308377,-0.394378,0.947497,0.129006,0.412858,-0.253226,0.031668,-0.350333,0.207678,0.244324,0.418636,0.200973,-0.588574
-0.990256,-3.281159,0.779279,0.004956,-0.002136,0.202342,0.9793,-0.120787,-0.040902,-0.184704,0.222159,-0.041477,-0.000888,0.023103,-0.122437,-0.213337,0.147171,-0.163494,0.072656,0.056839,0.087015,0.000363,0.177045,0.32068,-0.417566,0.942276,0.136349,0.405865,-0.245573,0.016748,-0.408207,0.231696,0.256099,0.325929,0.251678,-0.457806
-0.990266,-3.281603,0.779212,0.005198,-0.002032,0.196242,0.98054,-0.117503,-0.036692,-0.174204,0.219123,-0.043294,-0.000723,0.017615,-0.120719,-0.202437,0.150401,-0.163195,0.071383,0.066415,0.088195,-0.011925,0.172867,0.323943,-0.441126,0.966503,0.146495,0.406192,-0.255958,-0.007717,-0.330645,0.185072,0.49094,0.423339,0.420677,-0.370011
-0.990795,-3.282628,0.778974,0.006164,-0.003374,0.187886,0.982166,-0.112412,-0.0315,-0.158505,0.219124,-0.046811,-0.003168,0.011607,-0.118742,-0.186288,0.157824,-0.166205,0.07099,0.074253,0.085287,-0.018437,0.161089,0.322429,-0.43671,0.998169,0.156686,0.408001,-0.271142,-0.058272,-0.226736,0.062575,0.667226,0.601191,0.498856,-0.403473
-0.991659,-3.282706,0.778672,0.00721,-0.005156,0.184579,0.982778,-0.108727,-0.031202,-0.151483,0.220674,-0.048727,-0.00372,0.012468,-0.119334,-0.178729,0.159178,-0.167809,0.072013,0.093828,0.084976,-0.00403,0.133198,0.318066,-0.395783,1.027597,0.153331,0.402483,-0.272274,-0.054731,-0.268693,0.09416,0.532122,0.549396,0.391811,-0.44651
-0.992067,-3.281664,0.77904,0.007253,-0.006138,0.188938,0.981943,-0.11143,-0.035582,-0.158699,0.227281,-0.047832,-0.005137,0.022172,-0.121315,-0.186961,0.148889,-0.164145,0.074362,0.098404,0.0898,0.002735,0.122585,0.302426,-0.335836,1.083427,0.130384,0.387744,-0.244646,-0.01279,-0.349123,0.148306,0.3523,0.420839,0.271631,-0.514154
-0.992154,-3.280975,0.779521,0.005969,-0.004869,0.191204,0.98152,-0.118276,-0.036625,-0.164976,0.232908,-0.046075,-0.003037,0.026879,-0.119708,-0.193504,0.134513,-0.155203,0.074478,0.085827,0.088259,-0.010807,0.12726,0.286034,-0.27718,1.186271,0.072587,0.370864,-0.184849,-0.029735,-0.373157,0.166688,0.456617,0.408662,0.300485,-0.557056
-0.992495,-3.282291,0.779472,0.005833,-0.004158,0.185745,0.982572,-0.119482,-0.031873,-0.156036,0.233682,-0.04869,-0.000951,0.020715,-0.116204,-0.184956,0.134548,-0.153952,0.070862,0.069871,0.086483,-0.023068,0.121429,0.285067,-0.247473,1.303176,0.028158,0.366846,-0.118599,-0.098949,-0.261481,0.065074,0.729731,0.654299,0.468834,-0.587979
-0.994011,-3.28351,0.778748,0.006685,-0.005889,0.179947,0.983636,-0.113484,-0.027896,-0.144055,0.229335,-0.051733,0.000262,0.012789,-0.115269,-0.172345,0.14782,-0.161468,0.069522,0.074197,0.081809,-0.012945,0.085839,0.301876,-0.279864,1.369109,0.051717,0.376728,-0.065638,-0.14318,-0.281675,0.07892,0.740435,0.647881,0.418507,-0.564852
-0.994886,-3.283735,0.778706,0.00764,-0.006838,0.182004,0.983244,-0.110895,-0.030093,-0.146211,0.224788,-0.04835,-0.004644,0.012018,-0.118215,-0.173743,0.155022,-0.167348,0.07041,0.089072,0.082952,0.004243,0.060597,0.319497,-0.343812,1.357652,0.12161,0.356703,-0.019718,-0.117024,-0.316768,0.112008,0.637746,0.535984,0.342425,-0.505549
-0.994801,-3.283667,0.779296,0.007257,-0.005209,0.186073,0.982495,-0.115089,-0.032417,-0.154459,0.222224,-0.040817,-0.007051,0.014786,-0.118878,-0.182225,0.146408,-0.163262,0.070438,0.085519,0.082883,0.000403,0.088321,0.3373,-0.380949,1.308247,0.16094,0.310689,0.023148,-0.106234,-0.300654,0.072666,0.636932,0.524343,0.366436,-0.449425
-0.99553,-3.284076,0.779394,0.006176,-0.002875,0.186164,0.982495,-0.121563,-0.030864,-0.154621,0.22095,-0.039223,-0.006037,0.011675,-0.116747,-0.18368,0.137965,-0.157011,0.070502,0.077768,0.077387,-0.003345,0.124126,0.340819,-0.349699,1.270848,0.131062,0.294517,0.042447,-0.107892,-0.303964,0.067565,0.640573,0.508426,0.389135,-0.390831
-0.996856,-3.284868,0.778925,0.005754,-0.00207,0.186221,0.982489,-0.125488,-0.029588,-0.153281,0.220582,-0.040383,-0.006687,0.00578,-0.116172,-0.183211,0.141244,-0.158055,0.071365,0.074716,0.07567,-0.000682,0.133818,0.321881,-0.295654,1.254201,0.078195,0.337447,0.02624,-0.091517,-0.315094,0.079729,0.611757,0.480718,0.376818,-0.345363
-0.997528,-3.28557,0.778829,0.005818,-0.002162,0.188082,0.982134,-0.126528,-0.030164,-0.156742,0.219353,-0.038625,-0.007337,0.002336,-0.116958,-0.185956,0.148563,-0.161499,0.070734,0.075182,0.075581,0.004204,0.132948,0.301995,-0.278022,1.221806,0.052991,0.384253,-0.010773,-0.057147,-0.314734,0.079094,0.565917,0.460417,0.351395,-0.312538
-0.997428,-3.286231,0.779028,0.005728,-0.001984,0.190643,0.981641,-0.127201,-0.030731,-0.161813,0.217343,-0.036282,-0.007778,0.002412,-0.116831,-0.190533,0.150351,-0.163946,0.068718,0.076377,0.074491,0.008973,0.140711,0.291427,-0.293182,1.158588,0.050169,0.393333,-0.05498,-0.007612,-0.316211,0.090513,0.515789,0.443276,0.324689,-0.276607
-0.997552,-3.286643,0.778939,0.005244,-0.001759,0.192481,0.981285,-0.128862,-0.030689,-0.165773,0.216991,-0.036085,-0.00762,0.003705,-0.115894,-0.194275,0.147788,-0.163782,0.069455,0.076364,0.073163,0.01247,0.154691,0.286495,-0.316911,1.088739,0.057221,0.386071,-0.102492,0.047711,-0.329691,0.119259,0.477654,0.420088,0.304501,-0.215386
-0.997568,-3.287304,0.778791,0.004839,-0.001415,0.193678,0.981052,-0.130805,-0.029824,-0.168192,0.217491,-0.036825,-0.008703,0.004607,-0.11455,-0.197052,0.144638,-0.162998,0.071649,0.075895,0.070878,0.01591,0.161522,0.2805,-0.3279,1.042253,0.071,0.391659,-0.1563,0.107304,-0.344241,0.146367,0.454589,0.383172,0.290757,-0.10338
-0.997423,-3.288018,0.778824,0.004607,-0.000871,0.194158,0.980959,-0.13211,-0.028904,-0.169932,0.216827,-0.036535,-0.008593,0.004232,-0.113301,-0.198351,0.142891,-0.161684,0.071207,0.075953,0.0675,0.019852,0.160436,0.271767,-0.322525,1.020763,0.082718,0.401716,-0.210336,0.172898,-0.366246,0.172757,0.442324,0.326601,0.30185,0.052076
-0.997019,-3.288548,0.778881,0.004353,0.000075,0.194538,0.980885,-0.133896,-0.028196,-0.171068,0.215984,-0.035602,-0.007683,0.002935,-0.111995,-0.198871,0.141433,-0.160748,0.068883,0.073159,0.064673,0.022204,0.158957,0.266124,-0.315723,1.007649,0.089981,0.40329,-0.248722,0.234655,-0.407564,0.207099,0.445079,0.234774,0.337856,0.225745
-0.996552,-3.289224,0.778815,0.003772,0.00124,0.193923,0.981009,-0.136497,-0.025826,-0.170421,0.216309,-0.035575,-0.008714,0.000507,-0.109704,-0.198425,0.140453,-0.159899,0.068357,0.068856,0.062883,0.023514,0.159315,0.269412,-0.319664,0.997578,0.097417,0.402035,-0.264636,0.281437,-0.461471,0.249857,0.46897,0.106658,0.374104,0.398983
-0.996053,-3.290019,0.778771,0.003567,0.001973,0.193017,0.981187,-0.138301,-0.023842,-0.169437,0.217522,-0.035341,-0.010143,-0.001993,-0.107808,-0.196487,0.141369,-0.160097,0.067099,0.066401,0.060167,0.022777,0.15769,0.278759,-0.330626,0.997866,0.106307,0.403503,-0.264683,0.318736,-0.506829,0.288016,0.522066,-0.028898,0.390536,0.547317
-0.995042,-3.290674,0.778746,0.003893,0.00247,0.190669,0.981644,-0.137549,-0.021801,-0.165412,0.217861,-0.035882,-0.010049,-0.003741,-0.106506,-0.192475,0.142625,-0.161462,0.066142,0.066664,0.055519,0.021269,0.151758,0.289718,-0.341908,1.007752,0.112176,0.403215,-0.255475,0.343984,-0.529025,0.314173,0.615933,-0.136382,0.392932,0.640347
-0.993922,-3.291361,0.778813,0.004356,0.002283,0.187817,0.982192,-0.134269,-0.019171,-0.160405,0.216879,-0.036304,-0.009966,-0.003832,-0.104768,-0.187217,0.1434,-0.162177,0.065386,0.068525,0.050159,0.018863,0.143915,0.301447,-0.354848,1.018146,0.118784,0.40338,-0.240349,0.363976,-0.519655,0.308923,0.748908,-0.191266,0.404507,0.660072
-0.992714,-3.292186,0.77886,0.005083,0.002207,0.184076,0.982896,-0.131482,-0.016551,-0.153733,0.217337,-0.037108,-0.009814,-0.004136,-0.102991,-0.179789,0.14347,-0.162378,0.063886,0.071016,0.042203,0.016319,0.134231,0.313257,-0.368527,1.027927,0.123167,0.400324,-0.220374,0.368018,-0.475635,0.248433,0.918787,-0.200264,0.444993,0.604979
-0.991662,-3.2928,0.778925,0.005476,0.001779,0.180798,0.983503,-0.127761,-0.013643,-0.14818,0.216871,-0.038964,-0.009817,-0.002906,-0.100676,-0.173858,0.142024,-0.162203,0.062654,0.068271,0.03623,0.013051,0.126667,0.319169,-0.371451,1.034439,0.120784,0.394596,-0.202241,0.354301,-0.426518,0.144575,1.082192,-0.147785,0.527813,0.463679
-0.990802,-3.293123,0.778914,0.00568,0.000938,0.176752,0.984239,-0.122954,-0.01025,-0.141311,0.216492,-0.041496,-0.010051,-0.001426,-0.098121,-0.166606,0.140894,-0.161882,0.061422,0.057112,0.035523,0.00854,0.125195,0.316812,-0.367051,1.040483,0.111161,0.386183,-0.187925,0.31443,-0.404266,0.05229,1.2319,-0.02297,0.562398,0.24091
-0.990256,-3.292897,0.778966,0.006058,-0.000245,0.172352,0.985017,-0.117332,-0.007748,-0.133492,0.216201,-0.044807,-0.009979,-0.000005,-0.096425,-0.157514,0.140829,-0.161712,0.060828,0.038619,0.038435,0.004245,0.124718,0.307677,-0.352718,1.046292,0.094713,0.379042,-0.178282,0.263037,-0.405296,0.001395,1.352632,0.102654,0.487486,0.007643
-0.990182,-3.292689,0.778962,0.006419,-0.001417,0.166962,0.985941,-0.111798,-0.004801,-0.123762,0.215468,-0.047904,-0.010393,0.000084,-0.094857,-0.148454,0.141393,-0.161585,0.06041,0.01732,0.042222,0.001047,0.122666,0.2983,-0.335723,1.049558,0.076989,0.374858,-0.172822,0.209802,-0.416644,-0.032831,1.426903,0.16662,0.36647,-0.150804
-0.990272,-3.292346,0.778858,0.006849,-0.002146,0.16118,0.986899,-0.10694,-0.00222,-0.113319,0.214076,-0.050403,-0.011293,-0.000076,-0.093433,-0.137,0.13923,-0.160363,0.059779,-0.001095,0.042535,-0.003901,0.119651,0.295865,-0.330496,1.046415,0.067576,0.376017,-0.171635,0.164374,-0.431414,-0.091707,1.45165,0.216431,0.29244,-0.230037
-0.990446,-3.291914,0.778799,0.006718,-0.00279,0.155029,0.987883,-0.102498,0.001674,-0.10191,0.212895,-0.053315,-0.012747,0.000573,-0.090534,-0.125184,0.134611,-0.158462,0.059702,-0.014268,0.040044,-0.009332,0.112943,0.298827,-0.334803,1.039289,0.067649,0.380444,-0.174261,0.121088,-0.437061,-0.192377,1.428295,0.310623,0.278994,-0.286682
-0.99082,-3.291564,0.77882,0.006613,-0.003797,0.147138,0.989087,-0.098157,0.006522,-0.087472,0.214451,-0.057692,-0.012907,0.000571,-0.087009,-0.110737,0.130464,-0.155705,0.060428,-0.019924,0.037229,-0.010256,0.102666,0.302565,-0.341511,1.026345,0.071442,0.384766,-0.17818,0.08744,-0.402629,-0.319993,1.306223,0.469876,0.287229,-0.396934
-0.991185,-3.291409,0.778829,0.006764,-0.005401,0.139015,0.990252,-0.092953,0.011351,-0.072328,0.217285,-0.063046,-0.013569,0.000945,-0.083465,-0.094854,0.128248,-0.154322,0.059843,-0.02102,0.043081,-0.006436,0.093389,0.30236,-0.353142,1.003429,0.073843,0.391288,-0.183263,0.075737,-0.294601,-0.387248,1.039574,0.641289,0.244125,-0.567967
-0.991397,-3.290648,0.778783,0.00761,-0.005997,0.130382,0.991417,-0.087342,0.013918,-0.055615,0.216679,-0.066643,-0.014201,0.000092,-0.082775,-0.078711,0.12482,-0.152438,0.062301,-0.019661,0.055342,-0.008514,0.097318,0.296738,-0.36807,0.972113,0.069232,0.393608,-0.19047,0.059564,-0.193613,-0.330557,0.769675,0.689588,0.118057,-0.653132
-0.991785,-3.289725,0.778899,0.007999,-0.005944,0.123656,0.992275,-0.084048,0.015774,-0.042719,0.215103,-0.067581,-0.014118,-0.002064,-0.082,-0.06543,0.121729,-0.148369,0.063328,-0.022047,0.057127,-0.013999,0.102003,0.295944,-0.386885,0.95335,0.063769,0.394615,-0.200522,0.020383,-0.142782,-0.217013,0.575294,0.651762,-0.011387,-0.636457
-0.992107,-3.289042,0.779058,0.007617,-0.005752,0.116048,0.993198,-0.081997,0.020067,-0.028787,0.215934,-0.070461,-0.014668,-0.00584,-0.078868,-0.051371,0.12003,-0.143829,0.062568,-0.026662,0.053496,-0.016491,0.102823,0.295164,-0.395515,0.950752,0.057305,0.396497,-0.207846,-0.028807,-0.103807,-0.071259,0.390451,0.635108,-0.083582,-0.566854
-0.992294,-3.287378,0.778992,0.006858,-0.005593,0.109073,0.993994,-0.080136,0.023539,-0.015151,0.218139,-0.076053,-0.015089,-0.008634,-0.076387,-0.037758,0.117941,-0.139954,0.06267,-0.035043,0.052461,-0.019473,0.105435,0.293155,-0.38891,0.956993,0.054424,0.402991,-0.211517,-0.084053,-0.159754,0.124278,0.16565,0.577373,-0.082685,-0.538355
-0.99258,-3.285465,0.778987,0.006598,-0.004703,0.105886,0.994345,-0.079974,0.022996,-0.008493,0.216768,-0.076567,-0.014211,-0.008108,-0.077306,-0.031238,0.109461,-0.134633,0.064545,-0.044052,0.058016,-0.026605,0.11375,0.288288,-0.398464,0.960194,0.05992,0.414709,-0.216745,-0.211475,-0.254678,0.274625,-0.03262,0.504898,0.006436,-0.437667
-0.99315,-3.283655,0.779034,0.006396,-0.004547,0.103005,0.99465,-0.079355,0.022229,-0.00312,0.216545,-0.076228,-0.011416,-0.006247,-0.078434,-0.026529,0.101009,-0.128341,0.066852,-0.04717,0.066694,-0.026658,0.113687,0.282734,-0.416047,0.963554,0.067157,0.414537,-0.226341,-0.350841,-0.293816,0.401788,-0.213796,0.436587,0.149299,-0.215693
-0.993117,-3.281948,0.779079,0.006657,-0.004297,0.099443,0.995012,-0.077066,0.021105,0.003789,0.215075,-0.07705,-0.009297,-0.005874,-0.08004,-0.020106,0.096277,-0.124568,0.068037,-0.042951,0.072668,-0.023035,0.112486,0.284122,-0.439646,0.958509,0.072323,0.396798,-0.238838,-0.45934,-0.240698,0.569726,-0.361073,0.393461,0.187787,0.084149
-0.992925,-3.280222,0.779165,0.007025,-0.00364,0.097193,0.995234,-0.075945,0.018991,0.00871,0.213441,-0.078238,-0.008512,-0.006746,-0.082418,-0.015472,0.094014,-0.122669,0.067729,-0.039731,0.074089,-0.016112,0.110742,0.289519,-0.450874,0.951771,0.076754,0.381899,-0.251627,-0.523509,-0.172415,0.806405,-0.476768,0.42012,0.13589,0.429261
-0.992863,-3.278454,0.779299,0.006814,-0.002443,0.099527,0.995009,-0.078269,0.015359,0.005216,0.211836,-0.077135,-0.006738,-0.005213,-0.085702,-0.01947,0.088558,-0.120408,0.069019,-0.034563,0.075012,-0.012119,0.104706,0.288531,-0.438029,0.951192,0.088082,0.381518,-0.265231,-0.525848,-0.136883,0.902333,-0.472288,0.422598,0.121515,0.742051
-0.992765,-3.277031,0.77935,0.005883,-0.00093,0.105542,0.994397,-0.085064,0.011612,-0.005227,0.214405,-0.077292,-0.004744,-0.001935,-0.088626,-0.031111,0.081248,-0.116913,0.072956,-0.000095,0.072403,-0.017017,0.083175,0.286579,-0.442169,0.952916,0.107775,0.392457,-0.285385,-0.46061,-0.091143,0.711623,-0.287329,0.420514,0.110265,0.929218
-0.993565,-3.276298,0.779063,0.004486,-0.000299,0.112973,0.993588,-0.093383,0.008813,-0.018682,0.220239,-0.07906,-0.002885,-0.000175,-0.090156,-0.045356,0.079364,-0.1148,0.074706,0.032844,0.062526,-0.018992,0.061982,0.297741,-0.456208,0.943993,0.114271,0.395103,-0.300345,-0.441975,-0.065855,0.48292,-0.107312,0.404553,0.103455,0.990658
-0.994054,-3.275803,0.778938,0.003358,0.000554,0.119526,0.992825,-0.098088,0.006177,-0.030554,0.219079,-0.077472,-0.000496,-0.001297,-0.091541,-0.058121,0.082255,-0.113947,0.075399,0.050953,0.048705,-0.005744,0.052757,0.313636,-0.461076,0.925208,0.098798,0.377576,-0.294154,-0.450584,-0.0743,0.492471,-0.176122,0.395025,0.078574,1.006899
-0.99382,-3.274641,0.778866,0.000997,0.00131,0.124271,0.992247,-0.102871,0.006464,-0.040361,0.2226,-0.082043,0.00106,-0.005386,-0.090038,-0.066386,0.092136,-0.116582,0.073217,0.041782,0.035826,0.009629,0.072938,0.327928,-0.444526,0.916107,0.051141,0.341467,-0.254988,-0.459172,-0.093231,0.705454,-0.395182,0.406474,0.06484,0.933844
-0.993414,-3.27285,0.779291,-0.000815,0.003694,0.12876,0.991669,-0.104762,0.004808,-0.049296,0.213341,-0.077393,0.00209,-0.010017,-0.090816,-0.074907,0.096132,-0.115038,0.071814,0.019803,0.032327,0.008821,0.10682,0.318732,-0.406618,0.939332,0.011632,0.331429,-0.213866,-0.472257,-0.092671,0.794497,-0.440885,0.39035,0.0827,0.835021
-0.993284,-3.270885,0.779465,-0.002508,0.005921,0.134081,0.99095,-0.107602,0.002223,-0.058155,0.205542,-0.073834,0.00349,-0.01498,-0.092886,-0.085142,0.10195,-0.115097,0.071004,0.024383,0.037177,0.004638,0.111511,0.304631,-0.394651,0.985651,0.00987,0.369024,-0.193172,-0.409379,-0.094345,0.651397,-0.294436,0.404448,0.106276,0.665416
-0.994205,-3.268756,0.779104,-0.003599,0.00686,0.13726,0.990505,-0.11316,-0.000883,-0.062502,0.20854,-0.074594,0.004293,-0.021006,-0.095978,-0.090549,0.111429,-0.116288,0.072996,0.04068,0.039329,0.000571,0.097971,0.30766,-0.424444,1.032083,0.041789,0.42178,-0.192397,-0.4068,-0.116418,0.491273,-0.124588,0.412794,0.091551,0.4943
-0.994679,-3.266272,0.778958,-0.004327,0.006914,0.139471,0.990193,-0.116766,-0.00443,-0.065992,0.214346,-0.076966,0.006325,-0.022093,-0.09923,-0.094259,0.115903,-0.115704,0.074668,0.050272,0.041695,0.014944,0.089655,0.320983,-0.456649,1.049149,0.07698,0.433781,-0.192562,-0.432349,-0.137814,0.558999,-0.233912,0.430893,0.049275,0.405482
-0.994793,-3.263079,0.778985,-0.005228,0.006901,0.1396,0.99017,-0.120804,-0.007531,-0.06638,0.224445,-0.081218,0.009652,-0.021071,-0.101904,-0.094524,0.115325,-0.111926,0.076949,0.031626,0.045765,0.027977,0.116627,0.328293,-0.454087,1.04616,0.086255,0.389851,-0.177366,-0.499986,-0.162997,0.766533,-0.458435,0.427918,0.060883,0.361012
-0.994717,-3.259964,0.77937,-0.006025,0.007833,0.138263,0.990346,-0.122778,-0.009573,-0.063733,0.227183,-0.081902,0.012793,-0.021242,-0.103922,-0.092084,0.111089,-0.105158,0.077818,0.009439,0.049339,0.036066,0.151254,0.3216,-0.41764,1.047783,0.077296,0.353462,-0.171184,-0.504569,-0.149041,0.841206,-0.485277,0.409966,0.107286,0.393704
-0.994668,-3.257019,0.779569,-0.006948,0.009059,0.137648,0.990415,-0.12748,-0.011683,-0.061123,0.233453,-0.084525,0.016526,-0.022845,-0.106118,-0.090473,0.108962,-0.099546,0.080088,0.023821,0.054362,0.036637,0.151835,0.308786,-0.389477,1.063488,0.093995,0.36544,-0.197395,-0.376684,-0.146576,0.658194,-0.308151,0.408195,0.134116,0.398962
-0.995216,-3.254263,0.779275,-0.008132,0.00997,0.138732,0.990246,-0.134313,-0.014141,-0.061546,0.242443,-0.088953,0.018368,-0.025108,-0.108353,-0.091671,0.109897,-0.097459,0.082079,0.043975,0.053107,0.032447,0.142121,0.311134,-0.380728,1.062184,0.126476,0.402612,-0.237822,-0.285019,-0.212725,0.411632,-0.059612,0.355006,0.160035,0.39237
-0.995138,-3.251126,0.778738,-0.009505,0.011148,0.143036,0.989609,-0.142413,-0.0188,-0.068359,0.252922,-0.094662,0.020397,-0.024111,-0.11203,-0.099844,0.109176,-0.097335,0.084955,0.060107,0.043341,0.037341,0.131267,0.325727,-0.380391,1.033521,0.1428,0.41016,-0.261886,-0.17818,-0.347393,0.290705,0.116278,0.260157,0.208469,0.410103
-0.994419,-3.248365,0.778517,-0.011473,0.012759,0.147879,0.988857,-0.14995,-0.022068,-0.077393,0.261347,-0.098655,0.021595,-0.024255,-0.11404,-0.109567,0.110665,-0.097047,0.086255,0.069783,0.034828,0.04472,0.125944,0.339343,-0.382832,0.993969,0.130899,0.389395,-0.262341,-0.037185,-0.465278,0.255545,0.238928,0.161569,0.255999,0.465232
-0.992807,-3.245769,0.77854,-0.012654,0.014735,0.151163,0.988318,-0.151159,-0.02549,-0.084685,0.259089,-0.099172,0.024656,-0.025827,-0.116418,-0.116793,0.114379,-0.097958,0.083275,0.066392,0.029128,0.047828,0.127955,0.343835,-0.379262,0.965886,0.105385,0.371497,-0.253725,0.108279,-0.534807,0.25955,0.324113,0.067038,0.297118,0.562428
-0.990966,-3.243636,0.778725,-0.013052,0.017243,0.151541,0.988214,-0.146751,-0.027494,-0.086707,0.245494,-0.095604,0.025129,-0.030862,-0.11935,-0.118402,0.120087,-0.100177,0.083143,0.056827,0.024899,0.048748,0.129357,0.342633,-0.371824,0.950248,0.084346,0.370044,-0.243878,0.238663,-0.555492,0.265516,0.398134,-0.018639,0.320359,0.68894
-0.989105,-3.24205,0.778866,-0.01303,0.019558,0.149047,0.988551,-0.139947,-0.027588,-0.082726,0.228932,-0.090446,0.024672,-0.03722,-0.120697,-0.113233,0.125772,-0.100403,0.082839,0.044854,0.021851,0.049034,0.128879,0.340949,-0.369682,0.944672,0.072021,0.382563,-0.228092,0.330817,-0.553415,0.269721,0.473861,-0.120031,0.340158,0.821824
-0.987354,-3.240788,0.779051,-0.01373,0.021158,0.144309,0.989211,-0.13397,-0.024228,-0.074959,0.217635,-0.088366,0.023874,-0.042175,-0.118574,-0.103993,0.128016,-0.097983,0.082645,0.030766,0.01887,0.04873,0.126909,0.337901,-0.370445,0.951495,0.063793,0.399162,-0.208244,0.37782,-0.528408,0.255146,0.581857,-0.212759,0.343788,0.934318
-0.98573,-3.240197,0.779198,-0.014698,0.021805,0.137555,0.990145,-0.128688,-0.018048,-0.063779,0.212216,-0.088991,0.020064,-0.044202,-0.113088,-0.090826,0.124529,-0.090753,0.079738,0.017152,0.014967,0.047309,0.123093,0.334977,-0.375808,0.966993,0.057895,0.40915,-0.188106,0.389623,-0.490974,0.221978,0.710908,-0.284755,0.358321,0.996002
-0.984206,-3.240257,0.779409,-0.015677,0.02196,0.128175,0.991384,-0.124684,-0.009593,-0.047952,0.212808,-0.092434,0.018365,-0.045238,-0.105695,-0.074544,0.118245,-0.084191,0.078751,0.008629,0.010098,0.0441,0.116311,0.332324,-0.385269,0.987089,0.052721,0.410514,-0.171091,0.371503,-0.449126,0.173652,0.857694,-0.328874,0.393527,0.994532
-0.982669,-3.24072,0.779798,-0.015887,0.02145,0.116492,0.992833,-0.119222,-0.00098,-0.027699,0.215261,-0.095063,0.019751,-0.046127,-0.098088,-0.052828,0.111913,-0.074969,0.075892,0.004514,0.00192,0.040695,0.109866,0.332468,-0.398564,1.000047,0.052399,0.406081,-0.161706,0.336079,-0.407565,0.116681,1.005212,-0.338118,0.466748,0.918697
-0.980835,-3.241429,0.780187,-0.014749,0.020937,0.103459,0.994304,-0.111967,0.005988,-0.003115,0.216486,-0.095002,0.021064,-0.046475,-0.092556,-0.028266,0.104731,-0.068527,0.073419,0.003316,-0.010934,0.034885,0.10443,0.338033,-0.419245,1.005428,0.053908,0.392587,-0.158178,0.28874,-0.363297,0.06261,1.127666,-0.308634,0.615127,0.732824
-0.979019,-3.242221,0.780587,-0.013427,0.020567,0.091272,0.995523,-0.104083,0.01194,0.019833,0.215321,-0.092675,0.020127,-0.047039,-0.088211,-0.004455,0.099674,-0.065943,0.074968,-0.003042,-0.015231,0.024758,0.109409,0.342025,-0.436512,0.995664,0.052591,0.376492,-0.1604,0.23437,-0.340174,0.066336,1.217644,-0.169749,0.733941,0.412081
-0.977435,-3.2428,0.780641,-0.011584,0.019959,0.081391,0.996415,-0.0975,0.014862,0.03897,0.216417,-0.092069,0.019805,-0.046194,-0.086387,0.015135,0.09502,-0.065451,0.075957,-0.016681,-0.011991,0.014449,0.118415,0.337594,-0.438539,0.982837,0.047384,0.37244,-0.171431,0.190675,-0.339485,0.142768,1.263644,-0.011518,0.650145,0.060907
-0.976124,-3.243309,0.78061,-0.010548,0.018827,0.073301,0.997076,-0.091318,0.018429,0.054051,0.218995,-0.094395,0.019479,-0.044502,-0.084062,0.030918,0.092718,-0.067656,0.079586,-0.029879,-0.00809,0.006487,0.124196,0.33286,-0.4354,0.968895,0.041654,0.372478,-0.189416,0.162035,-0.345276,0.229081,1.272498,0.024788,0.479453,-0.181701
-0.974927,-3.244214,0.780394,-0.009332,0.017378,0.065912,0.99763,-0.085003,0.021773,0.0686,0.222123,-0.0978,0.016801,-0.042608,-0.081998,0.044638,0.091689,-0.070798,0.080144,-0.037561,-0.009404,-0.000591,0.121154,0.332565,-0.434721,0.96132,0.041908,0.375815,-0.209607,0.138616,-0.348029,0.276341,1.2785,0.02406,0.383504,-0.34402
-0.973934,-3.245505,0.780254,-0.008709,0.015908,0.059552,0.99806,-0.078485,0.026085,0.079624,0.223646,-0.102365,0.01363,-0.040393,-0.078318,0.05639,0.090436,-0.073496,0.081086,-0.038941,-0.009681,-0.004747,0.11087,0.336075,-0.441621,0.956342,0.048776,0.380243,-0.22804,0.118321,-0.347434,0.28655,1.282813,0.050254,0.357832,-0.453072
-0.973371,-3.247042,0.78006,-0.008179,0.015042,0.054527,0.998366,-0.073608,0.030162,0.088684,0.22344,-0.105774,0.011384,-0.03815,-0.075153,0.0656,0.086322,-0.07468,0.081653,-0.036831,-0.008683,-0.007292,0.099319,0.338503,-0.448223,0.951866,0.05508,0.381698,-0.241553,0.110302,-0.349864,0.281174,1.258838,0.082681,0.347337,-0.497446
-0.973103,-3.248449,0.780012,-0.00793,0.014931,0.051428,0.998534,-0.071195,0.033276,0.094117,0.222415,-0.108431,0.010914,-0.034904,-0.072649,0.071582,0.07778,-0.072531,0.083816,-0.037062,-0.007113,-0.009725,0.09319,0.338846,-0.44975,0.945027,0.056479,0.382106,-0.247185,0.121792,-0.360341,0.284214,1.189187,0.102104,0.345643,-0.472376
-0.972892,-3.250022,0.77993,-0.007372,0.01557,0.048009,0.998698,-0.070135,0.035878,0.099931,0.220569,-0.109559,0.008658,-0.035437,-0.070824,0.07676,0.072747,-0.071572,0.087199,-0.036571,-0.006432,-0.01283,0.093476,0.339682,-0.449139,0.933603,0.055433,0.383242,-0.244925,0.145386,-0.376879,0.303338,1.093911,0.112383,0.374345,-0.386545
-0.972862,-3.25201,0.779977,-0.00711,0.016281,0.045684,0.998798,-0.069772,0.039247,0.103597,0.218048,-0.109426,0.00551,-0.037889,-0.067647,0.081803,0.07189,-0.072429,0.087462,-0.037432,-0.005624,-0.015105,0.094853,0.340585,-0.447648,0.926357,0.054255,0.385411,-0.238843,0.167058,-0.39145,0.326804,1.010648,0.112499,0.435521,-0.254935
-0.973071,-3.254088,0.779896,-0.006486,0.016872,0.04516,0.998816,-0.070503,0.041052,0.10436,0.216116,-0.108595,0.004716,-0.03832,-0.065883,0.082885,0.068687,-0.073298,0.0853,-0.036565,-0.005754,-0.015619,0.091719,0.342005,-0.451224,0.927974,0.057421,0.390916,-0.234109,0.180253,-0.395666,0.337769,0.957565,0.095118,0.499825,-0.098944
-0.973483,-3.256188,0.779907,-0.005745,0.01696,0.044899,0.998831,-0.072034,0.042521,0.104538,0.217226,-0.107556,0.003577,-0.038017,-0.064853,0.082323,0.066282,-0.07359,0.08672,-0.031832,-0.007114,-0.0142,0.087582,0.342282,-0.453883,0.935049,0.061041,0.397735,-0.228061,0.183943,-0.39147,0.337455,0.932601,0.058294,0.543528,0.058917
-0.973899,-3.258449,0.779963,-0.005045,0.016905,0.044904,0.998836,-0.073453,0.04423,0.10425,0.218471,-0.106168,0.001324,-0.037303,-0.063526,0.08228,0.063613,-0.073786,0.086789,-0.02475,-0.00908,-0.013166,0.083496,0.341781,-0.457337,0.946413,0.064932,0.402502,-0.222666,0.18286,-0.384994,0.332986,0.923146,0.012109,0.563173,0.195594
-0.974358,-3.260716,0.780014,-0.004214,0.01654,0.04551,0.998818,-0.074465,0.045419,0.103078,0.219567,-0.103574,-0.000042,-0.036154,-0.062463,0.080567,0.061998,-0.074794,0.085894,-0.017979,-0.010354,-0.012526,0.081222,0.340801,-0.461251,0.958112,0.070326,0.400106,-0.221887,0.180464,-0.380719,0.328072,0.921664,-0.031126,0.565306,0.295634
-0.974762,-3.263089,0.78003,-0.003526,0.016226,0.046421,0.998784,-0.07489,0.046822,0.100972,0.219249,-0.102037,-0.001157,-0.035889,-0.061036,0.079459,0.06243,-0.076764,0.085684,-0.01409,-0.010521,-0.012453,0.084011,0.340945,-0.464577,0.965351,0.077696,0.399244,-0.224677,0.176826,-0.379174,0.324944,0.923995,-0.061909,0.558558,0.352595
-0.975235,-3.265363,0.780096,-0.002705,0.015865,0.048034,0.998716,-0.075703,0.047452,0.097999,0.218992,-0.098824,-0.002597,-0.035234,-0.060261,0.076507,0.062681,-0.078439,0.08457,-0.011658,-0.010251,-0.01349,0.089863,0.341797,-0.466461,0.967478,0.086941,0.397099,-0.231761,0.175173,-0.378887,0.320826,0.928597,-0.075004,0.549319,0.367824
-0.975662,-3.267658,0.78014,-0.002192,0.015371,0.049996,0.998629,-0.07578,0.048672,0.094237,0.217633,-0.095772,-0.003008,-0.033814,-0.058992,0.072606,0.0626,-0.080037,0.08371,-0.011222,-0.009608,-0.014738,0.097459,0.342822,-0.466017,0.969071,0.094558,0.394725,-0.240236,0.174138,-0.379688,0.319414,0.932542,-0.074086,0.538036,0.35024
-0.975979,-3.270061,0.780158,-0.001351,0.014629,0.051919,0.998543,-0.075178,0.04914,0.090226,0.216432,-0.093145,-0.004762,-0.031537,-0.058397,0.068816,0.062229,-0.082683,0.08406,-0.0107,-0.009924,-0.015788,0.104826,0.343928,-0.464305,0.971882,0.101098,0.394747,-0.248719,0.174251,-0.382118,0.323566,0.932763,-0.065185,0.527403,0.308922
-0.976342,-3.272466,0.780141,-0.000973,0.01392,0.053932,0.998447,-0.074445,0.050716,0.086116,0.214528,-0.09132,-0.005827,-0.029355,-0.056618,0.064822,0.061719,-0.084332,0.083909,-0.010394,-0.009328,-0.016921,0.112113,0.344523,-0.461438,0.974307,0.105553,0.39594,-0.255637,0.174147,-0.386611,0.333343,0.93051,-0.052813,0.516185,0.254842
-0.976767,-3.274911,0.78016,-0.000349,0.01301,0.055912,0.998351,-0.073642,0.051806,0.082011,0.213365,-0.089558,-0.006941,-0.02685,-0.055363,0.060826,0.061216,-0.085704,0.083214,-0.009573,-0.009282,-0.017606,0.118238,0.344859,-0.456737,0.976349,0.108039,0.397717,-0.260165,0.172884,-0.38958,0.341174,0.932591,-0.038909,0.506387,0.199466
-0.977068,-3.277362,0.780159,0.000195,0.012289,0.058098,0.998235,-0.073546,0.052964,0.077504,0.212932,-0.088507,-0.00813,-0.024529,-0.053901,0.0566,0.060666,-0.087441,0.082187,-0.009221,-0.009597,-0.018542,0.123251,0.345156,-0.452289,0.97899,0.108416,0.398494,-0.260799,0.169878,-0.389373,0.345402,0.939584,-0.024067,0.498065,0.152783
-0.977415,-3.279827,0.78012,0.000659,0.011603,0.060176,0.99812,-0.073456,0.054513,0.073141,0.21226,-0.087197,-0.010775,-0.022811,-0.052284,0.052403,0.060936,-0.089321,0.081509,-0.008392,-0.009862,-0.019228,0.125793,0.345327,-0.448411,0.982714,0.108108,0.398544,-0.26055,0.167127,-0.389272,0.349876,0.943466,-0.013832,0.491147,0.121836
-0.977852,-3.282021,0.780011,0.001239,0.011051,0.064036,0.997886,-0.074282,0.054317,0.065716,0.210882,-0.085343,-0.012766,-0.017565,-0.052031,0.04507,0.054876,-0.090351,0.079157,-0.010911,-0.009644,-0.020021,0.127173,0.344772,-0.446797,0.985379,0.107259,0.397191,-0.260094,0.165162,-0.394163,0.362213,0.940714,-0.01416,0.486962,0.108347
-0.978245,-3.28418,0.779871,0.001662,0.010313,0.06737,0.997673,-0.074838,0.054818,0.058981,0.210412,-0.084123,-0.013593,-0.012411,-0.051409,0.036849,0.049668,-0.09123,0.074716,-0.01147,-0.008995,-0.020482,0.127116,0.343802,-0.445685,0.987227,0.106667,0.395824,-0.25965,0.164176,-0.400028,0.374388,0.934859,-0.021646,0.484437,0.109875
-0.97847,-3.28638,0.779789,0.002034,0.009275,0.069295,0.997551,-0.074215,0.056259,0.054883,0.210699,-0.083598,-0.015689,-0.009146,-0.049812,0.032439,0.04851,-0.092637,0.073669,-0.00967,-0.008473,-0.020369,0.127656,0.343144,-0.445829,0.985994,0.105478,0.397602,-0.257863,0.163317,-0.403907,0.38297,0.930256,-0.031146,0.48407,0.124314
-0.978592,-3.288522,0.779691,0.002652,0.008124,0.07048,0.997477,-0.072803,0.057514,0.052396,0.210952,-0.083016,-0.017347,-0.007283,-0.048465,0.030762,0.05027,-0.094764,0.075633,-0.005222,-0.008347,-0.021051,0.126902,0.341664,-0.445551,0.984139,0.10505,0.399617,-0.257263,0.16474,-0.403993,0.383174,0.928596,-0.036928,0.485471,0.1463
-0.97859,-3.290657,0.77972,0.003735,0.007161,0.072121,0.997363,-0.071465,0.057361,0.04916,0.210413,-0.081242,-0.017503,-0.005609,-0.048546,0.027688,0.052371,-0.099154,0.075249,-0.002028,-0.0089,-0.022029,0.125798,0.341399,-0.448754,0.980755,0.105968,0.399202,-0.258297,0.166934,-0.402203,0.378425,0.926972,-0.039992,0.488678,0.170523
-0.978652,-3.292529,0.77968,0.004797,0.006318,0.074417,0.997196,-0.071148,0.056534,0.044945,0.210568,-0.078094,-0.017328,-0.0029,-0.048745,0.023159,0.053117,-0.103046,0.071068,-0.001765,-0.009364,-0.023927,0.126494,0.340842,-0.449537,0.974968,0.10553,0.399121,-0.259531,0.168956,-0.400585,0.375347,0.924443,-0.04459,0.494051,0.194618
-0.978469,-3.29426,0.779628,0.0058,0.005528,0.076222,0.997059,-0.070054,0.05589,0.04156,0.210182,-0.076256,-0.017847,-0.000086,-0.049179,0.019521,0.053303,-0.106482,0.070735,-0.000678,-0.009768,-0.02598,0.12695,0.341082,-0.451656,0.969,0.104849,0.398123,-0.261886,0.171875,-0.399651,0.374917,0.919594,-0.049713,0.498129,0.215824
-0.978421,-3.296057,0.779526,0.006387,0.004718,0.07772,0.996944,-0.069189,0.056493,0.03834,0.210096,-0.074768,-0.019286,0.002328,-0.048406,0.016736,0.053376,-0.108665,0.070354,-0.00034,-0.009236,-0.028013,0.127758,0.340755,-0.451981,0.962509,0.103913,0.399408,-0.264075,0.17297,-0.399541,0.377193,0.916129,-0.056527,0.500269,0.233679
-0.978295,-3.297692,0.779436,0.006899,0.003858,0.078991,0.996844,-0.067851,0.057184,0.035664,0.209848,-0.073844,-0.02104,0.004921,-0.047507,0.014362,0.053249,-0.110261,0.070053,0.001712,-0.008267,-0.029641,0.126391,0.34009,-0.45436,0.959202,0.102874,0.400312,-0.26555,0.174692,-0.398784,0.376941,0.915168,-0.061274,0.497936,0.245319
-0.978128,-3.299261,0.779423,0.007376,0.003286,0.08008,0.996756,-0.066426,0.057901,0.033485,0.20832,-0.072118,-0.022211,0.006993,-0.046611,0.012447,0.052657,-0.111052,0.06943,0.00213,-0.008032,-0.031676,0.12682,0.340039,-0.454591,0.954744,0.102311,0.401227,-0.266247,0.176147,-0.396517,0.374217,0.915208,-0.062578,0.496699,0.250458
-0.978217,-3.300762,0.779382,0.007946,0.002873,0.081077,0.996672,-0.065907,0.058287,0.031517,0.207198,-0.070005,-0.023177,0.00822,-0.046082,0.010409,0.052331,-0.11239,0.068762,0.001374,-0.007583,-0.033156,0.127848,0.34022,-0.454969,0.951567,0.102031,0.401855,-0.266474,0.177026,-0.395626,0.3753,0.914284,-0.063666,0.496171,0.251649
-0.978255,-3.302149,0.779345,0.008331,0.002361,0.081693,0.99662,-0.065094,0.059149,0.029956,0.206451,-0.068448,-0.024285,0.009363,-0.045114,0.009128,0.052477,-0.113492,0.067906,0.000164,-0.006818,-0.034113,0.129966,0.340004,-0.453761,0.948639,0.101656,0.404336,-0.266947,0.176173,-0.396971,0.380087,0.914227,-0.066843,0.496835,0.249845
-0.978436,-3.3035,0.779337,0.0088,0.001858,0.082328,0.996565,-0.064906,0.059805,0.028942,0.206567,-0.067121,-0.025329,0.010453,-0.044376,0.007816,0.052284,-0.11433,0.066877,-0.000922,-0.006012,-0.034603,0.132225,0.340613,-0.454621,0.945829,0.102696,0.405968,-0.268099,0.175743,-0.397848,0.382536,0.914279,-0.066864,0.49485,0.245645
-0.978858,-3.304674,0.77933,0.008974,0.001413,0.082804,0.996524,-0.064992,0.060728,0.027343,0.206475,-0.065843,-0.026018,0.010997,-0.043162,0.006806,0.051929,-0.113882,0.065372,-0.000644,-0.004537,-0.03447,0.13367,0.340787,-0.455288,0.944835,0.10394,0.407973,-0.268873,0.175966,-0.399464,0.382767,0.914791,-0.06528,0.492286,0.239586
-0.979259,-3.305838,0.779274,0.009303,0.001154,0.082924,0.996512,-0.065116,0.061587,0.026796,0.205966,-0.064763,-0.027325,0.011099,-0.042354,0.006266,0.051445,-0.113999,0.065323,-0.000108,-0.003745,-0.034725,0.136151,0.341465,-0.454766,0.943215,0.106209,0.408389,-0.269412,0.177141,-0.40147,0.38404,0.914098,-0.063799,0.490328,0.234703
-0.979799,-3.307022,0.779321,0.00953,0.001017,0.083472,0.996464,-0.065752,0.06239,0.025805,0.20503,-0.062667,-0.028298,0.010752,-0.041466,0.005584,0.051164,-0.113496,0.064972,0.000414,-0.003077,-0.034699,0.137469,0.342613,-0.455599,0.944336,0.10915,0.411008,-0.270777,0.178494,-0.404041,0.38714,0.914202,-0.064385,0.489393,0.233128
-0.98037,-3.308104,0.779241,0.009924,0.001074,0.084609,0.996364,-0.066783,0.06224,0.023343,0.203573,-0.061016,-0.02935,0.011072,-0.04139,0.003251,0.049239,-0.113772,0.064407,0.001265,-0.002514,-0.034915,0.137876,0.343151,-0.456952,0.945903,0.110113,0.409478,-0.271788,0.180714,-0.406843,0.387495,0.914424,-0.064748,0.489662,0.23174
-0.981117,-3.309038,0.779195,0.010192,0.001122,0.085659,0.996272,-0.068703,0.062188,0.021277,0.20345,-0.05913,-0.029502,0.010993,-0.041296,0.000995,0.047604,-0.113235,0.064564,0.001995,-0.001771,-0.034483,0.137995,0.343921,-0.458383,0.947627,0.110797,0.407595,-0.271305,0.182626,-0.409002,0.386924,0.913916,-0.064959,0.48987,0.232597
-0.981784,-3.310171,0.779161,0.010529,0.001131,0.086187,0.996223,-0.069739,0.062578,0.020233,0.202436,-0.056963,-0.030559,0.010421,-0.040906,0.000108,0.046727,-0.112864,0.065388,0.002531,-0.001854,-0.034697,0.139698,0.34473,-0.456933,0.94819,0.111967,0.409845,-0.270031,0.184573,-0.4117,0.389485,0.913531,-0.066761,0.490464,0.236316
-0.982581,-3.311168,0.779105,0.010858,0.001049,0.08693,0.996155,-0.070861,0.062659,0.018622,0.20148,-0.055123,-0.031575,0.009531,-0.040719,-0.0012,0.046842,-0.113167,0.066094,0.003261,-0.00182,-0.034706,0.140771,0.344911,-0.45523,0.948592,0.112164,0.410722,-0.268242,0.186244,-0.413717,0.389424,0.914274,-0.06646,0.491036,0.238864
-0.983165,-3.312235,0.779084,0.011018,0.000797,0.088106,0.99605,-0.071508,0.063074,0.016266,0.200439,-0.053565,-0.032568,0.009492,-0.040044,-0.003078,0.046961,-0.11353,0.064901,0.003524,-0.001336,-0.034361,0.141349,0.34577,-0.456401,0.948728,0.113099,0.410548,-0.266864,0.187934,-0.415198,0.390119,0.914782,-0.06656,0.492178,0.242082
-0.983989,-3.313267,0.779046,0.011388,0.000482,0.088861,0.995979,-0.072304,0.063093,0.014629,0.199758,-0.051711,-0.032927,0.009188,-0.039852,-0.004911,0.046912,-0.114087,0.064789,0.005112,-0.001143,-0.033574,0.141203,0.345932,-0.457051,0.948873,0.112729,0.410606,-0.265908,0.189125,-0.417206,0.39172,0.914816,-0.067177,0.492761,0.245361
-0.984782,-3.314281,0.779038,0.011708,0.000101,0.08998,0.995875,-0.072966,0.063008,0.012272,0.198854,-0.049765,-0.033179,0.009032,-0.039685,-0.00683,0.047287,-0.114795,0.064546,0.005976,-0.00099,-0.03284,0.14118,0.345572,-0.456152,0.94771,0.112575,0.412262,-0.26524,0.189822,-0.418646,0.392812,0.914689,-0.067616,0.4936,0.24743
-0.985539,-3.31527,0.778983,0.011988,-0.000362,0.091391,0.995743,-0.073575,0.06293,0.009865,0.198168,-0.047877,-0.033974,0.009102,-0.03954,-0.00951,0.047972,-0.116102,0.064675,0.0067,-0.000599,-0.031882,0.13997,0.345737,-0.457494,0.946571,0.113668,0.412355,-0.265876,0.190308,-0.419458,0.393408,0.914528,-0.067258,0.493636,0.24961
-0.986358,-3.316374,0.778979,0.01216,-0.000808,0.092812,0.995609,-0.074296,0.063128,0.006691,0.19692,-0.045445,-0.035074,0.008935,-0.039125,-0.012335,0.048862,-0.117009,0.064684,0.006513,0.000013,-0.030673,0.139388,0.346294,-0.460154,0.945239,0.114744,0.410645,-0.267617,0.189352,-0.420142,0.394425,0.914411,-0.067293,0.492552,0.251454
-0.98712,-3.317404,0.778958,0.0123,-0.00122,0.094589,0.99544,-0.075152,0.063101,0.00314,0.195825,-0.04313,-0.035528,0.008955,-0.03877,-0.015842,0.049735,-0.118473,0.064986,0.006524,0.000807,-0.029493,0.138065,0.3462,-0.461181,0.945448,0.115801,0.411153,-0.269106,0.18858,-0.420597,0.395124,0.913246,-0.067459,0.49133,0.25215
-0.987927,-3.318495,0.778917,0.012355,-0.001808,0.0963,0.995274,-0.076075,0.063426,-0.000518,0.195519,-0.04116,-0.036205,0.009087,-0.038082,-0.019081,0.05083,-0.11945,0.063978,0.006549,0.001655,-0.028151,0.136904,0.345583,-0.460237,0.946381,0.115792,0.410684,-0.268914,0.187298,-0.421093,0.397384,0.91208,-0.068225,0.490523,0.252554
-0.988596,-3.319524,0.778852,0.012614,-0.002302,0.098113,0.995093,-0.077315,0.0631,-0.004262,0.195876,-0.039504,-0.036505,0.009568,-0.037937,-0.022265,0.051398,-0.120718,0.063953,0.007308,0.002104,-0.027104,0.136697,0.345763,-0.462863,0.946519,0.114071,0.409597,-0.268061,0.186474,-0.420578,0.398258,0.91137,-0.068366,0.490099,0.253574
-0.989266,-3.320527,0.778828,0.012666,-0.002743,0.099874,0.994916,-0.078866,0.063261,-0.007935,0.196526,-0.037823,-0.037157,0.010405,-0.037411,-0.0255,0.05076,-0.120849,0.063994,0.009061,0.003069,-0.026592,0.13549,0.344147,-0.461645,0.948458,0.111553,0.407837,-0.26686,0.185552,-0.419335,0.396751,0.911802,-0.06806,0.48979,0.254041
-0.989862,-3.321435,0.778697,0.013003,-0.003072,0.101546,0.994741,-0.080237,0.062669,-0.011202,0.196873,-0.036401,-0.037351,0.01127,-0.037658,-0.02887,0.049894,-0.1219,0.064711,0.011502,0.003797,-0.026697,0.133337,0.341543,-0.458445,0.953213,0.112031,0.409964,-0.265097,0.185876,-0.419108,0.396607,0.910582,-0.068678,0.490218,0.254457
-0.990348,-3.322385,0.778612,0.013139,-0.003624,0.102832,0.994605,-0.080547,0.062964,-0.013771,0.19669,-0.03506,-0.038598,0.012486,-0.037202,-0.031521,0.049363,-0.122637,0.065511,0.012476,0.004429,-0.026466,0.13366,0.340527,-0.45691,0.955943,0.11198,0.40931,-0.262299,0.184702,-0.418977,0.398491,0.909435,-0.069234,0.489479,0.255433
-0.990804,-3.323309,0.778539,0.013548,-0.00392,0.104501,0.994425,-0.081408,0.06235,-0.016575,0.19632,-0.033375,-0.039331,0.013081,-0.037578,-0.034406,0.049268,-0.123863,0.066131,0.012117,0.003823,-0.0266,0.134352,0.3392,-0.452739,0.957778,0.109931,0.407659,-0.25729,0.183399,-0.418881,0.401437,0.908139,-0.070033,0.488625,0.257246
-0.991404,-3.324253,0.77849,0.013635,-0.004359,0.105936,0.99427,-0.082159,0.062569,-0.019606,0.195951,-0.031485,-0.040602,0.013254,-0.037131,-0.037199,0.050109,-0.125198,0.066246,0.012902,0.00385,-0.02653,0.133643,0.338546,-0.452153,0.960877,0.108673,0.406201,-0.253102,0.182667,-0.418037,0.401899,0.907513,-0.06994,0.487289,0.258956
-0.991849,-3.325106,0.778401,0.013699,-0.004763,0.107313,0.99412,-0.082728,0.062669,-0.023358,0.19582,-0.030677,-0.04155,0.013546,-0.036701,-0.039894,0.050811,-0.126547,0.067174,0.01364,0.003994,-0.026541,0.133573,0.338343,-0.451901,0.961205,0.107808,0.405661,-0.24847,0.182541,-0.417358,0.401768,0.906647,-0.069087,0.48713,0.260047
-0.992407,-3.325878,0.778322,0.014133,-0.005313,0.108499,0.993982,-0.083913,0.062038,-0.025654,0.197451,-0.029553,-0.04297,0.014153,-0.037285,-0.042673,0.051664,-0.129498,0.069825,0.015237,0.003618,-0.025881,0.133043,0.338383,-0.454418,0.961361,0.107776,0.407557,-0.246166,0.182269,-0.417544,0.402888,0.905229,-0.068937,0.487055,0.261161
-0.992828,-3.326616,0.778351,0.014285,-0.005857,0.109362,0.993882,-0.084104,0.062123,-0.027781,0.197688,-0.028021,-0.042984,0.014565,-0.037217,-0.044715,0.053117,-0.132365,0.072523,0.016992,0.003595,-0.025478,0.132854,0.337033,-0.45171,0.960981,0.106502,0.409318,-0.245441,0.182483,-0.418227,0.405024,0.902429,-0.069421,0.486436,0.262608
-0.993323,-3.327171,0.778311,0.014496,-0.006321,0.110402,0.993761,-0.084546,0.061789,-0.02957,0.19801,-0.026908,-0.043176,0.014823,-0.037497,-0.047229,0.054411,-0.135294,0.072229,0.018016,0.00406,-0.025132,0.133393,0.336594,-0.451681,0.958919,0.106135,0.410316,-0.246217,0.182298,-0.419877,0.409297,0.897655,-0.070184,0.485038,0.265126
-0.994014,-3.327713,0.778093,0.015866,-0.006656,0.111549,0.99361,-0.086079,0.058541,-0.03111,0.199511,-0.024775,-0.043433,0.014942,-0.041003,-0.050158,0.055874,-0.143185,0.076954,0.018579,0.002207,-0.024252,0.133207,0.335776,-0.451787,0.959027,0.104839,0.409733,-0.246225,0.180798,-0.421569,0.413433,0.89153,-0.071572,0.481573,0.269016
-0.994501,-3.328107,0.77806,0.016168,-0.007339,0.112391,0.993505,-0.08593,0.057861,-0.03292,0.200043,-0.023493,-0.04352,0.015372,-0.041922,-0.052579,0.058891,-0.151483,0.080882,0.019538,0.002146,-0.023751,0.132707,0.333832,-0.447949,0.961372,0.103145,0.409619,-0.244327,0.180288,-0.422632,0.41676,0.883968,-0.072717,0.4779,0.27361
-0.994976,-3.328382,0.777989,0.016561,-0.008063,0.11306,0.993417,-0.085485,0.056994,-0.034091,0.200362,-0.022888,-0.044152,0.015485,-0.043025,-0.054279,0.062015,-0.157247,0.08198,0.018916,0.001781,-0.022768,0.133938,0.333136,-0.445005,0.962744,0.102702,0.40964,-0.240235,0.178728,-0.422311,0.419251,0.876913,-0.072226,0.47672,0.277915
-0.995399,-3.328601,0.777939,0.016965,-0.008512,0.113849,0.993317,-0.08563,0.055818,-0.035607,0.200617,-0.022242,-0.043961,0.015363,-0.044047,-0.055573,0.064264,-0.161332,0.082736,0.019396,0.001328,-0.023436,0.133952,0.331802,-0.441375,0.96613,0.101955,0.410402,-0.236572,0.177757,-0.420837,0.422485,0.872656,-0.071304,0.477649,0.281846
