-2.471579,0.507599,0.7718,-0.006157,-0.003875,0.739951,0.672621,-0.091594,0.065384,0.055368,0.286276,-0.199902,-0.051758,-0.075934,-0.106997,-0.165926,0.282503,-0.201617,0.069242,0.021282,-0.009584,0.020821,0.175796,0.375615,-0.411096,0.837411,0.12448,0.451119,-0.175849,0.133039,-0.483179,0.587019,0.714177,-0.146941,0.396184,0.355711
-2.47287,0.507512,0.771735,-0.005973,-0.00437,0.739952,0.672619,-0.091185,0.064075,0.055749,0.287937,-0.201301,-0.050727,-0.075297,-0.108422,-0.165634,0.28332,-0.20136,0.069442,0.020336,-0.008849,0.020826,0.176084,0.37307,-0.409526,0.838379,0.12369,0.45071,-0.174273,0.134426,-0.483251,0.58576,0.712813,-0.145576,0.395587,0.354522
-2.474178,0.507417,0.771649,-0.005764,-0.004835,0.739963,0.672606,-0.090939,0.062506,0.055627,0.289821,-0.20285,-0.049486,-0.074575,-0.109952,-0.165358,0.284092,-0.201415,0.069989,0.01969,-0.007947,0.020912,0.176328,0.370861,-0.408359,0.838981,0.123416,0.45091,-0.173484,0.135548,-0.483851,0.585751,0.712114,-0.14516,0.396109,0.353891
-2.475444,0.507334,0.771575,-0.005562,-0.005271,0.740172,0.672374,-0.090735,0.060888,0.055472,0.291501,-0.204346,-0.0481,-0.073601,-0.111613,-0.165598,0.284561,-0.201414,0.070936,0.018936,-0.007134,0.020925,0.176737,0.369567,-0.407807,0.83924,0.122907,0.450935,-0.172046,0.136873,-0.483733,0.584753,0.711995,-0.144214,0.396839,0.352908
-2.47678,0.507176,0.771569,-0.005239,-0.005503,0.740277,0.672259,-0.090402,0.058519,0.054945,0.292693,-0.204905,-0.045951,-0.072349,-0.113781,-0.165404,0.283851,-0.2009,0.072725,0.01908,-0.006762,0.02075,0.176388,0.369451,-0.409552,0.839887,0.122092,0.449866,-0.168625,0.139087,-0.483833,0.584609,0.711125,-0.142158,0.398022,0.350813
-2.477906,0.507067,0.771584,-0.005185,-0.005736,0.740432,0.672087,-0.090281,0.057115,0.055422,0.293103,-0.205115,-0.044431,-0.071622,-0.115159,-0.165345,0.283382,-0.200157,0.073295,0.019257,-0.006506,0.020174,0.176858,0.371008,-0.410792,0.837958,0.123168,0.450362,-0.171194,0.140435,-0.484211,0.585293,0.710343,-0.141046,0.39935,0.349166
-2.478971,0.506927,0.771604,-0.005315,-0.005964,0.740517,0.671991,-0.09036,0.055894,0.054714,0.293498,-0.205694,-0.04362,-0.071184,-0.116144,-0.165299,0.282548,-0.199128,0.073755,0.019622,-0.005868,0.020178,0.177412,0.374434,-0.41286,0.834602,0.124535,0.448589,-0.172964,0.140999,-0.48495,0.585326,0.709892,-0.140085,0.399951,0.348097
-2.479958,0.506727,0.771595,-0.005515,-0.006126,0.74069,0.671796,-0.090631,0.054927,0.055092,0.293379,-0.206265,-0.042416,-0.071031,-0.117165,-0.165682,0.281868,-0.19784,0.074798,0.019515,-0.005369,0.020462,0.177218,0.378249,-0.415795,0.833865,0.12623,0.448705,-0.175296,0.140528,-0.485304,0.586202,0.710739,-0.138793,0.399926,0.346872
-2.480851,0.506504,0.771623,-0.005782,-0.006121,0.740713,0.671769,-0.090871,0.053924,0.055303,0.292597,-0.20644,-0.04163,-0.071256,-0.118018,-0.16548,0.280883,-0.196715,0.075383,0.019347,-0.005419,0.020536,0.176953,0.381715,-0.417028,0.83507,0.12605,0.450583,-0.176958,0.13919,-0.486401,0.588722,0.711142,-0.139494,0.401213,0.347618
-2.481739,0.506325,0.771652,-0.006149,-0.006036,0.740771,0.671702,-0.091341,0.052939,0.05545,0.291736,-0.206233,-0.041022,-0.071252,-0.118826,-0.165518,0.278932,-0.195205,0.076332,0.019058,-0.005331,0.020529,0.175919,0.386411,-0.420153,0.83809,0.128527,0.449474,-0.176253,0.137998,-0.488452,0.591535,0.709533,-0.141185,0.400605,0.350096
-2.482536,0.506151,0.771692,-0.006534,-0.005956,0.740762,0.67171,-0.091526,0.052109,0.055478,0.290367,-0.206157,-0.04057,-0.071544,-0.119441,-0.16538,0.277545,-0.193925,0.077124,0.018734,-0.00551,0.021043,0.175099,0.388184,-0.418382,0.841054,0.125853,0.450683,-0.172658,0.136421,-0.490595,0.595236,0.707786,-0.143052,0.400427,0.352233
-2.483169,0.506033,0.771729,-0.007048,-0.005794,0.740729,0.671742,-0.09165,0.051704,0.056064,0.288281,-0.205895,-0.040297,-0.072047,-0.119679,-0.165187,0.275845,-0.19259,0.077344,0.018425,-0.006099,0.021259,0.174175,0.391836,-0.420778,0.843186,0.127018,0.451127,-0.172844,0.136152,-0.491596,0.596666,0.706634,-0.1426,0.398149,0.354633
-2.483785,0.505988,0.771762,-0.007579,-0.005722,0.740532,0.671954,-0.091515,0.051542,0.056378,0.286311,-0.205807,-0.040737,-0.072919,-0.119677,-0.164649,0.275073,-0.191121,0.077635,0.018036,-0.006463,0.021749,0.173566,0.394612,-0.421876,0.843833,0.127171,0.450955,-0.171269,0.135799,-0.492199,0.597672,0.705855,-0.14236,0.398168,0.355763
-2.484306,0.506018,0.771797,-0.00812,-0.005561,0.740333,0.672168,-0.091522,0.051514,0.05717,0.284584,-0.205973,-0.040839,-0.073219,-0.119552,-0.164154,0.273085,-0.189907,0.078106,0.017422,-0.007177,0.022408,0.173161,0.396504,-0.422133,0.844379,0.127304,0.450995,-0.170639,0.134988,-0.49219,0.598447,0.705609,-0.142344,0.398633,0.355204
-2.484756,0.506135,0.771833,-0.008665,-0.005366,0.740069,0.672453,-0.091574,0.051465,0.057283,0.283273,-0.206278,-0.041242,-0.074107,-0.11934,-0.163352,0.272257,-0.189069,0.077858,0.016894,-0.008015,0.023053,0.17306,0.396505,-0.420636,0.84497,0.125443,0.451048,-0.170146,0.134616,-0.491545,0.598301,0.706038,-0.141464,0.398536,0.353551
-2.485143,0.506308,0.771797,-0.009196,-0.005115,0.739841,0.672699,-0.091813,0.051527,0.058346,0.282116,-0.206968,-0.041148,-0.074785,-0.119256,-0.162867,0.271396,-0.188739,0.078453,0.015888,-0.008875,0.02407,0.172339,0.396526,-0.421238,0.845821,0.125106,0.451421,-0.169367,0.134007,-0.490579,0.597648,0.706316,-0.140978,0.398453,0.352936
-2.485479,0.506675,0.771757,-0.009767,-0.004827,0.739539,0.673025,-0.091874,0.05169,0.059147,0.28116,-0.208112,-0.041549,-0.075925,-0.119024,-0.161851,0.271454,-0.189112,0.078376,0.015041,-0.009722,0.024947,0.171529,0.395641,-0.421551,0.84651,0.125146,0.451987,-0.169018,0.133472,-0.489079,0.596178,0.706904,-0.140506,0.398208,0.352346
-2.485761,0.507189,0.771641,-0.010305,-0.004488,0.739192,0.673401,-0.092103,0.051738,0.059566,0.281018,-0.210191,-0.041611,-0.077024,-0.118789,-0.160625,0.272063,-0.190961,0.078456,0.013839,-0.010832,0.025904,0.171216,0.39453,-0.421943,0.846145,0.125284,0.451002,-0.168808,0.133054,-0.48653,0.593002,0.708149,-0.139686,0.398612,0.351242
-2.485948,0.507948,0.771492,-0.010739,-0.004278,0.739076,0.673523,-0.092547,0.051912,0.059587,0.282674,-0.213141,-0.041645,-0.078428,-0.118689,-0.159664,0.27522,-0.194519,0.078093,0.01171,-0.012044,0.02696,0.171763,0.392934,-0.421442,0.84453,0.124425,0.449471,-0.167652,0.132203,-0.482927,0.588489,0.710509,-0.138758,0.399108,0.350233
-2.486041,0.509063,0.771356,-0.01075,-0.004298,0.739112,0.673483,-0.093244,0.051912,0.058933,0.287648,-0.21678,-0.040782,-0.07993,-0.119297,-0.159555,0.282307,-0.199182,0.078334,0.009214,-0.013857,0.02891,0.172496,0.391346,-0.42164,0.843004,0.123865,0.44844,-0.167109,0.131812,-0.478513,0.581765,0.713794,-0.137053,0.398431,0.348384
-2.486257,0.510406,0.771139,-0.010321,-0.00493,0.739533,0.673023,-0.094503,0.051969,0.057003,0.297613,-0.222252,-0.039218,-0.081439,-0.120229,-0.160006,0.293935,-0.205639,0.075499,0.007446,-0.015703,0.03219,0.171789,0.389608,-0.422797,0.841498,0.124116,0.449107,-0.167936,0.133802,-0.472095,0.571082,0.718142,-0.133308,0.398185,0.344513
-2.486687,0.512136,0.770635,-0.009079,-0.006457,0.740668,0.671779,-0.097153,0.051765,0.053841,0.316075,-0.231306,-0.035146,-0.082708,-0.122211,-0.161206,0.312784,-0.215012,0.071776,0.006806,-0.017809,0.038187,0.16972,0.388174,-0.425457,0.838668,0.123648,0.448874,-0.169215,0.139057,-0.462325,0.554946,0.723578,-0.123842,0.397519,0.338007
-2.487344,0.51416,0.769677,-0.006569,-0.009789,0.742094,0.670192,-0.101843,0.052396,0.048822,0.349498,-0.246026,-0.029087,-0.084584,-0.124513,-0.162166,0.343933,-0.226773,0.066413,0.008314,-0.019244,0.049279,0.167691,0.385593,-0.42384,0.835022,0.117032,0.445821,-0.169229,0.145738,-0.448874,0.531708,0.730957,-0.105241,0.39573,0.32736
-2.488147,0.516372,0.767492,-0.002211,-0.015413,0.743395,0.668671,-0.108496,0.054354,0.042538,0.401537,-0.26986,-0.022643,-0.088341,-0.127311,-0.161257,0.39303,-0.247753,0.05819,0.012388,-0.020273,0.067444,0.1662,0.380165,-0.412831,0.830971,0.098262,0.441359,-0.16499,0.148359,-0.435127,0.506442,0.740143,-0.083391,0.393977,0.314885
-2.488929,0.518724,0.762639,0.003907,-0.022983,0.743878,0.667908,-0.115635,0.058945,0.039282,0.47016,-0.309152,-0.023598,-0.094892,-0.131026,-0.158695,0.460843,-0.28105,0.055232,0.017197,-0.022265,0.091066,0.165625,0.377141,-0.399143,0.822797,0.07246,0.436559,-0.15814,0.138323,-0.426039,0.48288,0.751428,-0.064825,0.389294,0.304105
-2.489411,0.521982,0.754263,0.011788,-0.031781,0.743444,0.667939,-0.123696,0.065382,0.038694,0.556374,-0.363501,-0.033182,-0.100519,-0.136353,-0.155155,0.541869,-0.330823,0.062916,0.019584,-0.026747,0.116225,0.173031,0.381164,-0.386755,0.804897,0.04164,0.427469,-0.14861,0.106908,-0.424199,0.458456,0.77701,-0.059497,0.37724,0.303249
-2.489903,0.526084,0.743752,0.02013,-0.041526,0.742824,0.667894,-0.128796,0.074402,0.040909,0.646181,-0.423606,-0.047593,-0.101951,-0.142056,-0.153245,0.62374,-0.385119,0.078953,0.014371,-0.033155,0.14191,0.189648,0.390428,-0.373912,0.783391,0.005951,0.409082,-0.13611,0.045643,-0.440082,0.442711,0.828913,-0.078049,0.349411,0.324001
-2.490487,0.530648,0.734992,0.029059,-0.051666,0.741748,0.668054,-0.124608,0.081203,0.039781,0.721754,-0.467435,-0.053822,-0.09376,-0.145791,-0.150025,0.6886,-0.424542,0.091823,0.001346,-0.048594,0.173328,0.207542,0.402267,-0.35727,0.781736,-0.04143,0.378978,-0.101464,-0.037401,-0.470728,0.41751,0.926481,-0.118248,0.298066,0.384619
-2.491441,0.535488,0.733635,0.030974,-0.055292,0.739845,0.669786,-0.113345,0.085899,0.041575,0.734562,-0.471831,-0.058775,-0.083479,-0.143294,-0.147084,0.69739,-0.425057,0.094188,-0.008897,-0.068304,0.177269,0.22155,0.414232,-0.340171,0.820588,-0.062531,0.370369,-0.063249,-0.098206,-0.514382,0.337779,1.059678,-0.101005,0.264568,0.454711
-2.492902,0.539743,0.740921,0.024966,-0.053018,0.737897,0.672364,-0.097398,0.08965,0.04347,0.685143,-0.437381,-0.063342,-0.073367,-0.132694,-0.145756,0.649965,-0.378781,0.086184,-0.012474,-0.087507,0.155417,0.226564,0.425987,-0.324506,0.883461,-0.053646,0.414208,-0.014874,-0.178474,-0.615222,0.186594,1.255687,-0.032214,0.254011,0.590493
-2.494452,0.542398,0.754871,0.011079,-0.043425,0.738175,0.673119,-0.087603,0.088406,0.036192,0.584125,-0.362353,-0.072753,-0.072225,-0.120324,-0.147577,0.560933,-0.285866,0.084739,-0.017751,-0.108503,0.115065,0.24849,0.442966,-0.312666,0.91395,-0.036046,0.487741,0.029044,-0.268846,-0.832572,0.066235,1.421489,0.060435,0.260548,0.673863
-2.495705,0.54371,0.770838,-0.009667,-0.028001,0.739556,0.672443,-0.087036,0.087312,0.021376,0.450769,-0.263398,-0.091533,-0.085829,-0.106089,-0.140427,0.451386,-0.164154,0.111727,-0.020033,-0.122589,0.060372,0.28498,0.457383,-0.304489,0.918466,-0.031492,0.506607,0.045212,-0.404394,-1.159001,-0.009616,1.578951,0.211879,0.285664,0.630426
-2.496127,0.543621,0.783183,-0.028631,-0.013489,0.741906,0.669756,-0.091948,0.087858,0.008731,0.334194,-0.176646,-0.103399,-0.102091,-0.097494,-0.117978,0.359874,-0.066131,0.182988,-0.002253,-0.135641,0.022367,0.306122,0.480944,-0.308046,0.919845,-0.040042,0.470255,0.018475,-0.579081,-1.530396,-0.016281,1.651005,0.404296,0.311408,0.420625
-2.496037,0.542784,0.789518,-0.041234,-0.004086,0.744131,0.666748,-0.095278,0.088493,-0.000247,0.256269,-0.125622,-0.105174,-0.115829,-0.089531,-0.064654,0.318101,-0.043835,0.253787,0.044903,-0.157161,0.019469,0.279412,0.527675,-0.327739,0.941555,-0.04837,0.460316,-0.023221,-0.729792,-1.846032,-0.07129,1.568156,0.602589,0.225361,0.170337
-2.496197,0.542374,0.791011,-0.041754,-0.000674,0.737947,0.673565,-0.071318,0.08843,0.019151,0.201927,-0.10657,-0.113037,-0.131059,-0.111457,-0.056427,0.35528,-0.05469,0.208426,0.141465,-0.158174,0.057351,0.160548,0.54566,-0.377115,1.028985,-0.06725,0.466416,-0.034738,-0.571008,-2.148607,-0.409051,1.417056,0.677946,0.075573,0.133859
-2.494952,0.544911,0.789201,-0.03935,-0.003607,0.730406,0.681869,-0.036138,0.098385,0.042438,0.170667,-0.117118,-0.130034,-0.121242,-0.158261,-0.109896,0.389549,-0.039964,0.129616,0.1459,-0.186565,0.019923,0.151213,0.549682,-0.310121,1.118618,-0.126742,0.485758,0.08226,-0.073988,-2.2515,-1.021899,1.248576,0.543368,-0.091884,0.144566
-2.490473,0.550988,0.784975,-0.033729,0.003276,0.729626,0.683006,-0.011625,0.086105,0.050787,0.142901,-0.130465,-0.14822,-0.090342,-0.182336,-0.086232,0.352607,-0.02326,0.140819,0.141951,-0.271347,-0.03576,0.182717,0.611433,-0.237916,1.123026,-0.232901,0.516973,0.316706,0.049098,-2.2515,-1.079492,0.893123,0.150632,-0.272529,-0.169078
-2.483419,0.557212,0.78201,-0.029415,0.007913,0.725665,0.687374,0.004716,0.085441,0.063247,0.134285,-0.137768,-0.167851,-0.074245,-0.187784,-0.094269,0.342096,-0.057663,0.136874,0.121205,-0.331691,-0.069727,0.217115,0.642239,-0.159668,1.091444,-0.306797,0.499638,0.459964,0.014576,-2.2515,-0.923757,0.632304,-0.264103,-0.159992,-0.750187
-2.472569,0.562278,0.784785,-0.028676,0.004533,0.722546,0.690713,0.015992,0.110531,0.071186,0.13742,-0.116733,-0.185089,-0.0602,-0.167693,-0.109544,0.333743,-0.044845,0.121728,0.142489,-0.353574,-0.065969,0.178372,0.617016,-0.153981,1.084248,-0.296414,0.441599,0.461088,0.050244,-2.2515,-0.892158,0.743639,-0.269651,-0.084657,-0.941012
-2.459378,0.566091,0.791881,-0.02995,-0.008054,0.728092,0.684777,0.021006,0.152652,0.058641,0.15047,-0.075242,-0.186226,-0.022211,-0.124406,-0.123103,0.29804,0.015489,0.114762,0.145518,-0.351106,-0.035522,0.130582,0.585904,-0.18719,1.100339,-0.279276,0.383199,0.436688,0.151186,-2.2515,-0.972951,1.038873,-0.026922,-0.015802,-0.649875
-2.447915,0.567899,0.797741,-0.031906,-0.015765,0.736847,0.675122,0.012895,0.180677,0.04858,0.158924,-0.03553,-0.161899,-0.004646,-0.093358,-0.127228,0.281375,0.067588,0.128821,0.123868,-0.32882,-0.019369,0.097876,0.544544,-0.234146,1.151012,-0.282205,0.401769,0.431713,0.240011,-2.2515,-1.123718,1.290721,0.152172,0.071399,-0.312149
-2.439097,0.567894,0.798498,-0.034732,-0.025497,0.742526,0.66843,-0.000381,0.211876,0.045089,0.187681,-0.043301,-0.133602,0.0072,-0.061393,-0.12511,0.276137,0.085836,0.143771,0.111376,-0.298007,0.00646,0.085654,0.513615,-0.254529,1.16345,-0.314721,0.441602,0.473793,0.280806,-2.2515,-1.444613,1.443494,0.45631,0.226073,-0.121701
-2.429996,0.569078,0.79449,-0.035068,-0.027605,0.739304,0.671891,-0.005686,0.232116,0.062306,0.213428,-0.076134,-0.116346,0.006166,-0.043365,-0.119765,0.289275,0.041248,0.127833,0.106057,-0.313139,0.012953,0.108204,0.525122,-0.223229,1.185085,-0.328735,0.437655,0.509254,0.288892,-2.2515,-1.548067,1.487484,0.747029,0.277396,-0.263888
-2.424145,0.569907,0.788536,-0.028805,-0.023697,0.727812,0.684762,0.004693,0.23191,0.095442,0.233817,-0.109307,-0.118147,0.002357,-0.047856,-0.114523,0.310935,-0.034834,0.093117,0.136273,-0.336924,0.013844,0.12094,0.538786,-0.197181,1.222763,-0.332728,0.422022,0.47762,0.349732,-2.2515,-1.560604,1.349836,0.765103,0.213693,-0.246507
-2.419106,0.570031,0.784067,-0.017863,-0.018508,0.71333,0.700356,0.022159,0.222087,0.126236,0.251781,-0.122567,-0.142158,-0.00165,-0.061052,-0.099266,0.338702,-0.106435,0.059577,0.190943,-0.366434,0.018516,0.12338,0.572184,-0.19003,1.261171,-0.315572,0.408199,0.396987,0.417856,-2.2515,-1.553943,1.124802,0.653394,0.120108,-0.203393
-2.414119,0.569574,0.783486,-0.006692,-0.011401,0.700016,0.714005,0.035887,0.205539,0.141647,0.257039,-0.099571,-0.173517,-0.009656,-0.076628,-0.067437,0.357055,-0.135734,0.046884,0.258207,-0.394225,0.02423,0.118685,0.62354,-0.210014,1.279568,-0.29127,0.400231,0.352022,0.467807,-2.2515,-1.550873,0.860426,0.496982,0.062244,-0.19989
-2.408258,0.568076,0.787083,-0.001368,-0.004388,0.690811,0.723021,0.038861,0.196472,0.140724,0.245016,-0.048726,-0.204516,-0.022832,-0.081366,-0.038365,0.357458,-0.119353,0.043623,0.293727,-0.417324,0.017691,0.117927,0.676854,-0.2199,1.28328,-0.280865,0.399481,0.393477,0.470678,-2.2515,-1.508026,0.655758,0.317724,0.028308,-0.217477
-2.400947,0.566216,0.791567,-0.002883,-0.00153,0.688144,0.725567,0.033971,0.204548,0.128382,0.226809,-0.002408,-0.221599,-0.026331,-0.069003,-0.026682,0.336599,-0.091746,0.040605,0.275624,-0.428115,-0.004758,0.14149,0.712758,-0.185421,1.26273,-0.283759,0.397021,0.471103,0.384951,-2.2515,-1.353922,0.619387,0.104681,0.04063,-0.288487
-2.392729,0.564249,0.792958,-0.004477,0.002395,0.692038,0.721843,0.021977,0.210141,0.115872,0.21381,0.020146,-0.223342,-0.02649,-0.06206,-0.032292,0.321047,-0.092393,0.037671,0.236721,-0.425801,-0.019435,0.167138,0.711795,-0.136998,1.223296,-0.289164,0.387228,0.49608,0.283718,-2.2515,-1.200203,0.721478,0.02432,0.067718,-0.360367
-2.383957,0.56214,0.790231,-0.007739,0.004993,0.700022,0.714062,0.011023,0.219472,0.109328,0.200621,0.00713,-0.213165,-0.0232,-0.052516,-0.055162,0.308927,-0.119652,0.031453,0.192936,-0.402493,-0.029462,0.179622,0.673885,-0.101536,1.181024,-0.290413,0.366499,0.485319,0.225956,-2.2515,-1.124765,0.92236,0.044119,0.108224,-0.376815
-2.374705,0.559471,0.785968,-0.011406,0.002838,0.711866,0.702217,-0.004101,0.23773,0.101838,0.201737,-0.022307,-0.198272,-0.014815,-0.035064,-0.091177,0.303214,-0.152895,0.01855,0.160018,-0.362029,-0.022592,0.163895,0.627682,-0.097319,1.151025,-0.290099,0.349995,0.434544,0.188279,-2.2515,-1.162245,1.149487,0.17006,0.136805,-0.28613
-2.36714,0.556345,0.783704,-0.013652,0.000005,0.724553,0.689084,-0.022342,0.251261,0.103612,0.206665,-0.032799,-0.171011,-0.004902,-0.021244,-0.125014,0.295406,-0.169723,0.008791,0.140199,-0.317398,-0.009706,0.136657,0.588273,-0.125211,1.130346,-0.29463,0.343595,0.38371,0.172213,-2.2515,-1.346261,1.270865,0.369964,0.226593,-0.216794
-2.361178,0.553679,0.785109,-0.011011,0.001881,0.73286,0.680288,-0.043753,0.247102,0.102481,0.221143,-0.003857,-0.148967,0.002667,-0.02458,-0.151277,0.284708,-0.164955,0.001237,0.120099,-0.311683,0.003782,0.117103,0.603117,-0.149727,1.122655,-0.289249,0.372473,0.321228,0.197005,-2.2515,-1.532176,1.296514,0.680423,0.282004,-0.390133
-2.358046,0.551736,0.788359,-0.003078,0.007062,0.731569,0.681724,-0.039483,0.228139,0.100693,0.211264,0.045353,-0.156845,0.005267,-0.040328,-0.151774,0.281278,-0.156936,-0.015764,0.125658,-0.316697,-0.006434,0.087634,0.625987,-0.180271,1.160855,-0.2644,0.430931,0.316365,0.289332,-2.2515,-1.539312,1.163445,0.68887,0.147615,-0.479274
-2.35733,0.549931,0.790444,0.006465,0.011712,0.724573,0.689068,-0.024267,0.206531,0.098798,0.199806,0.07572,-0.166801,0.003519,-0.059406,-0.139132,0.288423,-0.156794,-0.030441,0.166052,-0.317502,-0.019669,0.05015,0.632861,-0.223961,1.18759,-0.256636,0.46024,0.366772,0.383172,-2.2515,-1.515043,0.943084,0.526894,0.026532,-0.426378
-2.35769,0.547932,0.790317,0.014848,0.01679,0.717229,0.696477,-0.015917,0.183775,0.092569,0.199241,0.083455,-0.170961,-0.002038,-0.078844,-0.122334,0.300285,-0.172141,-0.037848,0.177793,-0.330963,-0.040032,0.066311,0.636084,-0.206685,1.171502,-0.265286,0.429815,0.40359,0.370681,-2.2515,-1.356326,0.788714,0.258075,-0.040679,-0.447281
-2.35793,0.545397,0.788476,0.017429,0.019165,0.714481,0.699175,-0.015847,0.174639,0.074591,0.198118,0.078713,-0.18895,-0.009902,-0.085915,-0.115826,0.310486,-0.189251,-0.040543,0.162694,-0.334394,-0.052233,0.098981,0.627853,-0.157073,1.12857,-0.267294,0.398513,0.39512,0.290675,-2.2515,-1.185243,0.770182,0.089988,-0.016091,-0.551722
-2.357961,0.542571,0.78675,0.016415,0.018502,0.715987,0.697675,-0.017273,0.173344,0.03612,0.191534,0.068237,-0.209939,-0.013892,-0.083854,-0.116716,0.313854,-0.199441,-0.036191,0.15259,-0.304523,-0.052887,0.108785,0.577494,-0.137921,1.097742,-0.257795,0.375634,0.373303,0.237938,-2.2515,-1.131469,0.888503,0.089489,0.029213,-0.561875
-2.357836,0.539128,0.785917,0.014638,0.015381,0.720978,0.692633,-0.024728,0.174532,-0.009246,0.192642,0.058972,-0.221187,-0.012457,-0.07839,-0.127905,0.31262,-0.201347,-0.030894,0.146628,-0.264931,-0.04093,0.105348,0.528134,-0.15425,1.08165,-0.23952,0.363475,0.340696,0.207086,-2.2515,-1.18956,1.083329,0.214884,0.096942,-0.446983
-2.35862,0.535084,0.785769,0.010559,0.011387,0.727955,0.685449,-0.038358,0.180662,-0.033614,0.195245,0.051125,-0.21699,-0.0051,-0.068984,-0.146876,0.294399,-0.195106,-0.028328,0.135047,-0.225087,-0.028541,0.108374,0.49288,-0.190385,1.066802,-0.230796,0.37445,0.317358,0.18744,-2.2515,-1.337787,1.22436,0.394009,0.215163,-0.346987
-2.360134,0.531114,0.784783,0.004133,0.008507,0.733374,0.67976,-0.05696,0.189202,-0.031844,0.206413,0.01778,-0.17915,0.005117,-0.057194,-0.167286,0.258834,-0.188222,-0.021075,0.119885,-0.209459,-0.019326,0.128725,0.501738,-0.222171,1.036246,-0.215709,0.420749,0.260002,0.202161,-2.2515,-1.460386,1.275685,0.643611,0.2966,-0.508005
-2.363388,0.528468,0.783326,0.003009,0.009601,0.729357,0.684059,-0.05668,0.188296,-0.007537,0.207561,-0.002975,-0.164741,0.005199,-0.059194,-0.161699,0.242739,-0.193761,-0.016425,0.12744,-0.202406,-0.025597,0.145954,0.511263,-0.241102,1.044632,-0.182809,0.46277,0.190151,0.274459,-2.2515,-1.459084,1.172868,0.622025,0.180669,-0.620797
-2.368715,0.526658,0.782417,0.006543,0.010458,0.715036,0.698979,-0.036636,0.184414,0.025873,0.206468,-0.015126,-0.175412,-0.004972,-0.067359,-0.124535,0.252663,-0.20241,-0.010341,0.175353,-0.197823,-0.033044,0.14576,0.522348,-0.270149,1.072228,-0.147431,0.498597,0.151708,0.38018,-2.2515,-1.473202,0.966604,0.47176,0.10374,-0.537263
-2.374404,0.524792,0.783113,0.010295,0.012011,0.700885,0.713098,-0.018326,0.176549,0.045467,0.20009,-0.009762,-0.199565,-0.020431,-0.07686,-0.086206,0.268056,-0.202142,-0.012602,0.210605,-0.20596,-0.03842,0.153159,0.541273,-0.272102,1.088357,-0.13981,0.505368,0.173103,0.433418,-2.2515,-1.438717,0.757516,0.305982,0.040572,-0.370769
-2.379373,0.523077,0.784359,0.011971,0.015723,0.692513,0.721135,-0.016684,0.162124,0.035008,0.19742,0.001325,-0.218457,-0.035831,-0.087291,-0.060535,0.274856,-0.197175,-0.013916,0.19715,-0.237879,-0.052837,0.196012,0.575526,-0.218363,1.07897,-0.155245,0.488996,0.228429,0.356313,-2.2515,-1.256653,0.636705,0.064839,0.032734,-0.404103
-2.383491,0.521938,0.784648,0.011041,0.016761,0.690467,0.723085,-0.018692,0.152841,0.003575,0.195879,-0.004445,-0.231724,-0.041871,-0.091967,-0.052819,0.273847,-0.194154,-0.01067,0.17359,-0.254084,-0.059188,0.227675,0.581398,-0.160946,1.067635,-0.174306,0.477883,0.259769,0.253392,-2.2515,-1.092287,0.639094,-0.053792,0.058987,-0.503264
-2.387905,0.520914,0.783731,0.007037,0.014216,0.693887,0.719909,-0.020215,0.151345,-0.032595,0.191103,-0.027318,-0.233481,-0.040504,-0.089514,-0.059538,0.267953,-0.192787,-0.002456,0.154638,-0.244991,-0.064275,0.23439,0.553597,-0.127774,1.069218,-0.187346,0.464836,0.267985,0.18992,-2.2515,-1.00985,0.759892,-0.06986,0.088627,-0.551559
-2.39214,0.519786,0.781751,0.00174,0.008926,0.702892,0.711239,-0.024782,0.15549,-0.051574,0.192461,-0.068527,-0.20671,-0.034126,-0.084224,-0.0823,0.264708,-0.196013,0.007689,0.142721,-0.220395,-0.062149,0.216725,0.517562,-0.135844,1.074317,-0.192025,0.45009,0.261158,0.156425,-2.2515,-1.011216,0.955763,0.021812,0.126942,-0.495088
-2.396846,0.518681,0.779767,-0.003935,0.001638,0.713154,0.700994,-0.031804,0.163424,-0.052846,0.198535,-0.107017,-0.16137,-0.02075,-0.076336,-0.110737,0.25459,-0.194666,0.018499,0.134304,-0.184297,-0.056151,0.196849,0.485976,-0.176904,1.069681,-0.191595,0.443589,0.247509,0.171617,-2.2515,-1.192109,1.127389,0.206594,0.177913,-0.359086
-2.401458,0.517699,0.77948,-0.007238,-0.003887,0.719252,0.694701,-0.038424,0.166079,-0.053038,0.210018,-0.124772,-0.124004,-0.00646,-0.071872,-0.128927,0.237198,-0.181672,0.027085,0.135584,-0.170998,-0.041033,0.194847,0.494062,-0.239182,1.018806,-0.181243,0.464664,0.206354,0.227713,-2.2515,-1.431258,1.197801,0.483339,0.207208,-0.360822
-2.406691,0.517419,0.77961,-0.00622,-0.005532,0.718542,0.695434,-0.031615,0.159898,-0.051444,0.20919,-0.127106,-0.12135,0.00121,-0.078064,-0.126849,0.228341,-0.174739,0.034467,0.132163,-0.186441,-0.046728,0.201399,0.532745,-0.276956,0.99831,-0.150401,0.484403,0.155582,0.335898,-2.2515,-1.447888,1.117496,0.485102,0.168567,-0.428235
-2.412571,0.517138,0.779897,-0.002502,-0.006104,0.711468,0.702688,-0.017971,0.15061,-0.033612,0.209782,-0.130077,-0.118952,0.001415,-0.08821,-0.107436,0.230575,-0.17127,0.037643,0.164662,-0.201488,-0.053001,0.177194,0.575517,-0.325862,0.997041,-0.109974,0.503127,0.123473,0.438103,-2.2515,-1.436813,0.937873,0.3902,0.132194,-0.422699
-2.418483,0.516113,0.780187,0.001468,-0.005546,0.703367,0.710804,-0.007421,0.139057,-0.010029,0.21181,-0.133018,-0.111927,-0.004788,-0.100029,-0.084366,0.238421,-0.169238,0.039722,0.207735,-0.227635,-0.054664,0.144152,0.617585,-0.343791,0.99557,-0.094623,0.500617,0.144707,0.461028,-2.2515,-1.380172,0.788879,0.240958,0.101955,-0.404008
-2.424292,0.514309,0.780211,0.00168,-0.00446,0.700276,0.713857,-0.00816,0.130099,0.000088,0.211018,-0.13631,-0.10709,-0.011102,-0.108749,-0.074646,0.23686,-0.163273,0.045335,0.219899,-0.254108,-0.059798,0.139295,0.637195,-0.297749,0.984141,-0.123472,0.472939,0.226576,0.410582,-2.2515,-1.265748,0.732014,0.099114,0.138316,-0.455555
-2.430001,0.512308,0.78001,-0.000284,-0.004744,0.70268,0.71149,-0.013842,0.124092,-0.003248,0.209131,-0.144228,-0.104691,-0.013658,-0.114888,-0.079001,0.233316,-0.156752,0.050412,0.220114,-0.25865,-0.059796,0.145518,0.612375,-0.249395,0.967276,-0.166245,0.450962,0.281222,0.351047,-2.2515,-1.185255,0.745156,0.065761,0.178197,-0.50377
-2.436234,0.51039,0.77982,-0.004055,-0.006646,0.709996,0.704163,-0.022955,0.119856,-0.019224,0.207006,-0.15396,-0.10303,-0.009541,-0.11871,-0.096646,0.224099,-0.147457,0.055713,0.207126,-0.246698,-0.056607,0.151753,0.559907,-0.215145,0.959954,-0.206963,0.432178,0.305686,0.309729,-2.2515,-1.164741,0.827522,0.108553,0.218132,-0.516915
-2.442279,0.507888,0.779655,-0.0074,-0.009356,0.718333,0.695597,-0.035153,0.115007,-0.041387,0.211147,-0.162305,-0.102683,-0.003547,-0.122087,-0.118074,0.215522,-0.137574,0.058578,0.183439,-0.231365,-0.048247,0.150806,0.528059,-0.221565,0.960983,-0.222222,0.430365,0.292191,0.289642,-2.2515,-1.18474,0.923872,0.173745,0.250701,-0.507413
-2.447756,0.504789,0.779728,-0.009788,-0.011444,0.724095,0.689536,-0.0471,0.109653,-0.057791,0.218122,-0.168451,-0.102317,-0.00221,-0.12634,-0.133861,0.211607,-0.127227,0.060772,0.165391,-0.221436,-0.03827,0.141593,0.528417,-0.265896,0.964525,-0.199306,0.448779,0.249731,0.288188,-2.2515,-1.215289,1.017118,0.238968,0.283592,-0.499361
-2.453202,0.501805,0.779683,-0.011127,-0.01305,0.72481,0.688735,-0.053653,0.105488,-0.060449,0.224876,-0.178623,-0.103677,-0.008017,-0.130938,-0.136164,0.215739,-0.118878,0.063372,0.181943,-0.214495,-0.027225,0.110713,0.545683,-0.334925,0.977851,-0.150446,0.47606,0.190826,0.321238,-2.2515,-1.321513,1.102974,0.355638,0.329467,-0.489026
-2.459188,0.499225,0.779456,-0.011374,-0.01354,0.720192,0.69355,-0.052127,0.101415,-0.047059,0.225164,-0.190564,-0.105405,-0.022768,-0.136795,-0.121264,0.229015,-0.113724,0.067057,0.222859,-0.208985,-0.012111,0.072602,0.559412,-0.389952,0.994724,-0.097249,0.506227,0.129835,0.362169,-2.2515,-1.473857,1.149621,0.53568,0.361588,-0.509887
-2.465694,0.497171,0.77878,-0.010052,-0.013335,0.713455,0.700502,-0.043917,0.094953,-0.026142,0.220037,-0.205439,-0.108394,-0.039831,-0.144861,-0.098426,0.247214,-0.11371,0.069205,0.260727,-0.209266,-0.000249,0.049399,0.563612,-0.391125,1.012907,-0.080015,0.517537,0.104587,0.422029,-2.2515,-1.564409,1.13077,0.653859,0.309652,-0.529692
-2.47249,0.496314,0.777722,-0.007507,-0.013508,0.706672,0.707373,-0.03239,0.086923,-0.003354,0.216037,-0.221553,-0.114348,-0.053766,-0.154356,-0.074685,0.267017,-0.116142,0.074219,0.287225,-0.201081,0.006985,0.045467,0.552901,-0.371981,1.021368,-0.107822,0.510945,0.136691,0.508714,-2.2515,-1.620609,1.012585,0.649831,0.224166,-0.510363
-2.479449,0.496191,0.77605,-0.003795,-0.015218,0.699928,0.714041,-0.017078,0.078333,0.017761,0.214194,-0.237725,-0.118015,-0.066719,-0.163549,-0.049768,0.295012,-0.123069,0.081044,0.296081,-0.178864,0.009132,0.061415,0.521415,-0.357207,1.027475,-0.160046,0.493103,0.187069,0.633046,-2.2515,-1.694029,0.787829,0.561073,0.127848,-0.488432
-2.485661,0.496849,0.774667,-0.002914,-0.017165,0.697582,0.716293,-0.008015,0.072303,0.025014,0.211701,-0.248396,-0.119962,-0.070677,-0.16945,-0.039941,0.307009,-0.123393,0.087084,0.258481,-0.159238,-0.001688,0.102414,0.503111,-0.328831,1.024798,-0.181855,0.484906,0.200244,0.702423,-2.2515,-1.67373,0.542582,0.455708,0.056906,-0.509467
-2.490575,0.498908,0.774043,-0.005431,-0.016025,0.700115,0.71383,-0.008674,0.065064,0.019482,0.20481,-0.250555,-0.116813,-0.073234,-0.177005,-0.045253,0.309477,-0.12054,0.092897,0.177489,-0.146866,-0.029775,0.169519,0.491987,-0.27609,1.010327,-0.161764,0.485061,0.171757,0.559899,-2.2515,-1.45341,0.293038,0.16429,0.0078,-0.665678
-2.493277,0.501707,0.773942,-0.00857,-0.01286,0.706197,0.707846,-0.018222,0.05647,0.004257,0.204515,-0.249789,-0.112696,-0.072374,-0.18609,-0.060278,0.306523,-0.117717,0.095219,0.09054,-0.16842,-0.047617,0.224542,0.525966,-0.214941,0.985338,-0.112589,0.493125,0.124373,0.12475,-2.2515,-0.987181,0.178951,-0.237221,0.005028,-0.965077
-2.494183,0.504285,0.774022,-0.010022,-0.011225,0.713768,0.700221,-0.029467,0.049229,-0.015969,0.215456,-0.25046,-0.109056,-0.067779,-0.193839,-0.079118,0.309765,-0.117511,0.095224,0.014585,-0.211774,-0.068007,0.270602,0.574606,-0.143386,0.981706,-0.09098,0.490881,0.111508,-0.09357,-2.2515,-0.696509,0.265964,-0.49353,0.037998,-1.19743
-2.495291,0.505947,0.774243,-0.01234,-0.014371,0.719734,0.693991,-0.031475,0.052069,-0.033293,0.218735,-0.24674,-0.105574,-0.058588,-0.190583,-0.094568,0.309999,-0.11235,0.094693,0.01901,-0.196119,-0.065765,0.235509,0.551072,-0.153842,0.99991,-0.090566,0.486819,0.111033,-0.115298,-2.2515,-0.567154,0.500262,-0.34589,0.109951,-1.163229
-2.496295,0.507181,0.774064,-0.012063,-0.020221,0.724119,0.689273,-0.032277,0.055289,-0.050021,0.238022,-0.249278,-0.098737,-0.044939,-0.186352,-0.10699,0.314471,-0.112268,0.097094,0.059302,-0.168007,-0.046982,0.160778,0.511261,-0.189873,1.039667,-0.112479,0.469869,0.119746,-0.058166,-2.2515,-0.528057,0.857702,-0.033582,0.206485,-1.005213
-2.496673,0.508744,0.773681,-0.011294,-0.025198,0.725014,0.68818,-0.028984,0.06017,-0.056457,0.252667,-0.251897,-0.095679,-0.035565,-0.18108,-0.110588,0.320024,-0.115253,0.097889,0.078668,-0.131782,-0.038513,0.1122,0.456173,-0.202942,1.09087,-0.143114,0.44088,0.152214,0.172953,-2.2515,-0.88663,1.219759,0.146523,0.236991,-0.675628
-2.496312,0.510655,0.773456,-0.009325,-0.027927,0.723238,0.689971,-0.02186,0.063063,-0.053528,0.260438,-0.252779,-0.095023,-0.031645,-0.178303,-0.105471,0.328247,-0.116799,0.098415,0.099052,-0.1295,-0.028136,0.075546,0.442423,-0.215733,1.128297,-0.157658,0.427412,0.185867,0.246619,-2.2515,-1.221939,1.457708,0.378943,0.256203,-0.419791
-2.495911,0.512689,0.773825,-0.008156,-0.028903,0.720408,0.6929,-0.01657,0.064784,-0.048167,0.265288,-0.250114,-0.09128,-0.029809,-0.175772,-0.098047,0.329829,-0.11429,0.098702,0.115664,-0.144164,-0.024171,0.066195,0.450885,-0.228626,1.136327,-0.164613,0.435817,0.219979,0.245656,-2.2515,-1.366645,1.531995,0.609588,0.26893,-0.423413
-2.495425,0.515066,0.774394,-0.00616,-0.028702,0.716604,0.696862,-0.006951,0.064019,-0.039231,0.262579,-0.246637,-0.085819,-0.024628,-0.175507,-0.08818,0.323715,-0.112236,0.100675,0.124488,-0.15983,-0.02576,0.075717,0.459329,-0.250564,1.134548,-0.168173,0.441445,0.23115,0.30086,-2.2515,-1.402204,1.454748,0.660237,0.246886,-0.389744
-2.495209,0.517795,0.774761,-0.00289,-0.027837,0.710326,0.703316,0.007031,0.061194,-0.022776,0.257404,-0.243351,-0.081197,-0.019783,-0.177509,-0.07146,0.317313,-0.114355,0.103126,0.144568,-0.175642,-0.027893,0.093843,0.470509,-0.294055,1.113431,-0.160805,0.44966,0.208749,0.375759,-2.2515,-1.439164,1.287032,0.613525,0.18688,-0.374354
-2.49478,0.520357,0.774857,0.000987,-0.026773,0.703154,0.710533,0.022537,0.057852,-0.003305,0.250915,-0.241163,-0.078077,-0.015322,-0.180352,-0.052956,0.311459,-0.119402,0.105393,0.175204,-0.193031,-0.032015,0.112083,0.493647,-0.353109,1.078852,-0.131068,0.461869,0.152902,0.452173,-2.2515,-1.481385,1.068368,0.51134,0.128065,-0.376957
-2.493346,0.522583,0.774818,0.004958,-0.024919,0.696992,0.716629,0.034433,0.053604,0.013637,0.246955,-0.238706,-0.074879,-0.011518,-0.18431,-0.038162,0.306622,-0.126605,0.107041,0.206754,-0.21227,-0.038142,0.120934,0.52969,-0.410199,1.04744,-0.080363,0.469826,0.077558,0.512023,-2.2515,-1.502188,0.829312,0.390976,0.107041,-0.404145
-2.490937,0.524364,0.774762,0.00789,-0.022127,0.692989,0.720566,0.040808,0.049764,0.025068,0.24374,-0.235952,-0.072033,-0.00889,-0.188254,-0.029756,0.301491,-0.134996,0.106697,0.232797,-0.236085,-0.04483,0.115392,0.569362,-0.443304,1.046077,-0.033395,0.46792,0.021246,0.529245,-2.2515,-1.482745,0.621381,0.267779,0.109812,-0.432675
-2.487885,0.526042,0.77508,0.008257,-0.01927,0.69204,0.721554,0.042371,0.049541,0.028287,0.237947,-0.230186,-0.070333,-0.005364,-0.188731,-0.030742,0.291779,-0.139398,0.105262,0.248169,-0.256054,-0.051427,0.107164,0.59583,-0.443424,1.06527,-0.024839,0.480119,0.020149,0.509248,-2.2515,-1.461371,0.476427,0.163757,0.110178,-0.432
-2.484149,0.527351,0.775447,0.007948,-0.016659,0.693704,0.720024,0.041042,0.050498,0.024446,0.232631,-0.224611,-0.070883,-0.001672,-0.188348,-0.037354,0.284407,-0.142322,0.104015,0.238778,-0.273788,-0.060218,0.110758,0.619783,-0.413344,1.083384,-0.04032,0.483078,0.053539,0.441857,-2.2515,-1.403736,0.396811,0.01413,0.090417,-0.448862
-2.480058,0.528411,0.775653,0.006836,-0.014079,0.698247,0.715685,0.037006,0.052378,0.015612,0.226649,-0.220396,-0.072025,0.001768,-0.187809,-0.050197,0.279894,-0.14758,0.104509,0.203182,-0.285975,-0.074127,0.136931,0.635559,-0.355609,1.082342,-0.05303,0.473126,0.077074,0.342707,-2.2515,-1.27942,0.399617,-0.116365,0.077224,-0.507214
-2.475688,0.529183,0.776025,0.004788,-0.011336,0.705956,0.708149,0.027905,0.054189,-0.002436,0.222038,-0.214809,-0.073932,0.004361,-0.18745,-0.071118,0.278223,-0.150777,0.105048,0.171156,-0.294386,-0.080414,0.162041,0.640747,-0.293645,1.068221,-0.063884,0.456372,0.098041,0.221817,-2.2515,-1.095961,0.527587,-0.205401,0.070875,-0.575687
-2.471287,0.529939,0.77681,0.002253,-0.01111,0.713963,0.700092,0.023063,0.060843,-0.021707,0.213773,-0.20521,-0.076478,0.012408,-0.181835,-0.093897,0.271389,-0.147945,0.105149,0.157498,-0.281885,-0.079134,0.168674,0.613139,-0.257489,1.062775,-0.08109,0.440096,0.114333,0.154114,-2.2515,-0.971952,0.726062,-0.197428,0.048242,-0.572423
-2.466938,0.530616,0.777452,-0.00034,-0.01276,0.721558,0.692236,0.021601,0.070724,-0.042023,0.204089,-0.197185,-0.081042,0.022422,-0.17228,-0.115001,0.264409,-0.144886,0.105137,0.146421,-0.251687,-0.073313,0.175547,0.565813,-0.235029,1.05743,-0.10403,0.418745,0.129315,0.133921,-2.2515,-0.937437,0.941936,-0.113055,0.025488,-0.490265
-2.462989,0.530992,0.777585,-0.004397,-0.015039,0.728938,0.684401,0.016946,0.083457,-0.064134,0.196504,-0.19203,-0.091197,0.030171,-0.159805,-0.136732,0.257754,-0.14266,0.104625,0.121673,-0.209559,-0.06832,0.193419,0.508016,-0.20425,1.04096,-0.130799,0.385468,0.146101,0.144241,-2.2515,-0.967559,1.159622,0.008847,0.008749,-0.359289
-2.459246,0.531205,0.77732,-0.00855,-0.017167,0.733917,0.678968,0.011566,0.097136,-0.07805,0.19181,-0.190694,-0.099167,0.0309,-0.146199,-0.150612,0.258754,-0.144352,0.100655,0.102667,-0.169817,-0.065403,0.200738,0.450569,-0.180597,1.048727,-0.144516,0.36174,0.152659,0.155096,-2.2515,-1.006876,1.375399,0.104112,0.02872,-0.262966
-2.455141,0.530664,0.776742,-0.015034,-0.019807,0.738352,0.673956,-0.003953,0.115906,-0.093591,0.198597,-0.195039,-0.116267,0.027378,-0.12747,-0.1669,0.258842,-0.144466,0.091877,0.082243,-0.138983,-0.057183,0.20932,0.399513,-0.138215,1.040937,-0.178642,0.349974,0.188663,0.160804,-2.251495,-1.070794,1.600595,0.277651,0.117997,-0.163453
-2.451251,0.530191,0.776236,-0.020659,-0.022042,0.742309,0.669376,-0.022796,0.131732,-0.107655,0.21466,-0.202995,-0.12823,0.025128,-0.110549,-0.179446,0.256425,-0.141854,0.087005,0.062926,-0.133404,-0.051556,0.222016,0.380256,-0.106337,1.03407,-0.218591,0.364555,0.237201,0.1602,-2.216322,-1.109719,1.699031,0.516712,0.253123,-0.206589
-2.44853,0.529698,0.775944,-0.023725,-0.02398,0.745526,0.665623,-0.035635,0.141296,-0.119409,0.227627,-0.207682,-0.13469,0.028175,-0.09925,-0.189308,0.249752,-0.140358,0.084957,0.049787,-0.139659,-0.046478,0.223372,0.382486,-0.105176,1.043829,-0.230758,0.383623,0.248396,0.197705,-2.170777,-1.097546,1.699357,0.683431,0.359605,-0.337452
-2.446806,0.528846,0.775687,-0.023391,-0.024447,0.746699,0.6643,-0.039821,0.143016,-0.124285,0.233307,-0.208112,-0.138047,0.031777,-0.096464,-0.193708,0.245276,-0.143713,0.082449,0.050708,-0.145162,-0.043448,0.211789,0.398938,-0.132603,1.064565,-0.222363,0.398009,0.237036,0.229925,-2.197559,-1.107653,1.697767,0.721515,0.373776,-0.364898
-2.445434,0.527584,0.775596,-0.021366,-0.024605,0.74586,0.665305,-0.042164,0.141767,-0.125479,0.242425,-0.207346,-0.140443,0.03538,-0.096614,-0.195398,0.24166,-0.149159,0.075897,0.063744,-0.161947,-0.040648,0.187219,0.433497,-0.168256,1.097546,-0.198909,0.410929,0.216295,0.25063,-2.2515,-1.136421,1.689439,0.728028,0.350873,-0.34801
-2.445404,0.526026,0.776156,-0.016909,-0.023867,0.74192,0.66985,-0.038068,0.135053,-0.116488,0.24975,-0.204969,-0.133215,0.039275,-0.102236,-0.1877,0.236644,-0.150527,0.069287,0.09805,-0.20243,-0.035161,0.150896,0.491872,-0.19869,1.139306,-0.161953,0.407477,0.188361,0.269716,-2.2515,-1.157485,1.589351,0.691212,0.312872,-0.297138
-2.445361,0.524266,0.777322,-0.013357,-0.02158,0.735921,0.676592,-0.031302,0.128846,-0.10104,0.245031,-0.195848,-0.125654,0.038054,-0.107673,-0.171958,0.228493,-0.145551,0.06507,0.145207,-0.239371,-0.029117,0.125635,0.529855,-0.199724,1.157845,-0.16602,0.3672,0.221528,0.280279,-2.2515,-1.187876,1.445283,0.598451,0.249732,-0.245836
-2.445418,0.522069,0.778487,-0.010441,-0.018217,0.728893,0.684305,-0.023326,0.122857,-0.08022,0.232408,-0.184711,-0.118623,0.03465,-0.113529,-0.15296,0.21621,-0.140614,0.064468,0.18878,-0.278608,-0.024259,0.116105,0.558318,-0.187909,1.162289,-0.200963,0.326005,0.293886,0.301233,-2.2515,-1.201449,1.273514,0.472968,0.185662,-0.202066
-2.445236,0.519736,0.778787,-0.008035,-0.014365,0.722539,0.691134,-0.016249,0.117105,-0.060626,0.21786,-0.180063,-0.114406,0.030295,-0.11977,-0.136221,0.204364,-0.141058,0.067674,0.225099,-0.318106,-0.021983,0.118158,0.589945,-0.190934,1.158459,-0.236375,0.308828,0.348245,0.320167,-2.2515,-1.191757,1.097759,0.344152,0.15429,-0.19589
-2.444683,0.51758,0.778429,-0.007178,-0.011258,0.718765,0.695125,-0.013209,0.113856,-0.048538,0.205799,-0.180041,-0.111431,0.028657,-0.123206,-0.128294,0.189862,-0.143181,0.07461,0.260685,-0.340437,-0.020551,0.109083,0.61536,-0.23171,1.162935,-0.240852,0.314462,0.355501,0.327877,-2.2515,-1.220059,0.928971,0.265869,0.130999,-0.191153
-2.44359,0.515894,0.777922,-0.004056,-0.008759,0.714476,0.699593,-0.008848,0.108915,-0.035355,0.202174,-0.182049,-0.110427,0.031396,-0.128608,-0.117539,0.176187,-0.145188,0.082209,0.308298,-0.353245,-0.013008,0.074182,0.645667,-0.313698,1.18091,-0.220157,0.333775,0.331627,0.359578,-2.2515,-1.303446,0.772604,0.189748,0.11005,-0.1567
-2.441738,0.514964,0.777726,-0.003208,-0.006803,0.713917,0.70019,-0.008597,0.107213,-0.034113,0.196266,-0.178951,-0.109712,0.03703,-0.129913,-0.118342,0.159282,-0.144529,0.088486,0.315289,-0.353569,-0.020179,0.062662,0.658062,-0.349644,1.193391,-0.190429,0.348932,0.31788,0.362226,-2.2515,-1.323826,0.656826,0.107647,0.091003,-0.1552
-2.439195,0.514562,0.777502,-0.002327,-0.005153,0.714676,0.699433,-0.009498,0.106411,-0.035351,0.193201,-0.175887,-0.109753,0.039906,-0.130733,-0.121006,0.152397,-0.146797,0.091544,0.299076,-0.350261,-0.034514,0.075814,0.659307,-0.326459,1.193996,-0.182878,0.355034,0.317399,0.334558,-2.2515,-1.277827,0.614256,0.029976,0.079331,-0.208735
-2.436444,0.514346,0.777378,-0.002425,-0.003672,0.716635,0.697434,-0.012747,0.106808,-0.040368,0.190181,-0.170435,-0.109379,0.037768,-0.130179,-0.125705,0.154105,-0.148959,0.09275,0.270225,-0.33511,-0.046096,0.105766,0.634481,-0.267293,1.185927,-0.188236,0.355136,0.319128,0.280982,-2.2515,-1.203035,0.652521,-0.036982,0.07696,-0.294188
-2.43316,0.514472,0.777497,-0.003224,-0.003319,0.719931,0.69403,-0.016252,0.110408,-0.048184,0.187528,-0.164765,-0.10844,0.034042,-0.126664,-0.132974,0.163197,-0.153019,0.090896,0.238704,-0.309618,-0.049375,0.135123,0.588797,-0.204005,1.176552,-0.202319,0.346947,0.316202,0.23405,-2.2515,-1.132823,0.765092,-0.04971,0.083091,-0.349331
-2.429397,0.515035,0.777505,-0.004095,-0.004175,0.72389,0.68989,-0.018398,0.116444,-0.058791,0.185647,-0.160938,-0.108839,0.031676,-0.120781,-0.142354,0.175761,-0.160111,0.087141,0.206897,-0.278623,-0.04916,0.160226,0.540753,-0.16108,1.168231,-0.214892,0.340093,0.30893,0.202192,-2.2515,-1.073928,0.923171,-0.020475,0.086533,-0.341187
-2.425236,0.51616,0.777167,-0.004901,-0.005495,0.727635,0.685925,-0.019532,0.124078,-0.069054,0.185467,-0.160501,-0.11175,0.029725,-0.113726,-0.151259,0.190679,-0.170642,0.083339,0.176689,-0.24436,-0.047308,0.183968,0.500193,-0.148084,1.155175,-0.21647,0.340325,0.302705,0.175076,-2.2515,-1.027243,1.103839,0.035527,0.089222,-0.286327
-2.420976,0.517561,0.776554,-0.006506,-0.007229,0.731191,0.682103,-0.020023,0.134321,-0.078561,0.183264,-0.160926,-0.116878,0.029295,-0.104363,-0.160824,0.201635,-0.180309,0.080563,0.143043,-0.198644,-0.046954,0.211691,0.451141,-0.151286,1.13984,-0.214236,0.349644,0.301601,0.160775,-2.2515,-1.030718,1.273554,0.110586,0.122538,-0.218559
-2.415726,0.518878,0.775627,-0.010776,-0.009725,0.735441,0.677433,-0.027241,0.151321,-0.091819,0.185053,-0.16392,-0.13065,0.026629,-0.088178,-0.174331,0.211122,-0.188557,0.07438,0.098405,-0.152337,-0.040009,0.257007,0.405483,-0.157856,1.08416,-0.217537,0.382356,0.295007,0.153841,-2.2515,-1.090348,1.463393,0.292616,0.188029,-0.166312
-2.410333,0.520398,0.774648,-0.014618,-0.010827,0.739623,0.672775,-0.037059,0.165449,-0.103561,0.189106,-0.16735,-0.141555,0.024356,-0.074736,-0.187243,0.216575,-0.19484,0.072384,0.056535,-0.132884,-0.030877,0.297419,0.383995,-0.162166,1.035998,-0.221511,0.404625,0.286753,0.124553,-2.2515,-1.169742,1.670369,0.523113,0.294765,-0.214224
-2.406187,0.521599,0.773906,-0.018655,-0.01217,0.742774,0.669171,-0.046779,0.178809,-0.111599,0.193583,-0.169536,-0.149555,0.019658,-0.062181,-0.197229,0.223685,-0.197602,0.069078,0.019924,-0.11119,-0.020098,0.328698,0.364822,-0.174266,0.992655,-0.206772,0.427509,0.260933,0.116183,-2.251169,-1.217495,1.696224,0.837234,0.446169,-0.457382
-2.402808,0.522792,0.773871,-0.019966,-0.012411,0.743627,0.668181,-0.049472,0.186169,-0.112544,0.194368,-0.164736,-0.152712,0.017019,-0.055829,-0.201611,0.228619,-0.197927,0.065698,-0.006929,-0.112639,-0.01802,0.340811,0.373145,-0.184339,0.986927,-0.18726,0.440384,0.22634,0.154188,-2.251439,-1.191425,1.696641,0.929788,0.431061,-0.574865
-2.400768,0.524157,0.774106,-0.019892,-0.011866,0.741829,0.670189,-0.048269,0.189501,-0.108343,0.196356,-0.161101,-0.155025,0.01511,-0.053364,-0.198763,0.231377,-0.196952,0.061997,-0.003137,-0.141747,-0.019083,0.330783,0.417993,-0.189795,0.996538,-0.168778,0.4456,0.20629,0.193971,-2.2515,-1.168359,1.680063,0.914303,0.388359,-0.578385
-2.400214,0.525548,0.774692,-0.018808,-0.010652,0.737641,0.674847,-0.046263,0.1888,-0.099131,0.203054,-0.15739,-0.155097,0.012594,-0.054352,-0.188549,0.233978,-0.193986,0.058073,0.026216,-0.178259,-0.022673,0.306846,0.468254,-0.193575,1.020221,-0.154587,0.450585,0.191046,0.198867,-2.2515,-1.179635,1.615786,0.890427,0.352335,-0.562484
-2.40147,0.526787,0.775973,-0.016169,-0.009132,0.731826,0.681239,-0.042978,0.182804,-0.087646,0.214481,-0.152811,-0.148896,0.012161,-0.059429,-0.171554,0.233599,-0.187365,0.053678,0.077069,-0.214059,-0.021767,0.261684,0.504103,-0.18755,1.062629,-0.158203,0.441634,0.195967,0.208539,-2.2515,-1.208535,1.497119,0.824714,0.311267,-0.489924
-2.405049,0.528177,0.777568,-0.012265,-0.007757,0.725459,0.688112,-0.037051,0.171937,-0.074447,0.227636,-0.150873,-0.141287,0.016847,-0.069131,-0.152826,0.226671,-0.176533,0.054027,0.137566,-0.254175,-0.017193,0.199216,0.525824,-0.173971,1.127385,-0.190284,0.38378,0.232315,0.243169,-2.2515,-1.243775,1.341251,0.673943,0.255458,-0.3621
-2.40953,0.529839,0.778938,-0.0096,-0.006347,0.721368,0.692456,-0.031331,0.160866,-0.065201,0.23222,-0.147283,-0.137653,0.025279,-0.079243,-0.141213,0.212018,-0.164606,0.056645,0.200649,-0.29314,-0.01562,0.150329,0.546476,-0.187023,1.164413,-0.218893,0.340285,0.239805,0.286182,-2.2515,-1.277772,1.160963,0.510301,0.179033,-0.211371
-2.415225,0.531571,0.78002,-0.008119,-0.004264,0.719278,0.694662,-0.026637,0.14801,-0.058961,0.230531,-0.144458,-0.133447,0.032603,-0.091537,-0.13482,0.196338,-0.152553,0.062737,0.265979,-0.323844,-0.016122,0.101106,0.565042,-0.2201,1.194527,-0.235702,0.336381,0.251415,0.329653,-2.2515,-1.318942,0.957451,0.390392,0.102729,-0.122425
-2.421968,0.533189,0.780722,-0.00672,-0.002158,0.718162,0.69584,-0.021785,0.132942,-0.053869,0.226792,-0.144854,-0.127004,0.038525,-0.106276,-0.129152,0.184227,-0.141304,0.072752,0.322946,-0.345316,-0.015399,0.057831,0.587707,-0.284017,1.206644,-0.233239,0.348479,0.246992,0.368724,-2.2515,-1.36848,0.734199,0.260035,0.048625,-0.114015
-2.429347,0.534441,0.781094,-0.006661,-0.0004,0.719863,0.694084,-0.02109,0.11812,-0.055026,0.222989,-0.148344,-0.120219,0.041137,-0.121016,-0.12945,0.178727,-0.132544,0.082323,0.345582,-0.356255,-0.018157,0.039757,0.617302,-0.347027,1.184435,-0.201575,0.360648,0.212337,0.373463,-2.2515,-1.397465,0.540261,0.120896,0.036933,-0.142144
-2.43709,0.535368,0.780991,-0.008614,-0.00071,0.724919,0.68878,-0.021875,0.108391,-0.062791,0.217524,-0.155469,-0.11662,0.044202,-0.130991,-0.138814,0.177307,-0.124459,0.090447,0.327155,-0.354243,-0.031742,0.049511,0.6345,-0.354788,1.160521,-0.182184,0.35643,0.199592,0.341408,-2.2515,-1.369316,0.44718,0.039643,0.023261,-0.189525
-2.445185,0.536153,0.780799,-0.011312,-0.001325,0.731044,0.682236,-0.025635,0.098584,-0.073279,0.214674,-0.163224,-0.109844,0.045152,-0.140904,-0.150952,0.180113,-0.11561,0.101864,0.293451,-0.346048,-0.044707,0.076735,0.641676,-0.329566,1.137553,-0.167898,0.350622,0.18934,0.282988,-2.2515,-1.312232,0.477517,-0.036017,0.041505,-0.244138
-2.452904,0.536802,0.780873,-0.014179,-0.002809,0.736539,0.676241,-0.028274,0.091117,-0.08639,0.212275,-0.168074,-0.105848,0.043685,-0.148757,-0.163168,0.18848,-0.105197,0.110276,0.258854,-0.331003,-0.050406,0.105162,0.630932,-0.282803,1.13007,-0.168524,0.34901,0.190362,0.233272,-2.2515,-1.247316,0.611073,-0.059038,0.057933,-0.264602
-2.460059,0.537358,0.781275,-0.016403,-0.004539,0.740518,0.671821,-0.029253,0.084676,-0.09594,0.210842,-0.171548,-0.102082,0.038545,-0.156232,-0.170992,0.203434,-0.094347,0.115156,0.226656,-0.317872,-0.048582,0.129159,0.615044,-0.227214,1.136625,-0.182853,0.350122,0.199462,0.184183,-2.2515,-1.166375,0.812311,-0.038404,0.045855,-0.254625
-2.466746,0.537993,0.781612,-0.018615,-0.007075,0.742356,0.669709,-0.025542,0.08171,-0.100238,0.205555,-0.174842,-0.098337,0.032383,-0.160711,-0.173047,0.219116,-0.083738,0.117492,0.194633,-0.293606,-0.047642,0.149244,0.584767,-0.182653,1.153738,-0.19792,0.349996,0.20758,0.147859,-2.2515,-1.088742,1.010049,-0.004849,0.040463,-0.217809
-2.473148,0.538436,0.781496,-0.020796,-0.009995,0.742567,0.669374,-0.020174,0.080936,-0.099697,0.200274,-0.181006,-0.096214,0.024162,-0.163242,-0.170421,0.236109,-0.075492,0.120678,0.165637,-0.259937,-0.044746,0.168891,0.547731,-0.157978,1.165632,-0.203732,0.346896,0.212398,0.121407,-2.2515,-1.025923,1.187511,0.040239,0.035388,-0.161934
-2.4794,0.538569,0.780712,-0.023439,-0.013092,0.741864,0.670013,-0.015178,0.082098,-0.096872,0.195695,-0.191609,-0.097965,0.015983,-0.163785,-0.165711,0.250249,-0.071,0.123934,0.144136,-0.215099,-0.041528,0.187158,0.500641,-0.153968,1.168205,-0.203274,0.344397,0.21215,0.099454,-2.2515,-1.027517,1.34013,0.116451,0.003321,-0.096765
-2.485469,0.538496,0.779319,-0.027186,-0.015347,0.740001,0.671881,-0.013439,0.085042,-0.089739,0.19239,-0.20438,-0.105956,0.006381,-0.162765,-0.160377,0.260103,-0.071912,0.124926,0.124645,-0.16698,-0.03564,0.210598,0.45197,-0.160602,1.141275,-0.197196,0.354957,0.20059,0.076294,-2.2515,-1.092977,1.49281,0.276371,-0.024046,-0.065839
-2.489604,0.538243,0.778011,-0.031516,-0.016497,0.739186,0.672561,-0.020482,0.088711,-0.087638,0.19813,-0.214929,-0.114308,-0.001005,-0.159431,-0.158908,0.262456,-0.072813,0.123815,0.100053,-0.139433,-0.031741,0.235861,0.427623,-0.168732,1.098899,-0.177138,0.381896,0.163998,0.053977,-2.2515,-1.126218,1.65376,0.483982,0.007593,-0.134802
-2.492799,0.537873,0.777086,-0.035833,-0.017388,0.739727,0.671727,-0.029595,0.092038,-0.089611,0.204681,-0.223294,-0.119198,-0.005454,-0.155395,-0.159993,0.260261,-0.069602,0.122845,0.078118,-0.108351,-0.029922,0.249125,0.399178,-0.177169,1.065292,-0.154619,0.399978,0.129169,0.041773,-2.248777,-1.130641,1.7,0.661774,0.128119,-0.270375
-2.494988,0.537396,0.776677,-0.039296,-0.018873,0.739432,0.671818,-0.036799,0.09649,-0.09132,0.212091,-0.228675,-0.120533,-0.007565,-0.149838,-0.16017,0.255743,-0.064359,0.123033,0.060843,-0.103883,-0.029625,0.250298,0.395649,-0.178751,1.049453,-0.141329,0.406238,0.106644,0.043926,-2.180382,-1.118305,1.7,0.810595,0.204732,-0.420365
-2.496261,0.536836,0.776429,-0.040282,-0.019387,0.738013,0.673305,-0.038751,0.097488,-0.089309,0.215174,-0.231477,-0.121052,-0.008769,-0.148068,-0.157719,0.251964,-0.061649,0.122632,0.05439,-0.105611,-0.0262,0.235898,0.406422,-0.191149,1.04384,-0.134772,0.407589,0.093641,0.068429,-2.154548,-1.107031,1.7,0.869712,0.229513,-0.475641
-2.496599,0.535842,0.776093,-0.03905,-0.019948,0.734375,0.677326,-0.038076,0.097582,-0.081871,0.222007,-0.234273,-0.121341,-0.010725,-0.147865,-0.150461,0.252188,-0.064033,0.120398,0.061324,-0.110746,-0.020005,0.207654,0.428384,-0.216167,1.043055,-0.124843,0.406535,0.083383,0.100125,-2.176083,-1.113515,1.699738,0.900675,0.2547,-0.491656
-2.495589,0.534735,0.775947,-0.035663,-0.020226,0.729686,0.682553,-0.035393,0.096255,-0.07171,0.23169,-0.234955,-0.11983,-0.012577,-0.149226,-0.141884,0.256233,-0.069653,0.115587,0.076211,-0.116011,-0.013489,0.172311,0.449943,-0.24626,1.049708,-0.113706,0.399773,0.070416,0.128263,-2.250889,-1.146889,1.69566,0.913517,0.266438,-0.472543
-2.493911,0.533598,0.776543,-0.030282,-0.020892,0.723907,0.688916,-0.027746,0.09387,-0.057808,0.240202,-0.231547,-0.110293,-0.012644,-0.150729,-0.12717,0.261326,-0.072792,0.109509,0.099686,-0.150534,-0.007073,0.13359,0.490724,-0.262829,1.069482,-0.110284,0.383831,0.058175,0.175252,-2.2515,-1.175816,1.604334,0.863872,0.230791,-0.394666
-2.492687,0.533195,0.777624,-0.024545,-0.02037,0.717122,0.696217,-0.015765,0.088882,-0.040124,0.240109,-0.224519,-0.101024,-0.013358,-0.154766,-0.1069,0.264236,-0.072208,0.109013,0.13129,-0.18673,-0.003511,0.100274,0.518759,-0.269336,1.097156,-0.128678,0.376542,0.058133,0.235283,-2.2515,-1.214967,1.463602,0.725017,0.175268,-0.286989
-2.489899,0.533001,0.778879,-0.020911,-0.018738,0.712377,0.701235,-0.005733,0.086725,-0.028005,0.230236,-0.212418,-0.094946,-0.012652,-0.155783,-0.092975,0.258878,-0.070674,0.108616,0.16208,-0.220732,-0.006266,0.077905,0.543086,-0.286967,1.114981,-0.142783,0.4102,0.084439,0.279791,-2.2515,-1.25404,1.298357,0.588084,0.138903,-0.190209
-2.486378,0.533115,0.779626,-0.016434,-0.016481,0.70767,0.70616,0.005486,0.083292,-0.01493,0.219984,-0.202435,-0.091721,-0.011709,-0.15876,-0.079793,0.256212,-0.076259,0.108246,0.199148,-0.260844,-0.010931,0.055908,0.582692,-0.338826,1.120589,-0.145767,0.490255,0.140668,0.321886,-2.2515,-1.28205,1.110025,0.445558,0.153579,-0.129308
-2.482254,0.533727,0.779818,-0.011734,-0.013577,0.703886,0.710086,0.016408,0.078887,-0.003876,0.209652,-0.194697,-0.091299,-0.009931,-0.163374,-0.07036,0.255295,-0.088042,0.108102,0.243952,-0.295547,-0.018835,0.026117,0.622389,-0.425507,1.127952,-0.116736,0.552125,0.166495,0.349805,-2.2515,-1.304607,0.896891,0.296217,0.180915,-0.097671
-2.477351,0.534629,0.779617,-0.007776,-0.010024,0.702192,0.711875,0.022909,0.074852,0.002251,0.202222,-0.188432,-0.092463,-0.005143,-0.168104,-0.068403,0.250444,-0.104111,0.105145,0.280408,-0.318831,-0.027772,-0.003046,0.646985,-0.497027,1.143712,-0.062163,0.576499,0.140725,0.352175,-2.2515,-1.322833,0.684782,0.138225,0.176927,-0.094149
-2.47163,0.535375,0.779161,-0.005978,-0.00666,0.703837,0.710305,0.022507,0.074301,-0.000332,0.197818,-0.182898,-0.094085,0.003676,-0.169792,-0.079219,0.238361,-0.119961,0.104729,0.281493,-0.33128,-0.040789,0.000768,0.659039,-0.498449,1.147528,-0.029944,0.571271,0.112658,0.31879,-2.2515,-1.300324,0.539456,0.003323,0.1628,-0.144075
-2.464892,0.536006,0.778814,-0.004505,-0.003907,0.707263,0.706925,0.019273,0.075906,-0.008081,0.196932,-0.177325,-0.096414,0.011571,-0.168953,-0.092106,0.231543,-0.134641,0.103118,0.270953,-0.336121,-0.052655,0.019832,0.662544,-0.451649,1.147185,-0.026348,0.554803,0.096585,0.273093,-2.2515,-1.242809,0.510045,-0.084843,0.162702,-0.194958
-2.45764,0.536417,0.778757,-0.003539,-0.00188,0.712056,0.702111,0.014154,0.079481,-0.020811,0.197237,-0.169025,-0.098951,0.019774,-0.165655,-0.106449,0.225614,-0.145742,0.103343,0.25981,-0.325888,-0.059594,0.041174,0.643804,-0.386628,1.152205,-0.043577,0.534466,0.093619,0.231454,-2.2515,-1.187852,0.584097,-0.109832,0.153566,-0.225549
-2.450013,0.536403,0.779104,-0.002463,-0.001132,0.717105,0.69696,0.010113,0.085133,-0.035038,0.197209,-0.158373,-0.101293,0.026842,-0.159585,-0.118095,0.223105,-0.15301,0.1041,0.245619,-0.300237,-0.060685,0.062864,0.60839,-0.325725,1.158429,-0.072265,0.512985,0.10444,0.202949,-2.2515,-1.155184,0.712887,-0.078381,0.130404,-0.243295
-2.441949,0.535889,0.779346,-0.001271,-0.000874,0.721113,0.692816,0.006758,0.092539,-0.046377,0.19665,-0.147866,-0.104244,0.030533,-0.152315,-0.12843,0.225506,-0.161381,0.102196,0.22021,-0.272036,-0.058683,0.094538,0.576994,-0.279141,1.153746,-0.09767,0.493118,0.12468,0.178191,-2.2515,-1.117127,0.867319,-0.033947,0.126377,-0.248688
-2.433338,0.534817,0.779371,0.000109,-0.000832,0.723858,0.689949,0.003174,0.101297,-0.056041,0.197225,-0.137278,-0.110412,0.031229,-0.143921,-0.137888,0.2316,-0.172507,0.095841,0.190326,-0.242666,-0.05275,0.127971,0.549386,-0.260315,1.141248,-0.108592,0.485348,0.139306,0.167787,-2.2515,-1.071119,1.036673,0.011434,0.149778,-0.219709
-2.424368,0.53314,0.779143,0.001899,-0.001157,0.725677,0.688032,-0.000086,0.110971,-0.063023,0.198614,-0.126448,-0.118299,0.030071,-0.134547,-0.145954,0.240583,-0.18584,0.085901,0.164629,-0.206622,-0.044257,0.156019,0.518632,-0.264274,1.128234,-0.106791,0.491363,0.144809,0.181351,-2.2515,-1.038082,1.206427,0.059725,0.159993,-0.144415
-2.415616,0.531284,0.778794,0.001578,-0.001869,0.727595,0.686002,-0.004867,0.124267,-0.07324,0.196481,-0.117225,-0.131145,0.02567,-0.121208,-0.154737,0.249513,-0.196653,0.072307,0.132091,-0.156089,-0.03945,0.18504,0.470603,-0.263289,1.112457,-0.101609,0.516078,0.151155,0.225091,-2.2515,-1.032257,1.359024,0.133573,0.189061,-0.042315
-2.407378,0.528986,0.778095,0.000668,-0.002229,0.728569,0.684968,-0.009787,0.138034,-0.077788,0.192205,-0.110121,-0.140192,0.019448,-0.107757,-0.159198,0.255619,-0.205724,0.066321,0.112917,-0.106706,-0.035301,0.201779,0.411646,-0.253031,1.111412,-0.107695,0.537539,0.164168,0.267362,-2.2515,-1.104139,1.506472,0.22517,0.234209,-0.001021
-2.398794,0.526027,0.776864,-0.001255,-0.002125,0.729982,0.683462,-0.018446,0.153126,-0.082178,0.188149,-0.106274,-0.151236,0.011683,-0.093279,-0.165919,0.258889,-0.215258,0.061351,0.096049,-0.074349,-0.028533,0.207858,0.367324,-0.231141,1.114605,-0.12909,0.555836,0.200871,0.277357,-2.251498,-1.183063,1.649888,0.396699,0.306898,-0.030831
-2.390399,0.522815,0.775673,-0.002021,-0.001235,0.731925,0.681381,-0.027517,0.163984,-0.086804,0.184556,-0.098604,-0.158138,0.006829,-0.082299,-0.17337,0.257733,-0.223804,0.059394,0.075427,-0.056064,-0.023552,0.219737,0.337833,-0.212062,1.099347,-0.141275,0.551402,0.210562,0.290611,-2.250763,-1.207757,1.697644,0.533534,0.377985,-0.110257
-2.382862,0.51951,0.774968,-0.001927,-0.00006,0.733018,0.680206,-0.034941,0.171591,-0.090111,0.180658,-0.086943,-0.160109,0.003076,-0.073784,-0.178476,0.254712,-0.230268,0.056819,0.068079,-0.05219,-0.019569,0.222329,0.326578,-0.209398,1.079213,-0.140981,0.54344,0.201441,0.307051,-2.250911,-1.226243,1.698731,0.607148,0.400345,-0.182143
-2.375888,0.516389,0.774795,-0.001133,0.001282,0.733841,0.67932,-0.040802,0.17724,-0.093706,0.176051,-0.071375,-0.166779,0.002135,-0.06702,-0.183113,0.247351,-0.233384,0.053268,0.069636,-0.069944,-0.01799,0.216598,0.34486,-0.213915,1.064434,-0.134719,0.537148,0.191705,0.316437,-2.2515,-1.231872,1.689511,0.638158,0.405904,-0.227897
-2.369454,0.513441,0.775132,0.001537,0.003124,0.732926,0.680299,-0.046415,0.179001,-0.092179,0.178657,-0.054076,-0.173324,-0.001648,-0.064569,-0.181685,0.248318,-0.235947,0.046547,0.088496,-0.104247,-0.014237,0.198008,0.391973,-0.22925,1.05969,-0.124298,0.536435,0.178213,0.316675,-2.2515,-1.247222,1.640168,0.67002,0.385853,-0.281838
-2.364176,0.51104,0.775784,0.005148,0.004904,0.732769,0.680441,-0.050768,0.177115,-0.091409,0.182383,-0.036161,-0.176348,-0.00178,-0.065526,-0.182382,0.247716,-0.236366,0.040458,0.112739,-0.138677,-0.014007,0.172013,0.435497,-0.244782,1.071449,-0.117117,0.538206,0.168177,0.318168,-2.2515,-1.250413,1.52881,0.66221,0.345557,-0.308803
-2.361062,0.509377,0.776509,0.009956,0.005854,0.732319,0.680864,-0.050674,0.171342,-0.091228,0.187649,-0.024959,-0.172755,0.002284,-0.070062,-0.181014,0.24725,-0.236444,0.037093,0.152786,-0.165177,-0.014084,0.133835,0.467799,-0.280788,1.097533,-0.109885,0.532943,0.161963,0.323128,-2.2515,-1.273027,1.376075,0.588619,0.292345,-0.28893
-2.359026,0.508526,0.777125,0.014596,0.006102,0.731623,0.681525,-0.047682,0.166166,-0.090544,0.192856,-0.017838,-0.171364,0.00783,-0.074349,-0.178564,0.247615,-0.237453,0.033996,0.196345,-0.1941,-0.01174,0.097418,0.504077,-0.327605,1.112766,-0.096324,0.522,0.159906,0.342543,-2.2515,-1.299452,1.224978,0.491985,0.243066,-0.243168
-2.357757,0.508194,0.777262,0.019287,0.006021,0.731337,0.681717,-0.043002,0.160437,-0.089863,0.198212,-0.017242,-0.169584,0.014902,-0.07967,-0.177375,0.248813,-0.241549,0.033646,0.240626,-0.225205,-0.009292,0.069589,0.542186,-0.369754,1.122685,-0.085519,0.509393,0.153777,0.368333,-2.2515,-1.318884,1.064937,0.389043,0.201504,-0.199251
-2.357719,0.50831,0.77704,0.023165,0.005927,0.731599,0.681315,-0.038306,0.154304,-0.089167,0.202313,-0.020245,-0.167818,0.022533,-0.085773,-0.177355,0.24872,-0.246662,0.036535,0.283428,-0.246567,-0.006707,0.045603,0.566451,-0.396167,1.139691,-0.09022,0.501662,0.147807,0.396155,-2.2515,-1.351726,0.8848,0.296678,0.152509,-0.17377
-2.358681,0.508704,0.776858,0.025689,0.006172,0.733157,0.679546,-0.035925,0.147493,-0.090723,0.20424,-0.023198,-0.164308,0.030909,-0.09214,-0.180941,0.244074,-0.24881,0.040509,0.306734,-0.261217,-0.008033,0.034379,0.585879,-0.404737,1.157043,-0.100815,0.493812,0.145751,0.414923,-2.2515,-1.368107,0.689787,0.19071,0.11913,-0.187066
-2.360407,0.50943,0.776897,0.026354,0.007263,0.735814,0.676632,-0.036896,0.140034,-0.096645,0.202984,-0.024668,-0.160264,0.038471,-0.098177,-0.187724,0.23425,-0.247522,0.044245,0.306314,-0.274802,-0.014559,0.039444,0.607725,-0.396367,1.169248,-0.108576,0.487409,0.151004,0.398725,-2.2515,-1.354141,0.519137,0.067258,0.112795,-0.230981
-2.362833,0.510258,0.776932,0.0253,0.00782,0.739135,0.673037,-0.037833,0.135561,-0.102973,0.197868,-0.027679,-0.159645,0.043452,-0.10188,-0.19598,0.226648,-0.245933,0.046097,0.28785,-0.281397,-0.025369,0.058654,0.622511,-0.373766,1.174081,-0.113213,0.485078,0.158668,0.361457,-2.2515,-1.319084,0.404468,-0.022138,0.095573,-0.279372
-2.365895,0.510921,0.776933,0.023567,0.009329,0.74215,0.669754,-0.042565,0.129202,-0.109674,0.195168,-0.032466,-0.158844,0.04271,-0.107563,-0.20285,0.224314,-0.244189,0.049259,0.256002,-0.288624,-0.034763,0.091098,0.633635,-0.328533,1.170186,-0.116479,0.481459,0.164069,0.282226,-2.2515,-1.239638,0.354983,-0.138375,0.077222,-0.351702
-2.36961,0.511333,0.776913,0.020632,0.009621,0.745672,0.665924,-0.047389,0.125895,-0.116423,0.191648,-0.038551,-0.157279,0.040416,-0.110999,-0.211825,0.224666,-0.240977,0.052741,0.223251,-0.287702,-0.041898,0.119361,0.625008,-0.277878,1.168383,-0.118204,0.477562,0.167857,0.203513,-2.2515,-1.136014,0.41898,-0.222589,0.069364,-0.41971
-2.373896,0.511556,0.776972,0.017041,0.008658,0.749173,0.662098,-0.052474,0.124881,-0.123271,0.189525,-0.045519,-0.155905,0.037506,-0.112227,-0.220355,0.227055,-0.236252,0.055019,0.208123,-0.277662,-0.039278,0.129916,0.599987,-0.244926,1.164857,-0.119747,0.471964,0.167828,0.153274,-2.2515,-1.034377,0.596263,-0.231353,0.074689,-0.442328
-2.378726,0.511549,0.7772,0.013368,0.006652,0.752035,0.658954,-0.056553,0.125268,-0.130015,0.188704,-0.052967,-0.154894,0.034755,-0.112074,-0.227122,0.230306,-0.229873,0.056188,0.205046,-0.256698,-0.02873,0.129458,0.562412,-0.231353,1.16226,-0.122912,0.465835,0.165728,0.129048,-2.2515,-0.96259,0.836461,-0.172245,0.078206,-0.402866
-2.384066,0.511649,0.777419,0.009243,0.004116,0.753995,0.656802,-0.059457,0.12739,-0.134053,0.188017,-0.062083,-0.153954,0.031589,-0.110553,-0.231551,0.233344,-0.222907,0.057215,0.196059,-0.225514,-0.017689,0.132228,0.515677,-0.220293,1.163082,-0.128652,0.462081,0.162233,0.116078,-2.2515,-0.924492,1.079056,-0.08714,0.083241,-0.321976
-2.389927,0.511765,0.777425,0.004602,0.001759,0.75523,0.655441,-0.062469,0.130004,-0.135954,0.187278,-0.073687,-0.154519,0.026975,-0.109206,-0.234533,0.23642,-0.216239,0.058891,0.179603,-0.188243,-0.009577,0.141658,0.466681,-0.208392,1.15866,-0.135076,0.462844,0.158823,0.113781,-2.2515,-0.914129,1.292606,0.002644,0.120484,-0.229939
-2.396584,0.512067,0.777348,-0.00054,-0.000026,0.754748,0.656015,-0.065552,0.1325,-0.133705,0.187097,-0.085721,-0.15596,0.019069,-0.108327,-0.232419,0.240733,-0.209739,0.061154,0.162817,-0.143763,-0.004577,0.160987,0.418323,-0.207006,1.132659,-0.1433,0.471665,0.159158,0.130687,-2.2515,-1.008534,1.440774,0.164977,0.199488,-0.132775
-2.403511,0.512641,0.777238,-0.004415,0.000443,0.752626,0.658434,-0.066131,0.13041,-0.125,0.184084,-0.094148,-0.158335,0.009295,-0.112738,-0.225758,0.245005,-0.205529,0.064105,0.141743,-0.117134,-0.004635,0.188434,0.397478,-0.212502,1.096339,-0.142588,0.493378,0.149015,0.162221,-2.2515,-1.075368,1.48673,0.349676,0.247364,-0.145684
-2.411213,0.513756,0.77712,-0.00619,0.000951,0.748367,0.663256,-0.059126,0.125949,-0.10958,0.179203,-0.103926,-0.161276,0.002095,-0.12062,-0.212844,0.249361,-0.199633,0.073134,0.127811,-0.098902,-0.010676,0.208075,0.393382,-0.234991,1.070748,-0.123168,0.50905,0.12553,0.232939,-2.2515,-1.10416,1.448007,0.382992,0.211523,-0.182195
-2.419582,0.514978,0.777081,-0.006604,0.000504,0.741906,0.670471,-0.049182,0.120842,-0.090442,0.17916,-0.113897,-0.164082,-0.002956,-0.128589,-0.193423,0.252627,-0.190154,0.082953,0.126597,-0.079354,-0.017181,0.210955,0.388694,-0.262752,1.05524,-0.091656,0.524858,0.097427,0.320619,-2.2515,-1.171409,1.352461,0.336226,0.138073,-0.239536
-2.428327,0.515656,0.777508,-0.008165,-0.002521,0.734291,0.678781,-0.040199,0.121338,-0.072662,0.183874,-0.124821,-0.167798,-0.005463,-0.129165,-0.170925,0.249058,-0.17376,0.087405,0.118156,-0.045125,-0.025248,0.212098,0.359009,-0.261484,1.044464,-0.077292,0.534325,0.101506,0.488103,-2.2515,-1.365553,1.179239,0.283439,0.064626,-0.349234
-2.436245,0.516046,0.777976,-0.011713,-0.004972,0.72789,0.685576,-0.038163,0.124217,-0.059845,0.190439,-0.136347,-0.171977,-0.008397,-0.126361,-0.152774,0.238804,-0.155797,0.093027,0.075697,-0.010937,-0.042737,0.23701,0.314625,-0.215355,1.028769,-0.09786,0.536116,0.145429,0.800534,-2.250129,-1.648057,0.891312,0.218706,0.052666,-0.556106
