-0.720951,1.667526,0.779313,0.001771,0.000492,0.707805,-0.706405,-0.110268,0.08343,0.048411,0.307434,-0.183573,-0.03754,-0.074126,-0.101638,-0.127995,0.23325,-0.150033,0.057807,-0.006891,-0.008796,0.050394,-0.09455,0.390606,-0.431264,-0.155868,-0.472348,0.159057,1.087933,-0.194365,-0.749964,0.171035,-0.204449,0.139804,0.231378,-0.794562
-0.721055,1.667577,0.779296,0.001546,0.000747,0.70775,-0.706461,-0.110626,0.082778,0.048466,0.307919,-0.18261,-0.03777,-0.073814,-0.102252,-0.12789,0.232709,-0.151362,0.057605,-0.006965,-0.009772,0.050421,-0.094776,0.390662,-0.431744,-0.155876,-0.472363,0.158631,1.089023,-0.195255,-0.750505,0.170635,-0.202708,0.139671,0.232529,-0.793225
-0.721149,1.66763,0.779325,0.00156,0.000713,0.707685,-0.706526,-0.110654,0.08292,0.04829,0.307614,-0.182588,-0.037779,-0.073973,-0.102097,-0.128081,0.232833,-0.15124,0.057625,-0.006883,-0.009942,0.050385,-0.094972,0.390834,-0.432389,-0.155916,-0.471085,0.157798,1.089148,-0.195838,-0.75124,0.169949,-0.201337,0.140232,0.234048,-0.792786
-0.721228,1.66767,0.779292,0.001609,0.000617,0.707662,-0.70655,-0.110563,0.083269,0.04825,0.307131,-0.183098,-0.037887,-0.074098,-0.101765,-0.128279,0.232832,-0.151217,0.057446,-0.006714,-0.009949,0.050259,-0.095088,0.390648,-0.432708,-0.15596,-0.470821,0.157514,1.08912,-0.196578,-0.751899,0.169365,-0.200283,0.140297,0.234488,-0.79257
-0.721296,1.66772,0.779269,0.001669,0.000519,0.707636,-0.706575,-0.110514,0.083594,0.047998,0.306836,-0.183704,-0.037869,-0.074135,-0.101426,-0.128569,0.23274,-0.151226,0.057264,-0.006513,-0.009993,0.050158,-0.095162,0.390582,-0.432925,-0.156044,-0.47085,0.157381,1.089021,-0.197473,-0.752759,0.168718,-0.199415,0.13973,0.234608,-0.791969
-0.721386,1.667726,0.779251,0.001714,0.000377,0.707614,-0.706597,-0.110462,0.084005,0.047886,0.306373,-0.184138,-0.037902,-0.074115,-0.100981,-0.12865,0.232405,-0.15117,0.057133,-0.006363,-0.010004,0.049915,-0.095265,0.390586,-0.432927,-0.15612,-0.471102,0.157364,1.08906,-0.198283,-0.752814,0.168165,-0.198618,0.138765,0.233723,-0.791133
-0.721436,1.667745,0.779272,0.001762,0.000327,0.707607,-0.706604,-0.110471,0.084242,0.047871,0.306277,-0.184032,-0.038089,-0.074209,-0.100701,-0.128607,0.232467,-0.151059,0.05682,-0.006247,-0.010067,0.0498,-0.095331,0.390728,-0.432623,-0.155983,-0.470323,0.157021,1.088927,-0.1994,-0.752883,0.167858,-0.198154,0.138813,0.234011,-0.790005
-0.721475,1.667755,0.779297,0.001818,0.000333,0.707626,-0.706584,-0.110495,0.084385,0.047774,0.306541,-0.183865,-0.038095,-0.074227,-0.100569,-0.12854,0.23271,-0.150477,0.057043,-0.006049,-0.010209,0.049771,-0.095303,0.39052,-0.432408,-0.155991,-0.470658,0.157073,1.089159,-0.201255,-0.753334,0.167998,-0.197448,0.139329,0.234921,-0.78971
-0.721506,1.667757,0.779256,0.001752,0.000427,0.707642,-0.706569,-0.110533,0.084162,0.047884,0.306706,-0.183773,-0.037936,-0.074118,-0.100767,-0.128379,0.232601,-0.151026,0.057086,-0.005967,-0.010601,0.049722,-0.095245,0.390462,-0.432283,-0.156098,-0.470684,0.157034,1.089323,-0.20349,-0.753666,0.168509,-0.196861,0.13963,0.23588,-0.78897
-0.721524,1.667764,0.779264,0.00177,0.000474,0.707749,-0.706462,-0.110499,0.084248,0.048118,0.307009,-0.183922,-0.037987,-0.074152,-0.100772,-0.128383,0.232735,-0.151303,0.057133,-0.006102,-0.010865,0.049517,-0.095021,0.390781,-0.43251,-0.156191,-0.470196,0.156904,1.0895,-0.209516,-0.754438,0.171477,-0.19464,0.142407,0.241945,-0.783602
-0.721509,1.66781,0.779222,0.001867,0.000468,0.70797,-0.70624,-0.110317,0.084564,0.04849,0.307086,-0.184745,-0.03834,-0.074317,-0.100482,-0.127877,0.232835,-0.151519,0.056986,-0.006184,-0.010775,0.048824,-0.094747,0.390868,-0.434588,-0.156215,-0.471428,0.157427,1.089327,-0.225789,-0.756815,0.181294,-0.188134,0.147007,0.248744,-0.778988
-0.721435,1.667942,0.779169,0.001971,0.000578,0.708619,-0.705588,-0.109952,0.085017,0.049971,0.307651,-0.185187,-0.038282,-0.074642,-0.100147,-0.12655,0.232896,-0.151178,0.057038,-0.006976,-0.010607,0.04738,-0.093639,0.392739,-0.437592,-0.155851,-0.470938,0.157274,1.089422,-0.264076,-0.762035,0.204647,-0.173694,0.158452,0.264449,-0.76943
-0.72125,1.668132,0.779145,0.002269,0.000893,0.709924,-0.704274,-0.108362,0.085931,0.053435,0.307857,-0.186108,-0.038729,-0.075164,-0.099408,-0.122962,0.233344,-0.150644,0.05694,-0.01014,-0.009888,0.04541,-0.093089,0.397648,-0.438563,-0.155738,-0.462333,0.153881,1.091443,-0.334256,-0.77313,0.247015,-0.150108,0.177791,0.305477,-0.739223
-0.72114,1.668571,0.779096,0.002452,0.001438,0.711837,-0.702339,-0.107435,0.086986,0.058419,0.309841,-0.186034,-0.040171,-0.0763,-0.098715,-0.11802,0.233944,-0.149749,0.05698,-0.01249,-0.009059,0.043189,-0.096928,0.406191,-0.440268,-0.15641,-0.446119,0.149131,1.09251,-0.419736,-0.778442,0.293887,-0.126001,0.185303,0.347787,-0.693209
-0.720927,1.668979,0.779179,0.002641,0.001581,0.713875,-0.700267,-0.105996,0.088444,0.063215,0.309688,-0.185703,-0.039351,-0.07788,-0.09727,-0.112781,0.233573,-0.147159,0.05638,-0.01186,-0.007021,0.040707,-0.102604,0.41039,-0.444208,-0.155482,-0.439009,0.147992,1.092753,-0.500744,-0.768634,0.328439,-0.111785,0.19219,0.367135,-0.662714
-0.72088,1.669458,0.779205,0.002444,0.001934,0.715892,-0.698204,-0.10488,0.089296,0.068508,0.309318,-0.185048,-0.039601,-0.079452,-0.096451,-0.107016,0.23253,-0.145356,0.056134,-0.010926,-0.005177,0.03873,-0.107084,0.411679,-0.446662,-0.155323,-0.437172,0.14846,1.094181,-0.579927,-0.744279,0.352501,-0.106163,0.216244,0.381941,-0.641823
-0.720845,1.669898,0.779356,0.002107,0.002227,0.717862,-0.696179,-0.103998,0.090037,0.073984,0.308697,-0.183859,-0.040119,-0.080631,-0.095806,-0.101921,0.230346,-0.142697,0.056188,-0.008608,-0.003073,0.036297,-0.11149,0.412401,-0.448302,-0.154509,-0.435661,0.149109,1.095093,-0.65893,-0.708383,0.366136,-0.102647,0.24789,0.38488,-0.631022
-0.720801,1.67027,0.779504,0.001777,0.0024,0.719644,-0.694337,-0.103234,0.090754,0.078832,0.307977,-0.18298,-0.040208,-0.081598,-0.094933,-0.096903,0.227694,-0.140349,0.055526,-0.006766,-0.001153,0.033317,-0.114349,0.41254,-0.449049,-0.153275,-0.435987,0.150521,1.096206,-0.737974,-0.670194,0.373142,-0.100298,0.28047,0.3742,-0.634451
-0.720764,1.670597,0.779586,0.001328,0.002529,0.721005,-0.692924,-0.102818,0.090985,0.082727,0.306932,-0.181729,-0.040383,-0.082271,-0.09454,-0.093071,0.224685,-0.137963,0.055353,-0.004016,0.000397,0.029927,-0.118753,0.411405,-0.449736,-0.149628,-0.435049,0.151627,1.095785,-0.816806,-0.637999,0.375939,-0.099685,0.315021,0.3732,-0.639119
-0.720669,1.670881,0.779702,0.000906,0.002563,0.721838,-0.692056,-0.102746,0.090918,0.085418,0.305821,-0.180573,-0.040581,-0.082607,-0.094458,-0.090367,0.221751,-0.136014,0.055419,0.00075,0.00181,0.026826,-0.123448,0.408909,-0.454761,-0.14784,-0.439426,0.153817,1.097622,-0.894734,-0.615932,0.376697,-0.093768,0.336501,0.365141,-0.643434
-0.720636,1.671097,0.779762,0.000501,0.002588,0.722258,-0.691618,-0.102923,0.090534,0.086719,0.304803,-0.179551,-0.040567,-0.082487,-0.094693,-0.089183,0.218805,-0.134338,0.055776,0.006313,0.002781,0.023476,-0.130489,0.408211,-0.460679,-0.145779,-0.441067,0.154797,1.100096,-0.967133,-0.595604,0.371823,-0.084278,0.35223,0.353007,-0.652686
-0.72069,1.671327,0.779846,0.000163,0.002834,0.72219,-0.691688,-0.102714,0.08959,0.08696,0.303114,-0.177775,-0.041055,-0.081788,-0.095477,-0.089128,0.21627,-0.132686,0.056346,0.012662,0.002817,0.021606,-0.141698,0.409197,-0.466958,-0.142122,-0.443016,0.156868,1.103124,-1.031599,-0.577635,0.369709,-0.072189,0.37555,0.324711,-0.691269
-0.72074,1.671292,0.779973,0.00008,0.00304,0.721213,-0.692706,-0.102788,0.088245,0.084595,0.302196,-0.17611,-0.040135,-0.079935,-0.096608,-0.091552,0.214367,-0.13202,0.056623,0.017122,0.002733,0.018969,-0.150397,0.408434,-0.472336,-0.139219,-0.445317,0.160793,1.100877,-1.089112,-0.566103,0.370307,-0.054489,0.399832,0.297084,-0.747239
-0.720821,1.671207,0.780041,0.000137,0.003098,0.719816,-0.694158,-0.102912,0.087019,0.081074,0.300918,-0.175104,-0.039533,-0.077994,-0.097611,-0.095293,0.213151,-0.131897,0.057077,0.021586,0.002443,0.016635,-0.157624,0.405129,-0.479173,-0.137996,-0.451547,0.165749,1.097337,-1.131674,-0.5544,0.369818,-0.037654,0.418271,0.271911,-0.791216
-0.720932,1.671033,0.780098,0.00023,0.003216,0.718147,-0.695884,-0.102919,0.085584,0.076835,0.299779,-0.174547,-0.039161,-0.076458,-0.098827,-0.099299,0.213753,-0.132883,0.057042,0.024416,0.001488,0.014407,-0.163565,0.401516,-0.483917,-0.13782,-0.457755,0.168941,1.097031,-1.159608,-0.547573,0.370732,-0.027242,0.426778,0.254732,-0.817165
-0.72109,1.670847,0.780125,0.000681,0.003407,0.716036,-0.698055,-0.102806,0.084268,0.071377,0.299054,-0.17357,-0.03861,-0.074567,-0.100064,-0.1049,0.215928,-0.134188,0.057428,0.02597,0.000495,0.01375,-0.170864,0.398205,-0.490045,-0.137425,-0.47133,0.175412,1.094483,-1.171299,-0.541344,0.374357,-0.024497,0.435445,0.23663,-0.844168
-0.721153,1.670651,0.780115,0.000964,0.003508,0.714086,-0.700049,-0.102825,0.082952,0.06663,0.298254,-0.173473,-0.038478,-0.073087,-0.101327,-0.109778,0.217714,-0.136177,0.057632,0.026361,-0.00093,0.013327,-0.177805,0.391904,-0.495516,-0.135494,-0.497825,0.186267,1.091539,-1.169299,-0.541028,0.386584,-0.030811,0.442259,0.229516,-0.858726
-0.721209,1.670369,0.780106,0.001387,0.003522,0.712073,-0.702095,-0.102904,0.081859,0.061297,0.297947,-0.173674,-0.038036,-0.071618,-0.102346,-0.115081,0.220239,-0.138265,0.057756,0.027157,-0.002094,0.013742,-0.185192,0.379227,-0.505921,-0.132708,-0.552313,0.20794,1.086086,-1.154943,-0.546252,0.409903,-0.043725,0.444225,0.216882,-0.877894
-0.721283,1.670227,0.779992,0.001674,0.003784,0.710188,-0.704,-0.103082,0.080251,0.056305,0.297979,-0.173957,-0.037456,-0.070396,-0.103942,-0.120132,0.223133,-0.142071,0.057918,0.03036,-0.003193,0.01417,-0.203826,0.372717,-0.518893,-0.128728,-0.600709,0.230878,1.075696,-1.133305,-0.55767,0.443884,-0.053729,0.436988,0.195342,-0.901027
-0.72137,1.670186,0.779934,0.002246,0.004106,0.708452,-0.705744,-0.102907,0.079267,0.05187,0.298359,-0.174505,-0.037444,-0.069475,-0.105131,-0.124835,0.227307,-0.145114,0.058343,0.03416,-0.003247,0.014391,-0.228744,0.377584,-0.531643,-0.129713,-0.620371,0.245261,1.06205,-1.108548,-0.566449,0.481812,-0.056144,0.429591,0.171378,-0.923555
-0.721419,1.670055,0.779865,-0.002725,-0.004546,-0.706896,0.707297,-0.102425,0.078046,0.047925,0.298652,-0.174895,-0.037522,-0.068463,-0.106435,-0.128644,0.231261,-0.148012,0.057963,0.036356,-0.003436,0.014081,-0.254579,0.390229,-0.539431,-0.134072,-0.616595,0.251267,1.048277,-1.080317,-0.57313,0.528037,-0.05577,0.437878,0.15461,-0.942892
-0.721409,1.669813,0.779857,-0.003399,-0.005042,-0.705486,0.708698,-0.10112,0.077072,0.044185,0.298791,-0.176011,-0.037641,-0.067115,-0.107539,-0.132317,0.235576,-0.151035,0.057935,0.037424,-0.003193,0.0134,-0.274936,0.39812,-0.541114,-0.137319,-0.611727,0.259056,1.032848,-1.040456,-0.556838,0.568406,-0.052869,0.456686,0.129382,-0.971335
-0.721472,1.669314,0.779951,-0.003966,-0.005654,-0.704412,0.709758,-0.099506,0.076172,0.041615,0.299371,-0.175801,-0.037719,-0.065256,-0.108543,-0.135117,0.238988,-0.153457,0.057512,0.037665,-0.003664,0.013254,-0.290481,0.400388,-0.536185,-0.136475,-0.606532,0.267208,1.015007,-0.993213,-0.527301,0.603712,-0.0483,0.454822,0.084759,-1.004806
-0.72142,1.668805,0.779897,-0.00447,-0.006089,-0.703597,0.710559,-0.097918,0.075466,0.039347,0.299767,-0.176906,-0.037007,-0.063346,-0.109268,-0.137268,0.241274,-0.155877,0.057312,0.038566,-0.004191,0.012249,-0.301999,0.397461,-0.529939,-0.134244,-0.606209,0.269599,1.006051,-0.954568,-0.510269,0.639649,-0.043527,0.443053,0.052644,-1.021261
-0.721338,1.668243,0.779805,-0.004991,-0.006824,-0.703006,0.711133,-0.095911,0.074557,0.038051,0.300972,-0.178655,-0.03689,-0.061019,-0.110283,-0.13847,0.24373,-0.158905,0.057187,0.039272,-0.005078,0.010851,-0.31082,0.390436,-0.521939,-0.128896,-0.612938,0.273648,1.000138,-0.925824,-0.499484,0.676886,-0.033171,0.437454,0.034304,-1.027063
-0.721147,1.667572,0.779754,-0.005683,-0.007309,-0.702676,0.711449,-0.093485,0.074403,0.037336,0.301805,-0.180464,-0.036916,-0.059037,-0.110639,-0.139313,0.246194,-0.160968,0.057489,0.040531,-0.006127,0.00994,-0.315117,0.372802,-0.513385,-0.118039,-0.626564,0.28265,0.978669,-0.902451,-0.489238,0.715525,-0.016362,0.447859,0.02706,-1.013647
-0.720905,1.666887,0.779806,-0.006238,-0.007846,-0.702548,0.711566,-0.091076,0.074006,0.037218,0.302463,-0.181961,-0.036195,-0.056548,-0.111106,-0.139645,0.247191,-0.162757,0.057979,0.041771,-0.007422,0.008553,-0.314457,0.340403,-0.507128,-0.097883,-0.656554,0.295643,0.944114,-0.887171,-0.475286,0.7479,0.007765,0.466736,0.024398,-0.975244
-0.720633,1.666262,0.779883,-0.006808,-0.008341,-0.702478,0.711624,-0.088582,0.073633,0.037003,0.302771,-0.182916,-0.035549,-0.054183,-0.111318,-0.13936,0.247947,-0.163939,0.057398,0.042925,-0.008385,0.005814,-0.311125,0.301115,-0.507178,-0.074479,-0.68973,0.307685,0.891328,-0.888516,-0.460585,0.772216,0.043024,0.492983,0.02902,-0.915619
-0.720322,1.665728,0.779868,-0.008073,-0.008968,-0.702595,0.711488,-0.085824,0.074456,0.0372,0.305577,-0.187345,-0.035103,-0.052556,-0.11092,-0.138877,0.252422,-0.166544,0.057425,0.044764,-0.004539,0.000965,-0.311358,0.264627,-0.507733,-0.045514,-0.705939,0.311076,0.817756,-0.901973,-0.439124,0.786331,0.091111,0.520504,0.035584,-0.809623
-0.720099,1.665228,0.779975,-0.008704,-0.009297,-0.702546,0.711524,-0.083594,0.074534,0.036884,0.30579,-0.188077,-0.034539,-0.050565,-0.110761,-0.138917,0.253197,-0.167462,0.057343,0.046264,-0.001217,-0.00508,-0.318858,0.240755,-0.507537,-0.019711,-0.71927,0.305399,0.76196,-0.928268,-0.418877,0.790918,0.138017,0.547669,0.049372,-0.682963
-0.719893,1.664766,0.780059,-0.009128,-0.009748,-0.7028,0.711262,-0.081345,0.074356,0.037509,0.305821,-0.187818,-0.03421,-0.04871,-0.110995,-0.138458,0.253253,-0.167528,0.057967,0.048033,0.002647,-0.012665,-0.334203,0.227074,-0.501402,0.005159,-0.721418,0.291273,0.718055,-0.969464,-0.403734,0.790572,0.188217,0.568375,0.081219,-0.563167
-0.719649,1.664294,0.780168,-0.009491,-0.010431,-0.703414,0.71064,-0.07823,0.073985,0.039239,0.305321,-0.18785,-0.034102,-0.046877,-0.111304,-0.136492,0.253407,-0.167985,0.05727,0.049321,0.006914,-0.019103,-0.348219,0.206,-0.492677,0.030676,-0.732541,0.279238,0.676387,-1.017104,-0.376767,0.780244,0.239834,0.578862,0.121643,-0.439542
-0.719385,1.663724,0.780099,-0.010262,-0.011657,-0.70458,0.709455,-0.073941,0.073911,0.04242,0.306705,-0.189378,-0.033959,-0.045014,-0.111869,-0.133522,0.256297,-0.170304,0.058104,0.049156,0.013349,-0.023974,-0.361468,0.180861,-0.477582,0.058672,-0.746738,0.276997,0.616886,-1.068552,-0.340764,0.765254,0.297078,0.568733,0.158655,-0.289401
-0.719255,1.663123,0.780145,-0.010368,-0.012443,-0.705447,0.708577,-0.069925,0.073363,0.045177,0.304468,-0.189021,-0.034447,-0.042609,-0.112395,-0.13111,0.254877,-0.170589,0.058031,0.049601,0.017348,-0.02872,-0.381827,0.165406,-0.458461,0.082402,-0.753022,0.269344,0.579103,-1.110554,-0.312731,0.755262,0.336145,0.557627,0.183493,-0.185279
-0.719137,1.662562,0.780293,-0.009935,-0.01285,-0.706057,0.707969,-0.066855,0.072111,0.046933,0.300396,-0.186461,-0.03403,-0.040592,-0.113179,-0.129963,0.251358,-0.16942,0.058039,0.049037,0.020923,-0.031373,-0.400443,0.154573,-0.445161,0.100455,-0.764376,0.26954,0.541186,-1.143342,-0.287083,0.744252,0.359001,0.550847,0.194201,-0.119334
-0.719091,1.662065,0.780277,-0.009902,-0.013698,-0.706647,0.707365,-0.063989,0.071148,0.049084,0.299329,-0.185616,-0.034205,-0.038424,-0.114194,-0.128317,0.250325,-0.170139,0.058462,0.047627,0.024413,-0.032162,-0.417017,0.144001,-0.429851,0.119311,-0.772189,0.269671,0.506188,-1.162494,-0.265043,0.734984,0.371223,0.543264,0.188252,-0.084354
-0.719167,1.66181,0.780246,-0.01012,-0.014619,-0.706784,0.707206,-0.062058,0.070327,0.049792,0.29997,-0.185307,-0.034405,-0.036422,-0.115094,-0.127603,0.250633,-0.17147,0.058197,0.044907,0.025306,-0.031959,-0.42957,0.132342,-0.414159,0.138453,-0.781369,0.270294,0.478485,-1.175885,-0.259735,0.737475,0.371566,0.532646,0.178328,-0.078633
-0.719232,1.661611,0.780147,-0.010417,-0.015389,-0.705993,0.707975,-0.061229,0.069201,0.048313,0.301137,-0.18515,-0.034559,-0.034278,-0.116379,-0.129286,0.251705,-0.173344,0.058539,0.042351,0.025011,-0.030313,-0.438607,0.118353,-0.402215,0.152592,-0.791436,0.267956,0.448749,-1.185317,-0.27069,0.748744,0.363768,0.521557,0.171264,-0.096149
-0.719322,1.661596,0.780104,-0.010789,-0.016038,-0.704314,0.709625,-0.061587,0.06765,0.044251,0.302881,-0.184762,-0.034267,-0.032145,-0.117965,-0.133284,0.253567,-0.175311,0.058636,0.041589,0.025064,-0.026641,-0.445164,0.102295,-0.395355,0.163949,-0.801706,0.264939,0.419908,-1.186177,-0.287092,0.757956,0.35354,0.518869,0.161759,-0.123264
-0.71956,1.661543,0.780162,-0.011214,-0.016493,-0.701794,0.7121,-0.062656,0.065956,0.037843,0.304425,-0.183752,-0.033344,-0.029853,-0.119519,-0.139444,0.255804,-0.176958,0.05856,0.041245,0.025051,-0.022434,-0.44954,0.084411,-0.39396,0.17314,-0.81269,0.262987,0.391995,-1.179142,-0.303528,0.761181,0.344607,0.525024,0.144864,-0.143304
-0.719793,1.661671,0.780225,-0.01148,-0.016769,-0.699149,0.714687,-0.064294,0.064032,0.030589,0.305372,-0.182546,-0.032255,-0.027756,-0.121161,-0.146374,0.257428,-0.178687,0.058646,0.042756,0.025102,-0.018874,-0.452782,0.066909,-0.397667,0.180645,-0.822069,0.260398,0.361094,-1.172225,-0.315931,0.758675,0.346549,0.536124,0.115897,-0.147979
-0.720099,1.661902,0.780347,-0.011735,-0.016855,-0.696841,0.716931,-0.065628,0.062706,0.024255,0.305259,-0.181096,-0.031319,-0.026477,-0.122204,-0.152398,0.258892,-0.179279,0.05886,0.043303,0.023851,-0.016727,-0.453082,0.052494,-0.405662,0.18578,-0.829482,0.259336,0.324421,-1.172397,-0.325129,0.763184,0.361818,0.547098,0.099552,-0.104043
-0.720407,1.662192,0.780314,-0.012503,-0.017675,-0.695573,0.718129,-0.065411,0.062025,0.020566,0.307505,-0.182019,-0.030629,-0.02647,-0.12332,-0.155166,0.265334,-0.182212,0.058837,0.046369,0.025811,-0.016763,-0.447225,0.040058,-0.413735,0.189159,-0.82364,0.254591,0.289327,-1.181456,-0.335358,0.773517,0.394242,0.53941,0.116867,0.006236
-0.720762,1.662478,0.780306,-0.012605,-0.017769,-0.695478,0.718217,-0.065106,0.062362,0.020016,0.306686,-0.181789,-0.030361,-0.028037,-0.123154,-0.155398,0.268553,-0.183291,0.058246,0.049358,0.026886,-0.018579,-0.443859,0.033239,-0.416492,0.191982,-0.815552,0.249869,0.268372,-1.208287,-0.346623,0.778391,0.432037,0.506711,0.135011,0.109885
-0.721249,1.662695,0.780402,-0.012022,-0.017094,-0.695811,0.71792,-0.065014,0.063239,0.020607,0.301974,-0.179157,-0.030511,-0.029769,-0.121786,-0.154842,0.266576,-0.181109,0.056034,0.050851,0.025561,-0.020906,-0.446759,0.037448,-0.414791,0.19307,-0.809557,0.24649,0.260689,-1.246048,-0.361138,0.784144,0.462973,0.462014,0.155049,0.145743
-0.721852,1.663038,0.780364,-0.011385,-0.016872,-0.697138,0.716648,-0.064845,0.064476,0.024072,0.299356,-0.177816,-0.031401,-0.032328,-0.120723,-0.152104,0.265852,-0.180568,0.056768,0.054811,0.027207,-0.019692,-0.451418,0.043937,-0.410187,0.191517,-0.798378,0.239277,0.276693,-1.274149,-0.361703,0.785144,0.477573,0.416256,0.183072,0.125978
-0.722523,1.663335,0.78023,-0.011718,-0.017395,-0.699133,0.714684,-0.064327,0.066872,0.028855,0.30275,-0.179613,-0.03148,-0.035247,-0.118991,-0.146335,0.270538,-0.182789,0.055768,0.059249,0.030555,-0.014112,-0.452502,0.044535,-0.408032,0.185265,-0.786768,0.22671,0.319991,-1.276489,-0.343369,0.78179,0.464033,0.395561,0.198277,0.024447
-0.72328,1.663402,0.780124,-0.011801,-0.017554,-0.699971,0.713858,-0.064413,0.068575,0.030788,0.304594,-0.18087,-0.031653,-0.035936,-0.117361,-0.144086,0.271559,-0.183928,0.055085,0.061508,0.032672,-0.010277,-0.454571,0.046361,-0.40719,0.18032,-0.784072,0.215959,0.35971,-1.261298,-0.314314,0.770013,0.443008,0.423261,0.188907,-0.102561
-0.723973,1.663327,0.780172,-0.011283,-0.016979,-0.699137,0.714697,-0.065353,0.069026,0.029089,0.301749,-0.179975,-0.032219,-0.034963,-0.116406,-0.146494,0.267686,-0.182748,0.054844,0.060506,0.032161,-0.010602,-0.458133,0.052127,-0.406174,0.18056,-0.786379,0.21143,0.377332,-1.2589,-0.298328,0.762611,0.42668,0.444623,0.169567,-0.165358
-0.724514,1.662906,0.780199,-0.011014,-0.016581,-0.697404,0.716402,-0.066591,0.068724,0.024857,0.30082,-0.179113,-0.032501,-0.033029,-0.116451,-0.151046,0.265481,-0.183103,0.054905,0.05825,0.030029,-0.011281,-0.457193,0.050995,-0.408392,0.1812,-0.789716,0.205262,0.384252,-1.25715,-0.295385,0.762144,0.409324,0.455877,0.142283,-0.190293
-0.724962,1.662614,0.780248,-0.01085,-0.016382,-0.695039,0.718704,-0.068237,0.067589,0.018918,0.300497,-0.178239,-0.032787,-0.030687,-0.117238,-0.157189,0.264127,-0.183969,0.054881,0.055431,0.028115,-0.012647,-0.454357,0.046691,-0.410704,0.18429,-0.794275,0.199309,0.383132,-1.256416,-0.305067,0.76149,0.401289,0.463322,0.117326,-0.193575
-0.725415,1.662148,0.780347,-0.010843,-0.016098,-0.69219,0.721454,-0.069792,0.066236,0.010781,0.300051,-0.177647,-0.032177,-0.027748,-0.118115,-0.165197,0.263099,-0.184841,0.055624,0.053133,0.026138,-0.013109,-0.450125,0.034537,-0.416539,0.187498,-0.804888,0.195179,0.363544,-1.252612,-0.312478,0.757785,0.405146,0.478707,0.098693,-0.156147
-0.725663,1.661668,0.780324,-0.011554,-0.016905,-0.690293,0.72324,-0.069047,0.065006,0.005717,0.302517,-0.179046,-0.032013,-0.02517,-0.119625,-0.169763,0.267411,-0.188295,0.056026,0.053178,0.027136,-0.014952,-0.440114,0.020702,-0.42397,0.191891,-0.809258,0.194575,0.331069,-1.249009,-0.318052,0.753404,0.42724,0.490677,0.09679,-0.068817
-0.725942,1.661208,0.780422,-0.01173,-0.017223,-0.68927,0.724205,-0.067844,0.064348,0.002933,0.301681,-0.178635,-0.031701,-0.024047,-0.120245,-0.172213,0.269719,-0.190036,0.054998,0.053784,0.027234,-0.016956,-0.432523,0.009241,-0.427122,0.198644,-0.81602,0.199011,0.303992,-1.251912,-0.317961,0.745679,0.453713,0.495852,0.104304,0.038035
-0.726248,1.660775,0.780522,-0.011282,-0.016929,-0.688719,0.724743,-0.067106,0.063949,0.001411,0.298108,-0.176669,-0.031482,-0.023229,-0.120234,-0.174361,0.267712,-0.189037,0.054812,0.053492,0.025774,-0.019318,-0.433568,0.00545,-0.425623,0.2062,-0.823804,0.205632,0.285761,-1.261787,-0.317645,0.736181,0.478302,0.493802,0.112203,0.102074
-0.726548,1.660307,0.780489,-0.011168,-0.016982,-0.689077,0.724403,-0.06528,0.064463,0.002459,0.295987,-0.176485,-0.031982,-0.023106,-0.119813,-0.173666,0.268025,-0.189281,0.054075,0.054966,0.026937,-0.02055,-0.437393,0.006494,-0.424002,0.207812,-0.822104,0.206608,0.268132,-1.268581,-0.311297,0.725848,0.498108,0.484592,0.122466,0.131932
-0.726877,1.659817,0.780421,-0.011223,-0.017225,-0.690194,0.723332,-0.063224,0.065524,0.004998,0.295667,-0.176807,-0.03188,-0.023246,-0.118999,-0.171286,0.269134,-0.189977,0.053672,0.056549,0.028177,-0.020714,-0.441419,0.016525,-0.421202,0.206722,-0.8128,0.201029,0.263678,-1.271568,-0.303024,0.723957,0.501363,0.471265,0.132109,0.131414
-0.72717,1.659502,0.780348,-0.011398,-0.017647,-0.691501,0.72207,-0.061339,0.066646,0.008406,0.29638,-0.177675,-0.03186,-0.023455,-0.118164,-0.167757,0.270434,-0.190607,0.053121,0.055428,0.028035,-0.020408,-0.444485,0.034098,-0.418315,0.202609,-0.799882,0.192605,0.271823,-1.272133,-0.30441,0.739473,0.481252,0.45221,0.141339,0.106612
-0.727352,1.659003,0.780032,-0.012746,-0.019107,-0.693328,0.720256,-0.058404,0.068609,0.013295,0.304103,-0.183287,-0.032637,-0.024642,-0.117592,-0.161709,0.280929,-0.195964,0.052309,0.05931,0.02992,-0.019019,-0.443787,0.049687,-0.420687,0.193717,-0.774126,0.181658,0.324682,-1.261352,-0.31755,0.76513,0.436062,0.435274,0.152478,-0.097856
-0.727436,1.658395,0.779911,-0.012979,-0.01941,-0.693472,0.720105,-0.05763,0.068848,0.013736,0.306444,-0.185323,-0.032403,-0.02429,-0.117654,-0.161133,0.283881,-0.198655,0.051524,0.062056,0.03026,-0.019558,-0.446646,0.053975,-0.42477,0.18966,-0.771924,0.18723,0.354995,-1.25159,-0.325266,0.782987,0.403555,0.448675,0.126191,-0.26918
-0.727483,1.657919,0.780094,-0.012145,-0.01861,-0.69236,0.72121,-0.058343,0.067899,0.011203,0.302155,-0.182407,-0.032367,-0.02285,-0.117955,-0.164926,0.278573,-0.196306,0.051952,0.060828,0.029402,-0.020648,-0.454637,0.05842,-0.423603,0.193353,-0.779674,0.195865,0.358064,-1.24856,-0.32877,0.783095,0.395046,0.463814,0.111923,-0.320423
-0.727539,1.657527,0.780248,-0.01182,-0.018372,-0.691278,0.722259,-0.058447,0.066975,0.008549,0.300031,-0.180702,-0.032025,-0.021444,-0.118485,-0.167776,0.276431,-0.195065,0.051551,0.061761,0.02907,-0.020615,-0.459222,0.056446,-0.425783,0.196717,-0.787773,0.205575,0.349928,-1.241125,-0.331297,0.778336,0.394452,0.479985,0.097331,-0.338646
-0.727538,1.657264,0.780397,-0.011725,-0.018275,-0.690556,0.722953,-0.058133,0.066374,0.006711,0.298421,-0.179495,-0.031503,-0.020405,-0.118882,-0.169873,0.275375,-0.194255,0.051733,0.063685,0.029257,-0.020379,-0.460632,0.048846,-0.428417,0.198896,-0.797446,0.215364,0.331537,-1.233324,-0.329352,0.766696,0.405169,0.498494,0.088598,-0.315456
-0.727473,1.657011,0.780536,-0.01171,-0.018251,-0.690253,0.723243,-0.057523,0.065999,0.005875,0.297248,-0.178762,-0.031099,-0.019703,-0.119179,-0.170769,0.274914,-0.193408,0.051788,0.066222,0.0297,-0.020501,-0.459668,0.039018,-0.431087,0.201386,-0.807155,0.223036,0.310469,-1.227923,-0.322516,0.751477,0.42716,0.518664,0.096999,-0.255136
-0.727374,1.656798,0.78044,-0.01242,-0.019068,-0.691051,0.722448,-0.055506,0.066439,0.007819,0.300091,-0.181318,-0.031275,-0.019553,-0.119227,-0.167865,0.27914,-0.195574,0.051451,0.070685,0.032605,-0.021053,-0.453116,0.02938,-0.434685,0.2009,-0.806246,0.222912,0.286407,-1.221603,-0.309235,0.731871,0.455351,0.533484,0.116459,-0.162455
-0.727377,1.65655,0.780514,-0.012149,-0.01864,-0.691454,0.722078,-0.054784,0.066947,0.00887,0.29759,-0.180349,-0.031318,-0.019527,-0.118435,-0.167525,0.276737,-0.19399,0.050916,0.071135,0.031903,-0.022546,-0.453261,0.02755,-0.432602,0.204274,-0.809028,0.221749,0.273758,-1.22765,-0.299792,0.716008,0.474503,0.536968,0.135629,-0.105919
-0.727351,1.656415,0.780524,-0.012085,-0.018619,-0.692606,0.720974,-0.053675,0.067745,0.011838,0.296961,-0.180325,-0.031673,-0.020087,-0.117779,-0.164977,0.276165,-0.193018,0.050997,0.069926,0.030937,-0.023261,-0.450585,0.023822,-0.429663,0.208632,-0.811646,0.219575,0.261582,-1.239067,-0.291302,0.706409,0.487853,0.526279,0.158029,-0.092408
-0.727314,1.656524,0.780446,-0.011979,-0.0187,-0.694274,0.719368,-0.052759,0.068665,0.015973,0.296968,-0.180812,-0.031999,-0.021794,-0.11698,-0.160462,0.27662,-0.192772,0.050551,0.068552,0.030361,-0.020998,-0.448725,0.017585,-0.42379,0.211239,-0.815153,0.214278,0.251054,-1.240624,-0.273379,0.701301,0.483422,0.522837,0.173016,-0.1231
-0.727298,1.656467,0.780136,-0.013192,-0.020059,-0.696876,0.71679,-0.050154,0.07073,0.022464,0.304353,-0.186565,-0.032664,-0.024152,-0.116151,-0.152447,0.286278,-0.19756,0.050138,0.069073,0.032069,-0.017499,-0.438787,0.011043,-0.421387,0.210393,-0.806607,0.203319,0.23943,-1.219884,-0.251204,0.712306,0.452175,0.533285,0.164517,-0.275995
-0.727262,1.656279,0.780017,-0.013526,-0.020213,-0.69795,0.715733,-0.049058,0.071914,0.025294,0.306126,-0.18874,-0.033167,-0.025298,-0.115368,-0.14949,0.289317,-0.198937,0.049791,0.068413,0.032893,-0.017512,-0.431717,0.007208,-0.418749,0.211496,-0.804396,0.199956,0.228837,-1.205287,-0.234249,0.720896,0.426855,0.5523,0.134582,-0.439849
-0.727195,1.656121,0.780064,-0.013199,-0.019724,-0.698028,0.715677,-0.049218,0.072097,0.025547,0.304299,-0.188099,-0.033293,-0.025568,-0.114955,-0.149599,0.287503,-0.198045,0.049685,0.065905,0.032322,-0.017828,-0.429978,0.006005,-0.414553,0.214144,-0.807314,0.198974,0.221626,-1.196872,-0.220931,0.724989,0.411623,0.564576,0.10411,-0.524597
-0.727113,1.656055,0.780174,-0.012563,-0.018972,-0.697326,0.716393,-0.049915,0.071535,0.024163,0.300365,-0.186025,-0.033402,-0.024968,-0.114915,-0.151717,0.282964,-0.196002,0.049495,0.063204,0.030386,-0.019628,-0.431858,0.007659,-0.410218,0.217743,-0.812507,0.200338,0.216474,-1.197038,-0.21769,0.725411,0.407503,0.569554,0.08551,-0.544545
-0.727011,1.656055,0.78023,-0.012295,-0.018683,-0.696339,0.717365,-0.050642,0.070648,0.02182,0.298548,-0.18471,-0.033452,-0.02432,-0.115567,-0.154495,0.281141,-0.195038,0.049942,0.061929,0.029126,-0.020598,-0.43417,0.010006,-0.409683,0.220698,-0.814317,0.201061,0.212293,-1.195217,-0.216883,0.728022,0.404642,0.576858,0.071523,-0.499822
-0.726712,1.656182,0.780062,-0.013498,-0.019871,-0.695358,0.718262,-0.050446,0.069682,0.019286,0.304679,-0.188225,-0.033073,-0.023123,-0.117195,-0.155537,0.287841,-0.199182,0.05018,0.059854,0.030016,-0.021613,-0.422838,0.005434,-0.414563,0.217194,-0.808972,0.198939,0.205503,-1.190138,-0.236186,0.736786,0.406551,0.576829,0.081858,-0.343709
-0.726467,1.656209,0.780036,-0.014069,-0.020121,-0.694131,0.71943,-0.050812,0.068877,0.015889,0.306471,-0.188974,-0.032662,-0.021627,-0.117999,-0.158642,0.289414,-0.200307,0.050372,0.058844,0.029886,-0.025156,-0.415496,0.002421,-0.417834,0.215931,-0.808042,0.199146,0.204016,-1.202928,-0.266827,0.736092,0.427756,0.559237,0.107363,-0.188443
-0.726246,1.65639,0.780085,-0.014004,-0.019916,-0.693336,0.720203,-0.05151,0.068077,0.013782,0.305307,-0.187739,-0.032415,-0.020517,-0.118496,-0.161214,0.286999,-0.1992,0.050943,0.05861,0.030339,-0.027469,-0.41864,0.003497,-0.418572,0.216762,-0.806713,0.200386,0.204798,-1.217366,-0.27915,0.723625,0.460301,0.545553,0.15156,-0.07192
-0.726022,1.656705,0.780092,-0.014145,-0.020019,-0.693549,0.719993,-0.051459,0.067899,0.014163,0.305414,-0.187614,-0.031987,-0.020157,-0.1186,-0.160951,0.285806,-0.198667,0.051272,0.05826,0.03116,-0.028539,-0.421533,0.005511,-0.418122,0.216684,-0.80223,0.198247,0.208982,-1.234337,-0.28454,0.712149,0.489803,0.521563,0.208091,0.013482
-0.725859,1.656997,0.780108,-0.013648,-0.019646,-0.694126,0.719456,-0.051583,0.067748,0.015695,0.302616,-0.185887,-0.03209,-0.019867,-0.118246,-0.160153,0.280772,-0.196435,0.051278,0.056783,0.030047,-0.030246,-0.429483,0.014863,-0.414163,0.218147,-0.798893,0.196892,0.215565,-1.256376,-0.289649,0.707127,0.505353,0.495308,0.252296,0.022954
-0.725826,1.657358,0.780084,-0.013486,-0.019654,-0.695561,0.718071,-0.050981,0.068458,0.019122,0.301815,-0.185684,-0.032276,-0.020521,-0.11745,-0.156834,0.278321,-0.195026,0.051364,0.056762,0.030817,-0.02907,-0.440188,0.026173,-0.410095,0.217536,-0.789423,0.190345,0.231905,-1.2665,-0.282132,0.708276,0.498642,0.477527,0.28178,-0.013982
-0.725844,1.657714,0.780018,-0.013348,-0.019848,-0.697167,0.71651,-0.050455,0.069236,0.023463,0.301929,-0.185751,-0.032792,-0.020973,-0.11672,-0.15269,0.276075,-0.194292,0.051652,0.056648,0.030431,-0.027141,-0.449796,0.03839,-0.407714,0.214622,-0.779078,0.180883,0.248654,-1.267717,-0.274418,0.725035,0.467214,0.469181,0.291768,-0.064411
-0.725665,1.657885,0.779766,-0.014302,-0.021002,-0.699084,0.714588,-0.049104,0.070459,0.028392,0.308715,-0.190338,-0.033271,-0.021612,-0.116389,-0.146677,0.281048,-0.197316,0.052317,0.059865,0.031322,-0.025294,-0.446085,0.039898,-0.410409,0.207327,-0.765976,0.16528,0.293034,-1.26452,-0.282717,0.758095,0.417936,0.471769,0.276008,-0.24395
-0.725511,1.657944,0.779737,-0.01405,-0.02073,-0.698936,0.714745,-0.049742,0.070187,0.028387,0.308064,-0.190044,-0.033404,-0.020593,-0.116436,-0.147101,0.277541,-0.19686,0.053122,0.059809,0.030433,-0.026179,-0.445755,0.037667,-0.409715,0.204636,-0.770449,0.159333,0.3152,-1.268242,-0.292621,0.777711,0.39271,0.48204,0.247405,-0.348869
-0.725408,1.658028,0.779841,-0.013501,-0.019971,-0.697718,0.715967,-0.051107,0.069311,0.025433,0.304478,-0.187703,-0.033271,-0.019176,-0.116673,-0.151169,0.271959,-0.194362,0.054082,0.05901,0.030023,-0.026643,-0.45099,0.036829,-0.406702,0.204345,-0.775797,0.155126,0.323817,-1.266082,-0.295867,0.781156,0.382445,0.493316,0.216206,-0.38002
-0.725261,1.65812,0.77995,-0.013449,-0.019717,-0.696096,0.717552,-0.052141,0.068164,0.021529,0.302995,-0.186288,-0.033183,-0.01735,-0.117444,-0.155118,0.269343,-0.193097,0.054527,0.056614,0.029798,-0.027115,-0.452986,0.034853,-0.404991,0.204854,-0.77815,0.150925,0.326099,-1.261971,-0.302302,0.780324,0.38262,0.502351,0.19051,-0.376804
-0.725162,1.658179,0.77998,-0.013604,-0.019721,-0.694367,0.719223,-0.052728,0.066865,0.016921,0.302136,-0.18542,-0.032847,-0.015446,-0.118423,-0.159517,0.268419,-0.192836,0.054525,0.053396,0.02854,-0.028341,-0.451212,0.031062,-0.405463,0.207228,-0.781887,0.152022,0.321583,-1.264409,-0.31312,0.782434,0.389114,0.507067,0.193617,-0.326538
-0.725045,1.658332,0.779886,-0.01455,-0.020617,-0.693139,0.720362,-0.052453,0.065946,0.013683,0.305769,-0.187228,-0.032738,-0.014225,-0.119787,-0.162007,0.273542,-0.195758,0.054642,0.05063,0.029829,-0.029148,-0.444105,0.024613,-0.407731,0.207079,-0.779929,0.155101,0.31441,-1.269061,-0.327016,0.781555,0.403843,0.491904,0.224019,-0.216401
-0.725017,1.658445,0.779858,-0.015082,-0.020983,-0.692435,0.721018,-0.052427,0.065664,0.011644,0.307398,-0.187468,-0.032622,-0.013655,-0.120234,-0.16392,0.276097,-0.196861,0.054665,0.048519,0.030807,-0.029591,-0.443689,0.023064,-0.406543,0.207519,-0.776026,0.159963,0.311854,-1.274337,-0.32891,0.768151,0.426446,0.47302,0.269696,-0.115296
-0.725159,1.658471,0.779914,-0.01482,-0.020577,-0.692077,0.721378,-0.052797,0.065707,0.010574,0.305212,-0.185801,-0.032546,-0.013186,-0.119776,-0.165431,0.273374,-0.19524,0.054143,0.045264,0.028728,-0.03021,-0.449674,0.025994,-0.401434,0.210386,-0.776314,0.165592,0.309611,-1.285883,-0.325716,0.753948,0.437646,0.450861,0.304036,-0.053868
-0.725366,1.65859,0.779908,-0.014924,-0.020543,-0.692673,0.720805,-0.052496,0.066662,0.011826,0.305162,-0.185755,-0.032582,-0.0136,-0.118857,-0.164265,0.273052,-0.19436,0.053903,0.042574,0.025271,-0.0292,-0.452803,0.025361,-0.395099,0.212496,-0.777323,0.169241,0.307348,-1.29911,-0.323081,0.74688,0.438359,0.418362,0.326796,-0.032192
-0.725597,1.658724,0.779835,-0.015081,-0.020565,-0.693894,0.719626,-0.052013,0.068186,0.014831,0.305815,-0.186252,-0.032744,-0.014631,-0.117572,-0.161535,0.273315,-0.193471,0.054026,0.042134,0.02304,-0.025975,-0.456237,0.021925,-0.388285,0.21372,-0.78034,0.171582,0.306587,-1.300881,-0.311633,0.740641,0.428384,0.402337,0.335327,-0.056027
-0.725889,1.658839,0.779825,-0.01518,-0.020481,-0.695312,0.718255,-0.051275,0.07001,0.018376,0.305956,-0.187086,-0.033059,-0.01575,-0.115806,-0.157959,0.273021,-0.192862,0.05317,0.043692,0.02187,-0.02237,-0.460727,0.019543,-0.383856,0.215191,-0.783241,0.173792,0.304336,-1.288968,-0.290925,0.733926,0.41335,0.41549,0.322128,-0.12353
-0.72618,1.658942,0.779706,-0.016059,-0.020923,-0.69704,0.716547,-0.049653,0.072672,0.022538,0.309302,-0.190255,-0.034018,-0.01706,-0.11369,-0.152755,0.276951,-0.194305,0.052249,0.04742,0.021232,-0.018285,-0.458977,0.013981,-0.385492,0.214088,-0.783494,0.175356,0.296257,-1.260805,-0.261563,0.73268,0.397648,0.451732,0.268107,-0.224038
-0.726429,1.658924,0.779731,-0.016352,-0.020696,-0.697504,0.716095,-0.049222,0.074345,0.023776,0.309453,-0.191174,-0.034826,-0.017424,-0.112156,-0.151801,0.277228,-0.194165,0.052311,0.049189,0.020372,-0.016092,-0.458447,0.010688,-0.38836,0.213681,-0.786522,0.179526,0.281539,-1.22875,-0.231254,0.725689,0.3953,0.495883,0.20056,-0.287884
-0.726628,1.658962,0.779922,-0.015749,-0.019744,-0.696652,0.716964,-0.050592,0.074389,0.021612,0.305636,-0.188823,-0.034978,-0.017096,-0.111394,-0.154476,0.272599,-0.191621,0.05198,0.048111,0.018014,-0.014278,-0.461728,0.006835,-0.388761,0.21658,-0.79683,0.187258,0.265832,-1.203843,-0.203918,0.712865,0.394707,0.539399,0.166196,-0.282398
-0.726776,1.659036,0.779996,-0.015589,-0.019241,-0.69547,0.718129,-0.051551,0.074278,0.018746,0.303419,-0.187629,-0.035457,-0.016233,-0.111166,-0.157663,0.269954,-0.190502,0.051739,0.043834,0.013958,-0.014219,-0.459222,0.002789,-0.390597,0.219494,-0.806593,0.195485,0.245428,-1.187105,-0.19285,0.706621,0.395731,0.567253,0.142081,-0.225499
-0.72677,1.659131,0.779985,-0.016346,-0.019731,-0.69421,0.719316,-0.051806,0.073824,0.015119,0.306184,-0.188906,-0.03552,-0.015197,-0.111827,-0.16006,0.27352,-0.192327,0.051456,0.039556,0.012087,-0.015407,-0.449219,-0.003234,-0.392737,0.221618,-0.810857,0.201424,0.224651,-1.171858,-0.195561,0.697739,0.412273,0.581673,0.138478,-0.134659
-0.726721,1.659296,0.77999,-0.016661,-0.019715,-0.693099,0.72038,-0.052693,0.073444,0.012235,0.306914,-0.188952,-0.035328,-0.014989,-0.112297,-0.163128,0.275248,-0.192843,0.051778,0.036101,0.009542,-0.017483,-0.443545,-0.00515,-0.393647,0.224197,-0.812618,0.205456,0.209748,-1.169244,-0.206443,0.689501,0.429849,0.578204,0.155426,-0.02412
-0.726634,1.659522,0.779945,-0.016879,-0.01959,-0.692683,0.720778,-0.053226,0.073446,0.010812,0.307214,-0.189378,-0.034825,-0.015398,-0.112267,-0.164084,0.276438,-0.192939,0.051229,0.033048,0.006988,-0.020426,-0.437265,-0.00664,-0.392195,0.227013,-0.81435,0.206409,0.198599,-1.185198,-0.231027,0.681968,0.452699,0.543913,0.175789,0.055019
-0.726589,1.659769,0.780008,-0.016404,-0.018732,-0.692813,0.720687,-0.054112,0.073888,0.011012,0.304053,-0.187681,-0.034895,-0.016602,-0.111402,-0.164645,0.273386,-0.190184,0.050935,0.030802,0.003234,-0.021623,-0.438048,-0.005246,-0.388459,0.230774,-0.820014,0.209855,0.188885,-1.207588,-0.251064,0.677932,0.470045,0.509812,0.193626,0.083446
-0.726513,1.660096,0.780019,-0.01611,-0.01839,-0.694013,0.719547,-0.054264,0.074706,0.013909,0.302822,-0.187157,-0.035073,-0.018407,-0.110532,-0.161778,0.271976,-0.188483,0.050317,0.032202,0.001798,-0.020861,-0.439605,-0.006627,-0.384097,0.2341,-0.824639,0.211848,0.180664,-1.225943,-0.259345,0.675954,0.480453,0.477379,0.207046,0.073229
-0.726431,1.660404,0.78005,-0.015936,-0.018255,-0.695951,0.717681,-0.053784,0.075992,0.018834,0.302557,-0.186916,-0.034936,-0.020561,-0.10933,-0.156831,0.271317,-0.186777,0.049989,0.035204,0.001837,-0.018975,-0.443426,-0.007084,-0.378306,0.237029,-0.827174,0.212447,0.174641,-1.235898,-0.253844,0.675587,0.479142,0.459575,0.212554,0.028533
-0.726423,1.660635,0.780013,-0.015789,-0.018211,-0.698016,0.715676,-0.053069,0.077306,0.023728,0.302509,-0.187369,-0.034953,-0.022144,-0.10804,-0.151793,0.270134,-0.185862,0.049995,0.038667,0.001615,-0.016934,-0.448098,-0.005266,-0.373643,0.241118,-0.828472,0.212537,0.171273,-1.239532,-0.241548,0.685127,0.462901,0.454806,0.20737,-0.003912
-0.726316,1.660776,0.780064,-0.015746,-0.018119,-0.699429,0.714299,-0.052449,0.078482,0.027889,0.302455,-0.187653,-0.036065,-0.023351,-0.106949,-0.147803,0.269361,-0.184649,0.049444,0.042739,0.003844,-0.015094,-0.452398,-0.009642,-0.369082,0.246288,-0.833652,0.214655,0.166126,-1.237237,-0.220117,0.67842,0.452825,0.468029,0.179814,-0.053584
-0.726181,1.660869,0.780094,-0.015666,-0.017946,-0.700031,0.713715,-0.052627,0.078985,0.029679,0.302491,-0.187601,-0.036311,-0.023618,-0.106413,-0.146118,0.267849,-0.183924,0.049716,0.04636,0.005165,-0.013117,-0.458973,-0.013277,-0.367469,0.25247,-0.839022,0.216856,0.161006,-1.22673,-0.191435,0.67411,0.445669,0.49548,0.141979,-0.05013
-0.72594,1.660963,0.780137,-0.015677,-0.017903,-0.699921,0.713824,-0.052926,0.078654,0.029425,0.302561,-0.187492,-0.036506,-0.022827,-0.106648,-0.146395,0.266104,-0.183345,0.050316,0.046928,0.00496,-0.014164,-0.465348,-0.011959,-0.365736,0.259358,-0.842266,0.220047,0.15553,-1.221093,-0.179745,0.674487,0.443584,0.514065,0.110403,-0.010693
-0.725642,1.661144,0.780192,-0.015661,-0.017923,-0.698889,0.714834,-0.053982,0.077427,0.027111,0.302832,-0.186667,-0.036232,-0.021635,-0.107776,-0.148935,0.264741,-0.1829,0.050851,0.046136,0.003917,-0.016512,-0.471318,-0.009391,-0.364842,0.266336,-0.84515,0.222781,0.149147,-1.221064,-0.18741,0.680117,0.451956,0.521841,0.099103,0.052728
-0.725256,1.661199,0.780107,-0.016167,-0.018654,-0.697695,0.71597,-0.054912,0.075564,0.023621,0.307086,-0.188369,-0.035142,-0.020452,-0.109919,-0.151453,0.268235,-0.185386,0.051421,0.045577,0.005426,-0.018655,-0.475023,-0.010422,-0.365478,0.271432,-0.841979,0.224241,0.134759,-1.223831,-0.21142,0.686403,0.464951,0.506679,0.094745,0.159096
-0.724872,1.661233,0.780164,-0.015762,-0.018274,-0.696354,0.717293,-0.056168,0.073782,0.020498,0.305217,-0.186905,-0.034462,-0.019424,-0.111264,-0.155401,0.265624,-0.184514,0.051755,0.044489,0.006388,-0.021567,-0.484564,-0.00663,-0.361821,0.277402,-0.842199,0.226784,0.121515,-1.23763,-0.238105,0.684321,0.485417,0.485083,0.098058,0.222918
-0.724461,1.661384,0.780116,-0.015573,-0.018276,-0.6958,0.717834,-0.056894,0.07231,0.018921,0.304789,-0.186201,-0.033882,-0.019225,-0.112576,-0.156936,0.264948,-0.184074,0.052331,0.044239,0.008677,-0.023391,-0.493272,-0.003376,-0.356478,0.286204,-0.840743,0.228047,0.116303,-1.259596,-0.264185,0.680668,0.509045,0.44583,0.104501,0.251758
-0.724158,1.661583,0.780071,-0.015395,-0.018434,-0.696003,0.717637,-0.057231,0.071436,0.019485,0.305156,-0.185718,-0.033495,-0.019813,-0.1136,-0.156484,0.265246,-0.183964,0.052854,0.045973,0.011548,-0.024664,-0.504953,0.006431,-0.353023,0.295147,-0.833698,0.22747,0.115821,-1.289439,-0.286535,0.685462,0.529437,0.395087,0.113569,0.229827
-0.723972,1.661826,0.780066,-0.015077,-0.018565,-0.696925,0.716746,-0.057587,0.071082,0.021801,0.305634,-0.185185,-0.032982,-0.021456,-0.114057,-0.153967,0.265745,-0.183272,0.052623,0.049332,0.014128,-0.022226,-0.520162,0.015997,-0.348964,0.301706,-0.825864,0.225889,0.119951,-1.306595,-0.289501,0.693468,0.530494,0.358509,0.134096,0.189197
-0.723897,1.661939,0.780102,-0.014932,-0.018682,-0.697926,0.71577,-0.057251,0.07132,0.024417,0.305779,-0.185032,-0.032814,-0.022769,-0.113936,-0.15144,0.266295,-0.182608,0.052749,0.051879,0.016311,-0.019596,-0.534383,0.026364,-0.344126,0.30562,-0.818794,0.221532,0.126977,-1.312537,-0.284444,0.704612,0.513288,0.339522,0.15635,0.14365
-0.723884,1.661991,0.779995,-0.015272,-0.019301,-0.699076,0.714624,-0.056669,0.071934,0.027561,0.309299,-0.186888,-0.033012,-0.024406,-0.114091,-0.147652,0.270956,-0.184495,0.052861,0.056515,0.018975,-0.01814,-0.546531,0.045339,-0.34287,0.304311,-0.795175,0.206383,0.15543,-1.316836,-0.289306,0.722302,0.476923,0.322064,0.178136,0.021461
-0.723861,1.661944,0.779979,-0.015292,-0.019289,-0.698885,0.71481,-0.057155,0.071923,0.027448,0.310176,-0.187017,-0.033047,-0.024916,-0.114342,-0.147922,0.272272,-0.184612,0.052697,0.060868,0.019533,-0.018187,-0.559233,0.058925,-0.342338,0.303219,-0.781341,0.198111,0.188112,-1.319912,-0.292123,0.733378,0.448544,0.324479,0.175304,-0.064212
-0.723936,1.661788,0.780154,-0.014659,-0.018628,-0.697397,0.716293,-0.058705,0.070801,0.023877,0.307286,-0.184291,-0.032581,-0.023771,-0.114962,-0.152323,0.268401,-0.182716,0.05302,0.063298,0.019611,-0.018936,-0.578633,0.073859,-0.337395,0.304788,-0.769964,0.193663,0.224036,-1.313893,-0.285406,0.725653,0.441196,0.347243,0.161021,-0.086277
-0.72389,1.66175,0.780213,-0.014718,-0.018459,-0.695167,0.718461,-0.060442,0.069312,0.018205,0.307273,-0.182768,-0.031558,-0.021745,-0.116134,-0.158164,0.267176,-0.181688,0.053046,0.062468,0.017536,-0.019479,-0.592266,0.079972,-0.333618,0.307983,-0.763601,0.193907,0.259631,-1.312402,-0.286201,0.716795,0.445277,0.360951,0.146602,-0.066651
-0.723803,1.661595,0.780302,-0.014933,-0.018419,-0.692492,0.721036,-0.062249,0.06749,0.011597,0.308141,-0.181844,-0.030746,-0.019293,-0.117688,-0.164903,0.267243,-0.181788,0.0535,0.061797,0.015924,-0.018892,-0.603107,0.08106,-0.33549,0.310171,-0.761039,0.196697,0.278736,-1.309937,-0.287584,0.705134,0.460902,0.368165,0.139525,0.010201
-0.723657,1.661456,0.780225,-0.015818,-0.01894,-0.690469,0.722941,-0.063135,0.066339,0.006217,0.312312,-0.183761,-0.030262,-0.018156,-0.119197,-0.169435,0.273032,-0.184633,0.053828,0.062293,0.016258,-0.016126,-0.604398,0.073018,-0.340904,0.308168,-0.761934,0.20211,0.289623,-1.299288,-0.283432,0.680791,0.487322,0.372492,0.137018,0.134939
-0.723506,1.661362,0.780293,-0.015644,-0.018495,-0.689005,0.724351,-0.063654,0.065222,0.002363,0.309608,-0.18196,-0.02937,-0.017535,-0.119858,-0.173578,0.272175,-0.183554,0.053486,0.061957,0.014882,-0.016537,-0.607849,0.072909,-0.342415,0.311234,-0.767608,0.208898,0.294175,-1.303538,-0.284003,0.659829,0.514994,0.365204,0.140613,0.207882
-0.723262,1.661255,0.780383,-0.015519,-0.018363,-0.688647,0.724698,-0.063188,0.064537,0.001636,0.307667,-0.180805,-0.029143,-0.018282,-0.12051,-0.174277,0.273448,-0.182805,0.052667,0.063125,0.013878,-0.016847,-0.6092,0.07465,-0.345562,0.313233,-0.769216,0.213172,0.29404,-1.315631,-0.28602,0.648708,0.539683,0.343954,0.145792,0.240776
-0.722963,1.661274,0.780403,-0.015278,-0.018263,-0.689169,0.72421,-0.062698,0.064251,0.003127,0.306175,-0.180387,-0.029044,-0.020044,-0.120967,-0.172884,0.274838,-0.182644,0.052388,0.064994,0.01258,-0.015822,-0.608899,0.077475,-0.348243,0.313159,-0.769018,0.215077,0.290368,-1.328275,-0.284367,0.65141,0.5494,0.319166,0.154607,0.23307
-0.722701,1.661375,0.780363,-0.015042,-0.018318,-0.690003,0.723418,-0.062285,0.064027,0.005296,0.305667,-0.18047,-0.028971,-0.021373,-0.121279,-0.170454,0.275461,-0.1827,0.052293,0.065484,0.010882,-0.01399,-0.607865,0.080995,-0.347687,0.312239,-0.768906,0.213678,0.291161,-1.333281,-0.279907,0.669207,0.53617,0.300002,0.167599,0.217622
-0.722343,1.66142,0.78035,-0.014955,-0.018367,-0.690533,0.722913,-0.06192,0.063783,0.007166,0.305488,-0.180669,-0.028999,-0.022029,-0.121655,-0.168765,0.275547,-0.182635,0.052507,0.065351,0.009859,-0.012696,-0.605757,0.084414,-0.345275,0.309818,-0.767998,0.211396,0.2943,-1.332997,-0.280073,0.694029,0.509343,0.286144,0.179997,0.185006
-0.721904,1.661338,0.780249,-0.015319,-0.018804,-0.691096,0.722356,-0.061829,0.063621,0.008754,0.309172,-0.18314,-0.029057,-0.022594,-0.122331,-0.166692,0.27888,-0.184828,0.053335,0.068876,0.011735,-0.010549,-0.597332,0.076878,-0.343897,0.304521,-0.767714,0.209096,0.309971,-1.311858,-0.267423,0.704925,0.479511,0.31172,0.16337,0.086012
-0.721439,1.66123,0.78026,-0.015377,-0.018698,-0.690672,0.722763,-0.062362,0.06295,0.007888,0.310082,-0.183981,-0.029168,-0.021661,-0.122924,-0.167632,0.277959,-0.18559,0.053879,0.072027,0.014095,-0.009024,-0.590887,0.064926,-0.342876,0.302941,-0.775503,0.211411,0.324914,-1.278462,-0.23454,0.692099,0.472509,0.376493,0.111046,0.025499
-0.721033,1.660903,0.780377,-0.014846,-0.0179,-0.689391,0.724016,-0.063163,0.061773,0.004994,0.306607,-0.182375,-0.029687,-0.019869,-0.123511,-0.171673,0.273065,-0.183811,0.0548,0.07309,0.015171,-0.009411,-0.590462,0.059956,-0.341677,0.307092,-0.785047,0.21627,0.331719,-1.256186,-0.208321,0.672654,0.476829,0.429574,0.077323,0.037587
-0.720676,1.660696,0.780437,-0.014792,-0.017799,-0.688239,0.725115,-0.063184,0.060534,0.002288,0.305445,-0.181183,-0.030192,-0.017585,-0.124602,-0.174884,0.270498,-0.18322,0.055918,0.071144,0.013156,-0.012147,-0.585492,0.059781,-0.343134,0.311362,-0.79036,0.218199,0.334132,-1.247016,-0.20926,0.665633,0.483913,0.452467,0.064221,0.094359
-0.720261,1.660491,0.780431,-0.014852,-0.017828,-0.687105,0.726188,-0.063321,0.059139,-0.000319,0.305349,-0.180225,-0.030204,-0.015415,-0.125835,-0.177876,0.268968,-0.183195,0.056481,0.06772,0.010326,-0.015002,-0.575713,0.055847,-0.345548,0.312478,-0.799423,0.225285,0.328742,-1.25213,-0.233917,0.662192,0.498439,0.44344,0.063998,0.148807
-0.719921,1.660335,0.780402,-0.014995,-0.017877,-0.686373,0.726875,-0.06314,0.058259,-0.002337,0.305396,-0.179956,-0.030038,-0.013999,-0.126624,-0.179758,0.268432,-0.183183,0.056847,0.065401,0.008378,-0.017283,-0.567739,0.052886,-0.348359,0.311182,-0.806713,0.231885,0.32087,-1.263379,-0.263878,0.66167,0.518727,0.415421,0.073079,0.173968
-0.7197,1.66023,0.780362,-0.01496,-0.017875,-0.686495,0.726761,-0.062868,0.057904,-0.00232,0.30532,-0.180425,-0.029432,-0.01361,-0.126919,-0.179721,0.267843,-0.183338,0.057018,0.06543,0.007769,-0.018139,-0.563686,0.052539,-0.351007,0.307545,-0.807795,0.233954,0.31179,-1.275462,-0.284488,0.663907,0.534879,0.382434,0.091256,0.155469
-0.719595,1.660228,0.780383,-0.014917,-0.017921,-0.687442,0.725865,-0.062452,0.058178,-0.000246,0.305599,-0.180822,-0.028937,-0.014297,-0.126622,-0.177421,0.26761,-0.182722,0.057461,0.066495,0.007507,-0.016751,-0.562682,0.053175,-0.351805,0.305158,-0.807102,0.232962,0.307972,-1.280946,-0.288764,0.67434,0.530655,0.361795,0.113101,0.136989
-0.719449,1.660301,0.780249,-0.015357,-0.018557,-0.689626,0.723765,-0.061067,0.059502,0.005488,0.309258,-0.183651,-0.029032,-0.01609,-0.126074,-0.171198,0.271343,-0.184386,0.057472,0.070999,0.008948,-0.015451,-0.557102,0.050665,-0.352411,0.29869,-0.800358,0.228309,0.30657,-1.283082,-0.292302,0.688127,0.50689,0.33613,0.157461,0.060544
-0.719381,1.660197,0.780172,-0.015359,-0.01846,-0.690908,0.722543,-0.060783,0.06062,0.008714,0.3104,-0.184653,-0.029154,-0.017211,-0.125137,-0.167711,0.271541,-0.184498,0.057418,0.075424,0.011239,-0.015259,-0.556815,0.048968,-0.353201,0.295423,-0.796782,0.228403,0.303351,-1.282254,-0.284928,0.689068,0.484397,0.343306,0.166566,-0.033366
-0.719413,1.660062,0.780299,-0.014563,-0.017789,-0.691,0.722489,-0.061572,0.060583,0.009665,0.307578,-0.182508,-0.030149,-0.016827,-0.124869,-0.168518,0.266289,-0.182474,0.058291,0.077798,0.012688,-0.01523,-0.563587,0.049581,-0.351937,0.296259,-0.799185,0.232201,0.297335,-1.276673,-0.266101,0.677836,0.476507,0.370969,0.151093,-0.058981
-0.71945,1.659848,0.78034,-0.014257,-0.017424,-0.690926,0.722575,-0.061567,0.060831,0.009668,0.305805,-0.181776,-0.03094,-0.016104,-0.124591,-0.169051,0.263353,-0.181165,0.058644,0.078922,0.013243,-0.016307,-0.566823,0.050801,-0.351654,0.297489,-0.800129,0.236167,0.290963,-1.273884,-0.252764,0.66741,0.481057,0.394484,0.134597,-0.041257
-0.719482,1.659604,0.780377,-0.014203,-0.017236,-0.690596,0.722896,-0.06112,0.061025,0.00911,0.304461,-0.181749,-0.031785,-0.015197,-0.124379,-0.169818,0.261941,-0.180207,0.058324,0.079379,0.011763,-0.018798,-0.56847,0.050307,-0.347121,0.296529,-0.79767,0.240442,0.283551,-1.278666,-0.25377,0.662182,0.493877,0.401921,0.131807,0.018601
-0.719518,1.659414,0.780298,-0.014898,-0.0177,-0.690803,0.722673,-0.059893,0.061917,0.009777,0.306861,-0.183895,-0.032263,-0.015576,-0.124288,-0.169041,0.26669,-0.18218,0.058665,0.079037,0.012089,-0.020117,-0.56024,0.046679,-0.347573,0.29259,-0.794416,0.243874,0.275446,-1.291514,-0.271041,0.663414,0.511847,0.380124,0.143311,0.116482
-0.719705,1.659117,0.780312,-0.014662,-0.017242,-0.690711,0.722777,-0.059106,0.062458,0.009502,0.30373,-0.18291,-0.032592,-0.015274,-0.123605,-0.170039,0.264878,-0.181323,0.058409,0.075946,0.009241,-0.023337,-0.559669,0.049979,-0.344503,0.29407,-0.79807,0.248215,0.272619,-1.316912,-0.298432,0.67002,0.527668,0.343366,0.158585,0.155831
-0.720094,1.658939,0.780337,-0.014542,-0.017248,-0.691474,0.722049,-0.057974,0.063426,0.011235,0.302528,-0.182617,-0.032714,-0.016183,-0.122851,-0.168525,0.26553,-0.181111,0.057972,0.074395,0.008813,-0.023177,-0.561488,0.054778,-0.345566,0.295613,-0.799408,0.249401,0.27177,-1.335735,-0.312448,0.679855,0.532799,0.312955,0.174833,0.167979
-0.720569,1.658775,0.780301,-0.014625,-0.017435,-0.692872,0.720701,-0.056381,0.064996,0.01441,0.302315,-0.18312,-0.032585,-0.017508,-0.121507,-0.165019,0.267293,-0.181504,0.057319,0.074419,0.007686,-0.021128,-0.564343,0.055447,-0.344311,0.295986,-0.801843,0.247485,0.271794,-1.343343,-0.313734,0.68965,0.527469,0.295704,0.190072,0.162767
-0.721226,1.658655,0.780243,-0.014828,-0.017697,-0.694497,0.719126,-0.054409,0.06716,0.0184,0.30231,-0.184464,-0.03334,-0.018901,-0.119735,-0.161264,0.269479,-0.18238,0.056498,0.075886,0.00774,-0.018129,-0.568116,0.053184,-0.341202,0.295827,-0.804161,0.245328,0.271715,-1.336017,-0.301316,0.690155,0.516881,0.302573,0.196506,0.144376
-0.721902,1.658369,0.780154,-0.015074,-0.017853,-0.695658,0.717993,-0.052364,0.069246,0.021138,0.301819,-0.186579,-0.034086,-0.019446,-0.117756,-0.157904,0.270997,-0.183388,0.054724,0.07926,0.009203,-0.016608,-0.571995,0.048972,-0.337736,0.29651,-0.805576,0.244923,0.274427,-1.321303,-0.279238,0.675792,0.513363,0.343045,0.176843,0.084418
-0.722585,1.657968,0.780188,-0.015258,-0.017948,-0.69615,0.717509,-0.051484,0.070748,0.021996,0.302657,-0.18724,-0.033819,-0.018625,-0.116154,-0.156908,0.27082,-0.184251,0.054537,0.081468,0.008379,-0.015823,-0.575065,0.046472,-0.338731,0.296319,-0.80642,0.243289,0.27275,-1.304553,-0.257491,0.666629,0.513496,0.389723,0.13788,0.051699
-0.7233,1.657532,0.780198,-0.015357,-0.018124,-0.695978,0.71767,-0.051083,0.071673,0.021821,0.303732,-0.187532,-0.034811,-0.016771,-0.115291,-0.157876,0.269775,-0.185331,0.05463,0.082218,0.00655,-0.016291,-0.575807,0.044494,-0.339666,0.296076,-0.807557,0.244229,0.271482,-1.288868,-0.244503,0.659789,0.520903,0.430927,0.101733,0.053928
-0.72399,1.656988,0.780135,-0.015447,-0.018216,-0.695303,0.71832,-0.050496,0.072219,0.019715,0.303831,-0.1887,-0.035015,-0.014545,-0.114636,-0.159812,0.268797,-0.186509,0.054487,0.081625,0.00481,-0.018467,-0.574953,0.044623,-0.341425,0.295771,-0.808,0.245139,0.270236,-1.28034,-0.244658,0.658021,0.533064,0.456906,0.077095,0.086197
-0.724572,1.656501,0.78014,-0.015581,-0.018413,-0.694394,0.71919,-0.05005,0.072327,0.017547,0.304153,-0.188842,-0.035513,-0.012609,-0.114465,-0.162247,0.268954,-0.187684,0.05441,0.081378,0.003174,-0.020699,-0.575579,0.042921,-0.340119,0.293385,-0.804871,0.248455,0.267089,-1.274394,-0.250654,0.656776,0.550518,0.473019,0.068277,0.153565
-0.725071,1.656047,0.780083,-0.015641,-0.018473,-0.693697,0.719861,-0.049298,0.072702,0.015923,0.303474,-0.189037,-0.036613,-0.011691,-0.114265,-0.164117,0.269982,-0.188797,0.054057,0.08,0.003577,-0.022392,-0.572952,0.043555,-0.345371,0.291717,-0.803047,0.250594,0.257003,-1.277642,-0.261799,0.654531,0.573181,0.474904,0.069363,0.223329
-0.725524,1.655735,0.780091,-0.01577,-0.018528,-0.693502,0.720044,-0.048365,0.073402,0.015214,0.302778,-0.188901,-0.037423,-0.011563,-0.113766,-0.164944,0.271524,-0.189456,0.053742,0.079623,0.003071,-0.023645,-0.568452,0.040341,-0.344838,0.291483,-0.803855,0.249647,0.256075,-1.288109,-0.276219,0.649884,0.595528,0.461206,0.071464,0.269516
-0.726004,1.65556,0.780058,-0.015849,-0.018645,-0.693741,0.719808,-0.047354,0.074364,0.015938,0.302244,-0.189276,-0.038338,-0.012013,-0.113124,-0.164371,0.273304,-0.190211,0.05324,0.080083,0.003492,-0.024132,-0.567658,0.035653,-0.340892,0.291196,-0.800934,0.250323,0.257982,-1.299507,-0.283846,0.643074,0.614712,0.440136,0.076216,0.273484
-0.726534,1.655422,0.780018,-0.015878,-0.018728,-0.694569,0.719007,-0.046501,0.07566,0.017598,0.302336,-0.189239,-0.038348,-0.013258,-0.112037,-0.162551,0.275268,-0.190311,0.052844,0.079889,0.005745,-0.021879,-0.567575,0.034381,-0.343322,0.292864,-0.799942,0.249968,0.257157,-1.305522,-0.275804,0.640694,0.616191,0.426372,0.081192,0.267172
-0.727019,1.655357,0.779989,-0.015924,-0.018916,-0.695856,0.717756,-0.045408,0.077056,0.020412,0.302733,-0.189645,-0.038284,-0.014582,-0.110851,-0.159312,0.276958,-0.190296,0.052432,0.078643,0.007101,-0.019576,-0.566881,0.03514,-0.340592,0.292536,-0.798769,0.245674,0.256883,-1.306966,-0.265703,0.64351,0.599845,0.410465,0.093575,0.240747
-0.727526,1.655293,0.779761,-0.016543,-0.019692,-0.697538,0.716086,-0.043716,0.079057,0.024709,0.306549,-0.193412,-0.039339,-0.016366,-0.109723,-0.15431,0.282991,-0.193683,0.051685,0.080451,0.009988,-0.017614,-0.561119,0.035108,-0.342038,0.290228,-0.792072,0.238717,0.261077,-1.302448,-0.257695,0.651575,0.570069,0.3946,0.112588,0.109363
-0.728069,1.655136,0.779698,-0.016488,-0.019911,-0.69833,0.715309,-0.043512,0.080141,0.026722,0.308233,-0.194245,-0.039964,-0.017131,-0.108888,-0.152154,0.284579,-0.195334,0.051197,0.082693,0.011599,-0.016591,-0.560111,0.035349,-0.342495,0.287523,-0.787228,0.235599,0.26093,-1.291497,-0.242507,0.658834,0.540193,0.408988,0.111559,-0.000069
-0.728561,1.654961,0.779803,-0.015817,-0.019456,-0.697939,0.715718,-0.044092,0.080119,0.025849,0.305313,-0.191896,-0.040271,-0.016559,-0.108471,-0.153759,0.280855,-0.193981,0.051143,0.083308,0.011466,-0.017441,-0.564408,0.03803,-0.341559,0.289672,-0.788846,0.238292,0.258237,-1.284821,-0.232376,0.662266,0.524574,0.427204,0.103834,-0.03039
-0.72903,1.654746,0.779848,-0.015329,-0.019293,-0.696887,0.716757,-0.045034,0.07943,0.023135,0.303994,-0.190474,-0.040229,-0.015437,-0.108818,-0.15647,0.278713,-0.194012,0.050932,0.084756,0.011627,-0.018096,-0.568397,0.038382,-0.342895,0.291791,-0.788983,0.240671,0.257157,-1.275889,-0.225635,0.663691,0.515618,0.4527,0.066796,-0.028745
-0.729342,1.654602,0.779945,-0.015097,-0.019261,-0.695503,0.718107,-0.046047,0.078435,0.019483,0.303442,-0.189305,-0.040044,-0.014094,-0.109523,-0.160118,0.277653,-0.19412,0.051377,0.085481,0.010486,-0.018462,-0.570308,0.036018,-0.344736,0.293861,-0.79136,0.241796,0.259925,-1.266105,-0.221683,0.669531,0.516941,0.48227,0.033737,0.040028
-0.729464,1.654494,0.779833,-0.01572,-0.020053,-0.694127,0.719402,-0.046233,0.077369,0.015773,0.306989,-0.191004,-0.039464,-0.012322,-0.110884,-0.16297,0.281343,-0.197168,0.051747,0.083719,0.009794,-0.020964,-0.564492,0.02999,-0.342943,0.291388,-0.787659,0.241352,0.269601,-1.262366,-0.241133,0.680108,0.531049,0.487648,0.024953,0.158781
-0.729676,1.654337,0.779889,-0.015333,-0.019591,-0.692516,0.720974,-0.047232,0.076389,0.011576,0.304371,-0.189161,-0.03929,-0.010909,-0.11126,-0.167465,0.278619,-0.196714,0.051608,0.080251,0.009533,-0.024724,-0.565567,0.035736,-0.345854,0.294206,-0.788685,0.242462,0.271643,-1.276887,-0.268492,0.686979,0.552267,0.472032,0.034265,0.21469
-0.729849,1.65446,0.779873,-0.015168,-0.019515,-0.691477,0.721975,-0.048159,0.075511,0.008388,0.303512,-0.18816,-0.038157,-0.010209,-0.111786,-0.170438,0.27759,-0.196685,0.051882,0.078143,0.009658,-0.02648,-0.566576,0.036796,-0.345569,0.294662,-0.787538,0.240254,0.274739,-1.294939,-0.291924,0.693173,0.571752,0.436764,0.056356,0.240146
-0.730054,1.654599,0.779872,-0.014988,-0.019584,-0.69123,0.722214,-0.048606,0.075004,0.007514,0.303084,-0.187602,-0.037932,-0.010273,-0.112081,-0.17115,0.277392,-0.196889,0.051981,0.077031,0.011835,-0.025913,-0.569996,0.038718,-0.344758,0.293775,-0.781601,0.235712,0.276674,-1.307246,-0.298322,0.694857,0.58133,0.406186,0.081203,0.225897
-0.730242,1.654791,0.779887,-0.014753,-0.019846,-0.69171,0.721752,-0.048768,0.074783,0.008706,0.303384,-0.186252,-0.03794,-0.0108,-0.112372,-0.170057,0.277319,-0.196898,0.05204,0.076712,0.013727,-0.023581,-0.574478,0.042807,-0.343322,0.29311,-0.774147,0.232409,0.27906,-1.309293,-0.291375,0.698227,0.57313,0.386933,0.114795,0.189266
-0.730361,1.654974,0.779827,-0.014645,-0.019947,-0.692233,0.721249,-0.048314,0.075041,0.010248,0.302744,-0.18697,-0.038405,-0.011282,-0.112178,-0.168609,0.277059,-0.197205,0.051945,0.075594,0.014956,-0.021789,-0.576487,0.047153,-0.341461,0.293379,-0.76932,0.230215,0.282201,-1.306933,-0.283517,0.708246,0.547929,0.376926,0.139065,0.154564
-0.730458,1.65516,0.779816,-0.014629,-0.020074,-0.692331,0.721153,-0.04831,0.075084,0.010579,0.302668,-0.186216,-0.038627,-0.011212,-0.112151,-0.16823,0.276584,-0.197103,0.052055,0.075554,0.016333,-0.020887,-0.577025,0.049712,-0.340513,0.293635,-0.766261,0.229692,0.285777,-1.302066,-0.279079,0.715376,0.521802,0.374912,0.150924,0.114678
-0.730497,1.65523,0.779866,-0.014431,-0.019965,-0.691742,0.721725,-0.049216,0.074429,0.009,0.302268,-0.185594,-0.038306,-0.010496,-0.112457,-0.169629,0.274867,-0.196964,0.052298,0.078273,0.018311,-0.01991,-0.580017,0.048347,-0.340383,0.294898,-0.765192,0.230304,0.292105,-1.285053,-0.265316,0.704499,0.50828,0.40324,0.131157,0.057742
-0.730515,1.65529,0.779976,-0.014153,-0.019844,-0.690711,0.72272,-0.050633,0.073358,0.006416,0.302045,-0.184199,-0.037977,-0.009362,-0.113159,-0.172307,0.272651,-0.197111,0.053078,0.081377,0.019695,-0.017973,-0.584918,0.044348,-0.342332,0.294807,-0.765546,0.230299,0.293798,-1.258104,-0.237373,0.684751,0.508328,0.457431,0.082675,0.041107
-0.730416,1.655286,0.779883,-0.014638,-0.020414,-0.689804,0.72356,-0.051258,0.072438,0.003939,0.305701,-0.186374,-0.037451,-0.007872,-0.114205,-0.173983,0.274676,-0.199931,0.053616,0.081721,0.01905,-0.017754,-0.581325,0.039725,-0.347392,0.292937,-0.763464,0.229262,0.296121,-1.230329,-0.215305,0.671316,0.51276,0.513155,0.028044,0.09392
-0.730253,1.655241,0.779973,-0.01422,-0.019953,-0.688007,0.72529,-0.052744,0.070686,-0.000633,0.303611,-0.184299,-0.036737,-0.005853,-0.115145,-0.178718,0.270733,-0.198814,0.053675,0.078357,0.015902,-0.022742,-0.580385,0.041922,-0.347723,0.295851,-0.76697,0.230905,0.297854,-1.238343,-0.227449,0.664051,0.52706,0.51941,0.018112,0.148482
-0.730019,1.655244,0.780007,-0.01379,-0.019613,-0.686421,0.726809,-0.054516,0.068825,-0.004617,0.302448,-0.182542,-0.036081,-0.004579,-0.11646,-0.182951,0.267966,-0.198195,0.054541,0.074176,0.013131,-0.027069,-0.578374,0.041585,-0.348621,0.297273,-0.769674,0.232083,0.298888,-1.258348,-0.251526,0.662163,0.545809,0.49746,0.019395,0.200972
-0.729708,1.655282,0.780046,-0.01339,-0.019315,-0.685282,0.727898,-0.05632,0.067213,-0.007299,0.302167,-0.181377,-0.035624,-0.003909,-0.117749,-0.185921,0.266008,-0.197466,0.055312,0.071901,0.01188,-0.029656,-0.577827,0.040627,-0.35084,0.297349,-0.770308,0.232918,0.298693,-1.28116,-0.274227,0.662958,0.567681,0.462855,0.029081,0.228372
-0.729337,1.655244,0.780033,-0.012998,-0.018992,-0.684888,0.728285,-0.057098,0.066107,-0.008504,0.301069,-0.181066,-0.034933,-0.003984,-0.118599,-0.187007,0.264559,-0.196804,0.055821,0.071132,0.011337,-0.031008,-0.57722,0.040449,-0.353429,0.296112,-0.768685,0.232489,0.297053,-1.306401,-0.293138,0.67149,0.58294,0.418962,0.043946,0.216252
-0.728939,1.655276,0.78005,-0.012729,-0.018779,-0.6852,0.728002,-0.057194,0.065627,-0.00761,0.300099,-0.181012,-0.035033,-0.004771,-0.119019,-0.185976,0.263953,-0.196031,0.055588,0.071408,0.01271,-0.029391,-0.579229,0.041558,-0.356069,0.294062,-0.76541,0.231322,0.292775,-1.317465,-0.293966,0.684205,0.580702,0.390764,0.064363,0.189894
-0.728459,1.655344,0.780146,-0.012718,-0.018682,-0.685924,0.727322,-0.056826,0.065624,-0.005666,0.299822,-0.180914,-0.034636,-0.005644,-0.119127,-0.184156,0.263851,-0.19476,0.055889,0.071327,0.014484,-0.026869,-0.581217,0.04322,-0.355859,0.293017,-0.76332,0.230452,0.291967,-1.314878,-0.285375,0.697646,0.560693,0.378364,0.087271,0.164533
-0.727958,1.655346,0.780149,-0.012701,-0.018593,-0.686505,0.726777,-0.056472,0.065499,-0.003777,0.299618,-0.180979,-0.034397,-0.006001,-0.119296,-0.182399,0.26328,-0.194087,0.055843,0.071938,0.016638,-0.025534,-0.58323,0.045044,-0.355098,0.29191,-0.760739,0.230004,0.291676,-1.306951,-0.275027,0.704569,0.535151,0.376682,0.104385,0.128652
-0.727433,1.655307,0.780087,-0.013267,-0.019,-0.687396,0.725913,-0.056019,0.06576,-0.001511,0.303467,-0.183652,-0.033872,-0.007132,-0.119532,-0.179128,0.267424,-0.195557,0.055998,0.075956,0.019513,-0.023829,-0.581398,0.041576,-0.357103,0.287984,-0.754485,0.23029,0.291577,-1.287265,-0.255932,0.69722,0.511204,0.397823,0.092497,0.042333
-0.726847,1.655263,0.780173,-0.012859,-0.018307,-0.68652,0.726766,-0.057404,0.064659,-0.003223,0.301613,-0.182063,-0.033662,-0.006741,-0.120199,-0.181491,0.264446,-0.193779,0.056004,0.076771,0.019921,-0.023677,-0.587047,0.041441,-0.355761,0.289844,-0.756143,0.233982,0.291446,-1.277209,-0.238327,0.680737,0.505016,0.425471,0.061536,0.010948
-0.726268,1.655215,0.780278,-0.012561,-0.017791,-0.685253,0.727979,-0.059204,0.06308,-0.006568,0.301011,-0.181289,-0.032708,-0.005986,-0.121238,-0.184813,0.262171,-0.192804,0.056565,0.076191,0.018598,-0.022192,-0.592689,0.03852,-0.354987,0.29295,-0.760258,0.236605,0.29534,-1.259698,-0.216595,0.667104,0.502459,0.465516,0.023689,0.047996
-0.72557,1.655087,0.780229,-0.012971,-0.018049,-0.684125,0.729026,-0.060196,0.061549,-0.009106,0.304485,-0.183148,-0.032208,-0.005086,-0.123006,-0.186823,0.264666,-0.194119,0.057558,0.072056,0.015285,-0.024397,-0.588474,0.032321,-0.350852,0.293044,-0.760418,0.23985,0.301827,-1.251258,-0.222482,0.66622,0.511019,0.481838,0.002275,0.145154
-0.724888,1.654944,0.780162,-0.012971,-0.017598,-0.682716,0.730357,-0.061519,0.060256,-0.012319,0.304558,-0.183742,-0.032282,-0.004857,-0.124283,-0.190401,0.265392,-0.194366,0.057828,0.067947,0.014053,-0.027586,-0.585555,0.030577,-0.350043,0.293108,-0.759811,0.24144,0.30114,-1.25902,-0.245768,0.666824,0.529901,0.472439,-0.000997,0.234011
-0.724298,1.654744,0.780313,-0.012314,-0.016599,-0.681621,0.731413,-0.062976,0.058947,-0.015082,0.301299,-0.181431,-0.031467,-0.004532,-0.124981,-0.193988,0.261651,-0.191938,0.058001,0.063724,0.012809,-0.030151,-0.587996,0.036046,-0.351518,0.296973,-0.762512,0.242531,0.296951,-1.275022,-0.267287,0.666814,0.551745,0.455922,0.004887,0.280009
-0.723672,1.654669,0.780391,-0.011952,-0.016101,-0.681891,0.731179,-0.06304,0.058346,-0.014462,0.299168,-0.180593,-0.031257,-0.005367,-0.125401,-0.193439,0.260005,-0.19014,0.058043,0.06225,0.012811,-0.030819,-0.590168,0.037686,-0.350108,0.29908,-0.763607,0.239426,0.293844,-1.289395,-0.277924,0.66327,0.571802,0.432774,0.016148,0.295713
-0.72314,1.654553,0.780444,-0.011636,-0.015912,-0.683459,0.729723,-0.062192,0.058437,-0.010898,0.298271,-0.180509,-0.029844,-0.006949,-0.125372,-0.189378,0.25943,-0.189103,0.057709,0.062649,0.012714,-0.030489,-0.591824,0.039756,-0.34794,0.301206,-0.763489,0.236453,0.292088,-1.303904,-0.279895,0.662726,0.584385,0.404557,0.032454,0.264646
-0.722662,1.654518,0.780441,-0.011387,-0.015759,-0.685677,0.727646,-0.061244,0.05916,-0.005147,0.298163,-0.181494,-0.029248,-0.009083,-0.124827,-0.183894,0.258945,-0.187933,0.058315,0.064022,0.01253,-0.02761,-0.59389,0.04108,-0.345446,0.302849,-0.765788,0.233005,0.293078,-1.306966,-0.269089,0.666293,0.577245,0.385981,0.060955,0.209451
-0.722194,1.654428,0.780282,-0.01202,-0.016332,-0.688712,0.724751,-0.059458,0.061048,0.002631,0.303053,-0.185202,-0.029155,-0.011239,-0.123788,-0.175197,0.262761,-0.188991,0.058298,0.068164,0.013362,-0.024906,-0.590598,0.035363,-0.338433,0.299658,-0.762246,0.232122,0.29538,-1.297644,-0.252285,0.675918,0.548003,0.37738,0.092278,0.10158
-0.721865,1.654237,0.780351,-0.011601,-0.015878,-0.689639,0.723886,-0.059778,0.06122,0.004973,0.302592,-0.183829,-0.029055,-0.011389,-0.123281,-0.173276,0.25935,-0.18713,0.058289,0.067883,0.014093,-0.024267,-0.592989,0.039453,-0.339334,0.302634,-0.765347,0.237219,0.288951,-1.293998,-0.239362,0.681294,0.526966,0.385425,0.098026,0.047653
-0.721419,1.654,0.780355,-0.011454,-0.015553,-0.690129,0.723429,-0.06012,0.061262,0.006443,0.303085,-0.183903,-0.028896,-0.011122,-0.123129,-0.17201,0.257142,-0.185937,0.058394,0.068077,0.013662,-0.023826,-0.593654,0.039617,-0.340358,0.304269,-0.768989,0.240007,0.28143,-1.287232,-0.228296,0.683506,0.50892,0.397234,0.084137,0.019504
-0.721033,1.65363,0.780423,-0.011326,-0.015289,-0.689803,0.723747,-0.060895,0.060721,0.00581,0.304071,-0.183832,-0.028609,-0.010171,-0.123434,-0.172631,0.255512,-0.185413,0.058623,0.068487,0.01275,-0.023697,-0.595074,0.034137,-0.340109,0.30574,-0.774555,0.24586,0.271039,-1.276016,-0.219212,0.677315,0.498504,0.420797,0.042475,0.014886
-0.720591,1.653245,0.780415,-0.011197,-0.015079,-0.688921,0.724593,-0.061578,0.059576,0.003845,0.304514,-0.184199,-0.028377,-0.008997,-0.124465,-0.175097,0.254601,-0.185557,0.059459,0.068259,0.011233,-0.024315,-0.596275,0.030135,-0.339733,0.307291,-0.776829,0.254617,0.262063,-1.263955,-0.218185,0.673462,0.494396,0.44429,0.005358,0.064602
-0.720014,1.652807,0.780282,-0.011834,-0.015548,-0.688135,0.72532,-0.061453,0.058524,0.001851,0.308588,-0.187039,-0.027964,-0.007878,-0.125835,-0.175993,0.258646,-0.187942,0.059711,0.066251,0.011344,-0.02571,-0.58749,0.025124,-0.343901,0.303105,-0.774545,0.261566,0.244792,-1.255881,-0.233779,0.668749,0.502729,0.45415,-0.023249,0.144974
-0.719594,1.652285,0.780411,-0.011526,-0.014876,-0.68696,0.726452,-0.061983,0.057564,-0.00094,0.306592,-0.185962,-0.027601,-0.006621,-0.126366,-0.179704,0.256232,-0.186743,0.059925,0.063598,0.011087,-0.028496,-0.586334,0.029517,-0.351477,0.305427,-0.779089,0.262,0.233776,-1.262148,-0.248377,0.657557,0.522817,0.456348,-0.026545,0.196941
-0.719238,1.651805,0.780392,-0.01143,-0.014681,-0.686696,0.726707,-0.061776,0.056958,-0.001859,0.306363,-0.186016,-0.027006,-0.005548,-0.126783,-0.180705,0.254938,-0.186384,0.060078,0.064573,0.008808,-0.031264,-0.584295,0.022455,-0.346061,0.304291,-0.7812,0.261771,0.23008,-1.271284,-0.257666,0.642825,0.547068,0.450202,-0.023302,0.246892
-0.718941,1.651285,0.780428,-0.011412,-0.014631,-0.687312,0.726125,-0.060941,0.057091,-0.000201,0.306924,-0.186758,-0.026267,-0.005265,-0.126693,-0.17909,0.254641,-0.185996,0.05993,0.06554,0.007656,-0.033109,-0.583409,0.020023,-0.344564,0.305523,-0.779906,0.264705,0.226434,-1.283187,-0.261331,0.635414,0.568595,0.435703,-0.015357,0.279858
-0.718695,1.650767,0.780342,-0.011495,-0.014677,-0.688703,0.724804,-0.059661,0.057861,0.003211,0.308108,-0.188099,-0.02595,-0.005208,-0.126132,-0.175806,0.254379,-0.185998,0.060033,0.06751,0.006136,-0.034312,-0.582798,0.020656,-0.344489,0.305899,-0.777247,0.266367,0.218318,-1.296767,-0.262987,0.638295,0.583924,0.411963,-0.002136,0.268372
-0.718578,1.650132,0.780294,-0.011525,-0.014721,-0.69038,0.723205,-0.058514,0.058955,0.007328,0.310153,-0.189672,-0.025196,-0.005341,-0.125273,-0.171859,0.254197,-0.185909,0.060498,0.068864,0.004532,-0.033838,-0.583471,0.023659,-0.343851,0.306715,-0.774512,0.265971,0.211975,-1.302948,-0.257543,0.65255,0.575998,0.393722,0.011225,0.23919
-0.718443,1.649611,0.780244,-0.011757,-0.014805,-0.691863,0.721782,-0.057202,0.060191,0.011201,0.312045,-0.19167,-0.02484,-0.00536,-0.124323,-0.168034,0.254497,-0.185983,0.060666,0.068606,0.002764,-0.033266,-0.58367,0.02738,-0.341406,0.307633,-0.77285,0.265366,0.208844,-1.303903,-0.255234,0.67423,0.549671,0.37651,0.027437,0.203171
-0.718276,1.649051,0.780005,-0.01287,-0.015594,-0.693132,0.720527,-0.055478,0.061674,0.014414,0.318379,-0.195947,-0.024703,-0.005085,-0.123616,-0.163819,0.259887,-0.18885,0.060133,0.072329,0.003604,-0.032391,-0.579323,0.025257,-0.342849,0.304782,-0.767516,0.265113,0.208287,-1.293131,-0.252837,0.686746,0.515988,0.367337,0.045885,0.09512
-0.718252,1.648341,0.780061,-0.012778,-0.015225,-0.692645,0.721005,-0.055298,0.061819,0.01353,0.317959,-0.195514,-0.024916,-0.003748,-0.123251,-0.165433,0.258552,-0.188413,0.059756,0.07322,0.003282,-0.034083,-0.583857,0.028095,-0.341424,0.306757,-0.767684,0.268229,0.207187,-1.2882,-0.249006,0.683288,0.499766,0.378722,0.041349,0.037299
-0.718196,1.647764,0.779983,-0.012975,-0.015137,-0.691658,0.72195,-0.055477,0.061542,0.011241,0.319023,-0.196145,-0.024808,-0.002341,-0.123403,-0.167699,0.259226,-0.189113,0.059326,0.073348,0.001666,-0.035323,-0.586464,0.030827,-0.341996,0.307908,-0.765989,0.270621,0.206714,-1.285438,-0.250905,0.678465,0.488941,0.38748,0.016156,0.007958
-0.718154,1.647228,0.77996,-0.013412,-0.015225,-0.690298,0.72324,-0.055656,0.061103,0.007672,0.320949,-0.196945,-0.024087,-0.000466,-0.123797,-0.171274,0.260772,-0.190117,0.05929,0.072837,0.000781,-0.035396,-0.58923,0.034884,-0.344181,0.308155,-0.761851,0.273216,0.2054,-1.278428,-0.252318,0.67044,0.487381,0.40523,-0.026178,0.009669
-0.718071,1.646627,0.779949,-0.013836,-0.015387,-0.689201,0.724275,-0.055321,0.060568,0.004598,0.322625,-0.197945,-0.023536,0.001587,-0.124216,-0.174166,0.262129,-0.191377,0.058973,0.072229,-0.001975,-0.036279,-0.588007,0.034953,-0.345124,0.309892,-0.762462,0.277865,0.206721,-1.275483,-0.259573,0.665305,0.49684,0.414552,-0.037048,0.056485
-0.718031,1.646096,0.779914,-0.014196,-0.015715,-0.68875,0.724689,-0.054248,0.060252,0.003286,0.323814,-0.198606,-0.023532,0.002953,-0.124628,-0.175509,0.263996,-0.19231,0.058551,0.071732,-0.004286,-0.038216,-0.584527,0.032276,-0.345534,0.311282,-0.764999,0.281856,0.20531,-1.282553,-0.27141,0.659419,0.513725,0.406848,-0.029811,0.11166
-0.71804,1.645647,0.77988,-0.014495,-0.016134,-0.68919,0.724256,-0.052678,0.060469,0.004289,0.325007,-0.199374,-0.023422,0.00319,-0.124695,-0.1744,0.266663,-0.193874,0.057831,0.072538,-0.005981,-0.039237,-0.583583,0.030795,-0.345063,0.312172,-0.765886,0.283682,0.207121,-1.293208,-0.279335,0.654082,0.52982,0.388583,-0.016025,0.153401
-0.718116,1.645329,0.779777,-0.014838,-0.016424,-0.690227,0.723254,-0.051069,0.061455,0.006736,0.326137,-0.200681,-0.02335,0.002618,-0.12407,-0.171739,0.269213,-0.194776,0.057249,0.072941,-0.00753,-0.038907,-0.585513,0.036851,-0.351534,0.314088,-0.765211,0.283574,0.211069,-1.30516,-0.283464,0.655796,0.540747,0.36459,0.003242,0.159283
-0.718273,1.644981,0.779707,-0.015112,-0.016689,-0.691508,0.722018,-0.049731,0.06281,0.010098,0.328012,-0.201874,-0.023033,0.001893,-0.123146,-0.16843,0.271385,-0.195714,0.056932,0.074276,-0.010121,-0.037252,-0.587465,0.040974,-0.354768,0.312665,-0.766731,0.27969,0.21494,-1.312483,-0.281409,0.66483,0.536451,0.340926,0.031202,0.141877
-0.718471,1.644766,0.779619,-0.015522,-0.016948,-0.69274,0.720822,-0.048638,0.064289,0.013014,0.330139,-0.203056,-0.0226,0.001353,-0.121951,-0.16516,0.273331,-0.195983,0.056455,0.07486,-0.01258,-0.035183,-0.589349,0.046379,-0.355832,0.31032,-0.766983,0.276913,0.218864,-1.312456,-0.27683,0.679737,0.515628,0.326117,0.054595,0.121105
-0.71871,1.644579,0.77958,-0.015998,-0.017141,-0.693439,0.720134,-0.047749,0.065711,0.014862,0.331911,-0.204072,-0.022493,0.001281,-0.120748,-0.163158,0.274936,-0.196155,0.055635,0.075856,-0.014316,-0.034059,-0.589851,0.050549,-0.355538,0.308585,-0.767382,0.276563,0.22407,-1.308232,-0.27403,0.690883,0.4915,0.320158,0.07041,0.094756
-0.718975,1.644291,0.77958,-0.016374,-0.01716,-0.693519,0.720048,-0.047312,0.066824,0.015073,0.333167,-0.204924,-0.022576,0.001642,-0.119696,-0.162752,0.276128,-0.196516,0.0549,0.077804,-0.015803,-0.033477,-0.589802,0.051849,-0.355633,0.30793,-0.76977,0.277788,0.228818,-1.300392,-0.270654,0.692922,0.472381,0.32598,0.070994,0.073398
-0.719202,1.64408,0.779586,-0.016862,-0.017085,-0.693022,0.720516,-0.04734,0.067767,0.013737,0.334378,-0.205757,-0.022702,0.002241,-0.118762,-0.164105,0.27749,-0.196233,0.054579,0.080659,-0.016707,-0.032891,-0.590574,0.051048,-0.356498,0.307245,-0.772463,0.278512,0.23105,-1.286087,-0.263008,0.683407,0.46462,0.349214,0.051059,0.069482
-0.71941,1.643933,0.779598,-0.017372,-0.017058,-0.692366,0.721136,-0.047231,0.068498,0.011734,0.335296,-0.206806,-0.022784,0.003273,-0.117961,-0.165809,0.278415,-0.196318,0.053971,0.081902,-0.018454,-0.032847,-0.590983,0.051866,-0.357671,0.307789,-0.775076,0.278652,0.233525,-1.270493,-0.255115,0.67555,0.468743,0.379756,0.03657,0.117702
-0.719518,1.643797,0.779537,-0.017969,-0.017171,-0.69179,0.721671,-0.046578,0.069082,0.01017,0.336098,-0.2078,-0.023087,0.004542,-0.117445,-0.167504,0.27935,-0.196775,0.0536,0.080202,-0.02133,-0.035818,-0.586461,0.055127,-0.35788,0.30948,-0.777462,0.279861,0.237992,-1.272633,-0.268056,0.673512,0.483987,0.379706,0.043208,0.180802
-0.719571,1.643766,0.779474,-0.018248,-0.017343,-0.691668,0.721776,-0.046002,0.069252,0.009684,0.336546,-0.208551,-0.023245,0.005052,-0.117316,-0.167753,0.280113,-0.198005,0.053093,0.07856,-0.023666,-0.038819,-0.582032,0.060251,-0.359429,0.308303,-0.775857,0.279807,0.236248,-1.2887,-0.292033,0.677246,0.502186,0.351965,0.057233,0.226079
-0.719611,1.643825,0.779433,-0.018486,-0.017404,-0.692239,0.721222,-0.045046,0.070027,0.010928,0.336286,-0.209205,-0.02353,0.003945,-0.116789,-0.166427,0.282212,-0.197543,0.05239,0.078265,-0.02449,-0.039237,-0.578898,0.063868,-0.36013,0.306792,-0.773465,0.279393,0.233879,-1.306865,-0.311414,0.684163,0.512704,0.31414,0.07304,0.237135
-0.719653,1.644085,0.779375,-0.018595,-0.017492,-0.693395,0.720106,-0.044321,0.070958,0.013674,0.336303,-0.209825,-0.023642,0.002279,-0.116082,-0.163486,0.28353,-0.197648,0.052173,0.07939,-0.024143,-0.037408,-0.578291,0.065026,-0.359881,0.305455,-0.771657,0.276723,0.234209,-1.316604,-0.31824,0.693156,0.51063,0.286678,0.088112,0.229544
-0.719673,1.64453,0.779339,-0.018764,-0.01765,-0.694793,0.718748,-0.043619,0.071962,0.016867,0.336557,-0.210375,-0.023244,0.000721,-0.115262,-0.160061,0.284229,-0.197515,0.052398,0.079677,-0.022949,-0.03465,-0.579445,0.066972,-0.358829,0.304687,-0.77026,0.273891,0.235997,-1.315571,-0.315801,0.701579,0.494943,0.273432,0.096935,0.211801
-0.719691,1.64494,0.779267,-0.018859,-0.01765,-0.696102,0.717478,-0.0429,0.07309,0.020179,0.336111,-0.21104,-0.023548,-0.00047,-0.114234,-0.156774,0.283688,-0.197317,0.052749,0.079346,-0.021313,-0.032223,-0.580606,0.068836,-0.356544,0.303436,-0.77022,0.27304,0.239608,-1.305542,-0.30847,0.706658,0.471728,0.273035,0.098478,0.184809
-0.719807,1.645441,0.779245,-0.018833,-0.017666,-0.697109,0.7165,-0.042539,0.073941,0.022767,0.335281,-0.211152,-0.024401,-0.001021,-0.113344,-0.154215,0.281834,-0.196857,0.052651,0.079527,-0.019441,-0.031032,-0.581701,0.071861,-0.35494,0.301302,-0.769233,0.271294,0.244969,-1.291139,-0.300122,0.707376,0.451676,0.283365,0.091292,0.154282
-0.719902,1.645934,0.779234,-0.018606,-0.017591,-0.69761,0.71602,-0.042853,0.074285,0.02448,0.334173,-0.210737,-0.025824,-0.001233,-0.112911,-0.152875,0.279218,-0.19684,0.053101,0.079991,-0.017307,-0.030634,-0.583174,0.07471,-0.354153,0.299895,-0.767697,0.269348,0.253793,-1.272843,-0.28811,0.698274,0.441129,0.312275,0.064732,0.098996
-0.71989,1.646465,0.779317,-0.01857,-0.017577,-0.697613,0.716019,-0.043425,0.074262,0.024426,0.333486,-0.210028,-0.025732,-0.001387,-0.112817,-0.152671,0.277696,-0.194884,0.053458,0.079095,-0.017274,-0.031053,-0.583136,0.078374,-0.355607,0.298604,-0.767597,0.270971,0.258035,-1.260099,-0.285979,0.694965,0.438271,0.331461,0.039874,0.075354
-0.719889,1.646953,0.779358,-0.018505,-0.017387,-0.69733,0.7163,-0.044031,0.074144,0.023574,0.33221,-0.20943,-0.025975,-0.001618,-0.112706,-0.153538,0.276352,-0.194048,0.053776,0.078055,-0.016643,-0.032107,-0.583638,0.083198,-0.356722,0.296891,-0.766666,0.273525,0.262764,-1.250753,-0.288863,0.689788,0.443723,0.34705,0.020395,0.066717
-0.719916,1.647506,0.779357,-0.018277,-0.017296,-0.697055,0.716576,-0.04486,0.073796,0.023231,0.330874,-0.208683,-0.027149,-0.001868,-0.113005,-0.154321,0.274719,-0.19405,0.053573,0.076786,-0.015729,-0.033317,-0.586346,0.091738,-0.357024,0.294422,-0.760454,0.272919,0.270314,-1.243055,-0.291983,0.684047,0.455316,0.362682,0.012939,0.075501
