-0.697364,-0.224283,0.754631,-0.045295,-0.027401,0.939781,0.337652,-0.415454,0.323853,0.055434,0.46283,-0.06255,-0.168466,-0.016507,-0.292988,-0.229517,0.458713,-0.109989,0.201347,0.176962,-0.046776,0.179934,-0.577833,0.656404,0.042217,-0.574189,0.057244,0.264127,-0.015488,-0.647402,-0.288274,0.365081,-0.565836,0.042559,0.134892,0.326071
-0.714091,-0.231696,0.763051,-0.053104,-0.033391,0.935278,0.348311,-0.392357,0.331751,0.086874,0.438085,-0.061282,-0.149141,-0.038867,-0.287294,-0.213713,0.448561,-0.029149,0.153093,0.203651,-0.030686,0.165768,-0.532951,0.627833,0.05915,-0.571229,0.032514,0.262535,-0.009249,-0.708206,-0.281578,0.37336,-0.559506,0.026179,0.133754,0.340007
-0.725747,-0.236702,0.769924,-0.058576,-0.039708,0.932079,0.355276,-0.372052,0.339705,0.105716,0.413382,-0.053624,-0.136896,-0.057066,-0.278193,-0.217569,0.456163,-0.022936,0.103972,0.218054,-0.021789,0.159637,-0.527968,0.645511,0.056406,-0.562412,0.005484,0.254016,0.004044,-0.774588,-0.283874,0.376536,-0.551293,0.011774,0.128355,0.348858
-0.734347,-0.240326,0.772924,-0.061412,-0.044289,0.930669,0.35794,-0.362825,0.342865,0.114695,0.407963,-0.059951,-0.130679,-0.064383,-0.278161,-0.24643,0.472249,-0.035943,0.11103,0.213381,-0.028658,0.158025,-0.550589,0.693066,0.034777,-0.542443,-0.018852,0.240109,0.009704,-0.826314,-0.284261,0.377102,-0.541151,0.003085,0.12491,0.349561
-0.740724,-0.24366,0.77184,-0.060754,-0.045585,0.930673,0.357881,-0.36497,0.337561,0.116872,0.427959,-0.082606,-0.12594,-0.066308,-0.286816,-0.271056,0.501368,-0.035673,0.107215,0.207227,-0.030756,0.158541,-0.589114,0.728929,0.002815,-0.511363,-0.044901,0.220592,0.019666,-0.852078,-0.296998,0.380992,-0.531207,-0.007647,0.124443,0.345747
-0.74453,-0.246271,0.765062,-0.053976,-0.04502,0.931637,0.356527,-0.385636,0.328584,0.107119,0.504783,-0.136788,-0.123907,-0.0708,-0.305613,-0.277821,0.575463,-0.053248,0.100023,0.194191,-0.0317,0.172239,-0.643965,0.752331,-0.022926,-0.485533,-0.077068,0.213418,0.040263,-0.855239,-0.308421,0.388305,-0.527145,-0.021327,0.124797,0.336269
-0.747632,-0.246872,0.753579,-0.04491,-0.045281,0.932314,0.355983,-0.412244,0.32672,0.096886,0.608049,-0.206719,-0.134746,-0.065229,-0.323042,-0.279157,0.654993,-0.070448,0.096937,0.206929,-0.029672,0.176852,-0.697601,0.735908,-0.038759,-0.486581,-0.072195,0.222745,0.062309,-0.80563,-0.319631,0.374568,-0.53946,-0.016765,0.122022,0.333054
-0.748522,-0.246859,0.739735,-0.037641,-0.046286,0.928209,0.367245,-0.442628,0.34591,0.101507,0.722125,-0.274387,-0.149898,-0.052453,-0.362895,-0.334961,0.707812,-0.143203,0.127542,0.214601,-0.027523,0.18057,-0.71858,0.698661,-0.0122,-0.505254,-0.066777,0.231528,0.073486,-0.766504,-0.295922,0.371033,-0.548941,-0.004204,0.12029,0.344635
-0.746137,-0.245844,0.729999,-0.031976,-0.045034,0.922138,0.382899,-0.460951,0.368038,0.114013,0.798876,-0.304464,-0.150602,-0.042965,-0.398893,-0.389868,0.727412,-0.190174,0.167382,0.227007,-0.027471,0.182858,-0.718228,0.629944,0.014654,-0.529059,-0.072062,0.233829,0.075316,-0.748364,-0.263563,0.367814,-0.555661,0.004364,0.124349,0.368664
-0.739197,-0.241863,0.729882,-0.028339,-0.041205,0.917629,0.394279,-0.451694,0.38191,0.129725,0.797885,-0.28439,-0.153055,-0.041014,-0.401585,-0.400812,0.722035,-0.215918,0.175761,0.237832,-0.0274,0.178149,-0.708262,0.592833,0.028628,-0.549789,-0.067859,0.225113,0.067686,-0.75649,-0.25273,0.375233,-0.559039,0.012553,0.121857,0.381505
-0.728219,-0.236374,0.737628,-0.026428,-0.033355,0.915407,0.400274,-0.426347,0.381527,0.147311,0.736165,-0.219399,-0.151451,-0.047543,-0.386117,-0.368952,0.693636,-0.199137,0.19568,0.231575,-0.029638,0.167819,-0.691529,0.603786,0.032511,-0.566409,-0.060248,0.22188,0.066461,-0.793583,-0.275031,0.390764,-0.553013,0.011352,0.122786,0.385405
-0.713531,-0.228867,0.750482,-0.0253,-0.021383,0.916373,0.398952,-0.383793,0.364097,0.163426,0.612407,-0.107909,-0.164277,-0.043227,-0.355697,-0.311078,0.630005,-0.159162,0.218697,0.204825,-0.041652,0.150643,-0.68126,0.65945,0.031059,-0.553868,-0.053581,0.225171,0.071058,-0.832813,-0.304733,0.406941,-0.538443,0.004294,0.129275,0.392933
-0.695772,-0.220107,0.76182,-0.023876,-0.011195,0.921145,0.388325,-0.34887,0.3423,0.154268,0.479649,0.026918,-0.188453,-0.016137,-0.300972,-0.208124,0.537619,-0.145029,0.223385,0.170626,-0.053454,0.134891,-0.696152,0.716828,0.011157,-0.524154,-0.061663,0.227027,0.086864,-0.849728,-0.340736,0.408426,-0.524785,0.00274,0.132506,0.399589
-0.675291,-0.211569,0.765079,-0.023934,-0.003873,0.924938,0.379343,-0.343223,0.335544,0.127917,0.401156,0.113465,-0.212194,0.010441,-0.256475,-0.13059,0.465882,-0.17888,0.225969,0.148181,-0.062595,0.122884,-0.732219,0.762604,-0.014387,-0.485249,-0.07218,0.211376,0.105694,-0.844124,-0.379538,0.396126,-0.520426,0.01152,0.127453,0.391241
-0.653949,-0.203673,0.758252,-0.022654,0.002994,0.926347,0.375978,-0.359654,0.346386,0.126465,0.39778,0.104672,-0.223718,0.023643,-0.24636,-0.145045,0.442824,-0.275685,0.227688,0.133798,-0.075831,0.115918,-0.777953,0.794946,-0.033667,-0.434463,-0.077661,0.18755,0.115301,-0.822189,-0.399357,0.381574,-0.519434,0.024359,0.118459,0.380462
-0.635536,-0.196889,0.743241,-0.016468,0.000695,0.927901,0.372461,-0.39644,0.39013,0.155448,0.501361,0.020114,-0.252602,0.017354,-0.241522,-0.208426,0.512601,-0.432352,0.192945,0.108119,-0.074056,0.125671,-0.807149,0.802679,-0.034232,-0.390923,-0.08518,0.162425,0.137923,-0.795635,-0.386183,0.379109,-0.515213,0.054392,0.103625,0.350424
-0.623321,-0.191879,0.726113,-0.00289,-0.005241,0.93127,0.36428,-0.429032,0.425047,0.17338,0.617224,-0.060617,-0.231099,-0.004103,-0.241451,-0.218856,0.65241,-0.540074,0.182074,0.070745,-0.058281,0.153235,-0.780264,0.764378,0.016301,-0.374661,-0.074106,0.16548,0.155508,-0.765412,-0.373407,0.379684,-0.513407,0.075389,0.094925,0.305934
-0.618927,-0.189737,0.714741,0.014773,-0.002606,0.933346,0.358666,-0.461073,0.409867,0.132843,0.716124,-0.05428,-0.234808,-0.014578,-0.272041,-0.209615,0.765842,-0.591303,0.191513,0.06786,-0.051583,0.183143,-0.716788,0.671862,0.07231,-0.37889,-0.057529,0.175596,0.171405,-0.703233,-0.373448,0.366498,-0.524004,0.090181,0.095253,0.268527
-0.622222,-0.188381,0.711775,0.02984,0.005544,0.935339,0.352448,-0.485299,0.357785,0.068735,0.788077,0.00398,-0.25366,0.010138,-0.309937,-0.205332,0.792311,-0.604442,0.209222,0.100002,-0.043579,0.193307,-0.632281,0.562799,0.092663,-0.439085,-0.037472,0.214345,0.165125,-0.603574,-0.388114,0.353353,-0.536936,0.115409,0.103083,0.231482
-0.632917,-0.188999,0.717042,0.033401,0.014258,0.934097,0.355168,-0.494549,0.281368,-0.014031,0.805558,0.041369,-0.240636,0.036609,-0.337075,-0.190525,0.74776,-0.568689,0.234064,0.158986,-0.020488,0.176168,-0.540268,0.544381,0.025866,-0.576365,-0.010662,0.27262,0.119606,-0.507457,-0.422325,0.335136,-0.551252,0.133738,0.123355,0.209728
-0.649134,-0.193225,0.727152,0.026961,0.020981,0.931343,0.362538,-0.46905,0.267938,-0.005463,0.720558,-0.000409,-0.261638,0.049606,-0.352315,-0.159141,0.671163,-0.490185,0.261798,0.195244,0.009245,0.145564,-0.558113,0.714677,-0.134253,-0.692537,0.014122,0.267402,0.035365,-0.457943,-0.461591,0.336372,-0.557924,0.14995,0.128159,0.21557
-0.666278,-0.19747,0.738111,0.01594,0.018009,0.92732,0.373496,-0.455649,0.337395,0.045087,0.610494,0.045663,-0.199609,0.050708,-0.338927,-0.125878,0.60383,-0.38951,0.2618,0.177951,0.031184,0.121234,-0.73652,1.041042,-0.336942,-0.757835,0.008451,0.222022,0.009692,-0.462653,-0.474215,0.362381,-0.557449,0.169008,0.119494,0.215903
-0.684803,-0.204316,0.74751,0.002343,0.019544,0.921156,0.388696,-0.415956,0.368868,0.024303,0.420424,0.198592,-0.187826,0.041221,-0.339151,-0.089694,0.52656,-0.296555,0.2618,0.093613,0.026305,0.123368,-0.918814,1.471946,-0.599461,-0.584994,-0.046081,0.086782,0.083921,-0.553956,-0.421186,0.423469,-0.543331,0.184328,0.115097,0.204164
-0.704737,-0.213612,0.749352,-0.006233,0.011153,0.917577,0.397352,-0.408203,0.351322,-0.101374,0.322062,0.378077,-0.261378,0.045762,-0.334762,-0.07437,0.482281,-0.237679,0.2618,0.001464,0.069238,0.150112,-1.600223,1.599515,-1.399155,-0.026355,0.111705,-0.013034,0.255125,-0.657618,-0.39586,0.483738,-0.524064,0.172398,0.108228,0.18493
-0.728722,-0.225406,0.742788,-0.017301,-0.002432,0.922612,0.385334,-0.422562,0.35654,-0.065977,0.347056,0.282768,-0.2618,0.068053,-0.335489,-0.108545,0.459798,-0.220336,0.2618,-0.12132,0.142285,0.176457,-1.518552,1.362705,-1.4,1.05905,0.161073,-0.250319,0.06762,-0.729068,-0.386303,0.555809,-0.504543,0.156207,0.087233,0.164321
-0.751169,-0.22928,0.733182,-0.0274,-0.015443,0.921995,0.385923,-0.465231,0.3906,-0.044235,0.469377,0.090831,-0.243589,0.101885,-0.329133,-0.150811,0.417409,-0.215481,0.2618,-0.079719,0.057946,0.154149,-1.898997,1.260991,-1.39998,1.231713,-0.050531,-0.375369,-0.122076,-0.701024,-0.302418,0.445583,-0.51833,0.150658,0.089364,0.13669
-0.783072,-0.236888,0.730102,-0.031834,-0.018646,0.910852,0.411082,-0.462884,0.404084,0.010301,0.575652,-0.040873,-0.213508,0.115464,-0.355269,-0.138206,0.358989,-0.145393,0.2618,0.046229,0.049411,0.144119,-1.798148,1.397582,-1.095687,0.528721,0.059367,-0.225109,0.259242,-0.621092,-0.35403,0.392943,-0.573579,0.14209,0.083087,0.122556
-0.81765,-0.246751,0.734637,-0.033046,-0.011334,0.893936,0.446831,-0.430972,0.403349,0.10255,0.637916,-0.09217,-0.20615,0.075375,-0.42625,-0.115792,0.343257,-0.026825,0.2618,0.210376,0.048791,0.131984,-1.478314,1.524407,-0.891982,-0.22157,0.035748,-0.050196,0.372515,-0.516304,-0.441802,0.366828,-0.583651,0.151866,0.084755,0.126994
-0.83973,-0.253645,0.745635,-0.042198,-0.008434,0.878326,0.476121,-0.392838,0.410426,0.165892,0.61318,-0.078752,-0.234107,0.023539,-0.430491,-0.096599,0.311321,0.05602,0.2618,0.281187,0.051182,0.111693,-1.321173,1.546922,-0.914796,-0.671024,0.013919,0.019318,0.28305,-0.480621,-0.476869,0.39204,-0.568703,0.155255,0.092724,0.138968
-0.855471,-0.260911,0.75432,-0.039531,-0.008197,0.867567,0.49568,-0.3689,0.408013,0.205585,0.621967,-0.042539,-0.245665,-0.040513,-0.46061,-0.219195,0.364676,0.121767,0.180329,0.231566,0.062469,0.133568,-1.334735,1.645125,-1.020246,-0.583582,0.034051,0.016397,0.253017,-0.527547,-0.470417,0.456763,-0.566457,0.154973,0.085967,0.138806
-0.858442,-0.269555,0.758054,-0.040044,-0.017275,0.864348,0.500999,-0.388828,0.42304,0.19418,0.647136,-0.006422,-0.253809,-0.07597,-0.479156,-0.311951,0.442895,0.143131,0.132796,0.081256,0.120032,0.18634,-1.418199,1.741219,-1.147618,-0.047998,0.123091,-0.026868,0.261371,-0.652691,-0.441964,0.549542,-0.562261,0.145126,0.070636,0.135282
-0.852793,-0.274872,0.752718,-0.041969,-0.033209,0.875381,0.480462,-0.438455,0.42976,0.11503,0.689123,-0.036212,-0.218119,-0.097404,-0.441264,-0.252472,0.534244,0.121958,0.192198,-0.083149,0.185308,0.22693,-1.547112,1.52042,-1.4,1.046387,0.207143,-0.297758,0.183802,-0.726382,-0.418475,0.590389,-0.536428,0.118638,0.043577,0.113628
-0.848865,-0.275895,0.745092,-0.044009,-0.034,0.882363,0.467271,-0.454422,0.422043,0.102024,0.694596,-0.099115,-0.170822,-0.127885,-0.382652,-0.056416,0.57624,0.094483,0.261785,-0.07561,0.118942,0.208439,-1.85106,1.422395,-1.4,1.231522,0.073462,-0.422581,0.033276,-0.657455,-0.386317,0.48227,-0.553893,0.10547,0.059523,0.127864
-0.845248,-0.274267,0.73954,-0.039488,-0.029821,0.877369,0.477258,-0.448832,0.426998,0.110913,0.717619,-0.124626,-0.177464,-0.148985,-0.363941,0.078169,0.602609,0.04921,0.252486,0.003508,0.059384,0.207877,-2.001858,1.501564,-1.4,0.715996,0.150357,-0.306549,0.311585,-0.546964,-0.39519,0.414909,-0.585386,0.098024,0.073431,0.143856
-0.834651,-0.268979,0.738958,-0.036821,-0.027715,0.870348,0.490276,-0.432626,0.450046,0.119469,0.705564,-0.100816,-0.211144,-0.151765,-0.405946,0.042836,0.60628,0.00127,0.138892,0.085698,0.008785,0.203966,-2.011096,1.614317,-1.4,0.150901,0.056557,-0.149547,0.403695,-0.50597,-0.384679,0.372207,-0.568032,0.098914,0.095382,0.145995
-0.818783,-0.26236,0.740646,-0.031304,-0.024121,0.873825,0.484632,-0.416087,0.447197,0.103749,0.657689,-0.057248,-0.232243,-0.107988,-0.455539,-0.048763,0.589248,-0.032544,0.092309,0.124403,-0.02463,0.19213,-1.468216,1.594047,-0.776233,-0.288788,-0.0566,-0.037095,0.403748,-0.520232,-0.379628,0.332968,-0.550807,0.08402,0.112038,0.133808
-0.796428,-0.252843,0.736976,-0.026545,-0.016652,0.88339,0.46759,-0.414821,0.435678,0.077908,0.604769,-0.027553,-0.249535,-0.020017,-0.463578,-0.146471,0.534275,-0.061784,0.160956,0.155116,-0.028665,0.177745,-1.039215,1.374806,-0.294027,-0.609826,-0.138364,0.054563,0.283033,-0.551715,-0.395607,0.306139,-0.544925,0.077753,0.112071,0.121006
-0.764791,-0.242548,0.727839,-0.026397,-0.01397,0.890495,0.454012,-0.446616,0.449753,0.035773,0.580652,0.000951,-0.2618,0.04746,-0.452264,-0.276871,0.49358,-0.179345,0.2618,0.208732,-0.037309,0.167143,-0.911353,1.115796,-0.13247,-0.75434,-0.179671,0.070219,0.132869,-0.59186,-0.398361,0.292169,-0.532049,0.081335,0.107728,0.094545
-0.729262,-0.232851,0.718424,-0.018492,-0.011131,0.897681,0.440117,-0.494972,0.452264,-0.003258,0.592691,0.074656,-0.2618,0.06468,-0.422099,-0.330277,0.532358,-0.333852,0.2618,0.295648,-0.047142,0.182663,-0.810488,0.83568,-0.064115,-0.716762,-0.246404,0.033659,0.011384,-0.622816,-0.413891,0.279315,-0.508697,0.095113,0.100184,0.051705
-0.694576,-0.221252,0.706235,-0.008972,-0.012269,0.907465,0.419852,-0.561991,0.451178,-0.082604,0.62617,0.142524,-0.2618,0.077548,-0.382036,-0.34718,0.598108,-0.478789,0.2618,0.378612,-0.034921,0.227079,-0.658806,0.576064,-0.025175,-0.669753,-0.343515,0.003657,-0.10193,-0.635732,-0.45278,0.263448,-0.492645,0.122407,0.08459,0.015313
-0.673084,-0.212239,0.69757,-0.005025,-0.014614,0.918648,0.394776,-0.600836,0.462263,-0.10087,0.623194,0.105874,-0.240685,0.078819,-0.358506,-0.361952,0.675464,-0.556402,0.2618,0.418126,-0.009161,0.259028,-0.379305,0.381872,0.026865,-0.656458,-0.430188,-0.045699,-0.173575,-0.611154,-0.508631,0.247975,-0.496713,0.143296,0.074423,0.001178
-0.66487,-0.20774,0.697129,-0.007546,-0.017752,0.926682,0.375352,-0.611534,0.487074,-0.041451,0.585279,0.017022,-0.223609,0.080628,-0.339726,-0.382844,0.702363,-0.559408,0.2618,0.42467,-0.003355,0.271949,-0.041237,0.227321,0.1229,-0.569188,-0.496954,-0.060068,-0.223773,-0.560173,-0.548772,0.224411,-0.522953,0.146277,0.076826,0.000602
-0.662363,-0.202303,0.700189,-0.013825,-0.021936,0.929198,0.368672,-0.595777,0.505166,-0.016304,0.518151,-0.027092,-0.240458,0.082826,-0.305741,-0.375041,0.686232,-0.533803,0.2618,0.420131,-0.031493,0.288548,0.300521,0.04648,0.180488,-0.374408,-0.59071,-0.108097,-0.256966,-0.501961,-0.557997,0.19847,-0.543945,0.149418,0.081895,0.016183
-0.665607,-0.202748,0.702231,-0.022507,-0.022793,0.9305,0.364889,-0.592755,0.500499,0.011623,0.472967,-0.028025,-0.2618,0.08141,-0.281234,-0.349528,0.652051,-0.523226,0.2618,0.380807,-0.096477,0.322947,0.54447,-0.176382,0.235809,-0.071499,-0.729222,-0.174744,-0.298998,-0.462388,-0.551678,0.182908,-0.561377,0.155289,0.080742,0.049984
-0.67077,-0.206992,0.701338,-0.039319,-0.023946,0.929787,0.365209,-0.620748,0.507907,0.052641,0.465016,-0.047286,-0.2618,0.05589,-0.260089,-0.337485,0.630086,-0.514851,0.2618,0.284219,-0.157944,0.34192,0.631729,-0.249315,0.401621,0.381996,-0.774291,-0.090623,-0.220096,-0.439558,-0.572923,0.211945,-0.596259,0.146607,0.079517,0.081514
-0.67773,-0.20964,0.703259,-0.062364,-0.024995,0.925779,0.372049,-0.67458,0.522717,0.067183,0.490657,-0.053734,-0.2618,0.003702,-0.223118,-0.294579,0.620309,-0.45919,0.2618,0.116224,-0.22207,0.298422,0.571515,-0.114051,0.54434,0.883629,-0.818228,0.019409,0.163501,-0.43904,-0.561012,0.310115,-0.590056,0.136089,0.078114,0.144439
-0.691988,-0.206293,0.707907,-0.079009,-0.035904,0.915038,0.39392,-0.694009,0.569617,0.030333,0.522405,0.02728,-0.2618,-0.016891,-0.169243,-0.231212,0.581721,-0.351638,0.2618,0.036744,-0.225642,0.204581,0.217085,0.116177,0.76606,1.217889,-0.932755,-0.030959,0.456524,-0.378487,-0.534947,0.362894,-0.553157,0.114751,0.083457,0.199879
-0.72034,-0.2064,0.712612,-0.080099,-0.050054,0.902706,0.419764,-0.667708,0.623365,0.027767,0.587433,0.027598,-0.2618,-0.000282,-0.162286,-0.147113,0.542669,-0.232184,0.2618,0.012358,-0.230831,0.139047,-0.175401,0.339785,0.753597,1.198952,-0.925953,-0.14559,0.29679,-0.35182,-0.475546,0.403688,-0.53711,0.080857,0.092902,0.220631
-0.763584,-0.216146,0.715456,-0.059431,-0.050073,0.892957,0.443382,-0.613982,0.61087,0.063568,0.716821,-0.018977,-0.2618,0.017672,-0.277261,-0.098122,0.561607,-0.148583,0.2618,0.027249,-0.238637,0.108384,-0.690566,0.657109,0.45558,1.146247,-0.913065,-0.208569,-0.025423,-0.345607,-0.432179,0.432878,-0.526265,0.057585,0.068968,0.252463
-0.796424,-0.22108,0.711282,-0.056285,-0.05049,0.888508,0.452589,-0.610564,0.600358,0.072077,0.814609,-0.099826,-0.2618,0.0246,-0.351871,-0.101002,0.551635,-0.199769,0.2618,-0.042058,-0.23271,0.066312,-1.193819,0.859594,0.202688,1.023436,-1.106502,-0.373339,-0.369946,-0.353702,-0.420828,0.41479,-0.535192,0.041401,0.029755,0.276507
-0.81114,-0.216595,0.705573,-0.067068,-0.071253,0.889383,0.446568,-0.653287,0.6388,0.016685,0.883996,-0.17471,-0.2618,0.000919,-0.279214,-0.104311,0.535244,-0.204702,0.2618,-0.108696,-0.170244,0.088051,-1.542733,1.001548,-0.18588,0.888718,-1.1291,-0.333949,-0.614846,-0.325282,-0.394225,0.315409,-0.536259,0.004225,0.01379,0.257052
-0.825299,-0.216072,0.699061,-0.061223,-0.07269,0.898581,0.428392,-0.677052,0.605877,-0.020976,0.953399,-0.208734,-0.2618,-0.012186,-0.279566,-0.056659,0.564836,-0.126414,0.2618,-0.102821,-0.127849,0.130162,-1.609304,1.005404,-0.23275,0.884119,-1.040681,-0.238725,-0.70225,-0.262662,-0.322344,0.26709,-0.499351,0.040891,0.006503,0.236732
-0.833071,-0.215652,0.703933,-0.060032,-0.071333,0.906195,0.412454,-0.676049,0.566823,-0.046021,0.947418,-0.192362,-0.2618,-0.010429,-0.249945,0.024999,0.605732,-0.078363,0.2618,-0.064266,-0.126677,0.178501,-1.492862,0.967662,-0.167125,0.975397,-1.029981,-0.197714,-0.710454,-0.265356,-0.314552,0.253418,-0.499326,0.043269,0.013358,0.239913
-0.832488,-0.215279,0.710453,-0.053665,-0.053563,0.909169,0.409466,-0.639979,0.520471,-0.021446,0.900149,-0.156122,-0.2618,-0.030488,-0.250899,0.122701,0.641755,-0.132682,0.2618,-0.020506,-0.156414,0.215409,-1.300041,0.888051,-0.015756,0.965802,-1.013989,-0.194544,-0.722252,-0.263427,-0.346324,0.246985,-0.516501,0.031363,0.034029,0.267681
-0.829119,-0.217456,0.715918,-0.050223,-0.039492,0.907192,0.415838,-0.604217,0.500621,0.024562,0.841794,-0.117583,-0.2618,-0.100934,-0.32191,0.076361,0.679646,-0.207091,0.2618,0.00367,-0.161076,0.234485,-1.070406,0.789196,0.13339,0.829723,-0.918769,-0.163694,-0.674143,-0.246441,-0.388073,0.221685,-0.535277,0.02731,0.049255,0.296006
-0.817053,-0.212269,0.718857,-0.053243,-0.037641,0.905165,0.420029,-0.590014,0.523371,0.04152,0.785554,-0.084982,-0.2618,-0.152727,-0.379757,0.008069,0.661433,-0.207278,0.171215,0.008608,-0.133815,0.235379,-0.827028,0.708029,0.204634,0.653809,-0.75339,-0.132363,-0.518411,-0.236217,-0.437501,0.204722,-0.554905,0.015787,0.071241,0.320885
-0.80024,-0.201388,0.718999,-0.04882,-0.035008,0.910646,0.408797,-0.570703,0.523627,0.037385,0.721966,-0.046972,-0.2618,-0.138024,-0.384457,0.053252,0.598789,-0.145613,0.195963,-0.008214,-0.119325,0.235953,-0.594911,0.66461,0.18185,0.444546,-0.546654,-0.118618,-0.240322,-0.233038,-0.476797,0.209318,-0.574325,0.012203,0.08428,0.337249
-0.773878,-0.183423,0.716267,-0.039987,-0.030683,0.913809,0.403005,-0.545792,0.532193,0.032161,0.662736,0.00464,-0.2618,-0.082625,-0.361187,0.027223,0.521869,-0.166249,0.2618,0.004719,-0.13124,0.229271,-0.424487,0.630605,0.143741,0.2102,-0.365116,-0.024075,0.000755,-0.27073,-0.507508,0.236295,-0.595017,0.002814,0.107627,0.349727
-0.743785,-0.163865,0.708784,-0.028897,-0.023445,0.913451,0.405244,-0.523488,0.551292,0.036423,0.621627,0.058,-0.2618,-0.067005,-0.348818,-0.010498,0.548221,-0.323795,0.2618,0.044279,-0.146811,0.21787,-0.311132,0.628521,0.124537,-0.004777,-0.221875,0.086929,0.14041,-0.392713,-0.567421,0.286001,-0.598542,-0.024216,0.114347,0.364997
-0.712487,-0.146166,0.69931,-0.01576,-0.01491,0.911946,0.409736,-0.502546,0.571642,0.043786,0.581291,0.145035,-0.2618,-0.081848,-0.34758,-0.032686,0.618768,-0.464093,0.2618,0.09743,-0.148986,0.221046,-0.245176,0.696714,0.114192,-0.21856,-0.057879,0.167267,0.163845,-0.569766,-0.639706,0.384559,-0.578247,-0.0314,0.101635,0.37412
-0.687958,-0.130563,0.69371,-0.007711,-0.015072,0.913105,0.407372,-0.49942,0.612859,0.028272,0.52737,0.267059,-0.2618,-0.094447,-0.316488,-0.041184,0.693395,-0.542778,0.2618,0.127655,-0.125436,0.23022,-0.245594,0.742674,0.075624,-0.385669,0.034053,0.172853,0.125932,-0.730303,-0.657902,0.48345,-0.55416,-0.024312,0.094118,0.403407
-0.659092,-0.118463,0.699375,-0.005857,-0.014861,0.919689,0.392323,-0.488742,0.61099,0.028121,0.431564,0.333789,-0.234674,-0.100534,-0.298562,-0.054762,0.725061,-0.531938,0.2618,0.128685,-0.093683,0.230145,-0.314738,0.836039,0.008608,-0.52765,0.073653,0.188558,0.078665,-0.86391,-0.710152,0.570018,-0.552079,-0.03213,0.086065,0.39056
-0.651278,-0.124764,0.718102,-0.004478,0.016174,0.931163,0.364216,-0.466123,0.426504,0.018302,0.342337,0.298089,-0.2618,-0.085749,-0.37224,-0.086268,0.652129,-0.464228,0.2618,0.104957,-0.103419,0.208155,-0.447795,0.96161,-0.049142,-0.590363,0.111291,0.175714,0.053496,-0.934897,-0.76335,0.611252,-0.565988,-0.041771,0.077869,0.369599
-0.650013,-0.136678,0.738728,-0.003851,0.029768,0.94049,0.338494,-0.485637,0.279161,0.108152,0.379519,0.267963,-0.2618,-0.024674,-0.408618,-0.132601,0.51912,-0.384979,0.260511,0.08732,-0.099312,0.195528,-0.626122,1.059836,-0.145928,-0.621931,0.097156,0.16736,0.001646,-0.951509,-0.781837,0.616593,-0.58182,-0.030795,0.06801,0.314991
-0.640961,-0.126868,0.747194,-0.007462,0.030782,0.944014,0.328381,-0.489774,0.290418,0.164664,0.43422,0.295977,-0.2618,0.004768,-0.387066,-0.1596,0.462782,-0.36494,0.257065,0.091608,-0.094113,0.181221,-0.809778,1.139105,-0.210951,-0.65109,0.087919,0.16904,0.009913,-0.940276,-0.770404,0.58843,-0.594376,-0.014471,0.067591,0.285372
-0.6352,-0.120886,0.743542,-0.013559,0.02116,0.943117,0.331508,-0.437891,0.34368,0.179431,0.4128,0.211433,-0.2618,-0.012239,-0.353574,-0.162235,0.486848,-0.397393,0.26091,0.096672,-0.074158,0.165967,-0.907348,1.177126,-0.201959,-0.693761,0.094613,0.156825,0.026615,-0.923491,-0.745642,0.54628,-0.608412,-0.016003,0.069321,0.26193
-0.632582,-0.119256,0.732971,-0.01092,0.01401,0.941019,0.337888,-0.431995,0.36951,0.15277,0.459963,0.093508,-0.2618,-0.044323,-0.342004,-0.151413,0.569102,-0.456102,0.261687,0.09191,-0.075413,0.182654,-0.943429,1.160534,-0.179916,-0.727089,0.07233,0.16798,0.034718,-0.893598,-0.713657,0.477874,-0.628016,-0.019193,0.065054,0.236098
-0.632445,-0.116871,0.718555,-0.008616,0.002938,0.941805,0.336036,-0.466208,0.405297,0.131472,0.552841,-0.001967,-0.2618,-0.060126,-0.328838,-0.158716,0.653416,-0.511753,0.2618,0.057138,-0.069114,0.202047,-0.888262,1.128927,-0.133497,-0.762594,0.050297,0.162395,0.043595,-0.848554,-0.677211,0.434844,-0.645683,-0.004635,0.053249,0.212223
-0.639554,-0.11769,0.71134,-0.010032,-0.003066,0.943337,0.331671,-0.510651,0.412827,0.105259,0.638815,-0.032888,-0.2618,-0.059955,-0.326288,-0.159905,0.685194,-0.514638,0.2618,0.02425,-0.065065,0.205062,-0.848348,1.105481,-0.134306,-0.764163,0.049048,0.156223,0.043539,-0.807796,-0.663629,0.420615,-0.655315,0.009582,0.045683,0.202066
-0.652614,-0.120274,0.713987,-0.016469,-0.010725,0.941605,0.336145,-0.520159,0.425918,0.089099,0.663587,-0.033329,-0.2618,-0.046742,-0.313672,-0.155534,0.650969,-0.450592,0.2618,0.01684,-0.055328,0.193139,-0.864114,1.103495,-0.172849,-0.729054,0.054843,0.15837,0.035987,-0.793917,-0.66555,0.417306,-0.649774,0.019611,0.044688,0.199709
-0.667915,-0.122937,0.726879,-0.027324,-0.019886,0.93589,0.350667,-0.485519,0.452073,0.094523,0.619932,-0.007786,-0.2618,-0.031866,-0.280301,-0.123545,0.561179,-0.310108,0.2618,0.026682,-0.03886,0.172751,-0.915071,1.149705,-0.192576,-0.680338,0.094661,0.149091,0.038237,-0.819458,-0.664827,0.421184,-0.640105,0.017736,0.052664,0.19683
-0.687377,-0.132137,0.745553,-0.034632,-0.011522,0.931356,0.362275,-0.425548,0.419643,0.148774,0.525762,0.056544,-0.248558,-0.023925,-0.302007,-0.069986,0.454416,-0.14607,0.258212,0.034182,-0.048869,0.151497,-0.915943,1.132097,-0.17916,-0.633746,0.061546,0.138436,0.047354,-0.849834,-0.667511,0.40076,-0.640181,-0.00847,0.056006,0.184283
-0.701479,-0.138573,0.76186,-0.039899,-0.012402,0.926476,0.374027,-0.371129,0.409242,0.182918,0.443972,0.109938,-0.24695,-0.044908,-0.303365,-0.053819,0.427492,-0.030168,0.200084,0.053928,-0.049545,0.143048,-0.90461,1.088549,-0.150511,-0.59394,0.032131,0.128033,0.067564,-0.858168,-0.644928,0.365064,-0.642037,-0.022456,0.058408,0.176581
-0.711687,-0.14369,0.770542,-0.041392,-0.014936,0.923019,0.382229,-0.342733,0.409224,0.20759,0.415904,0.120135,-0.24833,-0.065468,-0.321312,-0.089154,0.452873,-0.008257,0.17675,0.059506,-0.049968,0.145637,-0.872718,1.04643,-0.076179,-0.57833,0.038629,0.131542,0.095937,-0.848417,-0.583819,0.330502,-0.646937,-0.028661,0.064047,0.18314
-0.719123,-0.148121,0.771213,-0.039837,-0.024103,0.922934,0.382132,-0.344319,0.422521,0.207977,0.448407,0.079575,-0.236486,-0.075121,-0.328991,-0.113452,0.513262,-0.030774,0.175914,0.050041,-0.03248,0.160262,-0.805623,0.963411,0.017904,-0.587824,0.040515,0.131663,0.110493,-0.817163,-0.522625,0.297017,-0.662141,-0.039222,0.071868,0.205802
-0.724003,-0.150942,0.762453,-0.033245,-0.027641,0.924188,0.379484,-0.363167,0.429683,0.209626,0.52979,-0.004631,-0.214904,-0.068499,-0.340701,-0.122887,0.548804,-0.047589,0.221489,0.039102,-0.022925,0.175577,-0.748485,0.862453,0.084398,-0.605922,0.039821,0.131111,0.108559,-0.769555,-0.472321,0.277845,-0.674049,-0.040809,0.072162,0.23653
-0.725688,-0.152503,0.744883,-0.022335,-0.023436,0.921788,0.386339,-0.391997,0.43452,0.214409,0.653989,-0.107049,-0.213004,-0.064503,-0.389236,-0.186843,0.589072,-0.139441,0.240976,0.043914,-0.032086,0.193439,-0.705324,0.79481,0.120661,-0.627879,0.047006,0.124071,0.102247,-0.736377,-0.43934,0.267681,-0.671294,-0.034042,0.069428,0.278577
-0.72418,-0.15146,0.726078,-0.014542,-0.022196,0.917183,0.397582,-0.419116,0.455473,0.210631,0.765393,-0.193933,-0.220863,-0.079374,-0.42392,-0.206531,0.668262,-0.263552,0.255657,0.039011,-0.03699,0.194974,-0.655453,0.776562,0.13423,-0.649982,0.029908,0.116424,0.089051,-0.724404,-0.41116,0.289158,-0.662757,-0.023255,0.069686,0.312741
-0.716863,-0.146518,0.712525,-0.011886,-0.017022,0.913848,0.405526,-0.44244,0.472125,0.205305,0.826322,-0.22883,-0.242075,-0.102278,-0.433713,-0.199746,0.721951,-0.355425,0.2618,0.060906,-0.045723,0.186987,-0.640892,0.796447,0.110016,-0.666159,0.018335,0.112523,0.084139,-0.715768,-0.428796,0.296374,-0.664392,-0.017543,0.06884,0.328181
-0.700045,-0.137359,0.710807,-0.013761,-0.014404,0.91208,0.409528,-0.450994,0.494238,0.195802,0.809964,-0.188606,-0.261798,-0.09568,-0.397824,-0.210453,0.698194,-0.413556,0.2618,0.08136,-0.050568,0.172071,-0.645125,0.852364,0.089006,-0.649019,0.021483,0.113554,0.084943,-0.714025,-0.455354,0.31186,-0.660245,-0.011506,0.067774,0.329994
-0.680907,-0.128427,0.719112,-0.017504,-0.006572,0.914347,0.4045,-0.452556,0.487969,0.197579,0.734081,-0.073719,-0.2618,-0.07707,-0.368443,-0.23219,0.63697,-0.406634,0.2618,0.094826,-0.066558,0.152024,-0.67221,0.924992,0.045267,-0.595892,0.026276,0.107318,0.094285,-0.707815,-0.48654,0.316361,-0.650037,-0.006957,0.067876,0.322755
-0.6638,-0.118262,0.733978,-0.02196,-0.001518,0.921072,0.388769,-0.431742,0.467735,0.187919,0.594619,0.072951,-0.2618,-0.044485,-0.338394,-0.255157,0.560326,-0.348986,0.2618,0.090593,-0.080094,0.13133,-0.71236,1.00512,-0.009314,-0.526023,0.02884,0.086411,0.118985,-0.694026,-0.51256,0.309682,-0.642827,0.000886,0.065211,0.30175
-0.65218,-0.120037,0.748088,-0.029069,0.006393,0.932763,0.359259,-0.407661,0.382567,0.191877,0.414827,0.136578,-0.2618,-0.026305,-0.327602,-0.283239,0.494326,-0.293655,0.2618,0.066126,-0.087522,0.112521,-0.749004,1.023519,-0.044731,-0.469184,0.001157,0.046527,0.166371,-0.696034,-0.533738,0.292823,-0.642635,0.017304,0.054419,0.261823
-0.639435,-0.123439,0.755868,-0.025228,0.009853,0.943155,0.331249,-0.42213,0.296527,0.196977,0.358575,0.157231,-0.2618,-0.012796,-0.322353,-0.305321,0.487779,-0.2826,0.2618,0.049894,-0.099466,0.122013,-0.807382,0.93036,-0.063869,-0.439754,-0.088504,0.026056,0.155799,-0.713979,-0.512524,0.274025,-0.641921,0.044058,0.044488,0.229306
-0.624584,-0.103954,0.752309,-0.022959,0.005798,0.947292,0.319494,-0.430061,0.330006,0.184353,0.381263,0.107676,-0.2618,-0.003178,-0.297445,-0.327996,0.523425,-0.328119,0.2618,0.085062,-0.089536,0.130439,-0.822185,0.789942,-0.024818,-0.504501,-0.153038,0.031976,0.094889,-0.732676,-0.482772,0.261958,-0.64166,0.075527,0.034286,0.23976
-0.61906,-0.095969,0.742689,-0.013718,0.002438,0.945789,0.324484,-0.433946,0.363026,0.159837,0.446308,0.085595,-0.2618,-0.007142,-0.309603,-0.333306,0.592194,-0.401085,0.2618,0.159324,-0.07504,0.14714,-0.785911,0.658301,0.036213,-0.619854,-0.167496,0.03859,0.021253,-0.755578,-0.475585,0.261024,-0.631637,0.094768,0.024529,0.25663
-0.620519,-0.098567,0.727901,0.001702,-0.001528,0.943926,0.330148,-0.473071,0.373742,0.160745,0.578498,0.074896,-0.2618,-0.002441,-0.335901,-0.323042,0.667017,-0.489213,0.2618,0.22954,-0.059381,0.180574,-0.734416,0.562211,0.073694,-0.691595,-0.177964,0.042396,-0.052403,-0.775908,-0.474659,0.269195,-0.605884,0.112133,0.020226,0.26082
-0.621177,-0.103076,0.717304,0.012101,0.004762,0.947122,0.32061,-0.549118,0.332736,0.126254,0.708843,0.131157,-0.2618,-0.006576,-0.374591,-0.324633,0.738012,-0.541175,0.261159,0.268005,-0.06811,0.202523,-0.711789,0.539271,0.090794,-0.688518,-0.179165,0.06102,-0.070918,-0.766139,-0.487617,0.272861,-0.598881,0.130715,0.003347,0.248797
