1.114167,-3.357334,0.758416,-0.008107,-0.017375,0.077326,0.996821,-0.184368,-0.017924,-0.086162,0.444082,-0.21442,0.027429,-0.077148,-0.07327,-0.155141,0.445504,-0.281161,0.049959,0.120138,-0.061797,0.104961,-0.053202,0.161435,-0.378286,0.498587,0.018608,0.637608,-0.437714,-0.02283,-0.213012,0.346339,0.484928,0.153754,0.549918,0.122712
1.110226,-3.358246,0.758673,-0.010014,-0.010164,0.078878,0.996782,-0.212026,-0.016199,-0.090257,0.45084,-0.204841,0.028215,-0.10444,-0.071358,-0.158201,0.454467,-0.273446,0.047156,0.123774,-0.067586,0.112922,-0.088058,0.14433,-0.432223,0.442319,-0.11389,0.62759,-0.273797,-0.061471,-0.192186,0.379161,0.44593,0.236801,0.547334,0.013368
1.105931,-3.358982,0.758962,-0.012345,-0.002431,0.080431,0.996681,-0.240952,-0.014201,-0.094554,0.456303,-0.194084,0.027555,-0.129583,-0.068493,-0.161539,0.455474,-0.263065,0.045398,0.124855,-0.072542,0.118563,-0.137132,0.125864,-0.469259,0.41693,-0.209381,0.596726,-0.134415,-0.109808,-0.176798,0.409803,0.429426,0.285178,0.526014,-0.059288
1.101381,-3.359856,0.759161,-0.014756,0.006302,0.08059,0.996618,-0.271384,-0.010941,-0.096793,0.460067,-0.183297,0.026745,-0.154291,-0.064159,-0.163351,0.448865,-0.25207,0.044521,0.126326,-0.078297,0.124879,-0.198298,0.107393,-0.498744,0.41317,-0.292375,0.56659,-0.001445,-0.165321,-0.155856,0.433446,0.430575,0.327224,0.500167,-0.122794
1.096442,-3.360779,0.759208,-0.017205,0.014641,0.079773,0.996557,-0.300978,-0.006657,-0.097516,0.463111,-0.171801,0.025263,-0.176785,-0.058662,-0.163857,0.437416,-0.239541,0.044164,0.129787,-0.084342,0.136242,-0.26986,0.088024,-0.51658,0.428862,-0.355458,0.537399,0.109385,-0.220445,-0.125348,0.448221,0.447464,0.372452,0.47914,-0.18244
1.090863,-3.362221,0.759148,-0.019989,0.022155,0.077644,0.996534,-0.329385,0.000791,-0.098196,0.466522,-0.160707,0.017961,-0.198491,-0.050642,-0.162552,0.424606,-0.225236,0.044705,0.132577,-0.090512,0.156188,-0.338217,0.061357,-0.516369,0.461196,-0.407769,0.507277,0.195415,-0.27683,-0.0825,0.455529,0.479285,0.424986,0.468473,-0.237927
1.083959,-3.365136,0.758843,-0.023607,0.029284,0.073453,0.996589,-0.360014,0.013415,-0.098606,0.47185,-0.147889,0.005413,-0.225401,-0.03748,-0.158422,0.417313,-0.210876,0.042668,0.136646,-0.097048,0.186087,-0.401714,0.036212,-0.503491,0.502892,-0.456147,0.479999,0.265035,-0.335559,-0.032162,0.459944,0.521946,0.479054,0.456483,-0.289093
1.07558,-3.369237,0.75844,-0.027053,0.037775,0.066431,0.996709,-0.397987,0.029324,-0.095302,0.482027,-0.131858,-0.005791,-0.265898,-0.022534,-0.150882,0.424945,-0.201658,0.034189,0.146297,-0.105564,0.223034,-0.463866,0.025224,-0.49177,0.547312,-0.487873,0.449089,0.317622,-0.395116,0.020021,0.462942,0.570138,0.526311,0.434782,-0.33291
1.065948,-3.373909,0.757493,-0.029369,0.04779,0.057085,0.996792,-0.443874,0.045795,-0.088695,0.498034,-0.111846,-0.015415,-0.319248,-0.015742,-0.155207,0.452229,-0.208982,0.026364,0.163069,-0.11303,0.261828,-0.515697,0.023058,-0.486747,0.585822,-0.495995,0.42348,0.34262,-0.441537,0.07229,0.458881,0.612276,0.566182,0.410921,-0.360174
1.055896,-3.378527,0.75516,-0.029566,0.06085,0.038889,0.996951,-0.496932,0.069629,-0.065969,0.521015,-0.096763,-0.027655,-0.38179,-0.035919,-0.205719,0.494489,-0.229621,0.028053,0.197327,-0.123191,0.296798,-0.564086,0.021286,-0.480342,0.631263,-0.499745,0.404902,0.356176,-0.479565,0.136683,0.44917,0.65082,0.615348,0.386165,-0.389354
1.046133,-3.383223,0.751223,-0.028629,0.077745,0.011233,0.996499,-0.560865,0.106953,-0.027627,0.558594,-0.089343,-0.04468,-0.444814,-0.10443,-0.326475,0.550158,-0.262595,0.030092,0.25149,-0.131824,0.319452,-0.623195,0.054663,-0.494421,0.687778,-0.471488,0.363952,0.400288,-0.514128,0.191585,0.441379,0.698759,0.668744,0.343323,-0.459756
1.036626,-3.388036,0.746541,-0.031494,0.093374,-0.006477,0.995112,-0.63001,0.141621,-0.014873,0.602871,-0.082912,-0.065836,-0.494421,-0.178802,-0.417604,0.606267,-0.278979,-0.002012,0.290667,-0.126374,0.33847,-0.678098,0.079836,-0.497021,0.734438,-0.432517,0.327195,0.477381,-0.551542,0.226637,0.428981,0.741352,0.702236,0.305209,-0.531031
1.0281,-3.392938,0.740525,-0.036691,0.106425,-0.009977,0.993593,-0.700759,0.162072,-0.028909,0.650528,-0.079299,-0.079846,-0.55026,-0.236827,-0.422267,0.67618,-0.27614,-0.040612,0.316632,-0.111798,0.359809,-0.723337,0.077258,-0.466925,0.76691,-0.429379,0.325542,0.535097,-0.598688,0.245303,0.416965,0.774998,0.724679,0.284496,-0.587181
1.020115,-3.397839,0.732202,-0.041854,0.121146,-0.004082,0.991744,-0.782278,0.166274,-0.05779,0.703201,-0.083011,-0.097825,-0.626911,-0.289176,-0.36369,0.761874,-0.275178,-0.058462,0.327218,-0.087777,0.380134,-0.775642,0.06393,-0.412068,0.785122,-0.430424,0.317579,0.589173,-0.656868,0.246865,0.410035,0.797464,0.74107,0.281763,-0.624968
1.013025,-3.403361,0.723087,-0.046843,0.132052,0.008183,0.990102,-0.853134,0.159598,-0.091247,0.748764,-0.084108,-0.121997,-0.683641,-0.332601,-0.287425,0.823763,-0.259491,-0.056719,0.328744,-0.056199,0.400507,-0.806579,0.059881,-0.375564,0.780861,-0.414722,0.289108,0.614664,-0.701414,0.240526,0.406932,0.801435,0.739044,0.285391,-0.626903
1.006478,-3.409169,0.712305,-0.048449,0.14312,0.017358,0.988366,-0.925086,0.151595,-0.114321,0.801597,-0.093222,-0.141756,-0.732023,-0.393369,-0.234335,0.86869,-0.236436,-0.061222,0.329398,-0.023361,0.418463,-0.827884,0.069696,-0.371566,0.760217,-0.386167,0.261924,0.602465,-0.737992,0.229873,0.405914,0.791588,0.720162,0.283472,-0.610593
1.000858,-3.41569,0.699816,-0.047872,0.152044,0.02478,0.986903,-0.992492,0.141834,-0.132637,0.859128,-0.107565,-0.160336,-0.76877,-0.467083,-0.205812,0.899905,-0.198495,-0.066154,0.33085,0.009292,0.431268,-0.845324,0.085908,-0.376185,0.734062,-0.360684,0.252207,0.562665,-0.764689,0.226086,0.390842,0.774966,0.694723,0.273932,-0.591334
0.995699,-3.422337,0.685089,-0.045214,0.158013,0.035365,0.985767,-1.058463,0.123136,-0.148087,0.925666,-0.124147,-0.174839,-0.793418,-0.533325,-0.170155,0.914618,-0.139002,-0.012544,0.324895,0.042176,0.438457,-0.866547,0.093468,-0.363576,0.723195,-0.339183,0.249025,0.521561,-0.792587,0.222662,0.368951,0.768088,0.671535,0.270302,-0.572853
0.990672,-3.431738,0.666779,-0.039175,0.163832,0.053821,0.98424,-1.131129,0.086337,-0.166616,1.001181,-0.142688,-0.192621,-0.80289,-0.547952,-0.086859,0.919542,-0.159095,0.230006,0.303319,0.07339,0.437652,-0.897541,0.084621,-0.326045,0.744325,-0.327864,0.246244,0.489897,-0.8331,0.209107,0.348849,0.783356,0.653153,0.281622,-0.551617
0.982734,-3.458929,0.655233,-0.044627,0.169158,0.041705,0.983694,-1.19075,0.131581,-0.208164,1.047247,-0.154537,-0.239085,-0.843136,-0.476782,-0.12967,0.960923,-0.248752,0.261796,0.321142,0.106048,0.427029,-0.914106,0.083018,-0.296467,0.777651,-0.33535,0.244157,0.483104,-0.870207,0.204278,0.347535,0.812393,0.648556,0.302313,-0.54184
0.97447,-3.473905,0.639498,-0.043271,0.168436,0.026418,0.984408,-1.241465,0.163091,-0.2194,1.119014,-0.183098,-0.259835,-0.912777,-0.449068,-0.139412,1.051844,-0.31962,0.2618,0.339486,0.139415,0.41564,-0.928181,0.069153,-0.267319,0.824785,-0.361831,0.242501,0.481846,-0.908611,0.185204,0.363224,0.852357,0.644873,0.335387,-0.527615
0.967345,-3.479317,0.622602,-0.034323,0.163745,0.015754,0.98578,-1.27605,0.173376,-0.203767,1.189716,-0.209894,-0.261031,-1.006135,-0.461132,-0.096643,1.179909,-0.347873,0.2618,0.336227,0.175723,0.411092,-0.953407,0.031459,-0.219748,0.882586,-0.412545,0.230337,0.482684,-0.941825,0.173197,0.360932,0.890737,0.667456,0.381619,-0.513096
0.962475,-3.481084,0.611462,-0.027738,0.161928,0.011435,0.986346,-1.2965,0.173829,-0.190115,1.224677,-0.219613,-0.2618,-1.066867,-0.457044,-0.030861,1.25454,-0.351983,0.2618,0.318716,0.202717,0.393857,-0.978656,-0.001224,-0.190696,0.923121,-0.456133,0.201938,0.469279,-0.980252,0.128193,0.392212,0.916549,0.671663,0.413377,-0.497755
0.959556,-3.481807,0.607201,-0.01846,0.160586,0.007403,0.986821,-1.294609,0.171163,-0.167855,1.229439,-0.22163,-0.2618,-1.09294,-0.454116,0.021059,1.276144,-0.361716,0.2618,0.28426,0.231354,0.370846,-0.99504,-0.02803,-0.172511,0.967541,-0.495121,0.175847,0.450733,-1.010214,0.082323,0.416136,0.933644,0.649473,0.445618,-0.464863
0.958958,-3.482819,0.609636,-0.006832,0.153658,0.004153,0.988092,-1.257069,0.16839,-0.142839,1.20768,-0.224867,-0.2618,-1.086836,-0.462746,0.051923,1.27001,-0.369981,0.2618,0.232305,0.258866,0.349829,-1.015622,-0.057504,-0.14364,1.020052,-0.546369,0.159256,0.437663,-1.020606,0.058229,0.402263,0.947456,0.635892,0.475035,-0.436934
0.960395,-3.485106,0.6179,0.000459,0.14612,-0.006703,0.989244,-1.197616,0.186945,-0.124932,1.164504,-0.241781,-0.2618,-1.060379,-0.452394,0.065346,1.235767,-0.363562,0.2618,0.188863,0.282007,0.321093,-1.037145,-0.075255,-0.12035,1.063854,-0.602308,0.163186,0.440972,-1.02882,0.048621,0.386662,0.954951,0.632188,0.497675,-0.425068
0.963397,-3.485123,0.62896,-0.006442,0.154044,-0.038893,0.987277,-1.160188,0.256247,-0.117349,1.111135,-0.261512,-0.2618,-1.049484,-0.39212,0.056855,1.158733,-0.325447,0.2618,0.187979,0.309414,0.258781,-1.082241,-0.070673,-0.102247,1.09104,-0.625961,0.128678,0.443956,-1.066387,0.043258,0.373852,0.955788,0.627302,0.518279,-0.416208
0.971813,-3.486696,0.641074,-0.002232,0.139648,-0.067775,0.987876,-1.065746,0.30972,-0.079185,1.076927,-0.295621,-0.2618,-0.988863,-0.351969,0.074157,1.094928,-0.318905,0.2618,0.161704,0.314938,0.224167,-1.07877,-0.08671,-0.094413,1.102813,-0.6421,0.092548,0.417554,-1.07034,0.027984,0.38005,0.945324,0.601679,0.522963,-0.410782
0.985302,-3.490288,0.652494,0.015055,0.097004,-0.085193,0.991517,-0.897587,0.320501,-0.015572,1.053532,-0.344856,-0.2618,-0.87311,-0.359024,0.113517,1.063838,-0.344589,0.2618,0.089326,0.282044,0.228963,-1.040414,-0.130745,-0.080246,1.086901,-0.652584,0.054553,0.358432,-1.041658,0.002052,0.406298,0.916181,0.554127,0.52283,-0.412158
1.000949,-3.494868,0.662585,0.017645,0.066827,-0.108807,0.991657,-0.75555,0.354007,0.030179,1.020479,-0.380848,-0.2618,-0.773332,-0.341165,0.132575,1.022606,-0.357474,0.2618,0.028082,0.243143,0.204749,-1.028071,-0.164587,-0.04216,1.060258,-0.661601,0.019551,0.307294,-1.045841,-0.027639,0.422401,0.869689,0.494954,0.525027,-0.420517
1.0184,-3.501377,0.671469,0.018361,0.033792,-0.130412,0.990714,-0.598558,0.37782,0.076652,0.975547,-0.413013,-0.2618,-0.664201,-0.327357,0.152401,0.986987,-0.379366,0.2618,-0.039467,0.188565,0.187333,-1.034724,-0.190742,-0.031219,1.022535,-0.624497,-0.035048,0.30881,-1.058003,-0.084707,0.444691,0.783719,0.413079,0.526349,-0.439057
1.034952,-3.510246,0.680099,0.021012,-0.00678,-0.1446,0.989244,-0.420291,0.378863,0.122587,0.907453,-0.427505,-0.2618,-0.533575,-0.330541,0.168651,0.95153,-0.409131,0.2618,-0.121324,0.111829,0.189329,-1.0443,-0.185821,-0.100037,0.933511,-0.481583,-0.108661,0.385606,-1.067873,-0.1567,0.430494,0.646367,0.34178,0.531355,-0.479824
1.048403,-3.519362,0.687591,0.023919,-0.030975,-0.153698,0.987343,-0.29028,0.371801,0.16003,0.831463,-0.417397,-0.2618,-0.442154,-0.336125,0.174072,0.916731,-0.428654,0.2618,-0.199571,0.025276,0.170896,-1.082388,-0.231528,-0.059202,0.790279,-0.385743,-0.122056,0.469889,-1.076175,-0.234052,0.374933,0.470059,0.285175,0.52867,-0.526447
1.05782,-3.528194,0.694065,0.025007,-0.044911,-0.159955,0.985785,-0.195241,0.367492,0.187779,0.755319,-0.394562,-0.2618,-0.378481,-0.335466,0.172446,0.885375,-0.437536,0.2618,-0.280442,-0.045241,0.14542,-1.095349,-0.295186,-0.056958,0.576135,-0.327758,-0.126062,0.542597,-1.084921,-0.31713,0.317174,0.267868,0.245671,0.51906,-0.578909
1.063895,-3.535638,0.7,0.025035,-0.047588,-0.16555,0.984734,-0.136067,0.368487,0.209621,0.685176,-0.364681,-0.2618,-0.347093,-0.327334,0.171934,0.856351,-0.433539,0.2618,-0.357246,-0.094272,0.104194,-1.159415,-0.32741,-0.184372,0.353964,-0.339043,-0.108406,0.489633,-1.09139,-0.397042,0.264767,0.061531,0.223352,0.493291,-0.646247
1.065437,-3.540436,0.705105,0.024641,-0.044585,-0.171651,0.98384,-0.104542,0.371853,0.224763,0.628018,-0.331132,-0.2618,-0.341498,-0.315179,0.178479,0.832987,-0.416554,0.2618,-0.401468,-0.13493,0.070531,-1.225521,-0.291728,-0.29565,0.202935,-0.327785,-0.06141,0.398156,-1.092299,-0.482313,0.187911,-0.131863,0.207475,0.456157,-0.721911
1.064446,-3.542884,0.70965,0.024363,-0.037158,-0.178367,0.98296,-0.090275,0.375349,0.23877,0.576912,-0.295696,-0.2618,-0.353974,-0.301612,0.190814,0.811821,-0.392654,0.2618,-0.42716,-0.171602,0.04448,-1.309538,-0.264246,-0.403672,0.0732,-0.313745,-0.02599,0.312823,-1.079454,-0.562025,0.091322,-0.32766,0.192402,0.423655,-0.795887
1.060026,-3.544074,0.713457,0.022844,-0.025925,-0.185094,0.982113,-0.096543,0.383373,0.249367,0.537493,-0.259494,-0.2618,-0.382653,-0.280201,0.201487,0.796546,-0.36547,0.251826,-0.437772,-0.206407,0.030968,-1.411935,-0.250541,-0.50855,-0.040167,-0.298879,-0.017898,0.238102,-1.057818,-0.612021,-0.023785,-0.524259,0.165417,0.391103,-0.856856
1.051691,-3.545462,0.716142,0.019951,-0.013265,-0.190818,0.981333,-0.124621,0.398761,0.252862,0.519981,-0.224543,-0.2618,-0.421398,-0.249887,0.204597,0.790414,-0.341151,0.227471,-0.437496,-0.245007,0.036204,-1.527478,-0.234286,-0.602386,-0.158093,-0.273057,-0.035182,0.165472,-1.043451,-0.62097,-0.126385,-0.71474,0.083202,0.326248,-0.903755
1.040196,-3.545654,0.715853,0.016799,-0.002534,-0.193017,0.981048,-0.178272,0.418072,0.242518,0.540528,-0.2024,-0.2618,-0.465514,-0.22632,0.199916,0.798625,-0.325267,0.2119,-0.425077,-0.291101,0.062855,-1.65046,-0.187507,-0.650932,-0.286909,-0.207684,-0.06104,0.076505,-1.047491,-0.624625,-0.144984,-0.834375,-0.130373,0.166832,-1.000399
1.027242,-3.543536,0.71103,0.013438,0.003237,-0.190234,0.981642,-0.258064,0.436842,0.213105,0.613527,-0.204675,-0.2618,-0.506489,-0.217795,0.189252,0.820413,-0.32132,0.22348,-0.409642,-0.327947,0.104185,-1.699038,-0.120605,-0.59687,-0.398055,-0.135108,-0.059817,-0.04599,-1.138603,-0.55406,-0.014257,-0.853667,-0.212778,0.061648,-1.195088
1.01658,-3.540068,0.702811,0.012646,0.006922,-0.181545,0.983277,-0.346224,0.441212,0.172347,0.704954,-0.221676,-0.2618,-0.539749,-0.228319,0.175145,0.846109,-0.33375,0.260755,-0.385608,-0.334086,0.145957,-1.632408,-0.10458,-0.476,-0.443361,-0.128411,-0.028494,-0.126169,-1.245334,-0.483395,0.210953,-0.813564,-0.244844,0.018188,-1.280344
1.008396,-3.542169,0.697258,0.012312,0.012095,-0.177431,0.983982,-0.40265,0.447277,0.142161,0.753333,-0.22186,-0.2618,-0.570755,-0.218619,0.157806,0.872051,-0.338276,0.2618,-0.341451,-0.32782,0.176273,-1.480698,-0.195678,-0.438565,-0.45104,-0.232506,-0.058422,-0.13991,-1.275085,-0.485005,0.283941,-0.710427,-0.394887,-0.019777,-1.230355
1.006452,-3.543949,0.698641,0.008021,0.019954,-0.183073,0.982864,-0.417994,0.467152,0.134795,0.750748,-0.203476,-0.2618,-0.59223,-0.194496,0.163331,0.871884,-0.30849,0.261739,-0.266675,-0.311804,0.191796,-1.330746,-0.330487,-0.493791,-0.435649,-0.382997,-0.101566,-0.150433,-1.236303,-0.490232,0.260581,-0.645582,-0.483418,-0.052747,-1.133259
1.007724,-3.546483,0.705377,0.007827,0.024727,-0.185198,0.982359,-0.392592,0.469659,0.147529,0.69087,-0.161698,-0.2618,-0.592075,-0.184609,0.17279,0.851364,-0.270978,0.24048,-0.200762,-0.311202,0.187995,-1.310387,-0.341087,-0.574396,-0.436527,-0.40619,-0.068002,-0.189436,-1.166075,-0.482226,0.207408,-0.698103,-0.421229,-0.019801,-1.047432
1.010444,-3.550748,0.713587,0.00618,0.024494,-0.181439,0.983078,-0.347419,0.465104,0.158701,0.608295,-0.112917,-0.2618,-0.562764,-0.1799,0.161153,0.816153,-0.246793,0.200389,-0.176496,-0.324545,0.16907,-1.416633,-0.253308,-0.564411,-0.467579,-0.252925,0.05491,-0.296536,-1.113089,-0.467266,0.135131,-0.800498,-0.336124,0.050078,-1.013023
1.01479,-3.554404,0.718433,0.004991,0.02357,-0.168561,0.985397,-0.321734,0.453898,0.148622,0.550083,-0.080085,-0.2618,-0.525253,-0.193365,0.137631,0.785846,-0.248457,0.189965,-0.200933,-0.325506,0.141822,-1.480214,-0.222165,-0.561686,-0.461589,-0.200501,0.07307,-0.329715,-1.117926,-0.478398,0.094972,-0.844335,-0.271359,0.101482,-1.041673
1.018275,-3.55737,0.720242,0.003749,0.022994,-0.154775,0.987675,-0.318549,0.445008,0.125835,0.527151,-0.065313,-0.2618,-0.49436,-0.209129,0.111238,0.766978,-0.262956,0.201092,-0.231055,-0.323295,0.116239,-1.513597,-0.205213,-0.565084,-0.440012,-0.190317,0.048691,-0.318705,-1.135402,-0.502754,0.091539,-0.846784,-0.256167,0.093664,-1.141641
1.021543,-3.559606,0.720219,0.003915,0.02151,-0.145852,0.989065,-0.321531,0.438099,0.108178,0.52975,-0.065251,-0.2618,-0.475485,-0.222529,0.093379,0.764825,-0.279242,0.216247,-0.246224,-0.31955,0.09661,-1.515335,-0.200617,-0.56557,-0.41753,-0.189508,0.023084,-0.277817,-1.157734,-0.500077,0.115417,-0.832632,-0.26262,0.06676,-1.23654
1.025614,-3.561566,0.719102,0.008488,0.018152,-0.140986,0.989809,-0.318469,0.425636,0.104136,0.542904,-0.076028,-0.2618,-0.468445,-0.239986,0.09003,0.782349,-0.297333,0.226232,-0.246453,-0.322267,0.085666,-1.500284,-0.199294,-0.556351,-0.410895,-0.18884,0.008851,-0.233612,-1.153584,-0.481652,0.142166,-0.810897,-0.302154,0.039758,-1.292723
1.030237,-3.563031,0.716985,0.012164,0.010101,-0.138415,0.990248,-0.300315,0.415314,0.106764,0.556421,-0.094482,-0.2618,-0.458762,-0.254123,0.092843,0.813208,-0.318209,0.22865,-0.231738,-0.326299,0.087678,-1.468053,-0.197319,-0.546199,-0.417023,-0.180072,0.006754,-0.19591,-1.13827,-0.422461,0.194132,-0.804576,-0.322141,0.01409,-1.323376
1.03467,-3.564151,0.714043,0.01604,-0.00109,-0.135452,0.990653,-0.277808,0.40374,0.109946,0.573622,-0.118263,-0.2618,-0.44324,-0.270097,0.097893,0.846425,-0.34389,0.231547,-0.214192,-0.329508,0.099195,-1.441333,-0.189132,-0.53361,-0.431549,-0.165138,0.037663,-0.152268,-1.103529,-0.382084,0.208633,-0.77653,-0.35101,-0.006637,-1.232429
1.038234,-3.566139,0.710714,0.020393,-0.011156,-0.130373,0.991193,-0.261677,0.391564,0.10877,0.591013,-0.139652,-0.2618,-0.427154,-0.287981,0.099483,0.876473,-0.371489,0.238176,-0.195032,-0.333431,0.116086,-1.423271,-0.192949,-0.532629,-0.442738,-0.160082,0.071508,-0.117016,-1.075621,-0.35743,0.205015,-0.774536,-0.352548,-0.015679,-1.169294
1.040545,-3.568351,0.708364,0.023335,-0.017525,-0.123895,0.991866,-0.254139,0.382439,0.102246,0.601142,-0.152891,-0.2618,-0.414217,-0.302429,0.095461,0.897918,-0.390561,0.24505,-0.186794,-0.335527,0.126116,-1.417032,-0.200873,-0.540564,-0.442999,-0.162362,0.086702,-0.092842,-1.066763,-0.36174,0.180194,-0.775358,-0.340461,-0.004926,-1.133336
1.042148,-3.570704,0.708584,0.019377,-0.019487,-0.120236,0.992365,-0.248209,0.39025,0.092731,0.59636,-0.152455,-0.2618,-0.40029,-0.297175,0.081814,0.899835,-0.392435,0.243216,-0.179231,-0.325798,0.132551,-1.422816,-0.204945,-0.552399,-0.436146,-0.163592,0.090572,-0.080922,-1.068522,-0.387943,0.140113,-0.780272,-0.315716,0.024293,-1.10658
1.043151,-3.573467,0.710978,0.014068,-0.015601,-0.119249,0.992642,-0.245336,0.404535,0.086386,0.57358,-0.136512,-0.2618,-0.3943,-0.283046,0.067362,0.885196,-0.381046,0.2363,-0.178029,-0.311276,0.128949,-1.424627,-0.205991,-0.559269,-0.427818,-0.175881,0.048917,-0.103608,-1.076463,-0.422916,0.105978,-0.790448,-0.277781,0.066866,-1.083411
1.043486,-3.576227,0.713916,0.01168,-0.008622,-0.118669,0.992828,-0.246017,0.413187,0.083082,0.54213,-0.112417,-0.2618,-0.396597,-0.272894,0.057408,0.865923,-0.368072,0.228997,-0.175698,-0.300009,0.117086,-1.435453,-0.215253,-0.565098,-0.407944,-0.193575,0.033162,-0.130012,-1.07781,-0.461367,0.089418,-0.801279,-0.247023,0.109105,-1.053338
1.043265,-3.577747,0.716573,0.010467,-0.001149,-0.119332,0.992799,-0.24763,0.418002,0.083668,0.511271,-0.088704,-0.2618,-0.402901,-0.265118,0.051737,0.845734,-0.356328,0.224162,-0.17331,-0.290825,0.106143,-1.443421,-0.217509,-0.562434,-0.398841,-0.196985,0.033528,-0.152519,-1.084596,-0.477237,0.077976,-0.819305,-0.201131,0.146814,-1.053421
1.042671,-3.578151,0.718135,0.012894,0.004508,-0.118769,0.992828,-0.252019,0.412605,0.086056,0.491005,-0.071892,-0.2618,-0.412494,-0.268116,0.051543,0.835506,-0.350543,0.222798,-0.175904,-0.28968,0.099958,-1.445405,-0.215851,-0.553319,-0.397449,-0.194424,0.038801,-0.16285,-1.088222,-0.494376,0.072832,-0.821907,-0.183923,0.169961,-1.04794
1.041687,-3.577712,0.718693,0.018959,0.00821,-0.116028,0.993031,-0.260292,0.396936,0.089168,0.481484,-0.060342,-0.2618,-0.424573,-0.282488,0.055176,0.835625,-0.350515,0.223622,-0.181751,-0.296267,0.099185,-1.445837,-0.214383,-0.542142,-0.398948,-0.189475,0.045425,-0.161348,-1.089761,-0.50606,0.07235,-0.818762,-0.182279,0.183189,-1.037389
1.040683,-3.577044,0.71847,0.024293,0.011131,-0.11183,0.993368,-0.270336,0.380644,0.08823,0.475931,-0.05057,-0.2618,-0.436066,-0.297693,0.056513,0.841066,-0.353912,0.225171,-0.186567,-0.301174,0.103381,-1.439373,-0.217408,-0.53793,-0.405245,-0.19133,0.043242,-0.159818,-1.087192,-0.514287,0.075751,-0.816255,-0.191347,0.189987,-1.021333
1.03994,-3.577088,0.71775,0.029299,0.01281,-0.106978,0.993747,-0.282149,0.365526,0.08215,0.478609,-0.043316,-0.2618,-0.444727,-0.312817,0.057014,0.850034,-0.360837,0.228121,-0.188937,-0.306359,0.109271,-1.432589,-0.222013,-0.537148,-0.412424,-0.194133,0.040633,-0.157066,-1.081119,-0.5114,0.079513,-0.817895,-0.200124,0.191344,-1.006098
1.039332,-3.577775,0.716888,0.033046,0.013705,-0.102479,0.994092,-0.294997,0.354714,0.073071,0.487677,-0.036943,-0.2618,-0.450614,-0.324595,0.056136,0.859462,-0.367439,0.232204,-0.190049,-0.312084,0.114532,-1.427449,-0.22488,-0.538889,-0.418268,-0.194857,0.041803,-0.154895,-1.074809,-0.505009,0.087022,-0.822678,-0.207302,0.189486,-0.992225
1.038961,-3.579197,0.716321,0.034852,0.014549,-0.100001,0.99427,-0.305873,0.350897,0.063606,0.497558,-0.031432,-0.2618,-0.455421,-0.329288,0.054565,0.867424,-0.37054,0.234345,-0.189481,-0.316267,0.116781,-1.424994,-0.22341,-0.538046,-0.421255,-0.19276,0.045091,-0.153971,-1.071312,-0.504284,0.090831,-0.822454,-0.220626,0.184791,-0.977072
1.038918,-3.580529,0.716926,0.026597,0.015498,-0.104097,0.994091,-0.305967,0.373076,0.058342,0.499356,-0.027635,-0.2618,-0.451657,-0.305574,0.046507,0.860989,-0.363228,0.229091,-0.174954,-0.300659,0.122736,-1.421012,-0.219187,-0.540943,-0.429089,-0.187273,0.050852,-0.150609,-1.069291,-0.50084,0.093114,-0.823733,-0.226639,0.178444,-0.967745
1.038948,-3.581725,0.716728,0.030268,0.016453,-0.104067,0.993973,-0.309509,0.368155,0.060136,0.502369,-0.025049,-0.2618,-0.458967,-0.31114,0.052046,0.867176,-0.363606,0.22953,-0.17485,-0.307926,0.118648,-1.42726,-0.218359,-0.536245,-0.42646,-0.188975,0.049686,-0.149999,-1.073155,-0.49564,0.101484,-0.824625,-0.21954,0.176288,-0.970101
1.039469,-3.582423,0.717992,0.023774,0.017258,-0.109212,0.993584,-0.297184,0.385783,0.065944,0.486837,-0.019249,-0.2618,-0.453875,-0.290345,0.048701,0.855912,-0.355939,0.223815,-0.165055,-0.295593,0.119389,-1.426779,-0.210332,-0.540978,-0.431562,-0.188075,0.04762,-0.150639,-1.073636,-0.493103,0.108672,-0.824946,-0.216742,0.170656,-0.972158
1.04002,-3.582976,0.718076,0.028113,0.01774,-0.109082,0.993477,-0.295537,0.377954,0.071619,0.484069,-0.017268,-0.2618,-0.457734,-0.298417,0.055119,0.858259,-0.357749,0.224856,-0.168278,-0.304751,0.114622,-1.431662,-0.207065,-0.538764,-0.429881,-0.187995,0.048763,-0.152845,-1.072592,-0.492907,0.11688,-0.824326,-0.220225,0.165447,-0.973624
1.041014,-3.583308,0.719414,0.022172,0.017257,-0.113167,0.993179,-0.278027,0.392134,0.078205,0.464242,-0.01117,-0.2618,-0.447491,-0.281623,0.0503,0.845094,-0.352534,0.220486,-0.160857,-0.294577,0.117067,-1.424022,-0.200886,-0.543089,-0.43621,-0.183993,0.054108,-0.155131,-1.065366,-0.490703,0.124366,-0.823327,-0.221332,0.158343,-0.977009
1.041691,-3.583596,0.719352,0.026443,0.017149,-0.112415,0.993161,-0.276671,0.383726,0.082818,0.463504,-0.011791,-0.2618,-0.449369,-0.291257,0.0554,0.847412,-0.355509,0.222849,-0.165421,-0.303957,0.114265,-1.423029,-0.19897,-0.541379,-0.43258,-0.183682,0.059703,-0.157325,-1.060132,-0.490443,0.133865,-0.821485,-0.219096,0.155649,-0.980442
1.042566,-3.583769,0.720337,0.02044,0.016108,-0.115163,0.993006,-0.261695,0.396905,0.086339,0.44815,-0.008477,-0.2618,-0.438254,-0.276352,0.048986,0.8365,-0.351437,0.21959,-0.159253,-0.293957,0.118695,-1.409517,-0.196915,-0.545064,-0.43795,-0.178957,0.064176,-0.158579,-1.050502,-0.490851,0.137992,-0.818148,-0.221565,0.147638,-0.987466
1.043175,-3.584028,0.720128,0.025062,0.015839,-0.113497,0.993096,-0.26232,0.387063,0.08871,0.449518,-0.00951,-0.2618,-0.439995,-0.288123,0.052788,0.840109,-0.354988,0.222547,-0.163221,-0.30383,0.117436,-1.407565,-0.197902,-0.543346,-0.434242,-0.177122,0.065724,-0.158518,-1.04624,-0.48875,0.145993,-0.818211,-0.221148,0.142791,-0.996279
1.043724,-3.584329,0.720204,0.026658,0.016038,-0.111988,0.993222,-0.26119,0.382885,0.088918,0.445513,-0.007906,-0.2618,-0.439996,-0.293155,0.052281,0.841573,-0.356406,0.223985,-0.166042,-0.307443,0.116614,-1.404214,-0.19636,-0.544733,-0.432567,-0.174841,0.06445,-0.158137,-1.041798,-0.486478,0.151619,-0.817345,-0.225335,0.135581,-1.004889
1.044397,-3.584548,0.721194,0.01951,0.015695,-0.113971,0.993168,-0.249976,0.398304,0.088701,0.431347,-0.003619,-0.2618,-0.429531,-0.276332,0.043095,0.830355,-0.350424,0.220201,-0.157865,-0.293275,0.121523,-1.394013,-0.192792,-0.553014,-0.435814,-0.172566,0.060935,-0.157978,-1.034752,-0.482953,0.155021,-0.815244,-0.228041,0.126228,-1.014398
1.044731,-3.584884,0.720863,0.023769,0.015876,-0.112205,0.993274,-0.253574,0.389553,0.088893,0.435023,-0.00482,-0.2618,-0.433004,-0.287042,0.046446,0.835188,-0.353134,0.22249,-0.159493,-0.300082,0.119252,-1.395316,-0.1899,-0.553308,-0.429532,-0.171885,0.0587,-0.160933,-1.030306,-0.483344,0.160945,-0.812383,-0.231067,0.120081,-1.023749
1.045153,-3.585106,0.720798,0.02492,0.01671,-0.111154,0.99335,-0.255317,0.386936,0.088403,0.434112,-0.004819,-0.2618,-0.435113,-0.290324,0.046409,0.83727,-0.354042,0.223139,-0.15832,-0.300435,0.117657,-1.393166,-0.18777,-0.557579,-0.422827,-0.171737,0.056797,-0.164192,-1.024208,-0.482295,0.16902,-0.8103,-0.229936,0.112431,-1.037681
1.045594,-3.585244,0.720892,0.024938,0.017428,-0.11077,0.99338,-0.256191,0.387072,0.08822,0.433258,-0.004895,-0.2618,-0.435669,-0.290608,0.045628,0.837157,-0.353766,0.222873,-0.157035,-0.29876,0.116198,-1.387974,-0.187136,-0.56235,-0.415381,-0.173322,0.053564,-0.16714,-1.01651,-0.482851,0.173588,-0.80633,-0.230393,0.104185,-1.051085
1.046249,-3.585175,0.721519,0.020188,0.017659,-0.112465,0.993294,-0.251042,0.397484,0.088533,0.42752,-0.003604,-0.2618,-0.429746,-0.279111,0.040443,0.829532,-0.349558,0.220303,-0.149964,-0.288401,0.117629,-1.379872,-0.187989,-0.570449,-0.410268,-0.174113,0.049685,-0.168012,-1.005789,-0.481429,0.174901,-0.802957,-0.232169,0.093966,-1.063051
1.046736,-3.585125,0.721417,0.022582,0.017496,-0.111668,0.993335,-0.252839,0.392304,0.08921,0.431513,-0.005064,-0.2618,-0.430803,-0.285242,0.04301,0.831885,-0.350351,0.221334,-0.151558,-0.291915,0.116082,-1.377488,-0.191364,-0.572086,-0.403443,-0.17737,0.047214,-0.168697,-0.999603,-0.477961,0.176328,-0.800708,-0.235567,0.087169,-1.071031
1.047347,-3.584999,0.72143,0.023369,0.017465,-0.111151,0.993375,-0.252873,0.389961,0.089348,0.432616,-0.005626,-0.2618,-0.430602,-0.28804,0.043222,0.833103,-0.350878,0.221875,-0.153936,-0.292956,0.114248,-1.375161,-0.194027,-0.57358,-0.400314,-0.179788,0.043519,-0.169408,-0.996254,-0.472823,0.176168,-0.799265,-0.240259,0.081027,-1.074198
1.047913,-3.584885,0.721413,0.02376,0.017191,-0.110882,0.993401,-0.252186,0.3886,0.089326,0.433684,-0.006382,-0.2618,-0.42975,-0.28976,0.043152,0.834086,-0.351289,0.222206,-0.156164,-0.293042,0.112696,-1.374292,-0.195082,-0.573972,-0.400301,-0.180074,0.041738,-0.169233,-0.995713,-0.467934,0.177512,-0.799647,-0.243013,0.077351,-1.073469
1.048424,-3.584789,0.721418,0.024071,0.016731,-0.110797,0.993411,-0.251268,0.38757,0.089425,0.435388,-0.007199,-0.2618,-0.42849,-0.291109,0.043371,0.834837,-0.351643,0.22252,-0.158619,-0.292624,0.11148,-1.372504,-0.195753,-0.572981,-0.402969,-0.181346,0.03931,-0.170797,-0.997545,-0.466125,0.179566,-0.800651,-0.243861,0.076422,-1.070931
1.048911,-3.584683,0.721449,0.024401,0.016094,-0.110852,0.993407,-0.249978,0.386563,0.089993,0.437416,-0.007837,-0.2618,-0.426996,-0.292369,0.043714,0.835492,-0.351688,0.222903,-0.160392,-0.292678,0.10935,-1.380336,-0.18967,-0.569448,-0.406798,-0.168865,0.053816,-0.16291,-0.999098,-0.467486,0.181381,-0.801221,-0.2426,0.077759,-1.068224
1.049433,-3.584667,0.721901,0.020021,0.014928,-0.113076,0.993272,-0.242273,0.396544,0.090803,0.433984,-0.007551,-0.2618,-0.419992,-0.281538,0.039963,0.830231,-0.348296,0.220684,-0.159844,-0.283431,0.111335,-1.390362,-0.178291,-0.566822,-0.424239,-0.144121,0.091989,-0.124759,-1.002365,-0.470696,0.183543,-0.803404,-0.242038,0.080123,-1.064272
1.049914,-3.584942,0.721712,0.022573,0.013988,-0.112875,0.993254,-0.241767,0.391835,0.092354,0.438337,-0.008822,-0.2618,-0.420269,-0.287371,0.043259,0.833681,-0.350083,0.222316,-0.16945,-0.287354,0.108577,-1.394057,-0.173346,-0.56507,-0.433765,-0.137195,0.103103,-0.088481,-1.007562,-0.473658,0.185073,-0.8041,-0.240973,0.083562,-1.060642
1.05048,-3.585264,0.721678,0.023225,0.013458,-0.113042,0.993228,-0.239422,0.390872,0.093246,0.438523,-0.008978,-0.2618,-0.419183,-0.288757,0.044097,0.834952,-0.351672,0.22315,-0.178903,-0.286773,0.104863,-1.391969,-0.174771,-0.571426,-0.438819,-0.14355,0.104813,-0.056952,-1.012192,-0.476131,0.183958,-0.803854,-0.239363,0.088104,-1.055661
1.051154,-3.585589,0.72171,0.023539,0.013091,-0.113661,0.993154,-0.23629,0.390716,0.09516,0.437657,-0.008717,-0.2618,-0.417649,-0.289027,0.044714,0.83485,-0.353234,0.223916,-0.185571,-0.284754,0.100445,-1.39118,-0.173042,-0.578418,-0.439762,-0.147333,0.103033,-0.043836,-1.013826,-0.479178,0.180043,-0.803356,-0.237445,0.092778,-1.050682
1.051859,-3.58592,0.721727,0.023766,0.012613,-0.11473,0.993032,-0.23224,0.391165,0.098054,0.436685,-0.008855,-0.2618,-0.41632,-0.28855,0.046094,0.835081,-0.354353,0.224202,-0.190299,-0.282382,0.096487,-1.389989,-0.17276,-0.581172,-0.439945,-0.149353,0.099956,-0.043709,-1.012985,-0.481336,0.176525,-0.803614,-0.234429,0.097094,-1.046496
1.052617,-3.586178,0.721741,0.024145,0.011822,-0.116232,0.992858,-0.226686,0.391424,0.102021,0.435545,-0.009742,-0.2618,-0.414997,-0.288127,0.04839,0.835758,-0.355312,0.223925,-0.192675,-0.279576,0.092963,-1.386819,-0.173724,-0.581861,-0.437884,-0.15203,0.097109,-0.050956,-1.01156,-0.484219,0.174986,-0.803685,-0.232309,0.100566,-1.042112
1.053388,-3.586249,0.721766,0.024713,0.010687,-0.11777,0.992676,-0.220186,0.390945,0.106608,0.434117,-0.010798,-0.2618,-0.413315,-0.288227,0.05158,0.836756,-0.356298,0.223752,-0.192214,-0.275917,0.090158,-1.383328,-0.172723,-0.581168,-0.43593,-0.153289,0.094572,-0.060303,-1.009568,-0.487047,0.176137,-0.80335,-0.229508,0.103309,-1.037985
1.054125,-3.586118,0.721734,0.025445,0.009321,-0.119172,0.992504,-0.213416,0.389622,0.1114,0.43293,-0.012407,-0.2618,-0.411422,-0.289219,0.054834,0.838039,-0.357531,0.223864,-0.190655,-0.271995,0.08792,-1.383752,-0.165912,-0.578606,-0.436832,-0.147801,0.092843,-0.070548,-1.007722,-0.490433,0.178438,-0.802319,-0.227866,0.105088,-1.032108
1.054685,-3.585915,0.721662,0.026219,0.007879,-0.119997,0.992397,-0.20775,0.387754,0.114995,0.432354,-0.013927,-0.2618,-0.409364,-0.290765,0.057767,0.839656,-0.358974,0.223851,-0.189496,-0.267811,0.087717,-1.382254,-0.163308,-0.574847,-0.438546,-0.145806,0.091602,-0.071915,-1.006916,-0.492441,0.181897,-0.802505,-0.227673,0.105525,-1.025011
1.054998,-3.585734,0.721543,0.027054,0.006566,-0.119974,0.992387,-0.204029,0.385323,0.116655,0.432409,-0.015208,-0.2618,-0.407331,-0.293267,0.05928,0.841338,-0.360906,0.224118,-0.188265,-0.26314,0.088659,-1.380593,-0.163468,-0.575984,-0.440864,-0.14758,0.092065,-0.06671,-1.006739,-0.49307,0.185863,-0.80386,-0.2277,0.105258,-1.018075
1.054932,-3.585652,0.721362,0.02792,0.005461,-0.119037,0.992482,-0.203222,0.382405,0.115804,0.433619,-0.015716,-0.2618,-0.405663,-0.296621,0.059163,0.843361,-0.363179,0.224544,-0.186942,-0.259066,0.090635,-1.380665,-0.162163,-0.577823,-0.44394,-0.147091,0.093894,-0.060879,-1.006312,-0.492141,0.1879,-0.805415,-0.228647,0.104392,-1.012275
1.054436,-3.585761,0.721058,0.028614,0.004571,-0.117287,0.992675,-0.205494,0.37988,0.111607,0.436508,-0.016112,-0.2618,-0.404605,-0.30008,0.057386,0.846162,-0.36533,0.224946,-0.18488,-0.255396,0.093841,-1.383462,-0.157725,-0.577705,-0.446574,-0.14121,0.09638,-0.058409,-1.004878,-0.489546,0.187488,-0.806458,-0.229301,0.103399,-1.009359
1.053606,-3.585915,0.720621,0.02914,0.003814,-0.114631,0.992973,-0.211517,0.377546,0.104333,0.442998,-0.018016,-0.2618,-0.403611,-0.304242,0.05371,0.849264,-0.367735,0.226072,-0.18288,-0.252027,0.098262,-1.382276,-0.1582,-0.577351,-0.446201,-0.140173,0.098162,-0.054567,-1.00333,-0.487947,0.187613,-0.806625,-0.230024,0.10239,-1.008679
1.052696,-3.586003,0.719949,0.029215,0.002941,-0.111252,0.993358,-0.221351,0.375958,0.094022,0.455413,-0.022878,-0.2618,-0.4016,-0.308564,0.048602,0.852534,-0.3704,0.22857,-0.179257,-0.248025,0.10316,-1.380111,-0.16013,-0.575877,-0.443481,-0.14004,0.098402,-0.054019,-1.003593,-0.472493,0.191986,-0.813082,-0.209405,0.103534,-1.030052
1.051687,-3.58563,0.719074,0.028781,0.001703,-0.106293,0.993917,-0.236601,0.373833,0.079099,0.475897,-0.031216,-0.2618,-0.397287,-0.314592,0.040448,0.85536,-0.372784,0.232368,-0.177933,-0.245351,0.107628,-1.376503,-0.159217,-0.57403,-0.437779,-0.140627,0.097005,-0.057738,-1.000893,-0.475726,0.197109,-0.809137,-0.20934,0.101444,-1.040626
1.050945,-3.584466,0.717885,0.027477,0.000076,-0.099325,0.994676,-0.25814,0.370634,0.057932,0.506046,-0.045671,-0.2618,-0.38989,-0.322555,0.028448,0.858391,-0.375056,0.237606,-0.176455,-0.240221,0.113469,-1.37108,-0.162931,-0.56836,-0.4294,-0.141072,0.093545,-0.06227,-0.996457,-0.480248,0.199433,-0.801511,-0.210574,0.098515,-1.046534
1.050693,-3.58208,0.716263,0.02431,-0.002427,-0.090521,0.995595,-0.283587,0.367634,0.030158,0.545213,-0.068952,-0.2618,-0.378079,-0.331037,0.01184,0.862292,-0.376726,0.244163,-0.173797,-0.230793,0.119913,-1.364819,-0.167084,-0.562268,-0.416144,-0.141302,0.087489,-0.067252,-0.988464,-0.487506,0.202692,-0.7943,-0.206218,0.097554,-1.049896
1.051358,-3.577748,0.714248,0.019117,-0.005839,-0.080371,0.996565,-0.308899,0.364628,-0.000109,0.589023,-0.101548,-0.2618,-0.360752,-0.339457,-0.008419,0.864613,-0.37729,0.248883,-0.169393,-0.215794,0.126327,-1.355623,-0.174022,-0.55812,-0.398254,-0.145164,0.081293,-0.07138,-0.976658,-0.496667,0.206961,-0.788369,-0.195281,0.098861,-1.052193
1.053059,-3.571328,0.711771,0.011893,-0.010236,-0.070206,0.997409,-0.329278,0.363487,-0.027474,0.632404,-0.145513,-0.2618,-0.338001,-0.346392,-0.029676,0.864453,-0.376133,0.254521,-0.160112,-0.194935,0.131268,-1.343917,-0.179936,-0.553744,-0.372125,-0.147076,0.078032,-0.063558,-0.959225,-0.504981,0.212171,-0.784506,-0.179023,0.101089,-1.055798
1.055868,-3.562693,0.70927,0.002722,-0.015135,-0.061338,0.997999,-0.344088,0.365571,-0.048715,0.675106,-0.198734,-0.2618,-0.31075,-0.350431,-0.050678,0.858756,-0.370512,0.260319,-0.146399,-0.168969,0.134811,-1.322203,-0.18103,-0.56123,-0.355294,-0.156369,0.041297,-0.06751,-0.9364,-0.512369,0.220539,-0.78235,-0.159135,0.102504,-1.060929
1.05922,-3.55199,0.707343,-0.008907,-0.019778,-0.054648,0.99827,-0.355799,0.371424,-0.06665,0.71649,-0.253374,-0.2618,-0.28151,-0.347636,-0.072609,0.844727,-0.354533,0.2618,-0.123332,-0.13968,0.135517,-1.302365,-0.17095,-0.575243,-0.325841,-0.162734,0.010094,-0.080886,-0.901882,-0.517983,0.229314,-0.775868,-0.137348,0.100968,-1.070191
1.062979,-3.538419,0.706642,-0.022674,-0.025736,-0.049993,0.99816,-0.361185,0.378514,-0.080861,0.755882,-0.303747,-0.2618,-0.244525,-0.340328,-0.094655,0.816478,-0.322879,0.2618,-0.093198,-0.10794,0.135677,-1.276301,-0.149548,-0.596969,-0.293994,-0.15935,-0.006236,-0.090283,-0.848862,-0.522626,0.2445,-0.765422,-0.106449,0.093619,-1.086711
1.067239,-3.522756,0.707065,-0.034954,-0.030184,-0.045581,0.997893,-0.364403,0.3805,-0.091136,0.786307,-0.343716,-0.2618,-0.210252,-0.337813,-0.11353,0.781736,-0.278007,0.2618,-0.066249,-0.080876,0.130007,-1.241926,-0.114999,-0.620242,-0.259553,-0.151917,-0.003059,-0.082748,-0.786375,-0.518894,0.27304,-0.740838,-0.072176,0.082947,-1.098849
