0.835839,0.337953,0.784688,-0.033871,0.011643,0.998746,0.034989,-0.128505,-0.002753,0.003491,0.280556,-0.188396,0.025325,-0.085578,0.004744,-0.049393,0.187617,-0.185927,-0.006774,-0.010057,-0.023538,0.047072,0.11935,0.438566,-0.44039,0.903217,0.133202,0.341836,-0.243116,0.098265,-0.446446,0.520815,0.760118,-0.179881,0.321574,0.612665
0.829964,0.342082,0.783729,-0.034946,0.012421,0.998623,0.037093,-0.130482,0.002494,0.006733,0.300105,-0.203365,0.026851,-0.08267,0.009831,-0.045771,0.19533,-0.200574,-0.011763,-0.008533,-0.024154,0.04659,0.114689,0.44188,-0.446373,0.908365,0.130972,0.332742,-0.209909,0.091921,-0.467623,0.545746,0.768945,-0.160062,0.273389,0.519507
0.823254,0.346761,0.782244,-0.035422,0.013048,0.998498,0.039714,-0.135457,0.009237,0.010976,0.331255,-0.221578,0.029836,-0.080342,0.016132,-0.041111,0.209846,-0.22042,-0.017639,-0.004503,-0.023692,0.049078,0.11529,0.442402,-0.442853,0.901844,0.12511,0.335567,-0.198982,0.088854,-0.482117,0.561652,0.777976,-0.151146,0.244928,0.445184
0.815666,0.3521,0.780256,-0.034982,0.013534,0.998358,0.043285,-0.144532,0.018536,0.018708,0.37737,-0.238784,0.034532,-0.078946,0.023973,-0.035447,0.233133,-0.24471,-0.026731,0.002784,-0.023011,0.054392,0.122655,0.441024,-0.427305,0.883452,0.113615,0.34484,-0.204988,0.088375,-0.491415,0.573896,0.78642,-0.149567,0.238197,0.399719
0.807536,0.357682,0.778222,-0.033729,0.0139,0.998265,0.046218,-0.168316,0.031669,0.032173,0.452576,-0.234842,0.027379,-0.077387,0.032017,-0.031633,0.262196,-0.268544,-0.038757,0.011371,-0.022183,0.064138,0.134806,0.438758,-0.400813,0.852758,0.099136,0.358452,-0.221411,0.088372,-0.497225,0.580848,0.794964,-0.15305,0.247302,0.387855
0.799185,0.362759,0.776468,-0.032521,0.014548,0.998396,0.043999,-0.221666,0.04976,0.053255,0.57077,-0.19632,-0.006359,-0.0718,0.03609,-0.035513,0.285683,-0.289038,-0.047799,0.015647,-0.021646,0.079279,0.145229,0.44274,-0.3838,0.807724,0.092252,0.37025,-0.247237,0.089664,-0.499232,0.579486,0.805226,-0.157145,0.266865,0.402236
0.790519,0.367625,0.774924,-0.032568,0.015481,0.998708,0.035798,-0.307923,0.076777,0.088581,0.72707,-0.117155,-0.031748,-0.06029,0.035748,-0.052076,0.294722,-0.305313,-0.048277,0.016159,-0.02288,0.098201,0.156459,0.45695,-0.377897,0.759707,0.090775,0.361201,-0.275799,0.088161,-0.494358,0.571618,0.823865,-0.163483,0.294053,0.440019
0.780544,0.372353,0.772873,-0.035769,0.013394,0.998954,0.025131,-0.404551,0.11894,0.138908,0.877505,-0.080904,0.011152,-0.047603,0.041764,-0.075953,0.291756,-0.317174,-0.047315,0.01333,-0.017155,0.112073,0.17764,0.467014,-0.362665,0.741145,0.079206,0.325765,-0.286218,0.074976,-0.484799,0.564154,0.856641,-0.177754,0.327455,0.496826
0.767971,0.375698,0.770401,-0.041941,0.007385,0.998909,0.019147,-0.491277,0.158701,0.181113,0.949546,-0.129545,0.04079,-0.03902,0.057713,-0.091618,0.286702,-0.323507,-0.0487,0.014309,-0.001685,0.117282,0.211255,0.459676,-0.325453,0.771121,0.058888,0.299965,-0.268584,0.046168,-0.4761,0.552998,0.89005,-0.201979,0.357821,0.567292
0.752946,0.377219,0.768159,-0.047774,0.001789,0.998608,0.022288,-0.549584,0.158815,0.194532,0.898595,-0.148784,0.020832,-0.031918,0.073618,-0.08916,0.289045,-0.327713,-0.055741,0.026855,0.013673,0.121467,0.252173,0.443564,-0.278917,0.835193,0.039594,0.300347,-0.238026,0.007947,-0.46922,0.531703,0.906995,-0.22556,0.381788,0.636065
0.735809,0.377269,0.764854,-0.05152,-0.002941,0.998141,0.032419,-0.581927,0.141541,0.187443,0.749386,-0.130166,-0.009992,-0.025112,0.086988,-0.072245,0.30693,-0.342764,-0.065441,0.049138,0.026182,0.132161,0.291766,0.433527,-0.236966,0.914452,0.026815,0.31509,-0.212913,-0.037833,-0.464779,0.505068,0.904591,-0.229414,0.393668,0.685436
0.715325,0.376263,0.759211,-0.052225,-0.008471,0.997554,0.045674,-0.593671,0.140618,0.18233,0.551042,-0.085852,-0.022268,-0.012007,0.100434,-0.049658,0.33767,-0.371359,-0.073172,0.074763,0.038511,0.148495,0.32814,0.437883,-0.210084,0.995223,0.032451,0.329591,-0.215047,-0.084606,-0.462396,0.479919,0.886482,-0.199027,0.393623,0.700041
0.690265,0.374473,0.752649,-0.051041,-0.012477,0.996859,0.059261,-0.600478,0.149893,0.182144,0.360213,-0.022376,-0.022462,0.015316,0.106486,-0.024772,0.363087,-0.398822,-0.069974,0.1015,0.047001,0.164187,0.360027,0.451557,-0.188278,1.071858,0.052672,0.332771,-0.240231,-0.121826,-0.46259,0.45882,0.856261,-0.138541,0.385951,0.67437
0.659787,0.372008,0.747283,-0.050931,-0.012446,0.996,0.072359,-0.611077,0.150872,0.169593,0.213871,0.035455,-0.040318,0.056878,0.098297,0.004744,0.3653,-0.407207,-0.051301,0.129332,0.04898,0.169078,0.385454,0.466998,-0.164308,1.146358,0.076533,0.326699,-0.263251,-0.14313,-0.468545,0.445831,0.821489,-0.066875,0.373379,0.614825
0.62508,0.36901,0.744451,-0.055872,-0.006992,0.995132,0.080885,-0.62357,0.136808,0.149124,0.151572,0.020512,-0.026783,0.095276,0.072788,0.024409,0.355665,-0.388045,-0.026262,0.149744,0.038322,0.156315,0.40164,0.479946,-0.134533,1.218742,0.089222,0.318127,-0.255046,-0.153105,-0.47778,0.443158,0.794753,-0.003995,0.359232,0.534514
0.585624,0.365911,0.743128,-0.063235,-0.003731,0.99455,0.082807,-0.624044,0.114611,0.135481,0.192328,0.061902,-0.000983,0.128086,0.050882,0.0357,0.35043,-0.334963,0.003741,0.155692,0.025664,0.132512,0.402174,0.488367,-0.102754,1.295489,0.078587,0.30642,-0.204026,-0.156102,-0.480606,0.446112,0.784471,0.035422,0.344078,0.452506
0.541133,0.361175,0.743207,-0.068737,-0.00133,0.994412,0.080108,-0.623519,0.09713,0.138354,0.269193,0.080379,-0.017096,0.156249,0.028735,0.044845,0.362256,-0.249372,0.045368,0.152745,0.010696,0.107425,0.373234,0.488292,-0.081759,1.384738,0.050907,0.286876,-0.125566,-0.140702,-0.477129,0.445143,0.781497,0.051233,0.32596,0.375406
0.49324,0.356158,0.74828,-0.073834,0.005634,0.994583,0.072944,-0.61851,0.065135,0.139061,0.365038,0.036734,-0.002146,0.155887,-0.005183,0.030208,0.410446,-0.102733,0.092221,0.148929,-0.012554,0.079427,0.306107,0.480516,-0.088023,1.473284,0.025751,0.26478,-0.04546,-0.092838,-0.467067,0.429314,0.779701,0.059331,0.293669,0.297017
0.444057,0.350982,0.756816,-0.071021,0.001475,0.99523,0.066873,-0.569567,0.049169,0.132271,0.423226,-0.028512,0.038238,0.108312,-0.029375,-0.03132,0.555789,0.091842,0.104515,0.149299,-0.004198,0.063006,0.217641,0.456572,-0.127873,1.525281,0.020621,0.253847,0.016012,-0.031913,-0.46202,0.419503,0.790015,0.0651,0.248683,0.217369
0.399168,0.344811,0.765177,-0.060801,-0.007404,0.996001,0.065042,-0.491786,0.045893,0.126183,0.453438,-0.098475,0.063541,-0.001675,-0.087553,-0.132399,0.783985,0.273336,0.059775,0.13747,0.018939,0.0699,0.134643,0.420051,-0.192886,1.504036,0.034439,0.244264,0.056732,0.003616,-0.459359,0.432811,0.818898,0.054749,0.222698,0.162376
0.358923,0.341576,0.771151,-0.055588,-0.005251,0.996479,0.062539,-0.419097,0.026089,0.129569,0.453692,-0.139973,0.07137,-0.132835,-0.123884,-0.162774,0.942467,0.036478,0.004708,0.104263,0.010803,0.079445,0.067957,0.403831,-0.267891,1.397881,0.058157,0.229017,0.066118,0.027307,-0.446731,0.448256,0.852417,0.022843,0.217106,0.160249
0.320107,0.341131,0.775069,-0.051815,0.001906,0.997301,0.051989,-0.342774,-0.008108,0.125511,0.428269,-0.163679,0.074255,-0.284548,-0.128114,-0.160298,1.006418,-0.151286,-0.039705,0.055469,-0.013515,0.088576,0.014047,0.425026,-0.3548,1.216618,0.081253,0.240161,0.037857,0.068227,-0.431129,0.447,0.875373,-0.014884,0.219365,0.19547
0.281525,0.341055,0.777219,-0.047587,0.008366,0.998106,0.038075,-0.264029,-0.042775,0.110421,0.396985,-0.184747,0.086657,-0.413534,-0.124013,-0.158035,0.952133,-0.204376,-0.066492,0.002298,-0.032432,0.098357,-0.049244,0.461277,-0.437264,1.018187,0.09384,0.289817,-0.029411,0.120834,-0.428118,0.443997,0.887501,-0.05374,0.236148,0.256584
0.242311,0.342041,0.775858,-0.042224,0.016376,0.99865,0.025421,-0.186188,-0.076353,0.091082,0.377097,-0.216032,0.102109,-0.505981,-0.130604,-0.162891,0.802105,-0.155869,-0.078504,-0.048391,-0.051223,0.11017,-0.127869,0.487739,-0.498789,0.849516,0.099133,0.338676,-0.118068,0.168937,-0.434757,0.445084,0.896579,-0.103459,0.258687,0.341159
0.202646,0.344182,0.770334,-0.039787,0.020356,0.998928,0.012058,-0.12932,-0.094936,0.069038,0.391747,-0.269596,0.118738,-0.540859,-0.126724,-0.169712,0.541064,-0.068535,-0.075771,-0.092151,-0.055899,0.115192,-0.226742,0.499529,-0.518297,0.769484,0.082328,0.3223,-0.159989,0.209153,-0.449494,0.446245,0.912187,-0.143859,0.277753,0.407413
0.157205,0.347666,0.761267,-0.034637,0.027317,0.999025,-0.001901,-0.054341,-0.115187,0.045019,0.401311,-0.329522,0.132055,-0.555801,-0.139721,-0.189761,0.273935,0.053018,-0.063017,-0.127048,-0.070771,0.120915,-0.303494,0.51365,-0.543553,0.677081,0.056109,0.305782,-0.203838,0.25779,-0.458911,0.427054,0.922896,-0.193752,0.29485,0.489306
0.109206,0.352761,0.752723,-0.029742,0.024789,0.999086,-0.018137,0.018926,-0.106252,0.011788,0.419175,-0.373346,0.133877,-0.560656,-0.13334,-0.188145,0.098772,0.043354,-0.028808,-0.151327,-0.066923,0.125957,-0.361641,0.514181,-0.556796,0.608599,0.021104,0.301518,-0.237613,0.308351,-0.456298,0.393348,0.936201,-0.236505,0.313332,0.554839
0.059013,0.35872,0.75016,-0.031031,0.004272,0.999066,-0.029765,0.069966,-0.045837,-0.016761,0.449456,-0.370587,0.11341,-0.57055,-0.080694,-0.145085,0.097859,0.053038,-0.044594,-0.158964,-0.021536,0.117565,-0.391383,0.502357,-0.561342,0.572863,-0.008334,0.298737,-0.256408,0.343567,-0.447028,0.364778,0.967607,-0.267071,0.333611,0.592825
0.003727,0.366598,0.745794,-0.02482,0.00803,0.998845,-0.040357,0.132847,-0.033563,-0.035756,0.483691,-0.304295,0.073771,-0.533617,-0.083719,-0.141657,0.166378,0.151467,0.006273,-0.169575,-0.022498,0.108832,-0.368482,0.48245,-0.54044,0.564158,-0.021856,0.298322,-0.249353,0.343476,-0.431851,0.350971,1.022441,-0.303265,0.359255,0.630413
-0.053321,0.376144,0.74708,-0.022751,0.009831,0.998787,-0.042539,0.155442,-0.006248,-0.018343,0.545672,-0.143937,0.015453,-0.495684,-0.087805,-0.151722,0.251379,0.138669,0.044606,-0.170029,-0.02063,0.091751,-0.293291,0.46078,-0.500499,0.571875,-0.022238,0.307303,-0.215109,0.307519,-0.415187,0.349162,1.070223,-0.343085,0.377004,0.677278
-0.106928,0.384666,0.756109,-0.021794,0.009586,0.99907,-0.035938,0.109752,0.0395,0.051507,0.683144,0.078113,-0.028861,-0.459325,-0.067052,-0.152569,0.347709,0.019959,0.003985,-0.159627,-0.017279,0.08427,-0.191861,0.440364,-0.457884,0.606751,-0.029151,0.309579,-0.15526,0.235773,-0.404509,0.368107,1.085886,-0.361862,0.369485,0.722017
-0.153949,0.391776,0.766398,-0.020212,0.014386,0.999187,-0.03179,0.006819,0.085407,0.122182,0.868823,0.166624,0.007702,-0.3966,-0.058607,-0.147814,0.379678,-0.066568,-0.016861,-0.145996,-0.028785,0.090818,-0.102089,0.427408,-0.442431,0.678933,-0.035852,0.32014,-0.096378,0.141883,-0.402791,0.409391,1.057763,-0.348987,0.346793,0.746121
-0.196484,0.395131,0.776227,-0.021089,0.016396,0.999253,-0.027933,-0.127879,0.081023,0.129162,0.990265,-0.02727,0.035242,-0.320037,-0.049297,-0.143559,0.351914,-0.098406,-0.014653,-0.118807,-0.030872,0.095603,-0.029133,0.418627,-0.446413,0.775832,-0.019241,0.36499,-0.085872,0.043622,-0.41706,0.464741,0.997922,-0.312272,0.330172,0.728565
-0.23744,0.39684,0.782523,-0.023362,0.011511,0.999472,-0.019438,-0.262863,0.070244,0.129143,0.998644,-0.133905,0.039726,-0.245043,-0.023513,-0.139951,0.308782,-0.114364,-0.018661,-0.078329,-0.016723,0.098883,0.039182,0.418569,-0.441852,0.869033,0.035719,0.413867,-0.143427,-0.058532,-0.443759,0.520202,0.917708,-0.25257,0.321114,0.660362
-0.277544,0.397942,0.784208,-0.023538,0.003389,0.9997,-0.005813,-0.369271,0.069083,0.130108,0.896598,-0.190485,0.028839,-0.173057,0.011212,-0.123795,0.275244,-0.138887,-0.025377,-0.0291,0.001187,0.108771,0.110438,0.426889,-0.410476,0.948363,0.109156,0.429919,-0.235999,-0.160911,-0.477426,0.572554,0.831739,-0.169617,0.304017,0.548199
-0.31857,0.398325,0.78122,-0.021405,-0.006615,0.999714,0.008325,-0.438468,0.079948,0.122456,0.69566,-0.155614,0.013731,-0.103945,0.045022,-0.104324,0.263738,-0.182532,-0.028392,0.016311,0.020261,0.122654,0.185877,0.435979,-0.350492,1.018419,0.159827,0.417638,-0.30975,-0.26188,-0.506829,0.613596,0.765665,-0.078594,0.273943,0.406497
-0.362217,0.397537,0.774219,-0.01811,-0.018072,0.999447,0.021257,-0.469047,0.1115,0.121822,0.426833,-0.060585,0.012928,-0.037881,0.075795,-0.083548,0.276358,-0.241317,-0.030672,0.054271,0.040232,0.132863,0.259578,0.441066,-0.278136,1.084882,0.170141,0.397988,-0.330265,-0.345801,-0.52504,0.63426,0.71912,-0.005081,0.238791,0.2702
-0.409085,0.395569,0.765404,-0.013887,-0.024555,0.999011,0.034372,-0.495999,0.148077,0.129876,0.192018,0.034246,-0.007097,0.027364,0.088944,-0.059629,0.305304,-0.301375,-0.030378,0.088124,0.049686,0.137283,0.327793,0.444012,-0.216417,1.142333,0.154845,0.375537,-0.302746,-0.396049,-0.533729,0.633449,0.672168,0.043405,0.207614,0.165579
-0.457566,0.391921,0.759715,-0.015823,-0.015439,0.998913,0.041034,-0.527174,0.141623,0.12801,0.068855,-0.014988,0.010432,0.076114,0.057449,-0.043754,0.341756,-0.340008,-0.024124,0.107114,0.028662,0.12465,0.383446,0.444979,-0.179085,1.192796,0.134721,0.357778,-0.245917,-0.403619,-0.532982,0.61446,0.613562,0.073632,0.186528,0.093289
-0.508481,0.386816,0.757917,-0.024104,0.005308,0.998643,0.045869,-0.556463,0.077731,0.057809,0.115275,0.038971,0.006237,0.113152,-0.006157,-0.023568,0.366689,-0.326397,0.003205,0.120603,-0.018612,0.092874,0.437761,0.451416,-0.163997,1.221867,0.12371,0.340726,-0.189174,-0.377906,-0.527259,0.593751,0.557786,0.089971,0.176336,0.06654
-0.563748,0.378522,0.751343,-0.019879,-0.001835,0.998408,0.052755,-0.542795,0.060353,0.019443,0.198823,0.158434,-0.062161,0.155848,-0.013245,-0.010772,0.439298,-0.287182,0.028583,0.139231,-0.007901,0.081807,0.42478,0.438091,-0.170093,1.292004,0.12096,0.33594,-0.135499,-0.313024,-0.50813,0.571612,0.518694,0.06996,0.175879,0.057805
-0.619367,0.368289,0.750958,-0.019448,-0.005369,0.998187,0.056699,-0.514817,0.049859,0.01889,0.28282,0.145162,-0.062573,0.164485,-0.038908,-0.029311,0.528878,-0.159499,0.035584,0.150921,-0.004729,0.065995,0.382679,0.418039,-0.186915,1.342516,0.120054,0.332884,-0.091465,-0.234232,-0.483525,0.558448,0.518182,0.029955,0.200986,0.095363
-0.670885,0.358496,0.759546,-0.019562,-0.001679,0.998403,0.052976,-0.488137,0.017775,0.032439,0.384307,0.037214,0.00383,0.101049,-0.10336,-0.09886,0.694996,0.060531,0.005112,0.148289,-0.013618,0.062274,0.301434,0.39606,-0.222469,1.359929,0.121307,0.324116,-0.061416,-0.159737,-0.455344,0.558063,0.557957,-0.022532,0.247804,0.16525
-0.716994,0.348429,0.76863,-0.015665,-0.005884,0.998265,0.056446,-0.421354,0.008651,0.042635,0.419235,-0.062422,0.048204,-0.020109,-0.165259,-0.148837,0.914657,0.230718,-0.076498,0.144294,0.002268,0.075954,0.211796,0.371995,-0.263596,1.322532,0.121819,0.304221,-0.051016,-0.113157,-0.448475,0.599413,0.594236,-0.083337,0.31337,0.256382
-0.757008,0.343609,0.777644,-0.019109,-0.009832,0.997695,0.064368,-0.351483,0.011037,0.054852,0.394317,-0.1093,0.061284,-0.158549,-0.143237,-0.132058,1.044837,0.038373,-0.101317,0.127322,0.016223,0.076496,0.139128,0.363665,-0.305362,1.22486,0.114261,0.282666,-0.055866,-0.102177,-0.457241,0.675847,0.608496,-0.152416,0.359573,0.38224
-0.795426,0.341021,0.783718,-0.023089,-0.007765,0.997971,0.058829,-0.282855,-0.009073,0.054141,0.351499,-0.13429,0.063418,-0.30381,-0.100691,-0.116395,1.065937,-0.097814,-0.085358,0.079433,0.012975,0.074848,0.07725,0.388503,-0.357006,1.0691,0.100895,0.288688,-0.086518,-0.104704,-0.473512,0.739016,0.601026,-0.218899,0.343995,0.545119
-0.832969,0.339535,0.786004,-0.023338,-0.002784,0.998726,0.044659,-0.218151,-0.040175,0.038812,0.325019,-0.164269,0.069906,-0.403032,-0.085737,-0.135427,0.956825,-0.149057,-0.095581,0.022133,-0.001129,0.080654,-0.000852,0.443858,-0.430266,0.901914,0.096683,0.319049,-0.145218,-0.099864,-0.501586,0.741946,0.55489,-0.238032,0.286686,0.657225
-0.8711,0.339695,0.783967,-0.021882,0.005697,0.999332,0.028693,-0.166157,-0.075436,0.019178,0.334182,-0.21108,0.083099,-0.457232,-0.103266,-0.183284,0.745025,-0.119858,-0.088658,-0.026321,-0.022972,0.089994,-0.102295,0.505116,-0.500827,0.768709,0.092014,0.352923,-0.218719,-0.076285,-0.500126,0.64838,0.534512,-0.188905,0.239532,0.67275
-0.911492,0.341817,0.77798,-0.019179,0.016088,0.999634,0.010301,-0.116361,-0.111818,-0.007219,0.364126,-0.267181,0.100513,-0.468616,-0.111343,-0.213965,0.450708,-0.011943,-0.074002,-0.070322,-0.048863,0.094115,-0.207733,0.543995,-0.550948,0.693411,0.073103,0.365339,-0.281135,-0.044819,-0.464046,0.513543,0.526381,-0.13096,0.242488,0.651719
-0.953529,0.344899,0.768028,-0.014389,0.031,0.999409,-0.003663,-0.064099,-0.151099,-0.022945,0.407181,-0.325033,0.118898,-0.472786,-0.12881,-0.248635,0.200276,0.004749,-0.057741,-0.109168,-0.078573,0.089039,-0.282484,0.570059,-0.534587,0.678664,0.046824,0.344512,-0.271075,0.011042,-0.400852,0.348673,0.369663,-0.02805,0.269305,0.555469
-0.999539,0.349156,0.763501,-0.012535,0.019601,0.999596,-0.016296,-0.013832,-0.125036,-0.053948,0.454701,-0.370948,0.131126,-0.480173,-0.08928,-0.242505,0.058347,-0.041218,-0.045562,-0.124232,-0.048173,0.079608,-0.331044,0.580019,-0.517188,0.650631,0.014043,0.334379,-0.242848,0.058647,-0.331263,0.216397,0.056294,0.14108,0.257703,0.3813
-1.04887,0.353314,0.761062,-0.009002,0.004644,0.999521,-0.029245,0.040291,-0.085906,-0.086809,0.501721,-0.372392,0.117019,-0.472635,-0.039776,-0.181481,0.084144,0.031532,-0.04505,-0.130875,-0.003763,0.064323,-0.335658,0.55877,-0.476172,0.623507,-0.022588,0.3378,-0.213202,0.049974,-0.374462,0.119896,-0.259921,0.228659,0.184724,0.143585
-1.101141,0.357901,0.756354,-0.000318,0.009901,0.999338,-0.035016,0.103322,-0.080773,-0.082199,0.548306,-0.313765,0.070014,-0.444189,-0.049717,-0.19265,0.161882,0.145198,-0.02343,-0.128923,0.001442,0.053417,-0.287987,0.521305,-0.414622,0.587795,-0.054592,0.327875,-0.180029,-0.008169,-0.509803,0.003549,-0.482623,0.151794,0.071301,-0.186612
-1.153876,0.364376,0.755051,0.003198,0.023486,0.998931,-0.039686,0.112085,-0.086347,-0.054141,0.634348,-0.142617,0.002992,-0.401606,-0.078664,-0.183179,0.224983,0.136954,-0.024679,-0.135689,-0.017948,0.03394,-0.201353,0.499405,-0.365818,0.570353,-0.073696,0.296984,-0.149912,-0.110746,-0.616841,-0.079489,-0.576345,0.02181,-0.011927,-0.399303
-1.202147,0.371186,0.761475,0.008085,0.023079,0.999046,-0.03617,0.052148,-0.046999,0.004739,0.793485,0.120562,-0.081693,-0.372703,-0.068095,-0.183054,0.341007,0.019592,-0.052663,-0.124959,-0.011467,0.037269,-0.106121,0.469247,-0.331715,0.59224,-0.093119,0.26991,-0.109708,-0.236508,-0.704511,-0.150298,-0.622865,-0.090264,-0.034422,-0.621119
-1.246109,0.378122,0.768951,0.011641,0.024274,0.998854,-0.039577,-0.040002,0.026668,0.086916,0.967191,0.232021,-0.057568,-0.322316,-0.064008,-0.19016,0.399423,-0.055819,-0.060861,-0.112465,-0.013291,0.049633,-0.032552,0.432696,-0.324626,0.663996,-0.106023,0.29657,-0.085928,-0.330198,-0.750373,-0.193565,-0.65964,-0.086149,0.018914,-0.845779
-1.285972,0.383427,0.776663,0.012812,0.02299,0.998854,-0.03997,-0.148156,0.065339,0.109925,1.075076,0.008515,0.000981,-0.259576,-0.050158,-0.199303,0.400435,-0.083621,-0.06998,-0.087963,-0.011118,0.056832,0.029381,0.400893,-0.334632,0.765095,-0.092832,0.363554,-0.10957,-0.388181,-0.770474,-0.217887,-0.687493,0.013255,0.076843,-1.041176
-1.324385,0.386414,0.782191,0.015217,0.020354,0.999236,-0.029707,-0.250613,0.056685,0.10504,1.058662,-0.106941,0.034579,-0.187683,-0.025464,-0.191851,0.374427,-0.096813,-0.074218,-0.051009,-0.010972,0.062864,0.092242,0.396114,-0.343117,0.866605,-0.030542,0.428588,-0.20931,-0.413192,-0.785022,-0.226374,-0.7176,0.094301,0.096763,-1.165032
-1.36078,0.388267,0.783473,0.015375,0.012581,0.999731,-0.011966,-0.314179,0.061423,0.110078,0.906667,-0.159616,0.039564,-0.127588,0.012231,-0.1714,0.351396,-0.115213,-0.079485,-0.012415,0.00212,0.069011,0.159135,0.401294,-0.32633,0.954127,0.07912,0.460283,-0.360279,-0.42105,-0.827018,-0.252806,-0.73604,0.056536,0.092885,-1.201989
-1.396736,0.388412,0.780502,0.015182,0.000507,0.999795,0.013406,-0.33495,0.079652,0.111039,0.636113,-0.140144,0.024614,-0.077707,0.057551,-0.136202,0.347177,-0.149587,-0.086827,0.024349,0.031185,0.076381,0.237082,0.398949,-0.279603,1.024773,0.181884,0.465243,-0.483093,-0.430751,-0.843291,-0.287944,-0.728466,0.013538,0.094295,-1.199745
-1.433912,0.387257,0.773303,0.017036,-0.015203,0.99866,0.046443,-0.325906,0.118321,0.097552,0.316341,-0.07784,0.018128,-0.03008,0.108098,-0.082624,0.36412,-0.200335,-0.091015,0.061063,0.071688,0.084887,0.329817,0.388382,-0.226511,1.067073,0.238001,0.453286,-0.531581,-0.464374,-0.803634,-0.267503,-0.713607,0.141336,0.120631,-1.233047
-1.472645,0.385556,0.767524,0.022711,-0.019587,0.996623,0.076442,-0.350784,0.140226,0.057904,0.134325,-0.059697,0.015988,0.025537,0.123104,-0.023511,0.39075,-0.252332,-0.088765,0.085509,0.084983,0.099211,0.43427,0.374938,-0.19349,1.072373,0.243945,0.432623,-0.515668,-0.488658,-0.798513,-0.229654,-0.715388,0.222553,0.124726,-1.272234
-1.509372,0.383443,0.765181,0.023054,-0.004787,0.995046,0.09659,-0.405737,0.093277,-0.046044,0.139274,-0.088024,-0.011851,0.056055,0.083506,0.022809,0.431971,-0.293939,-0.076663,0.08798,0.049214,0.098298,0.535314,0.364245,-0.193933,1.054665,0.212021,0.419974,-0.448637,-0.474772,-0.858669,-0.247604,-0.731879,0.036175,0.113507,-1.157793
-1.549874,0.380139,0.760543,0.022592,0.001472,0.993057,0.115436,-0.415735,0.026021,-0.14071,0.212697,0.015299,-0.077716,0.073077,0.057029,0.058545,0.502948,-0.326171,-0.063131,0.083834,0.035411,0.08946,0.587291,0.350527,-0.223117,1.072781,0.220221,0.422401,-0.423887,-0.44395,-0.878104,-0.293672,-0.738551,-0.126663,0.102455,-0.985569
-1.592394,0.3757,0.754256,0.025252,-0.005337,0.991229,0.129611,-0.389367,0.021947,-0.117585,0.254112,0.11308,-0.108146,0.099124,0.050152,0.066346,0.57142,-0.31947,-0.045406,0.074712,0.055761,0.078357,0.597433,0.345879,-0.274421,1.098654,0.271876,0.414668,-0.475648,-0.420121,-0.806408,-0.286857,-0.713991,-0.014564,0.157293,-0.931077
-1.633626,0.369555,0.752925,0.027544,-0.004276,0.989307,0.143158,-0.360693,0.008487,-0.079997,0.319863,0.058125,-0.078035,0.095979,0.010722,0.048178,0.664147,-0.248898,-0.01897,0.068064,0.062591,0.068503,0.560683,0.348804,-0.322614,1.109209,0.342928,0.39015,-0.575225,-0.411241,-0.679613,-0.206356,-0.6478,0.24082,0.202433,-1.014056
-1.671196,0.364162,0.75737,0.028884,0.002284,0.986385,0.161883,-0.33397,-0.00566,-0.028617,0.38978,-0.018612,-0.039577,0.042463,-0.068142,-0.016109,0.795664,-0.100547,0.001345,0.071865,0.0531,0.068516,0.486071,0.365529,-0.349606,1.08454,0.393003,0.365778,-0.651109,-0.370965,-0.583339,-0.10879,-0.593193,0.372668,0.169763,-1.099361
-1.703879,0.358075,0.763102,0.0283,0.002671,0.980709,0.193397,-0.289674,0.005004,0.036228,0.41291,-0.070524,-0.008286,-0.06809,-0.186761,-0.122815,0.975983,0.055583,-0.054578,0.089367,0.051581,0.078972,0.398077,0.393844,-0.346296,1.019645,0.394262,0.360823,-0.648775,-0.311944,-0.628621,-0.039209,-0.582541,0.195241,0.087748,-1.036251
-1.730244,0.35377,0.768019,0.016704,0.005179,0.975168,0.220776,-0.26781,0.013265,0.096232,0.405506,-0.090435,0.003075,-0.174777,-0.23334,-0.155417,1.059821,-0.108133,-0.112425,0.09347,0.040684,0.073866,0.305734,0.437443,-0.330096,0.936078,0.330535,0.368261,-0.555253,-0.258071,-0.764671,-0.034016,-0.554544,-0.17609,-0.046707,-0.890208
-1.753511,0.355327,0.771979,0.010573,0.005548,0.975821,0.218246,-0.234482,0.000116,0.097606,0.375738,-0.093116,0.000281,-0.278674,-0.153033,-0.114506,1.054125,-0.199328,-0.089382,0.040077,0.029594,0.069123,0.239296,0.493264,-0.297866,0.853336,0.218037,0.362921,-0.389746,-0.205452,-0.940617,-0.084623,-0.463462,-0.503769,-0.117064,-0.798661
-1.774602,0.357386,0.773669,0.006019,0.011834,0.977335,0.211282,-0.209895,-0.02896,0.092808,0.355214,-0.097391,0.008022,-0.347851,-0.084181,-0.083235,0.928369,-0.22036,-0.033502,-0.021093,0.009706,0.066158,0.171506,0.540946,-0.260052,0.792192,0.070884,0.347166,-0.191559,-0.185043,-1.041627,-0.047828,-0.338697,-0.566528,-0.066352,-0.690069
-1.794732,0.360437,0.774293,0.003659,0.01715,0.97785,0.208569,-0.186994,-0.050504,0.093977,0.351445,-0.115538,0.02137,-0.392578,-0.065419,-0.101059,0.749174,-0.189345,-0.020401,-0.074209,-0.011436,0.064977,0.109694,0.573515,-0.222576,0.744329,-0.105414,0.306297,0.026033,-0.277268,-1.016568,0.153254,-0.109413,-0.427794,0.117882,-0.446226
-1.814637,0.366518,0.773983,0.002936,0.020428,0.977771,0.20866,-0.164331,-0.061278,0.096531,0.363904,-0.147848,0.029626,-0.409608,-0.066681,-0.153112,0.54434,-0.099219,-0.053007,-0.120984,-0.026982,0.068135,0.068954,0.605329,-0.175866,0.684612,-0.210713,0.240677,0.175567,-0.339937,-0.845382,0.362574,0.210742,-0.326699,0.350417,-0.109839
-1.835028,0.374465,0.771257,0.005148,0.026122,0.976851,0.212258,-0.140733,-0.073951,0.105204,0.391612,-0.193101,0.035338,-0.405424,-0.08205,-0.237211,0.353352,-0.007353,-0.080619,-0.14507,-0.044031,0.07677,0.028985,0.643707,-0.145695,0.626508,-0.236389,0.182829,0.252594,-0.259448,-0.635883,0.42164,0.440824,-0.316356,0.462429,0.294611
-1.857294,0.384063,0.768474,0.008146,0.023426,0.97675,0.212943,-0.108714,-0.070117,0.102014,0.42152,-0.243813,0.037627,-0.397433,-0.070974,-0.274237,0.233745,0.042878,-0.077346,-0.132271,-0.042396,0.081294,-0.023522,0.684392,-0.156103,0.582895,-0.208581,0.171247,0.260279,-0.136019,-0.49601,0.414431,0.590944,-0.432913,0.458849,0.766469
-1.88173,0.395131,0.767236,0.009812,0.013198,0.976672,0.214105,-0.070454,-0.047352,0.095779,0.448473,-0.287542,0.036528,-0.399448,-0.052304,-0.281143,0.221779,0.162043,-0.089507,-0.102397,-0.017745,0.080543,-0.061496,0.694351,-0.167531,0.555665,-0.161815,0.204824,0.221629,-0.012246,-0.409361,0.397358,0.711177,-0.580577,0.380442,1.125057
-1.907367,0.408786,0.76178,0.017441,0.022916,0.977107,0.210789,-0.035975,-0.070575,0.092252,0.48769,-0.307428,0.037693,-0.35338,-0.078028,-0.271822,0.222395,0.173449,-0.096042,-0.087264,-0.031099,0.078226,-0.058404,0.669046,-0.157385,0.538863,-0.11582,0.246525,0.165212,0.11846,-0.349901,0.362993,0.790349,-0.68488,0.330624,1.291456
-1.930768,0.423815,0.76098,0.02113,0.018921,0.976681,0.212813,-0.024485,-0.049292,0.096161,0.558727,-0.283497,0.005275,-0.333514,-0.068724,-0.267456,0.288698,0.089187,-0.106755,-0.081201,-0.015131,0.084462,-0.011365,0.616042,-0.137066,0.539289,-0.081928,0.271063,0.105472,0.196058,-0.290349,0.240855,0.920083,-0.680974,0.397864,1.293782
-1.951901,0.437491,0.762067,0.022412,0.012432,0.975587,0.218112,-0.04072,-0.016171,0.101487,0.652161,-0.208746,-0.063636,-0.313684,-0.049961,-0.265706,0.341442,0.016859,-0.11263,-0.085767,0.000519,0.093959,0.050746,0.553355,-0.133913,0.575905,-0.065515,0.288905,0.043513,0.224344,-0.249895,0.122009,1.034037,-0.615441,0.499704,1.22665
-1.969963,0.449843,0.763711,0.021933,0.011959,0.974128,0.224611,-0.085601,-0.001055,0.092863,0.756376,-0.101389,-0.133668,-0.285229,-0.036155,-0.255411,0.349577,-0.031625,-0.10453,-0.097798,0.001978,0.097252,0.110988,0.510974,-0.167089,0.638543,-0.044204,0.315712,-0.044986,0.231849,-0.231445,0.063442,1.085073,-0.591125,0.545111,1.17781
-1.984905,0.459857,0.765864,0.0206,0.016365,0.971014,0.237568,-0.147625,-0.005567,0.080716,0.861683,0.017611,-0.181857,-0.2654,-0.027489,-0.229568,0.346475,-0.057246,-0.096562,-0.100982,-0.000689,0.099662,0.159712,0.480204,-0.222761,0.713256,-0.000703,0.333391,-0.179536,0.236068,-0.232488,0.055191,1.062748,-0.601648,0.516204,1.186723
-1.997192,0.466992,0.767402,0.014795,0.021603,0.966317,0.256021,-0.188095,-0.015718,0.07347,0.907758,0.02629,-0.178811,-0.267216,-0.016447,-0.195454,0.349481,-0.070564,-0.097918,-0.09328,0.000853,0.097907,0.197883,0.450636,-0.272885,0.791385,0.062483,0.336623,-0.342765,0.247741,-0.246363,0.070949,0.973937,-0.550155,0.453775,1.186079
-2.008116,0.472117,0.769017,0.010321,0.025171,0.961025,0.275118,-0.208918,-0.008033,0.079302,0.883757,-0.123872,-0.127254,-0.269073,-0.004622,-0.160118,0.35347,-0.077497,-0.098629,-0.087007,0.002063,0.098527,0.23937,0.418896,-0.287932,0.856083,0.122163,0.351343,-0.454746,0.256942,-0.268923,0.107741,0.865697,-0.483466,0.424461,1.147273
-2.018825,0.475527,0.770112,0.008966,0.025394,0.954143,0.298136,-0.211062,0.00827,0.082524,0.784151,-0.246494,-0.062215,-0.261017,0.013921,-0.117566,0.351601,-0.083969,-0.096191,-0.080628,0.008978,0.103122,0.289181,0.381625,-0.262861,0.90263,0.157526,0.388332,-0.473264,0.252856,-0.308504,0.165795,0.767132,-0.416147,0.444586,1.044678
-2.030138,0.478253,0.770455,0.00939,0.024592,0.94539,0.324876,-0.201413,0.021387,0.071985,0.633991,-0.30939,-0.013252,-0.24692,0.0349,-0.067617,0.346875,-0.095092,-0.088278,-0.064883,0.015715,0.103549,0.330427,0.340181,-0.217051,0.947801,0.161009,0.416991,-0.46873,0.22976,-0.359485,0.230351,0.71667,-0.307364,0.468164,0.84726
-2.040767,0.481216,0.769129,0.009347,0.018857,0.936058,0.351215,-0.173361,0.04185,0.046418,0.441117,-0.290882,0.000342,-0.231245,0.0653,-0.021855,0.344854,-0.108422,-0.080412,-0.042651,0.025064,0.10043,0.352381,0.319489,-0.186309,0.982224,0.150804,0.422045,-0.463745,0.191227,-0.395606,0.291898,0.730045,-0.162683,0.426645,0.580732
-2.050875,0.485754,0.770281,0.018042,0.01573,0.92879,0.369832,-0.179014,0.066302,0.066515,0.355439,-0.171236,-0.026404,-0.192332,0.076834,0.016976,0.33587,-0.116456,-0.074609,-0.032885,0.014984,0.103707,0.365178,0.33004,-0.187655,0.990458,0.151102,0.417135,-0.466432,0.142877,-0.405396,0.354162,0.794453,-0.060324,0.313726,0.34329
-2.05933,0.490056,0.771671,0.019431,0.010629,0.927017,0.374364,-0.163068,0.079599,0.073176,0.34837,-0.137632,-0.034634,-0.159914,0.085892,0.02777,0.312258,-0.120086,-0.066219,-0.046259,0.005018,0.096213,0.363806,0.370659,-0.220771,0.967767,0.164055,0.408505,-0.472091,0.090141,-0.394267,0.401939,0.871911,-0.033121,0.202342,0.206526
-2.065917,0.494607,0.773507,0.021471,0.010542,0.929737,0.367447,-0.162261,0.073466,0.063718,0.370354,-0.12012,-0.034117,-0.124263,0.076207,0.019738,0.277407,-0.122723,-0.051297,-0.063936,-0.019695,0.088443,0.340316,0.434716,-0.27197,0.922368,0.187381,0.40121,-0.477496,0.064901,-0.381353,0.42352,0.910363,-0.044508,0.142704,0.146215
-2.071936,0.498294,0.77414,0.021523,0.008925,0.932482,0.360463,-0.16092,0.069151,0.051167,0.382528,-0.117801,-0.027651,-0.095324,0.071455,0.007436,0.246401,-0.123439,-0.037464,-0.060546,-0.037041,0.081297,0.292098,0.50104,-0.324239,0.867256,0.207687,0.400689,-0.469068,0.075329,-0.388292,0.433273,0.889836,-0.067235,0.143947,0.12874
-2.07853,0.500811,0.774363,0.020448,0.008002,0.933544,0.357789,-0.158385,0.065633,0.04709,0.391995,-0.122412,-0.021747,-0.076953,0.068014,0.003983,0.227623,-0.126232,-0.025696,-0.038939,-0.048645,0.073138,0.232485,0.547074,-0.356812,0.81597,0.207905,0.401484,-0.438474,0.099193,-0.412476,0.450739,0.849196,-0.090783,0.174555,0.137484
-2.085214,0.50199,0.774843,0.016291,0.008018,0.934199,0.35629,-0.154273,0.062679,0.046334,0.383531,-0.129819,-0.018343,-0.080543,0.065455,0.003114,0.234704,-0.129871,-0.028984,-0.014245,-0.055986,0.060175,0.181841,0.543749,-0.327478,0.783363,0.157912,0.380873,-0.384736,0.116642,-0.431047,0.473264,0.834957,-0.109502,0.209173,0.200844
-2.091122,0.501753,0.775702,0.012552,0.007938,0.935726,0.352416,-0.150954,0.056983,0.041675,0.37045,-0.133984,-0.015484,-0.08407,0.060547,-0.003215,0.240259,-0.132835,-0.033088,-0.000196,-0.063918,0.053124,0.152618,0.520427,-0.284235,0.746453,0.080171,0.353264,-0.290096,0.117723,-0.445434,0.497018,0.834911,-0.154142,0.254625,0.32254
-2.097335,0.500724,0.776246,0.009805,0.006955,0.937744,0.347119,-0.145849,0.050202,0.033773,0.357636,-0.139072,-0.009359,-0.083261,0.054545,-0.012646,0.242947,-0.13722,-0.033173,0.001615,-0.066013,0.049067,0.140746,0.475033,-0.245678,0.720667,-0.00489,0.336399,-0.178113,0.106162,-0.458266,0.511628,0.837634,-0.228472,0.300075,0.48884
-2.103788,0.498895,0.776637,0.007349,0.005719,0.939945,0.341199,-0.141322,0.041887,0.024448,0.346455,-0.145622,-0.004279,-0.080994,0.047308,-0.022704,0.244058,-0.141713,-0.029607,-0.003715,-0.061436,0.044714,0.139645,0.422682,-0.226441,0.70307,-0.073424,0.326479,-0.095218,0.095496,-0.467166,0.502188,0.829806,-0.299327,0.320784,0.653927
-2.10983,0.496844,0.776925,0.005159,0.00473,0.942284,0.334741,-0.138418,0.032708,0.013313,0.337545,-0.150719,0.00007,-0.078921,0.039273,-0.033356,0.245693,-0.146745,-0.025995,-0.012487,-0.053901,0.041512,0.147227,0.38335,-0.231477,0.68856,-0.10422,0.319325,-0.070713,0.092159,-0.464905,0.460842,0.81431,-0.319534,0.320811,0.754648
-2.115281,0.495076,0.777024,0.003554,0.00392,0.944397,0.328763,-0.13588,0.023988,0.00298,0.331722,-0.155631,0.00504,-0.076229,0.031611,-0.043526,0.247771,-0.152524,-0.02324,-0.020551,-0.046018,0.03991,0.162467,0.36684,-0.258913,0.678966,-0.092186,0.324728,-0.102216,0.09589,-0.453081,0.408031,0.793254,-0.288462,0.322583,0.772497
-2.120447,0.49333,0.777148,0.002217,0.003309,0.945892,0.324456,-0.132942,0.016278,-0.003747,0.327096,-0.159399,0.010853,-0.073363,0.024607,-0.050553,0.249085,-0.157356,-0.020785,-0.025632,-0.038179,0.038316,0.181924,0.369704,-0.296586,0.680387,-0.044695,0.349593,-0.171201,0.100839,-0.439794,0.370322,0.768527,-0.240216,0.335036,0.732822
-2.125299,0.491445,0.77738,0.000813,0.00295,0.946913,0.321476,-0.130336,0.009352,-0.007643,0.322494,-0.160516,0.015401,-0.07105,0.018189,-0.054861,0.248907,-0.159957,-0.018466,-0.028663,-0.03154,0.036507,0.203376,0.382945,-0.331502,0.694877,0.024006,0.380764,-0.253378,0.1012,-0.428276,0.357415,0.747058,-0.194535,0.354353,0.663128
-2.129637,0.489623,0.777602,-0.000748,0.002672,0.947395,0.320054,-0.129438,0.004145,-0.008958,0.320398,-0.160954,0.017404,-0.069199,0.013365,-0.056534,0.24671,-0.161027,-0.017136,-0.029976,-0.027198,0.035204,0.226311,0.396095,-0.355572,0.727402,0.076709,0.397962,-0.309331,0.094844,-0.419297,0.366098,0.72907,-0.164652,0.36117,0.610968
-2.133267,0.487973,0.777696,-0.002223,0.002467,0.947514,0.319698,-0.130728,0.000102,-0.009076,0.322143,-0.160928,0.020091,-0.067792,0.00971,-0.056635,0.243609,-0.160702,-0.015393,-0.027676,-0.023206,0.033778,0.247936,0.394454,-0.343312,0.794392,0.100948,0.407507,-0.336543,0.087876,-0.416245,0.39278,0.705446,-0.142712,0.351554,0.567762
-2.136908,0.486128,0.777746,-0.003001,0.002509,0.947324,0.320252,-0.131982,-0.004713,-0.007231,0.326571,-0.16059,0.025069,-0.06466,0.005106,-0.054779,0.238871,-0.160972,-0.010469,-0.022722,-0.019262,0.033598,0.267177,0.375688,-0.289864,0.876286,0.094146,0.415725,-0.341541,0.079845,-0.419464,0.435112,0.666438,-0.131583,0.346053,0.529229
-2.139965,0.484411,0.777846,-0.00273,0.002495,0.946739,0.32198,-0.132397,-0.008594,-0.002541,0.333288,-0.159375,0.030358,-0.059991,0.001152,-0.050755,0.233667,-0.160518,-0.005801,-0.014726,-0.016278,0.03542,0.285868,0.368941,-0.244581,0.930281,0.085045,0.417712,-0.334387,0.058446,-0.440991,0.50947,0.599902,-0.175844,0.370866,0.528953
-2.142437,0.482937,0.777886,-0.00191,0.002087,0.945625,0.325246,-0.130197,-0.009996,0.004208,0.338146,-0.158885,0.034588,-0.055259,-0.000697,-0.04383,0.229013,-0.158987,-0.001602,-0.003651,-0.013796,0.039258,0.314727,0.380606,-0.228053,0.935786,0.086549,0.423427,-0.308935,0.010555,-0.48137,0.608134,0.508467,-0.293429,0.4089,0.603101
-2.144495,0.481634,0.778051,-0.001108,0.001806,0.944216,0.32932,-0.127437,-0.010602,0.012868,0.341253,-0.158227,0.036737,-0.05185,-0.001841,-0.035137,0.22525,-0.156423,0.002047,0.009274,-0.013091,0.043885,0.350748,0.406991,-0.242855,0.905355,0.09566,0.422225,-0.269585,-0.047747,-0.51239,0.679022,0.409468,-0.404615,0.402019,0.716174
-2.145983,0.480669,0.778182,-0.001116,0.001546,0.942998,0.332792,-0.125691,-0.010001,0.020298,0.341993,-0.157804,0.038542,-0.05104,-0.001798,-0.027804,0.222753,-0.153567,0.003824,0.021076,-0.012185,0.048118,0.380534,0.43683,-0.271041,0.8735,0.108897,0.404826,-0.234106,-0.089107,-0.523146,0.689193,0.291165,-0.431577,0.357659,0.796238
-2.147073,0.479678,0.778147,-0.001718,0.001741,0.9425,0.334199,-0.126454,-0.0111,0.024217,0.342087,-0.157224,0.039549,-0.051227,-0.003066,-0.024308,0.219751,-0.152627,0.005775,0.026625,-0.008747,0.051837,0.395846,0.450042,-0.287321,0.866867,0.117997,0.383666,-0.211358,-0.101154,-0.513705,0.646579,0.137071,-0.35051,0.300635,0.807489
-2.148405,0.478468,0.778353,-0.003025,0.001921,0.943856,0.330338,-0.129829,-0.015728,0.018298,0.340757,-0.154047,0.042484,-0.048937,-0.007106,-0.030781,0.212724,-0.14989,0.008686,0.019002,0.000446,0.053519,0.399097,0.436631,-0.28359,0.88456,0.114138,0.368611,-0.201228,-0.089064,-0.48656,0.579622,-0.041648,-0.178938,0.236752,0.744548
-2.1498,0.477095,0.778566,-0.005618,0.002864,0.94411,0.329571,-0.134476,-0.01926,0.01702,0.337332,-0.152064,0.045529,-0.051343,-0.010685,-0.032249,0.206104,-0.148869,0.013309,0.012166,0.006081,0.053301,0.39344,0.416037,-0.268079,0.905612,0.100307,0.369224,-0.201065,-0.076681,-0.430047,0.522538,-0.206173,0.037131,0.159436,0.616115
-2.14845,0.476174,0.778831,-0.007757,0.004286,0.945759,0.324748,-0.141621,-0.024154,0.008139,0.331483,-0.145832,0.043241,-0.057054,-0.014597,-0.041349,0.204766,-0.146118,0.012256,0.002696,0.010093,0.047528,0.379918,0.398529,-0.258295,0.910907,0.093384,0.383188,-0.219691,-0.085853,-0.39365,0.464241,-0.34677,0.200871,0.092103,0.473392
-2.148308,0.474583,0.77911,-0.01035,0.005235,0.947673,0.319031,-0.146401,-0.030038,-0.002662,0.32129,-0.140557,0.043958,-0.061146,-0.019661,-0.052319,0.20163,-0.145638,0.014329,-0.00499,0.012975,0.036607,0.364259,0.390277,-0.256544,0.892049,0.100039,0.397303,-0.255633,-0.132699,-0.426599,0.359645,-0.448752,0.251602,0.073634,0.342101
-2.148091,0.473071,0.779239,-0.012362,0.005794,0.949615,0.313121,-0.148387,-0.035687,-0.013357,0.308749,-0.13628,0.044617,-0.064139,-0.024364,-0.063645,0.199629,-0.145267,0.017074,-0.00531,0.013182,0.027772,0.343726,0.39011,-0.26093,0.854214,0.108775,0.402917,-0.29568,-0.170756,-0.523108,0.201139,-0.490666,0.223665,0.069224,0.21053
-2.147982,0.47182,0.779159,-0.013761,0.00585,0.951435,0.307488,-0.14644,-0.040212,-0.024766,0.293336,-0.133366,0.042595,-0.066166,-0.028107,-0.074424,0.199934,-0.14658,0.019681,0.000004,0.010689,0.020805,0.321983,0.390077,-0.269055,0.805572,0.101344,0.403013,-0.315466,-0.163381,-0.618824,0.050336,-0.464506,0.184323,0.060625,0.031051
-2.14801,0.471254,0.779069,-0.014374,0.005819,0.953267,0.30173,-0.140858,-0.04412,-0.03632,0.275819,-0.129929,0.040335,-0.065991,-0.031538,-0.085125,0.201109,-0.148427,0.021399,0.000663,0.004052,0.013808,0.306963,0.386418,-0.276171,0.754325,0.079099,0.397445,-0.314233,-0.142733,-0.676423,-0.034809,-0.403273,0.183387,0.122959,-0.176227
-2.14823,0.471086,0.778898,-0.014565,0.004998,0.954956,0.296347,-0.133053,-0.045823,-0.047434,0.258244,-0.12817,0.033504,-0.064651,-0.032993,-0.095149,0.203758,-0.150928,0.022682,-0.002287,-0.001995,0.009956,0.294026,0.376738,-0.278983,0.709845,0.05277,0.388064,-0.304056,-0.129618,-0.731254,-0.072058,-0.378099,0.232624,0.290273,-0.310651
-2.148456,0.47145,0.778661,-0.014274,0.004228,0.956882,0.290096,-0.126581,-0.047663,-0.059394,0.245561,-0.126059,0.027294,-0.061761,-0.034669,-0.106834,0.207115,-0.155,0.023213,-0.010246,-0.004307,0.010368,0.283576,0.360057,-0.273939,0.6836,0.032924,0.378847,-0.293917,-0.115051,-0.759587,-0.108676,-0.423618,0.269435,0.449616,-0.345612
-2.148329,0.47223,0.778506,-0.013646,0.003665,0.958838,0.283602,-0.123647,-0.04958,-0.071698,0.240514,-0.123574,0.023504,-0.05885,-0.036362,-0.119163,0.211611,-0.159022,0.022587,-0.018817,-0.003584,0.012195,0.278147,0.338951,-0.26791,0.676574,0.014494,0.371392,-0.280669,-0.120014,-0.699421,-0.145272,-0.469357,0.269051,0.425982,-0.340834
-2.147593,0.473141,0.77861,-0.012671,0.003547,0.960297,0.278669,-0.124561,-0.051401,-0.080748,0.243455,-0.121221,0.024567,-0.058266,-0.037942,-0.128516,0.218773,-0.161078,0.020556,-0.030782,-0.000393,0.014474,0.281453,0.322053,-0.273825,0.679664,-0.000277,0.365589,-0.270375,-0.163029,-0.552506,-0.149091,-0.481707,0.288287,0.257146,-0.308068
-2.146529,0.473791,0.778706,-0.011443,0.003308,0.961059,0.276087,-0.126395,-0.052021,-0.086228,0.249695,-0.121126,0.025256,-0.05911,-0.03839,-0.1337,0.226761,-0.163336,0.017945,-0.038992,0.008582,0.016284,0.287439,0.318855,-0.297965,0.687764,0.004394,0.359564,-0.291367,-0.207647,-0.395026,-0.13743,-0.479129,0.358954,0.074595,-0.247884
-2.145621,0.474014,0.778731,-0.010014,0.003283,0.96125,0.275476,-0.12815,-0.05276,-0.086687,0.257216,-0.122659,0.027793,-0.060862,-0.039131,-0.13486,0.235272,-0.165627,0.015756,-0.038374,0.013241,0.017171,0.292394,0.318941,-0.302853,0.700562,0.000892,0.349565,-0.31782,-0.23027,-0.300007,-0.142975,-0.442544,0.432837,-0.076531,-0.188609
-2.144886,0.473671,0.778667,-0.008422,0.002995,0.960882,0.276813,-0.128494,-0.052482,-0.084355,0.263924,-0.125186,0.02791,-0.063249,-0.039191,-0.132239,0.244014,-0.167458,0.013576,-0.031716,0.013038,0.016079,0.289276,0.330078,-0.312626,0.720773,0.009622,0.342684,-0.362484,-0.233929,-0.254834,-0.162237,-0.367798,0.485062,-0.148084,-0.174186
-2.144419,0.47314,0.778565,-0.006782,0.002871,0.960334,0.278756,-0.128382,-0.052413,-0.080035,0.270473,-0.12744,0.02946,-0.064419,-0.039522,-0.128442,0.250286,-0.169539,0.011802,-0.020934,0.012236,0.016508,0.27445,0.356257,-0.337459,0.747571,0.055843,0.353431,-0.431897,-0.218088,-0.228491,-0.168499,-0.294124,0.526559,-0.135819,-0.230424
-2.144225,0.472431,0.778406,-0.005306,0.002948,0.959744,0.280809,-0.128334,-0.053031,-0.075895,0.27642,-0.129253,0.029741,-0.064317,-0.040397,-0.124382,0.253455,-0.171386,0.011681,-0.007797,0.01194,0.018933,0.257314,0.384252,-0.357207,0.777441,0.128232,0.376345,-0.506775,-0.192921,-0.220712,-0.158476,-0.248247,0.550703,-0.099272,-0.343499
-2.144258,0.471539,0.778329,-0.004105,0.003333,0.959229,0.282581,-0.128938,-0.054881,-0.071916,0.281897,-0.130075,0.031935,-0.063763,-0.042289,-0.12056,0.254554,-0.172583,0.012615,0.002208,0.015426,0.021971,0.248368,0.397578,-0.352958,0.808877,0.191175,0.396009,-0.55442,-0.172322,-0.207907,-0.143982,-0.226924,0.551336,-0.091687,-0.456806
-2.144342,0.470618,0.77837,-0.003557,0.003811,0.959289,0.282378,-0.128565,-0.057579,-0.07186,0.280978,-0.127457,0.032786,-0.062128,-0.044822,-0.1208,0.251947,-0.172131,0.013056,0.004009,0.025726,0.024981,0.255124,0.392049,-0.332592,0.833304,0.208601,0.40838,-0.55177,-0.155976,-0.162455,-0.131955,-0.223349,0.560589,-0.102495,-0.511743
-2.143947,0.469678,0.778221,-0.002731,0.004197,0.959015,0.283312,-0.131656,-0.059465,-0.069173,0.288,-0.128229,0.035271,-0.064645,-0.046876,-0.11877,0.257238,-0.175465,0.011589,-0.001793,0.032877,0.032057,0.267059,0.375836,-0.298381,0.860464,0.186439,0.420673,-0.490825,-0.140546,-0.096892,-0.11117,-0.232446,0.569497,-0.128634,-0.521838
-2.143438,0.468543,0.778057,-0.001843,0.004532,0.959053,0.283185,-0.133069,-0.061958,-0.068685,0.290926,-0.127962,0.037466,-0.06702,-0.049571,-0.118528,0.262771,-0.177654,0.011892,-0.010813,0.040055,0.036989,0.280302,0.362838,-0.283911,0.881106,0.157386,0.425839,-0.42009,-0.123693,-0.054028,-0.086373,-0.23845,0.575491,-0.155841,-0.519318
-2.142937,0.467386,0.777991,-0.001233,0.004887,0.959485,0.281713,-0.132265,-0.064879,-0.070784,0.287483,-0.125281,0.039151,-0.066771,-0.052586,-0.121058,0.262828,-0.177852,0.012966,-0.016113,0.046874,0.03924,0.28845,0.359504,-0.291864,0.886615,0.146658,0.422103,-0.381519,-0.107761,-0.042633,-0.063945,-0.248742,0.578193,-0.173999,-0.505879
-2.142292,0.466126,0.77792,-0.000695,0.005058,0.959808,0.28061,-0.132592,-0.067325,-0.072237,0.285977,-0.123667,0.040119,-0.066976,-0.054986,-0.122679,0.262967,-0.178524,0.013945,-0.018745,0.050855,0.041605,0.290877,0.362188,-0.306894,0.878094,0.146757,0.408177,-0.366253,-0.093698,-0.051415,-0.048049,-0.264652,0.574436,-0.182233,-0.482389
-2.141496,0.464852,0.777947,-0.000644,0.005131,0.960122,0.279534,-0.134052,-0.069139,-0.073879,0.284383,-0.121813,0.041128,-0.067173,-0.056686,-0.124625,0.260544,-0.177633,0.015819,-0.019239,0.054188,0.041832,0.291172,0.367929,-0.315926,0.860466,0.150913,0.389659,-0.367943,-0.085697,-0.069764,-0.049196,-0.279252,0.567206,-0.178933,-0.46135
-2.140486,0.463538,0.77798,-0.001147,0.005367,0.960371,0.27867,-0.136674,-0.070618,-0.075202,0.282124,-0.120039,0.041528,-0.067639,-0.057919,-0.126397,0.255209,-0.175833,0.017184,-0.018133,0.057186,0.040506,0.289573,0.371677,-0.315649,0.841991,0.150055,0.374871,-0.370777,-0.086453,-0.08516,-0.062022,-0.285833,0.561517,-0.17138,-0.451576
-2.13937,0.462211,0.778025,-0.001874,0.005422,0.960524,0.27814,-0.139562,-0.071218,-0.076187,0.279633,-0.118896,0.041918,-0.068957,-0.058433,-0.127578,0.250086,-0.172534,0.019377,-0.016145,0.059865,0.0395,0.285067,0.371708,-0.310664,0.827141,0.141562,0.369369,-0.365686,-0.093227,-0.096795,-0.075176,-0.283674,0.558623,-0.16578,-0.454959
-2.138141,0.461026,0.777914,-0.002551,0.005627,0.960578,0.277942,-0.142352,-0.07173,-0.076482,0.277148,-0.118291,0.041887,-0.070334,-0.058812,-0.128123,0.244932,-0.171064,0.021114,-0.014172,0.061585,0.039142,0.277918,0.367953,-0.306424,0.815696,0.128401,0.372475,-0.354744,-0.102614,-0.103442,-0.082745,-0.27743,0.557436,-0.164173,-0.467432
-2.137087,0.460078,0.777865,-0.003275,0.005545,0.960608,0.277831,-0.144045,-0.071348,-0.076928,0.273581,-0.11832,0.04149,-0.0722,-0.058376,-0.12839,0.241502,-0.16844,0.022238,-0.013229,0.063066,0.040091,0.269739,0.362916,-0.305391,0.804564,0.114845,0.379826,-0.344161,-0.110489,-0.107509,-0.083231,-0.273236,0.557198,-0.164724,-0.481882
-2.136228,0.459314,0.777852,-0.004109,0.005371,0.960654,0.277665,-0.145302,-0.07058,-0.077387,0.269482,-0.117682,0.040387,-0.073929,-0.057604,-0.128827,0.238173,-0.165767,0.02273,-0.014077,0.06269,0.041994,0.263008,0.359244,-0.306115,0.791274,0.102382,0.386211,-0.337337,-0.115756,-0.121643,-0.081802,-0.275345,0.543589,-0.171452,-0.49234
-2.135554,0.458434,0.777776,-0.005312,0.005155,0.960382,0.278588,-0.149416,-0.069393,-0.075581,0.270217,-0.118769,0.039465,-0.078461,-0.056502,-0.127009,0.238186,-0.163757,0.023441,-0.015694,0.056077,0.047939,0.257283,0.361576,-0.304658,0.773598,0.092089,0.394117,-0.334504,-0.116287,-0.216479,-0.093369,-0.293352,0.444427,-0.201082,-0.482726
-2.135324,0.457538,0.777713,-0.006926,0.004505,0.960322,0.278772,-0.152379,-0.067833,-0.075897,0.268101,-0.118147,0.039412,-0.081048,-0.05478,-0.127163,0.234604,-0.160274,0.024728,-0.016,0.051501,0.052019,0.25348,0.361791,-0.306188,0.760024,0.092074,0.401115,-0.341543,-0.093082,-0.415239,-0.141184,-0.338219,0.236302,-0.221384,-0.452838
-2.135094,0.456803,0.777669,-0.008457,0.00356,0.960065,0.279626,-0.155075,-0.064981,-0.075276,0.266747,-0.117213,0.039349,-0.082822,-0.05171,-0.126262,0.229743,-0.156423,0.02497,-0.014825,0.052191,0.053767,0.249468,0.35815,-0.315243,0.758147,0.09661,0.405138,-0.351806,-0.057808,-0.605367,-0.218024,-0.37939,0.042653,-0.151075,-0.394132
-2.134721,0.456395,0.777635,-0.00918,0.003331,0.959723,0.280778,-0.156409,-0.063378,-0.073301,0.265491,-0.115947,0.039654,-0.084091,-0.050097,-0.12429,0.226519,-0.153826,0.025131,-0.01836,0.05021,0.056252,0.249397,0.357556,-0.322419,0.760711,0.099125,0.402778,-0.361225,-0.023793,-0.739444,-0.266325,-0.392177,-0.093653,-0.051811,-0.312114
-2.134397,0.456227,0.77766,-0.009303,0.00336,0.959343,0.282068,-0.156022,-0.062342,-0.071093,0.263634,-0.114759,0.040102,-0.083807,-0.049048,-0.121895,0.222905,-0.151434,0.025492,-0.022023,0.045921,0.057838,0.251068,0.35908,-0.326892,0.764803,0.10363,0.401464,-0.372142,0.005357,-0.821546,-0.25287,-0.382817,-0.17728,0.015304,-0.235064
-2.134194,0.45618,0.777686,-0.009397,0.003022,0.95882,0.283843,-0.155443,-0.060095,-0.067839,0.262973,-0.115062,0.039929,-0.083161,-0.046879,-0.118658,0.2193,-0.148986,0.02593,-0.021049,0.041615,0.05761,0.250817,0.355949,-0.323034,0.774475,0.104951,0.40312,-0.37941,0.026777,-0.86465,-0.18692,-0.346648,-0.221702,0.051879,-0.135577
-2.134037,0.456222,0.777701,-0.009624,0.002139,0.958205,0.285913,-0.155967,-0.056412,-0.064264,0.265282,-0.117345,0.039535,-0.083663,-0.043269,-0.114995,0.217977,-0.146048,0.025462,-0.021785,0.036701,0.056104,0.251395,0.348889,-0.307604,0.787379,0.09969,0.404953,-0.375993,0.021722,-0.877406,-0.073024,-0.259644,-0.247613,0.087514,0.014487
-2.133903,0.456471,0.777701,-0.00941,0.001295,0.957823,0.287201,-0.155149,-0.053415,-0.062199,0.266838,-0.119569,0.039215,-0.082677,-0.040244,-0.112875,0.216888,-0.144781,0.02433,-0.023151,0.029354,0.05552,0.251275,0.349777,-0.300224,0.796175,0.096781,0.40815,-0.367668,0.007955,-0.862307,0.056392,-0.126469,-0.282813,0.155323,0.215165
-2.133666,0.456951,0.777625,-0.00889,0.000604,0.957527,0.288205,-0.153832,-0.050851,-0.061033,0.268548,-0.122331,0.037965,-0.081558,-0.03765,-0.111296,0.217283,-0.145562,0.023,-0.024862,0.02154,0.056922,0.24847,0.359354,-0.306161,0.801491,0.103726,0.413103,-0.362412,-0.01173,-0.815502,0.183169,0.04628,-0.342368,0.225458,0.443104
-2.133212,0.457698,0.777612,-0.008307,-0.000081,0.957329,0.288881,-0.152176,-0.048093,-0.060014,0.269656,-0.125024,0.036512,-0.081245,-0.034884,-0.110149,0.219705,-0.145979,0.020785,-0.024973,0.014729,0.06061,0.24204,0.372496,-0.319102,0.806309,0.115265,0.414667,-0.36127,-0.02067,-0.740671,0.285626,0.234601,-0.391651,0.257547,0.643448
-2.132728,0.458373,0.777544,-0.007794,-0.000618,0.957298,0.288997,-0.15093,-0.04598,-0.060095,0.27053,-0.127274,0.035114,-0.08148,-0.032847,-0.110063,0.222961,-0.146544,0.018606,-0.022342,0.009642,0.065554,0.232578,0.38454,-0.334178,0.812881,0.124327,0.410512,-0.362326,-0.007039,-0.657858,0.353295,0.401576,-0.41305,0.277775,0.762847
-2.132422,0.458935,0.777503,-0.007546,-0.001037,0.957424,0.288585,-0.150062,-0.044635,-0.061292,0.270646,-0.128329,0.033693,-0.081565,-0.031469,-0.111091,0.225328,-0.146815,0.016836,-0.017657,0.007166,0.070085,0.222575,0.392113,-0.34718,0.818863,0.127583,0.403974,-0.362699,0.025769,-0.582445,0.391809,0.537851,-0.402962,0.299944,0.808214
-2.132281,0.459302,0.777513,-0.007705,-0.001088,0.957521,0.288258,-0.150503,-0.044177,-0.062336,0.271028,-0.128428,0.033038,-0.082611,-0.030939,-0.111866,0.227214,-0.146804,0.015096,-0.015024,0.004883,0.073607,0.213494,0.397158,-0.353448,0.824397,0.126341,0.396954,-0.361321,0.056957,-0.510523,0.399497,0.660233,-0.38125,0.32572,0.811406
-2.132252,0.459428,0.777557,-0.008046,-0.00091,0.957546,0.288166,-0.151439,-0.044326,-0.062952,0.271142,-0.127784,0.032495,-0.083867,-0.031018,-0.112134,0.228114,-0.146611,0.013964,-0.015545,0.003459,0.076913,0.206294,0.399559,-0.353298,0.829057,0.121689,0.391335,-0.355156,0.089016,-0.447379,0.371949,0.750793,-0.352078,0.352068,0.796128
-2.13228,0.459288,0.777617,-0.008403,-0.000495,0.957305,0.288956,-0.152752,-0.044746,-0.061365,0.271607,-0.126847,0.03285,-0.085444,-0.031463,-0.110806,0.228219,-0.146205,0.013654,-0.017933,0.003628,0.080036,0.201549,0.399548,-0.350781,0.832126,0.115648,0.388221,-0.345249,0.118036,-0.398641,0.324386,0.811156,-0.304779,0.373682,0.756993
-2.132351,0.458787,0.777647,-0.008838,-0.000109,0.956691,0.290972,-0.15362,-0.044478,-0.057835,0.271348,-0.126612,0.032755,-0.087713,-0.031495,-0.106851,0.227866,-0.145074,0.01376,-0.020064,0.006899,0.08396,0.199327,0.397779,-0.35044,0.830563,0.110325,0.387429,-0.335016,0.139923,-0.363416,0.270953,0.853113,-0.22789,0.383974,0.687148
-2.132452,0.457923,0.777752,-0.009262,0.000458,0.955777,0.293948,-0.15495,-0.044536,-0.051707,0.271532,-0.125755,0.035169,-0.090351,-0.031806,-0.100864,0.226589,-0.142833,0.014758,-0.022534,0.010705,0.087755,0.200238,0.395732,-0.353856,0.824453,0.104694,0.386826,-0.325344,0.150923,-0.350851,0.25063,0.874746,-0.166307,0.37919,0.629875
-2.132594,0.456956,0.777774,-0.010125,0.000729,0.954739,0.29727,-0.156059,-0.043355,-0.04561,0.270241,-0.12519,0.036184,-0.093249,-0.031008,-0.094508,0.223882,-0.139777,0.015427,-0.026474,0.014127,0.089836,0.203855,0.39473,-0.358828,0.817437,0.1013,0.385313,-0.320521,0.157118,-0.362719,0.270403,0.86653,-0.147542,0.365941,0.608359
-2.132933,0.456127,0.777873,-0.011277,0.001077,0.953757,0.300366,-0.157381,-0.042367,-0.039847,0.268387,-0.124255,0.037167,-0.095587,-0.030169,-0.088199,0.219458,-0.136059,0.01628,-0.030348,0.016722,0.089682,0.207058,0.394346,-0.365177,0.812578,0.101426,0.384829,-0.320622,0.163326,-0.387654,0.312331,0.839351,-0.152325,0.352721,0.599888
-2.133327,0.455318,0.77795,-0.011779,0.001066,0.952959,0.302869,-0.156825,-0.041526,-0.035631,0.265997,-0.123466,0.036448,-0.094634,-0.029341,-0.083797,0.212604,-0.132398,0.01772,-0.034008,0.018102,0.085385,0.206764,0.394333,-0.371049,0.818324,0.110677,0.388646,-0.333595,0.159844,-0.422494,0.372233,0.802206,-0.196446,0.345073,0.62324
-2.133976,0.455049,0.778086,-0.012196,0.001402,0.952057,0.305673,-0.155349,-0.040802,-0.029908,0.263294,-0.123046,0.037595,-0.092557,-0.028714,-0.078155,0.204656,-0.129106,0.019975,-0.037083,0.019261,0.080095,0.206181,0.39168,-0.368683,0.824872,0.120872,0.393966,-0.346738,0.148934,-0.447712,0.409181,0.78697,-0.219088,0.334037,0.616722
-2.134681,0.454799,0.778062,-0.012001,0.001458,0.951307,0.308009,-0.152719,-0.040143,-0.025275,0.261588,-0.123714,0.038003,-0.089306,-0.028277,-0.073399,0.197996,-0.126608,0.022804,-0.038507,0.019883,0.075551,0.202664,0.388359,-0.364808,0.831974,0.126639,0.396793,-0.354889,0.136625,-0.453782,0.419307,0.795943,-0.213611,0.323656,0.572338
-2.135245,0.454691,0.777992,-0.011084,0.001316,0.950561,0.310338,-0.149401,-0.039425,-0.020967,0.261708,-0.125152,0.036708,-0.085395,-0.027751,-0.068833,0.193452,-0.124978,0.024815,-0.038243,0.019277,0.072614,0.196078,0.386465,-0.363974,0.839164,0.127666,0.394096,-0.360128,0.124846,-0.447887,0.420062,0.813454,-0.189039,0.311386,0.507732
-2.135617,0.454707,0.777985,-0.01012,0.001367,0.949963,0.312194,-0.147796,-0.039493,-0.017431,0.264517,-0.126595,0.038725,-0.08342,-0.027782,-0.065251,0.193068,-0.125165,0.024869,-0.037031,0.017674,0.072622,0.189619,0.385554,-0.358812,0.837442,0.118227,0.383076,-0.355012,0.118095,-0.439249,0.42001,0.81392,-0.173611,0.311052,0.480399
-2.135607,0.454649,0.777921,-0.008979,0.000766,0.949418,0.313886,-0.146155,-0.037886,-0.014264,0.268118,-0.128535,0.039508,-0.082137,-0.026409,-0.061943,0.194827,-0.125596,0.024851,-0.036298,0.016378,0.077168,0.185381,0.384055,-0.346812,0.828092,0.095602,0.367807,-0.333852,0.111758,-0.434369,0.428897,0.798237,-0.163915,0.312721,0.468283
-2.135258,0.454579,0.777858,-0.008155,0.000381,0.949168,0.314663,-0.146697,-0.036827,-0.012536,0.272858,-0.129723,0.039896,-0.082146,-0.025444,-0.060267,0.197368,-0.125973,0.023774,-0.036024,0.013722,0.085529,0.184828,0.384461,-0.336185,0.80851,0.06676,0.351564,-0.30154,0.107515,-0.436087,0.444379,0.770147,-0.160411,0.310443,0.463642
-2.134598,0.454463,0.777834,-0.008348,0.000061,0.949175,0.314639,-0.149657,-0.035594,-0.012846,0.276565,-0.130394,0.039432,-0.08428,-0.024151,-0.060427,0.199393,-0.125506,0.022489,-0.034755,0.010785,0.093007,0.185776,0.387764,-0.334956,0.787354,0.040708,0.340533,-0.267282,0.106372,-0.438676,0.458624,0.744516,-0.156991,0.309881,0.455376
-2.133727,0.454351,0.777963,-0.009402,0.000455,0.949382,0.313983,-0.154767,-0.035669,-0.013753,0.27849,-0.128238,0.041126,-0.08798,-0.023959,-0.061689,0.199694,-0.123841,0.021262,-0.033202,0.007489,0.093801,0.18504,0.392222,-0.34443,0.778839,0.026173,0.338834,-0.243104,0.106005,-0.437749,0.468841,0.736932,-0.1526,0.312463,0.443431
-2.132952,0.454262,0.778054,-0.011223,0.000716,0.949656,0.313092,-0.158251,-0.034833,-0.015971,0.274616,-0.125615,0.039352,-0.091832,-0.023074,-0.063754,0.197564,-0.121368,0.020232,-0.031454,0.006329,0.085526,0.17853,0.395219,-0.359397,0.793171,0.033595,0.352457,-0.246623,0.102867,-0.433414,0.473547,0.752751,-0.153123,0.319294,0.440078
-2.132546,0.454284,0.778244,-0.012165,0.001343,0.949936,0.312206,-0.15843,-0.035815,-0.017579,0.268227,-0.122383,0.037763,-0.092425,-0.023818,-0.065349,0.193459,-0.119673,0.020729,-0.031083,0.005093,0.074816,0.167668,0.392048,-0.36718,0.826025,0.061494,0.374721,-0.283786,0.095076,-0.426697,0.467751,0.780753,-0.159547,0.327075,0.452062
-2.132568,0.454298,0.778178,-0.011512,0.001298,0.950241,0.3113,-0.153231,-0.036687,-0.019542,0.2606,-0.121463,0.036587,-0.088709,-0.024767,-0.067343,0.189959,-0.120145,0.022762,-0.03281,0.005624,0.067876,0.160722,0.384363,-0.36304,0.855092,0.098683,0.391603,-0.341271,0.084227,-0.42529,0.460262,0.802577,-0.170239,0.328046,0.481618
-2.132891,0.45431,0.777937,-0.009631,0.000718,0.950766,0.309758,-0.145172,-0.037955,-0.022192,0.25391,-0.122558,0.034234,-0.081915,-0.026106,-0.070085,0.18789,-0.122724,0.025532,-0.035608,0.007474,0.067214,0.162487,0.377337,-0.352722,0.864849,0.128405,0.394286,-0.394465,0.077161,-0.430673,0.451785,0.805951,-0.173463,0.319741,0.509479
-2.133309,0.454233,0.777687,-0.007943,0.00019,0.951411,0.30782,-0.138985,-0.039595,-0.025463,0.249773,-0.123612,0.032324,-0.076076,-0.027781,-0.073674,0.187188,-0.125351,0.027479,-0.036183,0.00975,0.073888,0.172799,0.371256,-0.340213,0.853352,0.136524,0.386624,-0.420492,0.078523,-0.44157,0.443878,0.790776,-0.163961,0.306352,0.51691
-2.133466,0.453961,0.777622,-0.007775,0.000112,0.95209,0.305719,-0.138371,-0.04139,-0.029327,0.248092,-0.122762,0.032243,-0.074747,-0.02949,-0.077785,0.187156,-0.125856,0.028124,-0.03383,0.012045,0.081962,0.187642,0.36675,-0.332915,0.834869,0.125209,0.37564,-0.415657,0.086921,-0.454067,0.440057,0.772422,-0.144782,0.295606,0.494938
-2.133207,0.453415,0.77779,-0.009241,0.000645,0.952772,0.303545,-0.143724,-0.043599,-0.033185,0.24836,-0.119737,0.034578,-0.078001,-0.031305,-0.081889,0.186559,-0.12445,0.027712,-0.030081,0.013939,0.086462,0.198627,0.363696,-0.332607,0.829591,0.110101,0.373977,-0.393742,0.092715,-0.462138,0.440787,0.772026,-0.126944,0.294149,0.455097
-2.13255,0.452651,0.777984,-0.011676,0.001128,0.953356,0.301619,-0.152093,-0.044698,-0.036921,0.24955,-0.11703,0.036818,-0.08422,-0.032103,-0.085685,0.186074,-0.121524,0.027451,-0.025266,0.016106,0.086951,0.200243,0.35972,-0.333582,0.843513,0.100166,0.387316,-0.369606,0.090748,-0.462834,0.442059,0.793694,-0.12027,0.301834,0.423173
-2.131681,0.451981,0.777934,-0.013763,0.001793,0.953912,0.299766,-0.160418,-0.0461,-0.040224,0.251823,-0.116134,0.037852,-0.089939,-0.033261,-0.089034,0.185809,-0.12171,0.027997,-0.020908,0.01725,0.08563,0.195698,0.358318,-0.336829,0.860902,0.099132,0.401891,-0.356341,0.085031,-0.455656,0.432475,0.82617,-0.119695,0.309107,0.40607
-2.130877,0.451467,0.777761,-0.014867,0.002021,0.954415,0.298106,-0.165727,-0.047041,-0.043287,0.253648,-0.116113,0.038014,-0.093326,-0.03397,-0.092209,0.18612,-0.121628,0.028823,-0.017782,0.018451,0.082558,0.190148,0.363918,-0.345764,0.869375,0.109981,0.408133,-0.35775,0.081964,-0.44435,0.413811,0.853952,-0.118685,0.313326,0.396754
-2.13052,0.451379,0.777641,-0.015067,0.001985,0.954819,0.296799,-0.166532,-0.047558,-0.045799,0.252865,-0.116164,0.037449,-0.093245,-0.034341,-0.094799,0.185387,-0.12171,0.029466,-0.015406,0.019316,0.078091,0.18567,0.373718,-0.354482,0.868921,0.125814,0.405758,-0.364706,0.083225,-0.435847,0.399305,0.864908,-0.119784,0.315715,0.390934
-2.130617,0.45167,0.777618,-0.014325,0.001689,0.955139,0.295806,-0.163013,-0.047768,-0.047821,0.249881,-0.116605,0.036225,-0.089999,-0.034489,-0.096633,0.184293,-0.122513,0.029869,-0.013861,0.019858,0.073911,0.183136,0.381883,-0.355159,0.86432,0.133144,0.395182,-0.365822,0.086748,-0.434312,0.39921,0.858795,-0.125887,0.313008,0.391949
-2.130976,0.452049,0.777553,-0.012707,0.001124,0.955386,0.295083,-0.157159,-0.047867,-0.049083,0.247413,-0.117509,0.034627,-0.084826,-0.034598,-0.09808,0.184201,-0.124291,0.030099,-0.014632,0.020177,0.071721,0.183094,0.384051,-0.346199,0.862103,0.123815,0.380477,-0.354066,0.08886,-0.438687,0.41202,0.843837,-0.135902,0.304022,0.40645
-2.131507,0.452475,0.777493,-0.010926,0.000589,0.955546,0.29464,-0.151735,-0.048099,-0.049941,0.247109,-0.118808,0.03409,-0.079886,-0.034914,-0.098986,0.185476,-0.126477,0.030374,-0.016407,0.019864,0.074331,0.182676,0.381927,-0.333949,0.860527,0.104742,0.369374,-0.332678,0.087581,-0.442802,0.424998,0.827899,-0.142312,0.292774,0.423847
-2.131899,0.452788,0.777465,-0.009842,0.000337,0.955625,0.294421,-0.149497,-0.048445,-0.050252,0.249042,-0.119632,0.034609,-0.077542,-0.035262,-0.099303,0.187622,-0.128177,0.029802,-0.017237,0.018544,0.081296,0.181831,0.379077,-0.325145,0.854491,0.081499,0.361389,-0.303839,0.08706,-0.442885,0.431015,0.812134,-0.140451,0.284784,0.432449
-2.1319,0.452925,0.777539,-0.0101,0.000434,0.955568,0.294597,-0.151337,-0.048271,-0.049934,0.251605,-0.119121,0.035665,-0.079127,-0.035106,-0.099121,0.18957,-0.127944,0.02887,-0.017671,0.01713,0.086305,0.182189,0.377191,-0.325552,0.849122,0.060762,0.359202,-0.273879,0.087809,-0.437107,0.429767,0.804728,-0.130918,0.284534,0.430063
-2.131722,0.452985,0.777721,-0.011496,0.000926,0.955417,0.295033,-0.155615,-0.047954,-0.049119,0.252981,-0.117541,0.036932,-0.083221,-0.034682,-0.098021,0.189964,-0.126263,0.027425,-0.018363,0.015664,0.085773,0.180742,0.376531,-0.335102,0.851346,0.051,0.365205,-0.254835,0.087745,-0.427269,0.425679,0.807746,-0.120725,0.292202,0.425497
-2.131586,0.453103,0.777908,-0.013141,0.00114,0.955114,0.295943,-0.159102,-0.046448,-0.04784,0.252667,-0.116513,0.037097,-0.087548,-0.033171,-0.096383,0.189772,-0.123132,0.02634,-0.019128,0.015051,0.081116,0.177171,0.376989,-0.348369,0.858634,0.055905,0.375632,-0.256166,0.08619,-0.420533,0.426175,0.811036,-0.119646,0.304581,0.430025
-2.13167,0.453291,0.777921,-0.014055,0.001317,0.954687,0.297278,-0.159745,-0.045053,-0.045531,0.251054,-0.117031,0.036132,-0.089414,-0.031962,-0.094188,0.188501,-0.122078,0.026414,-0.019775,0.014407,0.075042,0.17312,0.377368,-0.357514,0.864709,0.071833,0.384448,-0.275895,0.085576,-0.420428,0.430642,0.807867,-0.125906,0.311817,0.444129
-2.132168,0.453646,0.777835,-0.014043,0.001275,0.95418,0.298902,-0.156893,-0.043714,-0.04273,0.24849,-0.118831,0.034139,-0.088207,-0.030817,-0.091176,0.186651,-0.12204,0.026837,-0.020529,0.013533,0.068856,0.171779,0.37725,-0.358108,0.863753,0.090721,0.388113,-0.30341,0.086777,-0.423583,0.433134,0.801778,-0.133776,0.31435,0.459951
-2.133035,0.454126,0.777763,-0.013157,0.001097,0.953635,0.300677,-0.151762,-0.04279,-0.03925,0.246506,-0.120683,0.033281,-0.084415,-0.03012,-0.08782,0.1847,-0.122459,0.027831,-0.021896,0.011923,0.06488,0.174235,0.376535,-0.350914,0.852154,0.104465,0.386533,-0.32692,0.088133,-0.425544,0.428832,0.798401,-0.137284,0.31373,0.468751
-2.134057,0.454615,0.777652,-0.01188,0.000761,0.953077,0.302494,-0.145783,-0.041822,-0.035963,0.245355,-0.123353,0.031743,-0.079704,-0.029463,-0.084364,0.18332,-0.124472,0.028121,-0.023422,0.010153,0.065956,0.179543,0.375412,-0.341367,0.832624,0.105699,0.379887,-0.337745,0.089928,-0.427002,0.422413,0.795746,-0.13523,0.309488,0.471087
-2.134957,0.454984,0.777692,-0.010839,0.000337,0.952576,0.304107,-0.142032,-0.040873,-0.032742,0.246763,-0.125258,0.03206,-0.076777,-0.028669,-0.08123,0.183954,-0.124117,0.02796,-0.025126,0.008611,0.071252,0.185868,0.372443,-0.333919,0.81213,0.093586,0.371843,-0.332847,0.093014,-0.430057,0.41991,0.791922,-0.128818,0.304625,0.462357
-2.135521,0.455115,0.777712,-0.010589,0.000204,0.952194,0.305309,-0.141673,-0.040356,-0.030281,0.249552,-0.126623,0.032979,-0.07625,-0.028184,-0.078855,0.184633,-0.124098,0.027423,-0.027368,0.007532,0.075603,0.189405,0.369772,-0.336187,0.800604,0.079736,0.369277,-0.323666,0.095431,-0.434556,0.425257,0.793278,-0.124156,0.301772,0.450306
-2.135848,0.45507,0.777816,-0.01106,0.000405,0.951844,0.306384,-0.143302,-0.040175,-0.028319,0.251613,-0.126929,0.034714,-0.077438,-0.028014,-0.076988,0.184291,-0.1231,0.027461,-0.029637,0.00721,0.076313,0.186763,0.367623,-0.343523,0.803592,0.078053,0.375459,-0.322761,0.095596,-0.438377,0.433345,0.802424,-0.128162,0.305134,0.446709
-2.136095,0.454939,0.777808,-0.012272,0.00055,0.951392,0.307737,-0.145355,-0.038987,-0.026279,0.25147,-0.127671,0.033329,-0.08,-0.026982,-0.074425,0.183072,-0.121875,0.026903,-0.031545,0.008086,0.074069,0.180423,0.366726,-0.351327,0.814138,0.087022,0.384642,-0.329213,0.094547,-0.440067,0.437188,0.816147,-0.137827,0.310572,0.451634
-2.136307,0.454726,0.777881,-0.013075,0.000966,0.950882,0.309275,-0.147112,-0.038823,-0.022748,0.251694,-0.127581,0.035378,-0.08227,-0.026853,-0.07119,0.182142,-0.120741,0.027124,-0.03315,0.008036,0.072105,0.175866,0.366512,-0.354085,0.822746,0.095275,0.389928,-0.336062,0.095331,-0.439514,0.435578,0.826459,-0.145467,0.312228,0.456656
-2.136587,0.454653,0.777827,-0.013663,0.001025,0.950292,0.311059,-0.146794,-0.037411,-0.019515,0.25035,-0.128574,0.035718,-0.083869,-0.025795,-0.067762,0.181706,-0.120045,0.027084,-0.0345,0.008043,0.070711,0.174778,0.366268,-0.35116,0.828201,0.097302,0.389157,-0.337717,0.098738,-0.438484,0.432768,0.829727,-0.149998,0.310586,0.458115
-2.136898,0.454639,0.777772,-0.013834,0.001158,0.949671,0.31294,-0.145656,-0.036526,-0.016164,0.24911,-0.129422,0.035021,-0.08442,-0.0251,-0.064014,0.181067,-0.120349,0.027254,-0.035819,0.007356,0.070772,0.176909,0.366914,-0.345649,0.830326,0.094004,0.38516,-0.333343,0.103038,-0.437397,0.431336,0.827303,-0.151482,0.305615,0.457725
-2.137207,0.454725,0.777819,-0.013915,0.001159,0.949107,0.314643,-0.144735,-0.035412,-0.01281,0.24883,-0.12994,0.034828,-0.084685,-0.024157,-0.060607,0.180621,-0.119591,0.027055,-0.037322,0.006371,0.072355,0.180454,0.369009,-0.342269,0.831502,0.0879,0.380443,-0.32553,0.107078,-0.436557,0.433191,0.821735,-0.151213,0.300259,0.454878
-2.137371,0.454806,0.77787,-0.014053,0.001128,0.948624,0.316091,-0.144676,-0.034345,-0.009958,0.249418,-0.130744,0.034875,-0.085095,-0.023135,-0.057786,0.180069,-0.118606,0.026618,-0.038494,0.005355,0.074361,0.183288,0.372496,-0.34252,0.834158,0.083649,0.37946,-0.318023,0.109827,-0.436126,0.438865,0.816064,-0.152477,0.297822,0.453766
