1.047044,-4.946207,0.773638,0.03301,-0.017215,0.668234,0.743019,0.049872,0.088877,0.177216,0.321889,-0.173249,-0.075055,0.00886,-0.083865,-0.022528,0.355402,-0.290815,0.098782,0.072565,-0.035851,0.03628,-0.005545,0.296048,-0.338479,0.936575,0.400592,0.417912,-0.809986,0.102729,-0.319461,0.313845,0.856582,-0.364699,0.458338,0.728745
1.052044,-4.943981,0.772919,0.031168,-0.015354,0.670332,0.741247,0.05041,0.094582,0.172096,0.315787,-0.187141,-0.073637,-0.002625,-0.077539,-0.028436,0.379948,-0.311354,0.088575,0.074774,-0.0334,0.029651,0.003491,0.293246,-0.333694,0.936238,0.409199,0.413857,-0.825446,0.105238,-0.321347,0.321054,0.847953,-0.37061,0.467651,0.723605
1.057456,-4.940882,0.772125,0.02866,-0.01139,0.67122,0.740616,0.050968,0.098587,0.169919,0.305184,-0.201991,-0.07188,-0.022899,-0.072571,-0.031449,0.414241,-0.337484,0.074417,0.07767,-0.033748,0.016727,0.020147,0.292263,-0.326659,0.93224,0.424789,0.411896,-0.846033,0.109304,-0.321906,0.321789,0.841241,-0.371786,0.475308,0.716099
1.06287,-4.936782,0.770634,0.026616,-0.006329,0.670974,0.740976,0.051958,0.101149,0.171097,0.297651,-0.22154,-0.070913,-0.046992,-0.069536,-0.03021,0.456644,-0.372994,0.062077,0.080167,-0.037331,0.000585,0.041068,0.290405,-0.309689,0.928472,0.440749,0.41181,-0.868419,0.113605,-0.319108,0.315198,0.836792,-0.372576,0.482221,0.712734
1.068146,-4.931027,0.768188,0.026003,-0.001561,0.670457,0.741491,0.054477,0.103026,0.176239,0.29725,-0.248306,-0.072358,-0.060243,-0.068703,-0.029681,0.491203,-0.423784,0.048857,0.077682,-0.042739,-0.015569,0.068142,0.287045,-0.282293,0.927443,0.449243,0.412526,-0.887261,0.115145,-0.313568,0.300773,0.835517,-0.370874,0.493235,0.703636
1.073406,-4.923355,0.765078,0.026728,0.001368,0.670185,0.741712,0.060961,0.106024,0.179226,0.306254,-0.281254,-0.075661,-0.056549,-0.069068,-0.031869,0.51271,-0.491188,0.044077,0.068303,-0.04923,-0.028827,0.097715,0.281274,-0.241664,0.938609,0.439271,0.413603,-0.895849,0.123088,-0.302353,0.270125,0.822918,-0.359659,0.507146,0.680806
1.078641,-4.913944,0.761638,0.028483,0.002437,0.669717,0.742066,0.073262,0.110278,0.181573,0.320212,-0.323205,-0.082168,-0.045796,-0.071274,-0.037225,0.535077,-0.558464,0.050994,0.050371,-0.051112,-0.035553,0.127591,0.262143,-0.173872,0.974086,0.402734,0.425352,-0.882526,0.135789,-0.264228,0.179948,0.817105,-0.309267,0.530733,0.642388
1.083561,-4.904754,0.757552,0.032358,0.002897,0.666941,0.744402,0.088679,0.11245,0.187936,0.339445,-0.363858,-0.085494,-0.045559,-0.076115,-0.037817,0.577557,-0.604097,0.051979,0.026709,-0.046627,-0.027558,0.120919,0.229572,-0.100412,1.070768,0.352859,0.48883,-0.830273,0.08788,-0.151194,-0.050225,0.860792,-0.082218,0.652295,0.458496
1.086531,-4.899265,0.751445,0.041948,0.002718,0.658321,0.751562,0.101589,0.105511,0.205828,0.37802,-0.399924,-0.093174,-0.055804,-0.089314,-0.024497,0.634919,-0.631285,0.040202,0.02512,-0.044137,0.001352,-0.001005,0.216132,-0.117213,1.151685,0.387359,0.618144,-0.822401,-0.087021,-0.04097,-0.275266,0.893882,0.505311,0.711227,-0.150949
1.087334,-4.896519,0.743938,0.052026,0.001593,0.647635,0.760171,0.085988,0.10903,0.237295,0.470414,-0.421032,-0.10719,-0.056917,-0.106424,-0.0065,0.677758,-0.689619,0.046768,0.068921,-0.039027,0.049418,-0.153549,0.220799,-0.250359,0.964569,0.426137,0.566406,-0.932876,-0.264213,-0.014313,-0.113614,0.818662,0.956241,0.410422,-0.881645
1.087676,-4.895324,0.740883,0.054143,0.003468,0.641827,0.764928,0.00522,0.143318,0.274592,0.6425,-0.373348,-0.148308,-0.051128,-0.120818,-0.008067,0.680499,-0.749501,0.065881,0.097991,-0.027672,0.099742,-0.271513,0.240991,-0.347605,0.629281,0.160015,0.449059,-0.851023,-0.427178,-0.166558,0.290559,0.593018,0.810984,0.217319,-1.022785
1.086413,-4.898035,0.743157,0.036928,0.007478,0.642437,0.765411,-0.174052,0.178586,0.226334,0.868243,-0.332498,-0.15636,-0.075592,-0.105867,-0.031715,0.661844,-0.751061,0.068725,0.131146,0.009053,0.142792,-0.418274,0.267942,-0.460843,0.290404,-0.215999,0.314664,-0.584333,-0.679143,-0.525739,0.70177,0.515544,0.405287,0.085269,-0.809519
1.082541,-4.90322,0.747999,0.007182,0.02439,0.637096,0.770365,-0.429382,0.17918,0.166074,1.091669,-0.40971,-0.205853,-0.159525,-0.091434,-0.054916,0.655656,-0.716566,0.056927,0.202186,0.059775,0.174385,-0.64614,0.360292,-0.482338,-0.013804,-0.367991,0.146067,-0.33752,-1.17348,-0.836317,1.096518,0.739307,0.136476,-0.025189,-0.492807
1.078854,-4.9079,0.75079,-0.020094,0.049434,0.622016,0.781184,-0.694934,0.178982,0.140087,1.256987,-0.436518,-0.229212,-0.277659,-0.110644,-0.105126,0.710424,-0.698307,-0.011114,0.297761,0.090658,0.222131,-0.781368,0.469567,-0.399415,-0.22397,-0.346803,-0.018937,-0.134135,-1.633617,-0.89913,1.399998,1.11134,0.046065,0.032665,-0.215985
1.077062,-4.904823,0.746598,-0.037282,0.073768,0.614623,0.784479,-0.917877,0.171799,0.130375,1.351964,-0.431833,-0.209454,-0.383949,-0.128981,-0.085779,0.863004,-0.654182,-0.09498,0.385131,0.086832,0.247293,-0.733799,0.565861,-0.376019,-0.319215,-0.269603,-0.06558,0.028962,-1.862895,-0.923498,1.4,1.410709,0.042901,0.162187,-0.148735
1.079194,-4.894317,0.729269,-0.047099,0.097775,0.609544,0.785288,-1.10052,0.17976,0.144695,1.391519,-0.434759,-0.17757,-0.392531,-0.108194,-0.04808,0.92651,-0.663042,-0.094056,0.441088,0.048812,0.224587,-0.562806,0.661079,-0.397981,-0.294746,-0.204025,0.034389,0.117183,-1.995399,-0.94686,1.4,1.486465,0.040025,0.220836,-0.219992
1.084695,-4.879073,0.699173,-0.057831,0.113917,0.606753,0.784557,-1.263355,0.202655,0.142331,1.393133,-0.46682,-0.158808,-0.322782,-0.109976,-0.071658,0.843547,-0.872669,-0.062315,0.498842,-0.004195,0.186673,-0.331988,0.713996,-0.433315,-0.199596,-0.182316,0.199293,0.149942,-2.027832,-0.984869,1.4,1.41897,-0.021891,0.185415,-0.256913
1.089649,-4.858658,0.677172,-0.074511,0.106762,0.598665,0.790348,-1.360852,0.250208,0.099912,1.322836,-0.497794,-0.129363,-0.325311,-0.089919,-0.097174,0.89351,-0.87267,-0.010758,0.56126,-0.02985,0.190542,-0.074695,0.695429,-0.388947,-0.009434,-0.223018,0.361749,0.189722,-2.025673,-1.040405,1.4,1.339466,-0.075242,0.170379,-0.271822
1.091392,-4.828887,0.662158,-0.081568,0.099979,0.590016,0.797014,-1.398551,0.295235,0.088623,1.21664,-0.50926,-0.090277,-0.292274,-0.091361,-0.096696,0.919802,-0.87267,0.039214,0.600229,-0.070432,0.230105,0.171421,0.684182,-0.224495,0.181624,-0.283512,0.511297,0.297214,-1.995151,-1.084178,1.4,1.292752,-0.121932,0.192825,-0.304786
1.098179,-4.78708,0.655666,-0.0781,0.093033,0.591087,0.797409,-1.381934,0.308338,0.090611,1.119184,-0.523167,-0.083264,-0.156628,-0.100117,-0.103682,0.830587,-0.87267,0.094631,0.621624,-0.099311,0.27298,0.373692,0.768135,-0.091978,0.289132,-0.236246,0.571581,0.362623,-1.964862,-1.089118,1.4,1.305254,-0.143362,0.225446,-0.302855
1.108685,-4.736474,0.648268,-0.067402,0.089324,0.600327,0.791888,-1.352229,0.285309,0.096307,1.076778,-0.533948,-0.123552,0.001379,-0.119767,-0.129035,0.758174,-0.87267,0.109107,0.658759,-0.113745,0.301215,0.54151,0.878088,-0.019001,0.330974,-0.133746,0.571866,0.303119,-1.926284,-1.102869,1.4,1.349776,-0.163525,0.227226,-0.248436
1.116831,-4.677619,0.650349,-0.071769,0.093958,0.608125,0.784988,-1.321953,0.265584,0.115087,1.072573,-0.54788,-0.153382,0.149747,-0.11468,-0.160664,0.603982,-0.712968,0.074813,0.727269,-0.166676,0.293884,0.685798,1.07197,0.085799,0.321785,0.014184,0.502575,0.098861,-1.840596,-1.153986,1.4,1.41151,-0.178647,0.243277,-0.189695
1.121468,-4.612833,0.655249,-0.089355,0.111024,0.613516,0.776716,-1.269384,0.230503,0.126128,1.067519,-0.54804,-0.156426,0.244887,-0.112016,-0.199883,0.447165,-0.463129,0.066098,0.805874,-0.229342,0.241271,0.684603,1.286116,0.138155,0.36152,0.126,0.396881,-0.138654,-1.729291,-1.230726,1.4,1.459439,-0.201558,0.260977,-0.150688
1.123508,-4.54589,0.657525,-0.108831,0.12536,0.613082,0.77238,-1.136148,0.205974,0.146098,0.979161,-0.553542,-0.172848,0.274624,-0.126669,-0.252665,0.396838,-0.232034,0.084725,0.867693,-0.272246,0.185885,0.393277,1.428105,-0.015271,0.419812,0.189021,0.31264,-0.281661,-1.652723,-1.277388,1.4,1.497022,-0.207046,0.269375,-0.138842
1.123655,-4.481241,0.663957,-0.121317,0.129753,0.60606,0.775331,-1.08748,0.231504,0.183854,1.041735,-0.540439,-0.169974,0.224573,-0.168051,-0.292091,0.512516,-0.035435,0.089601,0.943248,-0.279183,0.169058,-0.250553,1.349051,-0.475816,0.49453,0.180384,0.201987,-0.268562,-1.578905,-1.341813,1.4,1.506183,-0.231596,0.252463,-0.15151
1.127149,-4.418197,0.669509,-0.12174,0.139391,0.613317,0.767849,-1.004197,0.215053,0.202168,1.038968,-0.529996,-0.162022,0.119266,-0.158466,-0.191898,0.743571,-0.023648,0.09657,0.961855,-0.272501,0.17946,-0.663456,1.071742,-0.739016,0.533623,0.096331,0.040705,-0.17638,-1.554973,-1.399068,1.4,1.500015,-0.235609,0.238789,-0.185643
1.132471,-4.356621,0.671211,-0.118323,0.126314,0.63293,0.754615,-0.891106,0.180477,0.185156,1.055118,-0.588348,-0.121594,-0.026119,-0.114368,-0.174714,1.129492,-0.189363,0.116441,0.881625,-0.243786,0.199065,-0.856334,0.807637,-0.796178,0.450435,0.027167,-0.114801,-0.06312,-1.570008,-1.378996,1.4,1.485527,-0.24677,0.219039,-0.193431
1.133472,-4.298251,0.667835,-0.108166,0.123417,0.651676,0.740531,-0.802592,0.121805,0.168569,1.100285,-0.650792,-0.066879,-0.234476,-0.118447,-0.16783,1.495389,-0.429688,0.097543,0.767412,-0.245779,0.237059,-1.046633,0.550278,-0.840499,0.351563,-0.005365,-0.220484,0.069132,-1.618537,-1.327338,1.4,1.47849,-0.248261,0.206122,-0.167422
1.134002,-4.24122,0.669212,-0.10483,0.138128,0.656992,0.733684,-0.716154,0.079283,0.196632,1.078527,-0.673951,-0.009842,-0.537927,-0.163672,-0.141156,1.720037,-0.617177,0.027315,0.643263,-0.299286,0.259389,-1.254842,0.351965,-0.87457,0.276777,-0.017404,-0.263855,0.211153,-1.69346,-1.26105,1.4,1.461256,-0.24789,0.198154,-0.150956
1.138362,-4.179469,0.673435,-0.103167,0.154658,0.65515,0.732268,-0.606083,0.044346,0.218881,1.008122,-0.666137,0.004799,-0.864605,-0.178457,-0.092892,1.744094,-0.690093,-0.021528,0.514625,-0.362512,0.25521,-1.441596,0.245571,-0.892719,0.239277,-0.036843,-0.251978,0.326008,-1.764777,-1.188407,1.4,1.4329,-0.257329,0.186753,-0.157641
1.147341,-4.110821,0.679201,-0.095787,0.155546,0.65289,0.735095,-0.44304,0.020704,0.219247,0.911392,-0.605574,-0.019689,-1.101554,-0.11185,-0.041455,1.586151,-0.648304,-0.028044,0.397193,-0.386791,0.243993,-1.562647,0.210193,-0.905078,0.247618,-0.089412,-0.216447,0.376466,-1.823615,-1.097004,1.4,1.420005,-0.261926,0.200522,-0.167064
1.158381,-4.031406,0.689877,-0.082435,0.149325,0.641032,0.748321,-0.235249,-0.010246,0.21199,0.762553,-0.407344,-0.059103,-1.199089,-0.005309,0.01458,1.276764,-0.560525,0.031362,0.354116,-0.40026,0.232975,-1.656358,0.259667,-0.960027,0.269782,-0.076455,-0.19713,0.354176,-1.838369,-1.029082,1.4,1.394237,-0.271926,0.206585,-0.148344
1.168172,-3.943088,0.702287,-0.062801,0.130595,0.631891,0.76139,-0.011414,-0.031002,0.218506,0.595044,-0.044521,-0.077691,-1.174234,0.066699,0.06328,0.953068,-0.477464,0.122718,0.351087,-0.38828,0.238303,-1.661208,0.374186,-1.005427,0.248991,-0.041812,-0.171697,0.244118,-1.832,-0.971794,1.4,1.377541,-0.263339,0.212784,-0.12225
1.178059,-3.850841,0.711872,-0.056357,0.108334,0.63089,0.766202,0.124899,-0.012127,0.209222,0.509926,0.38239,-0.117072,-1.135542,0.052941,-0.006638,0.834755,-0.394772,0.109218,0.341637,-0.333592,0.230469,-1.552078,0.511978,-1.004022,0.186922,-0.029319,-0.127804,0.076106,-1.835226,-0.926177,1.4,1.356906,-0.247447,0.235469,-0.111212
1.185496,-3.756779,0.711221,-0.069775,0.078132,0.645797,0.756289,0.129402,0.024952,0.087489,0.701295,0.52359,-0.196704,-1.034254,0.024212,-0.070329,0.837426,-0.366172,0.047926,0.313452,-0.242746,0.206415,-1.379796,0.644059,-1.047332,0.140727,-0.036208,-0.078853,-0.145192,-1.841105,-0.916314,1.4,1.334319,-0.249549,0.250373,-0.116889
1.199144,-3.659292,0.716271,-0.040387,0.085551,0.68463,0.722725,0.078283,0.055133,0.108754,0.95759,0.43369,-0.099173,-0.854878,-0.091971,-0.055209,0.849959,-0.360762,0.062775,0.261407,-0.269619,0.23629,-1.134081,0.809469,-1.125695,0.077641,-0.029547,-0.016096,-0.421567,-1.830264,-0.925757,1.4,1.350078,-0.228938,0.261045,-0.125852
1.213616,-3.574281,0.705226,0.000303,0.094288,0.698765,0.70911,-0.088419,0.014037,0.089091,1.412141,0.110106,-0.039486,-0.748654,-0.173073,-0.050658,0.965905,-0.417578,-0.000299,0.307138,-0.308332,0.316258,-0.824586,0.948488,-1.129357,0.088603,-0.023143,0.032181,-0.641341,-1.823363,-0.985875,1.4,1.372559,-0.226861,0.234832,-0.135426
1.222957,-3.49668,0.693712,0.001613,0.101978,0.696182,0.710583,-0.366747,-0.079423,0.075116,1.759549,-0.186003,0.016729,-0.695485,-0.187558,-0.047152,1.104087,-0.569389,-0.02874,0.413106,-0.301173,0.345612,-0.468969,1.062944,-1.040597,0.13699,-0.013466,0.078192,-0.764882,-1.7887,-1.09698,1.4,1.392836,-0.240113,0.209717,-0.159697
1.233935,-3.414383,0.688979,-0.044972,0.119407,0.690645,0.711849,-0.727718,-0.049225,0.085509,1.890662,-0.428208,0.02694,-0.6453,-0.14719,-0.109157,1.10019,-0.659282,-0.047841,0.494895,-0.303923,0.257139,0.050797,1.172784,-0.714763,0.144459,0.047521,0.119203,-0.826194,-1.690307,-1.213403,1.4,1.397239,-0.242811,0.182077,-0.182463
1.2434,-3.324796,0.690865,-0.078977,0.102434,0.675221,0.726186,-0.950454,0.042409,0.070229,1.79354,-0.573562,0.009781,-0.474038,-0.048059,-0.153984,0.995534,-0.649571,-0.060019,0.622415,-0.255657,0.206814,0.516204,1.186006,-0.312408,0.168734,0.084964,0.152467,-0.837344,-1.596213,-1.3121,1.4,1.418649,-0.249079,0.198641,-0.181473
1.248579,-3.228697,0.700611,-0.082412,0.074612,0.667325,0.736423,-1.031359,0.058201,0.050686,1.513157,-0.589472,-0.022387,-0.230032,0.01377,-0.145569,0.852679,-0.508547,-0.044931,0.719128,-0.194449,0.181007,0.860266,1.139132,0.057997,0.18706,0.091312,0.167103,-0.82526,-1.542205,-1.357576,1.4,1.426167,-0.237582,0.213567,-0.16454
1.252646,-3.127827,0.715842,-0.069236,0.055582,0.661933,0.744286,-0.969487,0.032412,0.049325,1.073283,-0.549104,-0.052348,0.012533,0.011616,-0.129209,0.688339,-0.240582,-0.004605,0.798108,-0.155117,0.17079,0.983727,1.128983,0.257304,0.239487,0.077865,0.183454,-0.769248,-1.510755,-1.376124,1.4,1.439067,-0.22072,0.215484,-0.14858
1.257666,-3.025856,0.728393,-0.056563,0.042903,0.647897,0.758412,-0.830226,0.037935,0.071899,0.600118,-0.469932,-0.054257,0.18269,-0.026293,-0.14172,0.573997,0.090374,0.050547,0.878995,-0.126095,0.162264,0.88589,1.173466,0.248422,0.331054,0.067362,0.196811,-0.680139,-1.487688,-1.395478,1.4,1.438563,-0.211459,0.215047,-0.158767
1.263339,-2.926484,0.736492,-0.038452,0.053889,0.635151,0.769546,-0.76516,0.029469,0.153183,0.423798,-0.360475,-0.0374,0.214673,-0.123999,-0.145843,0.636342,0.325374,0.082851,0.91207,-0.156396,0.180626,0.619416,1.202433,0.085626,0.426618,0.040535,0.17143,-0.566494,-1.475075,-1.387462,1.4,1.423402,-0.217291,0.215499,-0.170273
1.269416,-2.829027,0.73852,-0.035333,0.056902,0.624195,0.778392,-0.700453,0.052042,0.218697,0.477863,-0.253934,-0.06232,0.180548,-0.185272,-0.142939,0.85502,0.218239,0.039406,0.867715,-0.201013,0.181428,0.379602,1.199594,-0.036831,0.422302,0.010639,0.098034,-0.467357,-1.503827,-1.315151,1.4,1.407218,-0.226177,0.219258,-0.184604
1.273637,-2.737509,0.724837,-0.050317,0.02587,0.621459,0.781401,-0.615193,0.112421,0.205438,0.602803,-0.28798,-0.094694,0.064377,-0.143811,-0.119459,1.230256,0.005966,0.0211,0.80713,-0.16454,0.176115,-0.135295,1.151977,-0.387279,0.49755,-0.014158,-0.033797,-0.325639,-1.563015,-1.259359,1.4,1.432907,-0.23694,0.225946,-0.209599
1.276142,-2.655151,0.704908,-0.054253,0.008558,0.64299,0.763903,-0.598022,0.103131,0.149,0.837052,-0.427199,-0.040897,-0.103675,-0.040602,-0.091595,1.563761,-0.252207,0.029883,0.650452,-0.159609,0.193021,-0.497634,1.057947,-0.588352,0.463323,-0.031556,-0.141836,-0.198819,-1.613147,-1.18248,1.4,1.438161,-0.250988,0.210916,-0.21842
1.279073,-2.576694,0.685008,-0.057392,0.02063,0.654766,0.753367,-0.593337,0.06312,0.133612,1.037982,-0.587705,0.040142,-0.389468,0.001179,-0.08715,1.798046,-0.51618,-0.000924,0.489769,-0.191465,0.18423,-0.820402,0.865394,-0.745111,0.450241,-0.049355,-0.220191,-0.084644,-1.691103,-1.090288,1.4,1.392965,-0.241944,0.137587,-0.21571
1.281055,-2.492493,0.679612,-0.058314,0.050187,0.659284,0.747947,-0.504326,0.002906,0.159266,1.040559,-0.649704,0.076205,-0.711473,-0.030745,-0.071454,1.814495,-0.659509,-0.014704,0.350066,-0.238631,0.153537,-1.065222,0.663483,-0.83184,0.399401,-0.059417,-0.252646,0.010072,-1.759344,-1.008322,1.4,1.379965,-0.221637,0.032741,-0.238317
1.28659,-2.398545,0.682243,-0.039002,0.060734,0.660597,0.747263,-0.308719,-0.066181,0.164528,0.964914,-0.589196,0.051945,-0.911533,-0.042188,-0.028538,1.630898,-0.684035,0.004246,0.254656,-0.279419,0.153618,-1.20432,0.511828,-0.889642,0.26217,-0.093448,-0.222702,0.058508,-1.766256,-0.942921,1.4,1.363902,-0.235248,-0.024325,-0.254785
1.29589,-2.296652,0.693038,-0.017055,0.051033,0.645948,0.761483,-0.058854,-0.104289,0.161288,0.826512,-0.332257,-0.011655,-0.973609,0.003129,-0.005075,1.302097,-0.619571,0.043956,0.229078,-0.304235,0.16697,-1.250908,0.440761,-0.96892,0.064472,-0.144901,-0.189902,0.091642,-1.737882,-0.891846,1.4,1.328936,-0.249668,-0.046221,-0.241749
1.306767,-2.189841,0.706422,-0.00663,0.030721,0.639013,0.768553,0.148901,-0.103306,0.143743,0.677863,0.114795,-0.049522,-0.925465,0.068105,0.025648,0.916439,-0.496272,0.113522,0.21018,-0.281019,0.177771,-1.208953,0.44931,-0.994044,-0.139403,-0.173751,-0.161198,0.119035,-1.721834,-0.857981,1.4,1.293844,-0.249264,-0.030715,-0.217208
1.31483,-2.081726,0.716468,-0.02689,0.01314,0.646549,0.762285,0.239191,-0.095608,0.01068,0.604773,0.522495,-0.203813,-0.91139,0.098354,-0.014817,0.744415,-0.34743,0.127455,0.17695,-0.20972,0.157167,-1.076108,0.525479,-0.963591,-0.281924,-0.151739,-0.076447,0.113368,-1.724775,-0.839197,1.4,1.290149,-0.238299,0.005531,-0.1908
1.324138,-1.973802,0.725237,-0.033451,0.012991,0.679455,0.732839,0.230628,0.002756,0.085666,0.789479,0.450603,-0.154404,-0.839091,0.006667,-0.110616,0.760376,-0.288097,0.12482,0.131249,-0.186661,0.160941,-0.842869,0.638614,-0.970962,-0.30334,-0.126251,0.078985,0.048123,-1.732427,-0.852594,1.4,1.321586,-0.228549,0.040441,-0.184063
1.341085,-1.868014,0.721814,0.010025,0.029198,0.698761,0.714689,0.120031,0.09514,0.183099,1.221756,0.170863,-0.028461,-0.678286,-0.106674,-0.10098,0.818915,-0.302814,0.124023,0.179281,-0.261204,0.244248,-0.553969,0.789221,-0.971463,-0.14705,-0.075374,0.245559,-0.055186,-1.740486,-0.892491,1.4,1.368795,-0.226564,0.053219,-0.18388
1.352514,-1.772134,0.708223,0.043721,0.055076,0.70486,0.705852,-0.093738,-0.01019,0.12593,1.625894,-0.216409,0.025886,-0.610413,-0.185459,-0.068767,0.958537,-0.40332,0.01386,0.261895,-0.302514,0.31167,-0.235968,0.889933,-0.838597,0.108294,0.035547,0.3948,-0.213373,-1.757766,-0.961745,1.4,1.392291,-0.229132,0.017226,-0.198567
1.359915,-1.680406,0.694533,0.013011,0.081875,0.711976,0.697293,-0.468484,-0.059781,0.107775,1.886441,-0.569275,0.061151,-0.617223,-0.200044,-0.101506,1.116674,-0.559786,-0.069893,0.319378,-0.293949,0.260762,0.132249,0.929021,-0.518673,0.290094,0.157307,0.403304,-0.424918,-1.739861,-1.063472,1.4,1.386736,-0.235093,-0.025342,-0.211879
1.365108,-1.579811,0.692221,-0.035337,0.082904,0.707529,0.700915,-0.799167,-0.022831,0.081239,1.886793,-0.763048,0.022931,-0.502821,-0.131131,-0.174644,1.086433,-0.617819,-0.099648,0.401335,-0.256855,0.184108,0.487879,0.933532,-0.126347,0.376626,0.162541,0.321655,-0.597098,-1.680054,-1.165844,1.4,1.383586,-0.234082,-0.019079,-0.210982
1.369075,-1.47061,0.698342,-0.04785,0.054746,0.703308,0.707157,-0.959056,-0.017064,0.036948,1.686693,-0.798132,-0.008739,-0.257079,-0.043066,-0.191769,0.97548,-0.515821,-0.076561,0.539063,-0.197428,0.159962,0.730905,1.023676,0.132735,0.41382,0.151744,0.253115,-0.728221,-1.566778,-1.246825,1.4,1.4348,-0.214046,0.110277,-0.166324
1.370806,-1.355338,0.713076,-0.031777,0.028892,0.701659,0.711217,-0.946294,-0.042985,0.033717,1.307852,-0.747622,-0.03047,0.028643,-0.017241,-0.174581,0.806569,-0.244417,-0.015855,0.65047,-0.143707,0.153948,0.897373,1.163693,0.304367,0.439933,0.168943,0.229388,-0.78387,-1.493585,-1.30414,1.4,1.411149,-0.197773,0.239634,-0.093551
1.371087,-1.240016,0.727147,-0.01355,0.020035,0.690035,0.723372,-0.815033,-0.06338,0.046602,0.780258,-0.633874,-0.042497,0.222437,-0.045778,-0.140875,0.671204,0.136697,0.070255,0.745047,-0.111373,0.141927,0.915317,1.287906,0.337528,0.449736,0.201022,0.250418,-0.705446,-1.464543,-1.348597,1.4,1.369065,-0.207697,0.297955,-0.053338
1.373219,-1.126058,0.735538,-0.002759,0.038592,0.669817,0.741517,-0.736777,-0.067138,0.122908,0.422784,-0.419946,-0.036406,0.28392,-0.108468,-0.071857,0.657911,0.353592,0.138351,0.816213,-0.146817,0.129565,0.747301,1.339377,0.22964,0.41185,0.199879,0.253067,-0.577405,-1.449106,-1.368532,1.4,1.322762,-0.249907,0.330911,-0.031917
1.374206,-1.014183,0.741162,0.002643,0.056691,0.654581,0.753859,-0.714001,-0.04975,0.252352,0.425633,-0.228624,-0.0521,0.259419,-0.238328,-0.126049,0.855961,0.245228,0.061829,0.79151,-0.212853,0.128495,0.527861,1.304046,0.092733,0.349382,0.168219,0.215712,-0.466447,-1.490045,-1.2954,1.4,1.300609,-0.252875,0.350106,-0.045991
1.372896,-0.905141,0.730039,-0.008418,0.026983,0.653315,0.756558,-0.605176,0.004821,0.240808,0.51415,-0.162385,-0.063991,0.18885,-0.282667,-0.146728,1.206575,0.055831,-0.002613,0.711303,-0.183056,0.11558,0.130912,1.242419,-0.21427,0.333083,0.130146,0.14995,-0.381407,-1.539034,-1.215241,1.4,1.336426,-0.27159,0.334955,-0.085243
1.370397,-0.807529,0.711581,-0.035549,-0.025772,0.668623,0.742304,-0.540857,0.063803,0.145553,0.700584,-0.272004,0.006949,0.097357,-0.128944,-0.108586,1.507233,-0.2131,-0.020883,0.586022,-0.08683,0.099326,-0.316055,1.088649,-0.528755,0.342043,0.08004,0.09581,-0.30999,-1.591442,-1.14517,1.4,1.390592,-0.257775,0.288894,-0.131601
1.369033,-0.714909,0.698297,-0.034417,-0.025949,0.683239,0.728922,-0.500771,0.025398,0.112909,0.921121,-0.450392,0.115489,-0.112081,-0.045785,-0.063663,1.739611,-0.522858,-0.036111,0.424298,-0.091169,0.10618,-0.546082,0.872037,-0.639454,0.30568,0.034076,0.058904,-0.259166,-1.622129,-1.058173,1.4,1.363162,-0.242486,0.264196,-0.13437
1.368784,-0.61957,0.69597,-0.047045,-0.001741,0.674482,0.736789,-0.430982,0.013249,0.144419,0.992334,-0.53488,0.151971,-0.434789,-0.016717,-0.029717,1.786443,-0.708864,-0.025444,0.325818,-0.13268,0.066876,-0.833384,0.670936,-0.776877,0.30303,0.007483,0.045166,-0.212487,-1.640345,-0.967959,1.4,1.354165,-0.266862,0.284849,-0.07767
1.370828,-0.514739,0.702706,-0.029485,0.018997,0.667037,0.744199,-0.248412,-0.053032,0.181895,0.928822,-0.412709,0.09922,-0.656166,-0.033038,0.004952,1.619025,-0.750495,0.0041,0.260637,-0.191757,0.052208,-1.026989,0.504965,-0.850319,0.219263,-0.015229,0.0443,-0.176434,-1.613087,-0.919865,1.4,1.303877,-0.318905,0.31763,0.008911
1.375087,-0.403425,0.715632,-0.002857,0.014167,0.662822,0.748638,-0.010814,-0.09526,0.194555,0.803571,-0.079964,0.030412,-0.715033,-0.025059,0.005945,1.274801,-0.698109,0.039303,0.213255,-0.210474,0.077014,-1.130174,0.420031,-0.868932,0.027721,-0.038023,0.043117,-0.121198,-1.591881,-0.893692,1.4,1.244826,-0.34505,0.330835,0.08917
1.38084,-0.291369,0.728942,-0.001899,-0.005214,0.673367,0.739287,0.149826,-0.071664,0.139765,0.691081,0.390131,-0.071564,-0.662718,0.037171,0.014035,0.786035,-0.558377,0.061327,0.143266,-0.140871,0.09343,-1.100543,0.397811,-0.799631,-0.20042,-0.06218,0.044211,-0.054203,-1.620373,-0.874682,1.4,1.208494,-0.322149,0.343418,0.111924
1.383723,-0.179891,0.737661,-0.036462,-0.021938,0.699629,0.713238,0.212331,0.005916,0.051947,0.707918,0.523406,-0.198734,-0.694099,0.078552,-0.036238,0.526612,-0.328482,0.07085,0.062632,-0.042676,0.058528,-0.918788,0.437159,-0.789759,-0.312398,-0.069502,0.115979,-0.046383,-1.635223,-0.855889,1.4,1.226822,-0.294597,0.355725,0.080293
1.389245,-0.065566,0.747992,-0.031645,-0.022323,0.72998,0.682371,0.197496,0.125776,0.13416,0.95753,0.410091,-0.14067,-0.697891,0.016364,-0.113965,0.591414,-0.201245,0.107748,0.03935,-0.045326,0.076127,-0.704542,0.557465,-0.868624,-0.217712,-0.012604,0.251744,-0.140915,-1.635584,-0.878996,1.4,1.269811,-0.281403,0.356027,0.024685
1.396039,0.044402,0.737488,0.029222,0.002032,0.742606,0.669088,0.115467,0.051285,0.119793,1.378245,0.120126,-0.089625,-0.593,-0.098658,-0.065804,0.715611,-0.207671,0.141463,0.104685,-0.154072,0.14451,-0.473664,0.691767,-0.90406,0.025829,0.104289,0.386081,-0.325406,-1.632099,-0.927126,1.4,1.316978,-0.283208,0.332504,-0.025434
1.405415,0.14673,0.719429,0.08199,0.043761,0.74666,0.658681,-0.061396,-0.137867,0.107355,1.725295,-0.253614,-0.007675,-0.528083,-0.211977,-0.013077,0.870826,-0.29149,0.03218,0.228033,-0.272113,0.224908,-0.246501,0.826138,-0.801942,0.254324,0.230461,0.378601,-0.55885,-1.621557,-1.028634,1.4,1.342806,-0.271043,0.301236,-0.07528
1.414513,0.245868,0.702314,0.072506,0.072386,0.759527,0.642357,-0.373828,-0.183479,0.127923,1.916876,-0.602166,0.050684,-0.529552,-0.257702,-0.045431,1.098934,-0.48127,-0.079468,0.321182,-0.313823,0.227558,0.031564,0.895568,-0.457669,0.420915,0.240823,0.31792,-0.720845,-1.565436,-1.181626,1.4,1.336561,-0.258069,0.279321,-0.097608
1.414888,0.353172,0.695999,0.03057,0.073371,0.764099,0.640184,-0.669811,-0.140104,0.122318,1.86453,-0.780455,0.056255,-0.427918,-0.208636,-0.133759,1.144562,-0.547369,-0.11034,0.370721,-0.284657,0.146549,0.307588,0.955101,-0.093553,0.511963,0.192812,0.252885,-0.809136,-1.508531,-1.263245,1.4,1.335577,-0.25517,0.310212,-0.077493
1.411566,0.466834,0.701373,0.024906,0.040248,0.753377,0.655883,-0.77221,-0.10368,0.093565,1.59648,-0.802135,0.048046,-0.18252,-0.10767,-0.152453,1.069678,-0.427316,-0.066837,0.479946,-0.211105,0.115177,0.553946,1.087249,0.128405,0.506847,0.210241,0.233831,-0.866042,-1.440643,-1.296917,1.4,1.355502,-0.271678,0.336674,-0.016681
1.40654,0.58212,0.715688,0.046658,0.011327,0.732782,0.678768,-0.709188,-0.102176,0.072046,1.140239,-0.737466,0.043401,0.085267,-0.077809,-0.11971,0.93424,-0.144565,0.010722,0.600572,-0.146004,0.118583,0.772016,1.188374,0.308486,0.488967,0.213791,0.237699,-0.836623,-1.405024,-1.311611,1.4,1.369823,-0.267661,0.344325,0.046259
1.401859,0.69778,0.727437,0.059564,0.000812,0.698899,0.712736,-0.56081,-0.085538,0.047192,0.540187,-0.558777,0.01612,0.244171,-0.113725,-0.083625,0.831163,0.2277,0.115417,0.723613,-0.083631,0.098747,0.830879,1.225006,0.332144,0.478957,0.195711,0.249221,-0.725698,-1.455623,-1.319706,1.4,1.38211,-0.212306,0.348961,0.054168
1.398787,0.812707,0.733615,0.06282,0.017101,0.65869,0.749593,-0.544067,-0.059158,0.076999,0.260653,-0.332775,-0.026888,0.318732,-0.206312,-0.058081,0.801419,0.27418,0.129323,0.837363,-0.063227,0.068869,0.670832,1.210735,0.170857,0.46468,0.197922,0.254803,-0.630255,-1.57877,-1.299356,1.4,1.392409,-0.089202,0.36442,0.021292
1.395287,0.922081,0.738256,0.0727,0.034514,0.643901,0.760865,-0.59043,-0.077751,0.181921,0.358309,-0.163205,-0.0834,0.285605,-0.319981,-0.076627,1.00322,0.112816,0.072033,0.831096,-0.072556,0.075307,0.456963,1.119854,0.000536,0.430139,0.182433,0.23665,-0.56278,-1.652391,-1.233606,1.399988,1.383231,0.000578,0.379237,0.007523
1.392804,1.029395,0.722136,0.069365,0.007641,0.646151,0.760012,-0.551285,-0.052431,0.167815,0.544721,-0.063616,-0.18891,0.225949,-0.291437,-0.052025,1.322544,-0.10645,0.036682,0.76062,-0.044336,0.068429,0.218411,1.049514,-0.172873,0.41197,0.155005,0.203674,-0.542184,-1.628733,-1.177528,1.4,1.375328,-0.034747,0.382868,0.065021
1.386542,1.12924,0.693875,0.025825,-0.054607,0.651172,0.756522,-0.481793,0.046017,0.083553,0.681121,-0.138375,-0.126029,0.13812,-0.05909,-0.021261,1.572868,-0.372329,-0.03049,0.6561,0.065549,0.027394,-0.088185,0.936594,-0.368493,0.412822,0.138755,0.179314,-0.556817,-1.62502,-1.102124,1.4,1.396637,-0.043722,0.383858,0.100521
1.376553,1.220165,0.67928,0.014435,-0.06471,0.652604,0.754793,-0.471819,0.043861,0.074956,0.93418,-0.303389,0.027329,-0.051916,0.021094,-0.008536,1.739057,-0.653665,-0.057797,0.540937,0.097267,0.022072,-0.284587,0.727828,-0.444495,0.360303,0.084377,0.135775,-0.585473,-1.629921,-1.012389,1.4,1.372876,-0.024105,0.384105,0.096233
1.372288,1.31298,0.671842,0.015337,-0.063736,0.641613,0.764222,-0.419511,0.043749,0.114519,1.144956,-0.382663,0.052569,-0.266645,0.057874,0.004428,1.718212,-0.821476,-0.046186,0.461364,0.135096,0.020076,-0.39931,0.495963,-0.45965,0.248409,0.004122,0.095798,-0.611353,-1.67234,-0.921746,1.399418,1.338272,0.040122,0.383516,0.070469
1.372286,1.410172,0.674133,0.008816,-0.056745,0.628551,0.775645,-0.335895,0.050939,0.153794,1.229927,-0.254879,-0.027751,-0.470452,0.096869,-0.010459,1.499522,-0.826728,-0.027755,0.39708,0.160539,0.018195,-0.535092,0.335495,-0.479033,0.064211,-0.084687,0.089225,-0.526003,-1.706539,-0.83457,1.378258,1.320062,0.130777,0.404997,-0.008882
1.376461,1.509083,0.681288,0.019066,-0.051909,0.633489,0.771773,-0.233552,-0.000247,0.1438,1.224814,0.080683,-0.129625,-0.541242,0.078125,-0.067127,1.109839,-0.759328,0.020269,0.320002,0.145202,0.043885,-0.643751,0.345204,-0.541386,-0.216156,-0.097588,0.122674,-0.393117,-1.700572,-0.80351,1.363251,1.289237,0.162037,0.420181,-0.051989
1.381461,1.60626,0.690472,0.027782,-0.052768,0.659375,0.749446,-0.128708,0.000288,0.141425,1.16302,0.45831,-0.126184,-0.535896,0.070309,-0.071851,0.66297,-0.550118,0.076007,0.214008,0.141797,0.071252,-0.602409,0.366029,-0.553337,-0.422057,-0.138028,0.142228,-0.197763,-1.694214,-0.797517,1.337764,1.245927,0.158575,0.432236,-0.079018
1.388775,1.704559,0.696809,0.024711,-0.057711,0.689275,0.721775,-0.008258,0.101783,0.171346,1.177321,0.30413,-0.010768,-0.622975,0.039198,-0.120599,0.552785,-0.26998,0.123812,0.139239,0.165735,0.07261,-0.427992,0.397427,-0.596362,-0.427179,-0.155614,0.217779,-0.042439,-1.657976,-0.812896,1.289439,1.216391,0.156812,0.439194,-0.126505
1.391343,1.80541,0.693467,0.053635,-0.060464,0.705623,0.703962,0.018456,0.056713,0.104511,1.32167,0.104452,-0.042559,-0.733181,-0.048413,-0.126896,0.80303,-0.063501,0.140695,0.132211,0.155486,0.116561,-0.244406,0.46616,-0.61681,-0.239109,-0.099684,0.359218,-0.013516,-1.607034,-0.863767,1.279452,1.208685,0.136384,0.448273,-0.117979
1.396178,1.90525,0.672077,0.12983,-0.023645,0.730121,0.670454,-0.025648,-0.158,0.069108,1.498579,-0.163664,-0.008526,-0.653454,-0.232067,-0.042217,0.929326,-0.084285,0.050834,0.111657,0.016987,0.210242,-0.040663,0.495879,-0.59833,0.083678,-0.039755,0.518831,-0.052562,-1.533119,-0.930524,1.27709,1.202196,0.099525,0.467416,-0.063127
1.403794,1.996742,0.650791,0.14939,-0.0022,0.743045,0.652351,-0.168761,-0.244194,0.076089,1.613825,-0.472217,0.019225,-0.638895,-0.313211,-0.040426,1.138512,-0.231186,-0.081059,0.100251,-0.050679,0.249975,0.183926,0.493914,-0.479197,0.397621,0.092606,0.654616,-0.242322,-1.394727,-0.986365,1.190633,1.158067,0.042428,0.473961,0.041033
1.408911,2.087596,0.633642,0.136392,-0.002357,0.757922,0.637923,-0.361516,-0.220982,0.097067,1.622771,-0.672735,0.031044,-0.605363,-0.357298,-0.103187,1.395833,-0.457304,-0.123855,0.097612,-0.072616,0.243134,0.399539,0.519268,-0.267912,0.543883,0.377264,0.569183,-0.706077,-1.169772,-1.047359,1.005037,1.078235,-0.013872,0.470187,0.161404
1.410841,2.176515,0.638694,0.127321,-0.021472,0.754921,0.642979,-0.463615,-0.150226,0.138378,1.415917,-0.706338,0.033347,-0.438892,-0.313876,-0.167413,1.441003,-0.504361,-0.102871,0.154541,-0.061713,0.248235,0.61016,0.571239,-0.039164,0.5734,0.483525,0.372023,-1.053587,-0.878125,-1.076558,0.772126,0.973715,-0.040109,0.472234,0.223982
1.411676,2.264261,0.649516,0.127121,-0.040281,0.739045,0.660326,-0.465954,-0.117692,0.146711,1.039221,-0.652297,-0.004639,-0.271126,-0.249938,-0.177654,1.43793,-0.422924,-0.050774,0.247748,-0.03751,0.252463,0.813591,0.637048,0.130382,0.535629,0.478393,0.268261,-1.177332,-0.549855,-1.058031,0.534769,0.841052,-0.059133,0.50795,0.220012
