0.565775,-2.644647,0.709545,-0.009909,-0.009657,0.011957,0.999833,-0.549908,-0.034149,-0.029197,0.939975,-0.33611,-0.073556,-0.507636,-0.191447,-0.078965,1.218595,-0.472531,0.133506,0.060747,0.002826,0.186195,-1.663512,1.050169,-0.864872,0.515464,0.018405,-0.05451,0.660764,-1.797738,-1.29134,1.126796,0.541291,-0.147593,-0.032495,-0.71981
0.554267,-2.645664,0.690856,-0.007978,0.014575,0.021705,0.999626,-0.680988,-0.054531,-0.036441,1.038673,-0.358865,-0.077789,-0.598156,-0.188385,-0.058001,1.32311,-0.439804,0.162967,0.049581,0.009017,0.168563,-1.916439,1.08453,-0.956914,0.517651,0.075287,-0.060862,0.820759,-2.163198,-1.266227,1.314901,0.655992,-0.191155,-0.039916,-0.89673
0.544688,-2.648259,0.673723,-0.007246,0.032843,0.024274,0.999139,-0.784382,-0.059128,-0.036431,1.119243,-0.381667,-0.081333,-0.64003,-0.173657,-0.040593,1.351562,-0.499678,0.177442,0.054853,0.013376,0.150752,-2.100705,1.090008,-1.048531,0.558889,0.077871,-0.045534,0.837142,-2.380068,-1.2238,1.39998,0.730705,-0.177862,-0.027937,-0.903124
0.537555,-2.65269,0.657857,-0.007043,0.041802,0.022333,0.998851,-0.855899,-0.051928,-0.035564,1.191114,-0.411485,-0.094906,-0.650511,-0.160856,-0.032712,1.347137,-0.631797,0.180035,0.056634,0.001682,0.139857,-2.253225,1.081429,-1.170129,0.603383,0.059666,-0.020742,0.789762,-2.458232,-1.196398,1.4,0.758013,-0.166443,-0.014638,-0.848335
0.531393,-2.657827,0.643829,-0.00546,0.044778,0.017763,0.998824,-0.904681,-0.04145,-0.032846,1.251235,-0.439206,-0.108055,-0.656455,-0.154931,-0.035989,1.355169,-0.753976,0.172582,0.058737,-0.012098,0.136291,-2.360806,1.068759,-1.275261,0.638644,0.052261,0.002518,0.743414,-2.48627,-1.171312,1.4,0.777197,-0.163112,-0.003089,-0.794397
0.524924,-2.662649,0.631889,-0.001223,0.046097,0.011104,0.998875,-0.943178,-0.030617,-0.02436,1.298401,-0.457754,-0.115208,-0.680308,-0.157838,-0.046233,1.385431,-0.82951,0.142049,0.056154,-0.031951,0.139431,-2.461016,1.057741,-1.38822,0.678341,0.059167,0.02199,0.727618,-2.493219,-1.143821,1.4,0.807204,-0.171988,0.0098,-0.758211
0.517497,-2.667085,0.62258,0.002537,0.047153,0.008158,0.998851,-0.976965,-0.025877,-0.020524,1.330275,-0.461276,-0.117562,-0.719798,-0.155401,-0.041697,1.436309,-0.849982,0.105031,0.057466,-0.038224,0.135695,-2.475579,1.043976,-1.399999,0.714709,0.09366,0.042474,0.738893,-2.480456,-1.114373,1.4,0.848536,-0.201271,0.021097,-0.745136
0.509627,-2.671614,0.61634,0.005731,0.04788,0.007446,0.998809,-1.003443,-0.02409,-0.020217,1.346221,-0.454472,-0.120513,-0.766009,-0.149572,-0.029056,1.488674,-0.823031,0.093408,0.053022,-0.042485,0.139845,-2.485823,1.025004,-1.4,0.758791,0.083379,0.062685,0.766169,-2.477303,-1.08205,1.4,0.905909,-0.199068,0.032387,-0.745994
0.50173,-2.676353,0.613423,0.009017,0.048591,0.007226,0.998752,-1.021112,-0.022453,-0.020435,1.345726,-0.43968,-0.123588,-0.801143,-0.146613,-0.025465,1.519268,-0.792449,0.084446,0.049009,-0.044216,0.147909,-2.491393,1.004067,-1.4,0.807565,0.041262,0.072439,0.792396,-2.482742,-1.047393,1.4,0.965754,-0.160675,0.042999,-0.747291
0.493781,-2.681227,0.614188,0.011957,0.049165,0.009477,0.998674,-1.029566,-0.025412,-0.024029,1.327524,-0.413677,-0.128412,-0.823219,-0.146436,-0.026035,1.527202,-0.762461,0.079255,0.043535,-0.043381,0.15211,-2.480718,0.982339,-1.4,0.859602,0.021535,0.063199,0.808085,-2.479362,-1.015888,1.4,1.023852,-0.130123,0.045076,-0.736819
0.485931,-2.685817,0.618047,0.014843,0.049948,0.013043,0.998556,-1.029438,-0.031618,-0.028739,1.293096,-0.379697,-0.133833,-0.836291,-0.149297,-0.03053,1.517683,-0.730684,0.073182,0.038152,-0.041293,0.150018,-2.455917,0.961318,-1.4,0.915034,0.030069,0.041409,0.808527,-2.464995,-0.990401,1.4,1.072844,-0.119068,0.041858,-0.717318
0.478148,-2.689974,0.624099,0.017768,0.050974,0.016605,0.998404,-1.021907,-0.038002,-0.032944,1.246146,-0.34155,-0.140035,-0.843749,-0.1538,-0.036679,1.496188,-0.696053,0.063735,0.033417,-0.038729,0.144875,-2.429486,0.940276,-1.4,0.977688,0.041297,0.018986,0.794883,-2.448556,-0.968199,1.4,1.114417,-0.117164,0.038698,-0.697748
0.470373,-2.693509,0.631248,0.02082,0.052118,0.020282,0.998218,-1.009762,-0.044311,-0.03544,1.191107,-0.300654,-0.147986,-0.846475,-0.159478,-0.042959,1.465577,-0.664369,0.050881,0.026926,-0.038176,0.141481,-2.416862,0.917066,-1.4,1.043137,0.026687,0.006582,0.77273,-2.440846,-0.946194,1.4,1.151324,-0.10409,0.043169,-0.679127
0.462655,-2.696423,0.638701,0.024268,0.053394,0.024653,0.997974,-0.995087,-0.051378,-0.035698,1.131218,-0.257836,-0.158148,-0.845374,-0.167703,-0.048928,1.42965,-0.637476,0.038942,0.017984,-0.041087,0.139893,-2.417066,0.893045,-1.4,1.099543,-0.009238,-0.001178,0.750322,-2.442179,-0.927392,1.4,1.179003,-0.081788,0.051347,-0.664549
0.45511,-2.698895,0.646192,0.025659,0.055103,0.029414,0.997717,-0.977516,-0.047856,-0.032782,1.070951,-0.239846,-0.179352,-0.841876,-0.173833,-0.058117,1.389439,-0.611762,0.028504,0.0082,-0.038761,0.139633,-2.424369,0.877772,-1.4,1.135892,-0.033451,-0.007755,0.724225,-2.45117,-0.914313,1.4,1.186843,-0.068265,0.056832,-0.655488
0.448218,-2.700976,0.653479,0.025723,0.057534,0.037066,0.997324,-0.959386,-0.012215,0.001298,1.030135,-0.260559,-0.213209,-0.836115,-0.183586,-0.072748,1.348237,-0.587159,0.020853,-0.007319,-0.035805,0.135915,-2.433036,0.867765,-1.4,1.153009,-0.03864,-0.016319,0.70365,-2.457696,-0.908633,1.4,1.18012,-0.077698,0.056504,-0.660702
0.442653,-2.701761,0.659863,0.026029,0.059305,0.043904,0.996934,-0.934886,0.052801,0.059957,1.040129,-0.268563,-0.232503,-0.829213,-0.19338,-0.083234,1.311263,-0.564413,0.015555,-0.022899,-0.034605,0.132097,-2.442655,0.864258,-1.4,1.150648,-0.02705,-0.021402,0.694074,-2.461507,-0.911813,1.4,1.159868,-0.104824,0.053393,-0.680712
0.438169,-2.701023,0.665551,0.027597,0.064006,0.044909,0.996556,-0.912585,0.088017,0.072686,1.098902,-0.286765,-0.186436,-0.830608,-0.196922,-0.083645,1.275171,-0.541311,0.014515,-0.028036,-0.036085,0.132405,-2.481707,0.862184,-1.4,1.139885,-0.013676,-0.018611,0.676028,-2.490988,-0.916563,1.4,1.135182,-0.149287,0.056868,-0.686797
0.434925,-2.699244,0.669215,0.029449,0.063297,0.041209,0.996709,-0.872838,0.113051,0.06641,1.184736,-0.325642,-0.139046,-0.826292,-0.194893,-0.074528,1.252432,-0.527975,0.020576,-0.031437,-0.043163,0.126613,-2.48221,0.878295,-1.4,1.098273,0.008194,-0.016238,0.681714,-2.485892,-0.934181,1.4,1.087515,-0.166862,0.063888,-0.705976
0.432068,-2.697173,0.672673,0.030528,0.062789,0.035404,0.996931,-0.813608,0.133072,0.053429,1.245392,-0.362938,-0.108456,-0.823867,-0.188588,-0.064214,1.231099,-0.509755,0.027642,-0.033659,-0.052215,0.120651,-2.484772,0.900533,-1.4,1.043101,0.023077,-0.003212,0.680699,-2.482145,-0.957993,1.4,1.029821,-0.184777,0.073949,-0.715937
0.428971,-2.694596,0.675949,0.030453,0.06265,0.029269,0.997141,-0.741387,0.155573,0.043408,1.266116,-0.392927,-0.085855,-0.822559,-0.180255,-0.055035,1.209861,-0.489219,0.030063,-0.03853,-0.062961,0.115115,-2.492577,0.926918,-1.4,0.972547,0.033582,0.016414,0.672599,-2.480243,-0.987573,1.4,0.966746,-0.202716,0.089051,-0.726126
0.42514,-2.691345,0.678199,0.029778,0.058219,0.024858,0.99755,-0.658883,0.184056,0.03994,1.260354,-0.434386,-0.070607,-0.816416,-0.174585,-0.045964,1.197434,-0.470599,0.031166,-0.049114,-0.078736,0.108181,-2.473378,0.96555,-1.4,0.871243,0.066202,0.029917,0.687865,-2.452915,-1.02773,1.4,0.889647,-0.195182,0.106184,-0.757017
0.420194,-2.687008,0.680425,0.028192,0.059323,0.024661,0.997536,-0.591554,0.212636,0.043275,1.223686,-0.46459,-0.053156,-0.820685,-0.17509,-0.04182,1.180774,-0.44713,0.033725,-0.062398,-0.089306,0.100211,-2.479391,0.991759,-1.4,0.799392,0.110381,0.049007,0.693038,-2.444595,-1.060425,1.4,0.834459,-0.217489,0.123065,-0.770033
0.413585,-2.681172,0.681956,0.026202,0.062186,0.025939,0.997383,-0.533706,0.226967,0.041975,1.161923,-0.508606,-0.086578,-0.831334,-0.179047,-0.037106,1.16405,-0.422301,0.040719,-0.076116,-0.099713,0.091895,-2.485722,1.003889,-1.4,0.753688,0.13881,0.076814,0.695036,-2.436229,-1.083568,1.4,0.809813,-0.238577,0.143061,-0.774849
0.405481,-2.673944,0.682099,0.022047,0.065578,0.028104,0.997208,-0.477703,0.237183,0.051643,1.052321,-0.550701,-0.214538,-0.846763,-0.182946,-0.034674,1.149977,-0.395174,0.052458,-0.08612,-0.105533,0.08613,-2.488724,0.999868,-1.4,0.734669,0.141315,0.1064,0.695105,-2.427927,-1.093678,1.4,0.820548,-0.241534,0.16414,-0.772132
0.395719,-2.660039,0.683888,0.029309,0.067825,0.035994,0.996617,-0.444969,0.183071,0.07962,0.961768,-0.602823,-0.261794,-0.861663,-0.219498,-0.007239,1.134204,-0.365678,0.079537,-0.100478,-0.123832,0.085323,-2.484595,0.985867,-1.4,0.738148,0.126582,0.127297,0.695893,-2.422376,-1.089869,1.4,0.853549,-0.220295,0.177938,-0.767372
0.38544,-2.649235,0.685606,0.028711,0.0677,0.046232,0.99622,-0.447608,0.161173,0.095484,0.936319,-0.630938,-0.2618,-0.864339,-0.245481,-0.002079,1.111542,-0.334511,0.096493,-0.112502,-0.125429,0.091822,-2.47544,0.964197,-1.4,0.763256,0.118057,0.131647,0.694671,-2.420539,-1.078274,1.4,0.894886,-0.19306,0.175732,-0.760449
0.375869,-2.64462,0.687496,0.014261,0.066878,0.051007,0.996354,-0.474155,0.189834,0.077205,0.95038,-0.628749,-0.2618,-0.854393,-0.236773,-0.029948,1.074861,-0.299561,0.093886,-0.112381,-0.104647,0.103194,-2.469049,0.937957,-1.4,0.801065,0.108565,0.123534,0.692798,-2.425215,-1.065315,1.4,0.935403,-0.178557,0.15801,-0.753235
0.366252,-2.638421,0.68988,-0.002493,0.065903,0.052149,0.996459,-0.502143,0.210461,0.038572,0.968438,-0.622037,-0.254593,-0.839562,-0.220334,-0.058558,1.027496,-0.260162,0.09324,-0.102794,-0.078799,0.111507,-2.457666,0.91391,-1.4,0.834761,0.098093,0.105392,0.692309,-2.425498,-1.053418,1.4,0.972864,-0.167141,0.138032,-0.747594
0.356526,-2.628281,0.692537,-0.010515,0.065489,0.055907,0.99623,-0.519513,0.199067,0.02064,0.970341,-0.617579,-0.236445,-0.827552,-0.224812,-0.067765,0.981985,-0.223182,0.106015,-0.097502,-0.065787,0.112492,-2.442051,0.895548,-1.4,0.861683,0.095301,0.085375,0.694326,-2.41568,-1.041425,1.4,1.006271,-0.154822,0.122475,-0.737483
0.347549,-2.617537,0.695177,-0.016259,0.064042,0.057666,0.996147,-0.531856,0.189671,0.018415,0.974145,-0.603491,-0.225574,-0.812551,-0.229185,-0.070237,0.934831,-0.187094,0.12136,-0.092215,-0.060022,0.111306,-2.428679,0.88185,-1.4,0.881984,0.097481,0.071473,0.699458,-2.396257,-1.032587,1.4,1.036469,-0.150563,0.109463,-0.722365
0.339138,-2.606894,0.698226,-0.020915,0.061957,0.057565,0.996198,-0.545219,0.180583,0.018344,0.984223,-0.575981,-0.221003,-0.79415,-0.230855,-0.06919,0.883431,-0.15104,0.131963,-0.087123,-0.06093,0.109797,-2.419669,0.869533,-1.4,0.898676,0.095788,0.067763,0.705648,-2.370992,-1.030761,1.4,1.063939,-0.155492,0.100228,-0.710392
0.331377,-2.596953,0.701721,-0.025323,0.059845,0.058034,0.996197,-0.557659,0.171937,0.017525,0.992052,-0.540108,-0.206804,-0.771959,-0.231774,-0.06917,0.828326,-0.115312,0.13755,-0.084116,-0.064451,0.108114,-2.414944,0.85723,-1.4,0.910506,0.086212,0.070171,0.706722,-2.3453,-1.034383,1.4,1.089744,-0.15452,0.097607,-0.70314
0.324238,-2.587691,0.70533,-0.029318,0.057675,0.058748,0.996174,-0.567256,0.161185,0.015293,0.996323,-0.506185,-0.189599,-0.746125,-0.232993,-0.071482,0.770204,-0.084329,0.13883,-0.081258,-0.067583,0.106207,-2.411546,0.846177,-1.4,0.917875,0.07717,0.074681,0.703447,-2.320828,-1.040049,1.4,1.115137,-0.146606,0.099878,-0.695352
0.317766,-2.578954,0.708767,-0.032597,0.055269,0.059978,0.996135,-0.573887,0.151015,0.016125,0.997071,-0.473972,-0.172822,-0.716295,-0.23459,-0.07452,0.711765,-0.069649,0.133176,-0.078997,-0.069285,0.104296,-2.407758,0.836763,-1.4,0.921885,0.07335,0.078977,0.698737,-2.299341,-1.045167,1.4,1.138633,-0.135445,0.104392,-0.682154
0.311885,-2.570858,0.711756,-0.035592,0.052218,0.060822,0.996146,-0.577881,0.142809,0.018621,0.997561,-0.443483,-0.156644,-0.686722,-0.235655,-0.077352,0.663269,-0.088288,0.125476,-0.07628,-0.069699,0.103384,-2.404647,0.828463,-1.4,0.922681,0.073212,0.082846,0.692624,-2.281861,-1.050146,1.4,1.157891,-0.126374,0.107392,-0.666856
0.306589,-2.563773,0.713885,-0.038298,0.048681,0.06233,0.996132,-0.580713,0.13487,0.019442,0.999803,-0.418785,-0.140931,-0.664547,-0.232389,-0.071548,0.631969,-0.113712,0.126415,-0.074564,-0.068935,0.104173,-2.404351,0.821103,-1.4,0.922061,0.076524,0.085404,0.684392,-2.270582,-1.055828,1.4,1.171666,-0.121766,0.107937,-0.656104
0.301431,-2.557791,0.715642,-0.0407,0.051858,0.065438,0.995677,-0.597839,0.124108,0.018357,0.996397,-0.390834,-0.124996,-0.666268,-0.231304,-0.069065,0.617332,-0.133366,0.117548,-0.081296,-0.060244,0.109843,-2.442084,0.815499,-1.4,0.941149,0.078729,0.087235,0.659969,-2.310417,-1.050004,1.4,1.18592,-0.14479,0.107692,-0.633704
0.296395,-2.553067,0.716788,-0.041463,0.049036,0.062951,0.995948,-0.599488,0.121997,0.026873,0.998458,-0.37457,-0.108835,-0.673919,-0.22976,-0.068921,0.636356,-0.135416,0.109965,-0.075664,-0.062777,0.110742,-2.44673,0.813528,-1.4,0.936746,0.082848,0.088208,0.654441,-2.308687,-1.052879,1.4,1.195152,-0.144917,0.106526,-0.635163
0.291647,-2.549548,0.717416,-0.039362,0.045739,0.060575,0.996338,-0.596084,0.116056,0.03781,0.995911,-0.363216,-0.096401,-0.677974,-0.228761,-0.067273,0.674844,-0.126626,0.136232,-0.071634,-0.071351,0.11332,-2.452974,0.812953,-1.4,0.928882,0.081043,0.08848,0.651817,-2.30853,-1.056292,1.4,1.200339,-0.142475,0.104458,-0.639193
0.287373,-2.546946,0.717668,-0.037462,0.043056,0.060482,0.996536,-0.592844,0.108102,0.043436,0.990687,-0.356529,-0.090451,-0.682354,-0.212428,-0.044782,0.736316,-0.135215,0.167739,-0.072091,-0.078582,0.114522,-2.457849,0.813463,-1.4,0.919177,0.081596,0.086417,0.648247,-2.307349,-1.060156,1.4,1.202251,-0.145228,0.102333,-0.641139
0.283699,-2.545006,0.718015,-0.034934,0.040982,0.061486,0.996654,-0.587693,0.098427,0.047759,0.980731,-0.354395,-0.088124,-0.682293,-0.196909,-0.027009,0.804322,-0.14497,0.188135,-0.07384,-0.08547,0.11232,-2.457168,0.816047,-1.4,0.908627,0.090936,0.083321,0.642161,-2.300765,-1.066385,1.4,1.199862,-0.15582,0.099819,-0.643142
0.280606,-2.543444,0.718724,-0.032271,0.039856,0.063274,0.996678,-0.580777,0.08781,0.051466,0.965258,-0.356212,-0.08548,-0.672186,-0.191291,-0.025613,0.853944,-0.156449,0.188417,-0.077512,-0.090992,0.106399,-2.453145,0.822938,-1.4,0.894802,0.099725,0.08134,0.636292,-2.291494,-1.077273,1.4,1.192442,-0.170532,0.095879,-0.651563
0.277992,-2.5422,0.72025,-0.029673,0.04007,0.065748,0.99659,-0.571897,0.076562,0.053549,0.941251,-0.358811,-0.082298,-0.649934,-0.193718,-0.033067,0.865976,-0.170439,0.177383,-0.081026,-0.093146,0.097116,-2.447429,0.836356,-1.4,0.880294,0.11218,0.078382,0.632778,-2.283244,-1.095786,1.4,1.179095,-0.187082,0.092301,-0.668867
0.276013,-2.541148,0.722485,-0.02727,0.041325,0.066901,0.99653,-0.558882,0.067673,0.057352,0.907401,-0.36482,-0.084122,-0.616558,-0.199473,-0.046619,0.83521,-0.207474,0.151125,-0.080015,-0.089603,0.086151,-2.442179,0.856022,-1.4,0.87286,0.121875,0.078448,0.631618,-2.281955,-1.119408,1.4,1.160784,-0.194582,0.092367,-0.691689
0.274315,-2.540626,0.724941,-0.025863,0.042283,0.065267,0.996636,-0.544652,0.065561,0.063363,0.875286,-0.374071,-0.085043,-0.585122,-0.204286,-0.064015,0.782305,-0.238468,0.131304,-0.074914,-0.078933,0.078145,-2.440254,0.88337,-1.4,0.870854,0.119534,0.081203,0.631639,-2.293643,-1.141705,1.4,1.133887,-0.186152,0.094551,-0.71348
0.272934,-2.540775,0.727834,-0.02504,0.043142,0.061334,0.99687,-0.5268,0.068293,0.071613,0.838529,-0.383889,-0.091508,-0.563642,-0.199816,-0.070788,0.734925,-0.248234,0.119224,-0.069897,-0.064855,0.073705,-2.444912,0.917736,-1.4,0.863476,0.106577,0.081228,0.637971,-2.317028,-1.161456,1.4,1.09256,-0.175205,0.093296,-0.731822
0.271645,-2.541591,0.730691,-0.0246,0.044424,0.054015,0.997248,-0.507805,0.076994,0.084538,0.800359,-0.394673,-0.103381,-0.557905,-0.197094,-0.075272,0.712786,-0.259419,0.12113,-0.063057,-0.050787,0.070207,-2.453193,0.955644,-1.4,0.849046,0.100183,0.075631,0.654272,-2.339062,-1.183241,1.4,1.037145,-0.183583,0.085165,-0.758428
0.270513,-2.542999,0.732995,-0.023198,0.046504,0.044081,0.997675,-0.490594,0.086995,0.103423,0.764668,-0.40434,-0.112504,-0.565989,-0.196393,-0.079918,0.711051,-0.271377,0.120143,-0.054675,-0.04143,0.065221,-2.462326,0.989085,-1.4,0.837294,0.113249,0.070669,0.677105,-2.34929,-1.203813,1.4,0.989959,-0.209875,0.08163,-0.789609
0.270153,-2.544927,0.734145,-0.020532,0.044553,0.032717,0.99826,-0.470418,0.097563,0.124667,0.744193,-0.416845,-0.11564,-0.572069,-0.204542,-0.094432,0.727542,-0.290565,0.106028,-0.040711,-0.042703,0.050727,-2.433674,1.01763,-1.4,0.808832,0.120975,0.073288,0.718475,-2.309877,-1.231495,1.4,0.950425,-0.205471,0.089275,-0.825301
0.27035,-2.547573,0.735275,-0.017993,0.047291,0.023373,0.998446,-0.459769,0.10538,0.142628,0.718953,-0.417357,-0.112438,-0.580031,-0.220432,-0.121622,0.733418,-0.292571,0.087629,-0.034213,-0.03718,0.044833,-2.443266,1.032546,-1.4,0.811323,0.129376,0.08015,0.731023,-2.315122,-1.235382,1.4,0.940821,-0.212833,0.09894,-0.831273
0.271811,-2.551271,0.735561,-0.014338,0.04914,0.015902,0.998562,-0.449832,0.110163,0.156862,0.702019,-0.42234,-0.111292,-0.581872,-0.238808,-0.143218,0.731881,-0.27556,0.090703,-0.023089,-0.037469,0.03158,-2.431633,1.041838,-1.4,0.802639,0.14254,0.089144,0.749822,-2.296283,-1.247208,1.4,0.937378,-0.211001,0.112918,-0.841315
0.274306,-2.555965,0.735166,-0.009711,0.051035,0.011903,0.998579,-0.443864,0.111161,0.165927,0.693305,-0.426597,-0.111912,-0.579429,-0.248132,-0.145412,0.713014,-0.224074,0.118767,-0.014688,-0.035299,0.023495,-2.42574,1.047939,-1.4,0.800707,0.158001,0.097168,0.756901,-2.293292,-1.24997,1.4,0.94269,-0.210113,0.119556,-0.847889
0.277623,-2.561461,0.7346,-0.003675,0.05212,0.007815,0.998603,-0.436253,0.111424,0.176916,0.687532,-0.425628,-0.111007,-0.577895,-0.24648,-0.136704,0.700935,-0.212699,0.136106,-0.005374,-0.033664,0.018705,-2.417952,1.057888,-1.4,0.797261,0.172617,0.104606,0.761518,-2.295981,-1.246589,1.4,0.952152,-0.213115,0.12002,-0.855993
0.281764,-2.567522,0.733986,-0.000284,0.051953,0.001935,0.998648,-0.427599,0.12042,0.186906,0.689485,-0.426985,-0.113299,-0.58787,-0.240187,-0.125954,0.725791,-0.220481,0.142301,0.007232,-0.025692,0.017327,-2.409927,1.071994,-1.4,0.789994,0.178332,0.111513,0.766193,-2.302394,-1.239191,1.4,0.960091,-0.208473,0.115181,-0.865604
0.286618,-2.574165,0.732997,0.003168,0.051213,-0.004819,0.998671,-0.419916,0.131523,0.197419,0.699573,-0.429488,-0.117097,-0.59926,-0.231611,-0.114172,0.756913,-0.23045,0.137493,0.017867,-0.01772,0.018973,-2.406916,1.090028,-1.4,0.783486,0.173544,0.117169,0.77525,-2.312895,-1.227282,1.4,0.959538,-0.191905,0.105893,-0.870363
0.292027,-2.581491,0.732316,0.006433,0.050006,-0.01056,0.998672,-0.412677,0.143303,0.204894,0.712891,-0.42638,-0.12335,-0.606288,-0.222278,-0.105513,0.785611,-0.241384,0.125072,0.019925,-0.014756,0.022548,-2.409502,1.106927,-1.4,0.77805,0.158848,0.121021,0.788633,-2.317636,-1.218591,1.4,0.953057,-0.183497,0.091606,-0.870065
0.297809,-2.589302,0.732164,0.009777,0.048121,-0.014267,0.998692,-0.404981,0.152727,0.206784,0.72594,-0.415102,-0.13199,-0.60697,-0.214677,-0.100716,0.809368,-0.251706,0.111125,0.015712,-0.019245,0.027337,-2.412672,1.117377,-1.4,0.777351,0.14513,0.121988,0.802871,-2.308319,-1.217615,1.4,0.957511,-0.188275,0.081312,-0.86438
0.303443,-2.597204,0.733008,0.013447,0.045916,-0.016012,0.998726,-0.399202,0.159628,0.204994,0.739523,-0.389753,-0.14376,-0.601505,-0.210266,-0.100035,0.824775,-0.260141,0.099206,0.010404,-0.027784,0.032997,-2.413522,1.119709,-1.4,0.786949,0.13276,0.123243,0.811666,-2.290712,-1.219347,1.4,0.979204,-0.184749,0.08216,-0.846291
0.308734,-2.604603,0.734768,0.01639,0.044148,-0.016583,0.998753,-0.397968,0.165196,0.197487,0.754314,-0.346873,-0.162917,-0.591289,-0.20596,-0.102189,0.830218,-0.265151,0.088368,0.005736,-0.032203,0.04015,-2.415422,1.116301,-1.4,0.80613,0.111907,0.125139,0.814219,-2.284766,-1.217762,1.4,0.999228,-0.160163,0.086213,-0.82706
0.313359,-2.611502,0.737372,0.017923,0.043411,-0.016324,0.998763,-0.404968,0.17271,0.18449,0.771987,-0.289234,-0.192671,-0.577391,-0.200188,-0.108219,0.823603,-0.26585,0.080958,0.000474,-0.031627,0.047712,-2.418005,1.109621,-1.4,0.825837,0.088335,0.123461,0.81041,-2.293103,-1.215614,1.4,1.005271,-0.135498,0.083639,-0.822634
0.317221,-2.617929,0.740343,0.017909,0.044344,-0.015179,0.99874,-0.420174,0.181422,0.166914,0.790292,-0.229442,-0.225781,-0.562614,-0.192503,-0.117852,0.806818,-0.263484,0.076082,-0.003237,-0.027601,0.051715,-2.415967,1.101441,-1.4,0.840205,0.083666,0.113816,0.804203,-2.302374,-1.218383,1.4,0.998609,-0.130779,0.07519,-0.833274
0.320093,-2.623485,0.74325,0.017323,0.046936,-0.013219,0.99866,-0.437238,0.187353,0.148727,0.800398,-0.180901,-0.250142,-0.550154,-0.18527,-0.128995,0.784851,-0.259398,0.072472,-0.006143,-0.023942,0.051003,-2.411329,1.09265,-1.4,0.846307,0.096733,0.099139,0.800898,-2.304904,-1.224627,1.4,0.989096,-0.13927,0.069292,-0.845619
0.322529,-2.627721,0.745637,0.016707,0.05142,-0.011217,0.998474,-0.44387,0.188192,0.133608,0.785191,-0.174575,-0.261799,-0.543157,-0.179655,-0.139008,0.762864,-0.25527,0.070696,-0.009274,-0.022785,0.045063,-2.407743,1.08396,-1.4,0.845759,0.112602,0.085512,0.803227,-2.30045,-1.230434,1.4,0.987996,-0.146042,0.072801,-0.849116
0.32488,-2.630567,0.747826,0.016524,0.055723,-0.011469,0.998244,-0.446696,0.182483,0.114943,0.750498,-0.223727,-0.251431,-0.538739,-0.173739,-0.143764,0.742598,-0.250636,0.06766,-0.007784,-0.02292,0.039991,-2.40905,1.075762,-1.4,0.84403,0.118615,0.077814,0.807404,-2.298595,-1.232197,1.4,0.993579,-0.138743,0.084188,-0.840348
0.327331,-2.631546,0.749783,0.017681,0.059301,-0.011741,0.998015,-0.446139,0.175664,0.108833,0.693035,-0.255317,-0.233128,-0.535862,-0.173059,-0.144033,0.727215,-0.247329,0.064595,-0.004965,-0.024426,0.036357,-2.411242,1.068781,-1.4,0.844524,0.115383,0.075371,0.809769,-2.300925,-1.232034,1.4,0.997198,-0.125405,0.094871,-0.828845
0.329837,-2.631076,0.751587,0.01861,0.062304,-0.011804,0.997814,-0.437373,0.167372,0.105116,0.606322,-0.268059,-0.213817,-0.532151,-0.173935,-0.143549,0.712809,-0.243149,0.062898,-0.000793,-0.025386,0.033082,-2.411916,1.06218,-1.4,0.847285,0.11017,0.076546,0.808022,-2.304043,-1.232655,1.4,0.996804,-0.119032,0.099802,-0.824235
0.332359,-2.629338,0.753436,0.019207,0.06438,-0.011707,0.997672,-0.426453,0.156049,0.09786,0.511444,-0.270735,-0.196578,-0.524736,-0.175643,-0.142274,0.695407,-0.238431,0.0602,0.003969,-0.025755,0.031166,-2.411943,1.055718,-1.4,0.850336,0.106828,0.078692,0.800412,-2.307645,-1.232864,1.4,0.995271,-0.11599,0.101424,-0.826412
0.335011,-2.626524,0.755603,0.020869,0.065022,-0.011439,0.9976,-0.428941,0.142034,0.09285,0.450791,-0.240156,-0.173955,-0.514365,-0.181993,-0.13984,0.678283,-0.2328,0.062472,0.008425,-0.029498,0.031025,-2.411162,1.050131,-1.4,0.850599,0.109228,0.080023,0.789818,-2.307181,-1.233521,1.4,0.993156,-0.116087,0.101557,-0.830257
0.337497,-2.622309,0.757118,0.017564,0.065427,-0.011233,0.99764,-0.426571,0.141241,0.095815,0.416697,-0.184057,-0.143252,-0.501565,-0.180263,-0.142869,0.658768,-0.223576,0.066292,0.01192,-0.025758,0.031179,-2.413922,1.043493,-1.4,0.848185,0.111336,0.080463,0.78033,-2.305126,-1.235663,1.4,0.990225,-0.116855,0.100441,-0.835332
0.339878,-2.616815,0.757865,0.012903,0.066638,-0.012382,0.997617,-0.420941,0.142572,0.094844,0.405156,-0.164065,-0.124003,-0.492216,-0.176348,-0.14487,0.640547,-0.21396,0.072668,0.015477,-0.021215,0.030315,-2.422071,1.037232,-1.4,0.842422,0.110238,0.080049,0.772863,-2.305078,-1.236905,1.4,0.988175,-0.113985,0.100208,-0.838809
0.342476,-2.610257,0.757628,0.006088,0.066999,-0.014851,0.997624,-0.417615,0.151481,0.09859,0.400858,-0.148484,-0.114517,-0.484666,-0.168544,-0.145601,0.629827,-0.205695,0.079529,0.020389,-0.013073,0.030781,-2.431278,1.033152,-1.4,0.835832,0.111919,0.077999,0.76831,-2.30482,-1.23748,1.4,0.985561,-0.109269,0.099834,-0.837476
0.345014,-2.602928,0.757987,0.001495,0.066915,-0.01712,0.997611,-0.417841,0.153999,0.103048,0.410557,-0.155009,-0.108344,-0.47852,-0.166425,-0.142615,0.621797,-0.195549,0.084056,0.02254,-0.010725,0.031069,-2.438467,1.030991,-1.4,0.83111,0.113101,0.077557,0.767044,-2.301729,-1.23836,1.4,0.983116,-0.108917,0.098578,-0.833695
0.347977,-2.595019,0.758672,-0.000971,0.06622,-0.017224,0.997656,-0.421874,0.149894,0.105936,0.43086,-0.15881,-0.104115,-0.469546,-0.171626,-0.140241,0.613975,-0.188113,0.086458,0.020534,-0.012406,0.030625,-2.440421,1.029189,-1.4,0.830187,0.10859,0.080042,0.764781,-2.300031,-1.238849,1.4,0.979972,-0.107557,0.097809,-0.832174
0.351425,-2.586726,0.759443,-0.002483,0.064893,-0.015216,0.997773,-0.425778,0.140944,0.106104,0.452528,-0.157475,-0.098823,-0.457574,-0.181674,-0.139186,0.60659,-0.18217,0.090922,0.016791,-0.013016,0.02954,-2.436772,1.029352,-1.4,0.832984,0.102764,0.08275,0.75794,-2.304579,-1.235695,1.4,0.976776,-0.101414,0.097778,-0.831473
0.355024,-2.578355,0.760221,-0.00319,0.062923,-0.012354,0.997937,-0.428852,0.128918,0.104599,0.474809,-0.151966,-0.092214,-0.442564,-0.194627,-0.140036,0.598138,-0.178423,0.096194,0.011831,-0.013816,0.027835,-2.429454,1.032998,-1.4,0.835189,0.098407,0.084588,0.749868,-2.31158,-1.229949,1.4,0.97481,-0.097161,0.097241,-0.830506
0.358913,-2.569782,0.760867,-0.003651,0.060257,-0.009407,0.998132,-0.430235,0.115982,0.103821,0.497609,-0.144443,-0.085283,-0.425309,-0.209024,-0.14266,0.589514,-0.175557,0.104154,0.006658,-0.015071,0.026154,-2.422162,1.038931,-1.4,0.833772,0.096098,0.084489,0.74553,-2.31969,-1.224807,1.4,0.971912,-0.096192,0.095089,-0.831795
0.362733,-2.561514,0.761181,-0.004457,0.056808,-0.006201,0.998356,-0.431926,0.104093,0.102164,0.523934,-0.138413,-0.07809,-0.406228,-0.221514,-0.143292,0.581357,-0.175309,0.112013,0.001449,-0.015557,0.02648,-2.420031,1.045898,-1.4,0.828278,0.092822,0.08328,0.745029,-2.331949,-1.22158,1.4,0.965449,-0.091603,0.091998,-0.837644
0.366462,-2.553717,0.760848,-0.005706,0.052786,-0.003649,0.998583,-0.434059,0.094489,0.099984,0.554855,-0.137122,-0.072429,-0.387234,-0.231911,-0.143696,0.575782,-0.178224,0.118743,-0.002924,-0.015751,0.028597,-2.42401,1.05311,-1.4,0.818588,0.087961,0.082389,0.747488,-2.346786,-1.220729,1.4,0.952407,-0.08229,0.088622,-0.846374
0.370039,-2.546721,0.759699,-0.007537,0.048479,-0.002237,0.998793,-0.438616,0.088821,0.098703,0.59259,-0.141454,-0.067118,-0.371433,-0.239337,-0.143021,0.576914,-0.185738,0.123848,-0.00593,-0.016122,0.0312,-2.431261,1.0603,-1.4,0.807392,0.087717,0.081745,0.751614,-2.360403,-1.224566,1.4,0.929984,-0.078424,0.083806,-0.857861
0.373166,-2.54063,0.757553,-0.009871,0.04427,-0.002424,0.998968,-0.445399,0.087218,0.098092,0.635169,-0.153285,-0.061927,-0.362536,-0.243934,-0.140079,0.588182,-0.19776,0.128599,-0.006495,-0.017697,0.03259,-2.437252,1.064534,-1.4,0.79831,0.089584,0.083886,0.755548,-2.369857,-1.231324,1.4,0.906203,-0.084555,0.079802,-0.869526
0.375761,-2.535605,0.754648,-0.012277,0.04037,-0.003712,0.999102,-0.454437,0.088738,0.09898,0.680877,-0.169887,-0.056815,-0.362863,-0.246643,-0.133769,0.612761,-0.212285,0.131714,-0.005859,-0.020529,0.032396,-2.441965,1.067629,-1.4,0.785801,0.093459,0.087966,0.75759,-2.376476,-1.237555,1.4,0.886888,-0.092934,0.080636,-0.877664
0.377853,-2.531362,0.751261,-0.014317,0.037257,-0.005322,0.999189,-0.464923,0.091239,0.100698,0.725333,-0.189234,-0.052869,-0.370172,-0.248215,-0.122843,0.644848,-0.228131,0.135766,-0.004575,-0.023252,0.031324,-2.448311,1.072359,-1.4,0.77153,0.103009,0.090679,0.760607,-2.38556,-1.242039,1.4,0.871249,-0.097456,0.084629,-0.883153
0.379367,-2.528019,0.748066,-0.016018,0.035765,-0.005467,0.999217,-0.474574,0.091909,0.100551,0.757652,-0.206005,-0.050227,-0.380414,-0.247802,-0.108184,0.673908,-0.241592,0.139601,-0.007498,-0.025487,0.031463,-2.461596,1.075122,-1.4,0.767241,0.116452,0.093157,0.762017,-2.403293,-1.24142,1.4,0.86755,-0.106262,0.087742,-0.883621
0.380536,-2.525752,0.744785,-0.017483,0.034342,-0.004961,0.999245,-0.484139,0.092726,0.09877,0.788244,-0.224626,-0.04917,-0.392132,-0.2411,-0.082487,0.704109,-0.262991,0.135651,-0.012144,-0.028951,0.031054,-2.471274,1.079196,-1.4,0.761284,0.126272,0.098439,0.765159,-2.415743,-1.242426,1.4,0.867957,-0.114476,0.092221,-0.886476
0.381443,-2.524668,0.741669,-0.01889,0.033671,-0.00393,0.999247,-0.492876,0.094179,0.095641,0.812617,-0.24368,-0.050778,-0.401615,-0.229837,-0.055516,0.725893,-0.295207,0.124164,-0.018057,-0.032185,0.029958,-2.479582,1.083055,-1.4,0.758397,0.130893,0.10494,0.769385,-2.426419,-1.241898,1.4,0.872994,-0.117421,0.09638,-0.890182
0.382026,-2.524625,0.738855,-0.020453,0.036527,-0.003459,0.999117,-0.506706,0.097752,0.092942,0.830319,-0.261249,-0.052474,-0.41284,-0.223963,-0.048046,0.73272,-0.329427,0.114855,-0.02516,-0.032647,0.033422,-2.510015,1.078568,-1.4,0.775301,0.138773,0.110245,0.758793,-2.4643,-1.226983,1.4,0.892973,-0.123197,0.099575,-0.878761
0.383007,-2.525844,0.736194,-0.022344,0.034387,-0.00339,0.999153,-0.508142,0.104001,0.088575,0.84836,-0.284036,-0.056425,-0.407996,-0.222605,-0.054387,0.72945,-0.371101,0.104523,-0.025532,-0.035633,0.02591,-2.487128,1.085813,-1.4,0.764995,0.130361,0.113798,0.773164,-2.444269,-1.233882,1.4,0.887842,-0.111353,0.099061,-0.89368
0.38353,-2.52811,0.734804,-0.026273,0.036136,-0.00029,0.999001,-0.516106,0.111201,0.076845,0.855413,-0.298892,-0.059753,-0.412506,-0.21328,-0.055856,0.722341,-0.376703,0.11309,-0.033343,-0.030311,0.032621,-2.507569,1.078521,-1.4,0.783108,0.131115,0.113408,0.764719,-2.474998,-1.223208,1.4,0.898196,-0.114486,0.094258,-0.888235
0.38412,-2.531653,0.733721,-0.026979,0.035213,0.000843,0.999015,-0.514207,0.116077,0.070995,0.857714,-0.313479,-0.063663,-0.402892,-0.20315,-0.056877,0.706083,-0.36806,0.125029,-0.034351,-0.032341,0.034527,-2.499274,1.079519,-1.4,0.784943,0.127184,0.109716,0.771217,-2.47362,-1.223233,1.4,0.896254,-0.114351,0.088392,-0.896365
0.384196,-2.536141,0.733149,-0.02819,0.035847,0.000517,0.998959,-0.513303,0.125,0.06636,0.853752,-0.325337,-0.070264,-0.403437,-0.200457,-0.070311,0.711092,-0.373747,0.130323,-0.032954,-0.032353,0.03723,-2.497464,1.076429,-1.4,0.793405,0.128679,0.10492,0.768157,-2.477584,-1.217867,1.4,0.901728,-0.121019,0.08563,-0.891172
0.383985,-2.541551,0.732364,-0.03024,0.035756,-0.001664,0.998902,-0.511377,0.139493,0.062569,0.851968,-0.33944,-0.080105,-0.412784,-0.188273,-0.071638,0.727552,-0.365874,0.134604,-0.026631,-0.030897,0.040637,-2.489662,1.075612,-1.4,0.796518,0.124302,0.101281,0.77336,-2.470188,-1.218412,1.4,0.902273,-0.113607,0.086302,-0.893505
0.383274,-2.54789,0.731366,-0.029525,0.037022,-0.003089,0.998873,-0.512735,0.148951,0.061102,0.848138,-0.348846,-0.089603,-0.425177,-0.181445,-0.073288,0.739211,-0.356033,0.140413,-0.023264,-0.033865,0.045619,-2.494105,1.070121,-1.4,0.805577,0.120755,0.097147,0.769117,-2.475178,-1.211527,1.4,0.908533,-0.108612,0.087773,-0.881822
0.382435,-2.554989,0.729746,-0.029242,0.03815,-0.004669,0.998833,-0.516832,0.161559,0.059371,0.849785,-0.357817,-0.101423,-0.441594,-0.173222,-0.074025,0.763242,-0.35742,0.145317,-0.019175,-0.03576,0.050133,-2.496394,1.065758,-1.4,0.810113,0.114552,0.092507,0.770381,-2.475581,-1.207888,1.4,0.909112,-0.103106,0.087923,-0.875823
0.381477,-2.562648,0.727205,-0.028068,0.039239,-0.005939,0.998818,-0.523508,0.172456,0.056119,0.856303,-0.368449,-0.113161,-0.46104,-0.166705,-0.074555,0.794221,-0.363391,0.149144,-0.014012,-0.037905,0.054171,-2.496019,1.062623,-1.4,0.811119,0.110314,0.087049,0.771467,-2.475723,-1.206023,1.4,0.904056,-0.101907,0.086089,-0.873008
0.380554,-2.570757,0.724182,-0.025918,0.040218,-0.006615,0.998833,-0.532658,0.181247,0.052323,0.867401,-0.379225,-0.123226,-0.483535,-0.162494,-0.075487,0.831955,-0.371347,0.14833,-0.009108,-0.040554,0.058193,-2.493592,1.062261,-1.4,0.808025,0.108255,0.08104,0.771525,-2.475442,-1.205884,1.4,0.894422,-0.103718,0.084143,-0.871142
0.37973,-2.579132,0.72112,-0.023074,0.041312,-0.007025,0.998855,-0.54179,0.188523,0.048178,0.87798,-0.386443,-0.134085,-0.506956,-0.159201,-0.075665,0.871164,-0.379888,0.144131,-0.004062,-0.0432,0.061079,-2.487842,1.063851,-1.4,0.804809,0.108259,0.076007,0.76857,-2.473392,-1.206821,1.4,0.885151,-0.105318,0.084473,-0.868407
0.379269,-2.587608,0.718705,-0.01944,0.042391,-0.007432,0.998884,-0.548496,0.194269,0.045422,0.884824,-0.389045,-0.144167,-0.52699,-0.156731,-0.075667,0.904596,-0.38783,0.138039,0.000741,-0.046109,0.062603,-2.480164,1.066237,-1.4,0.803926,0.105753,0.073523,0.762231,-2.46926,-1.206832,1.4,0.878595,-0.100819,0.087734,-0.863106
0.379348,-2.595933,0.71756,-0.015403,0.043405,-0.007248,0.998913,-0.54994,0.197427,0.042641,0.882419,-0.385171,-0.15268,-0.540526,-0.154722,-0.076641,0.92786,-0.393973,0.128496,0.00332,-0.049609,0.063257,-2.472477,1.068831,-1.4,0.805864,0.098927,0.073238,0.753926,-2.462073,-1.207409,1.4,0.87433,-0.094082,0.091252,-0.854676
0.37982,-2.604067,0.718176,-0.010814,0.043627,-0.006461,0.998968,-0.544476,0.197763,0.040939,0.869915,-0.373293,-0.158406,-0.544977,-0.153953,-0.078899,0.938413,-0.396868,0.117611,0.003645,-0.054977,0.06346,-2.461863,1.072863,-1.4,0.806161,0.090795,0.07436,0.749647,-2.446832,-1.212778,1.4,0.870314,-0.089725,0.094626,-0.850653
0.380603,-2.611897,0.720331,-0.006234,0.04404,-0.00524,0.998997,-0.533864,0.196522,0.039743,0.84636,-0.35453,-0.163472,-0.54286,-0.153471,-0.082669,0.936407,-0.39639,0.106594,0.002979,-0.059448,0.062971,-2.454912,1.074219,-1.4,0.811767,0.085125,0.074288,0.743142,-2.435917,-1.214678,1.4,0.873591,-0.089859,0.096825,-0.845793
0.381583,-2.619493,0.723379,-0.001513,0.04436,-0.003894,0.999007,-0.519655,0.193954,0.038768,0.816266,-0.331281,-0.168147,-0.536021,-0.153346,-0.086987,0.926115,-0.394664,0.096615,0.002636,-0.063793,0.062199,-2.451331,1.074981,-1.4,0.815514,0.07973,0.072513,0.740958,-2.428088,-1.216032,1.4,0.878752,-0.086872,0.098915,-0.843873
0.382718,-2.626816,0.726615,0.003316,0.044627,-0.002389,0.998995,-0.503779,0.19052,0.03844,0.783534,-0.305596,-0.172387,-0.526728,-0.153864,-0.091445,0.911728,-0.393152,0.088173,0.003166,-0.067462,0.061238,-2.449964,1.075498,-1.4,0.816616,0.077434,0.069053,0.742125,-2.423924,-1.217288,1.4,0.882789,-0.083196,0.099499,-0.84456
0.383904,-2.633783,0.729645,0.008152,0.044988,-0.000748,0.998954,-0.488346,0.186292,0.037789,0.750963,-0.279863,-0.175991,-0.517645,-0.154909,-0.095365,0.897392,-0.392242,0.081041,0.004528,-0.070179,0.059759,-2.4484,1.076242,-1.4,0.816757,0.079602,0.06565,0.74456,-2.422192,-1.21848,1.4,0.885797,-0.082691,0.098483,-0.847673
0.384965,-2.640414,0.73215,0.013023,0.045272,0.00072,0.99889,-0.474529,0.181858,0.037291,0.721992,-0.255693,-0.179152,-0.510217,-0.156608,-0.098789,0.885929,-0.392413,0.073733,0.006395,-0.072379,0.058095,-2.44662,1.076783,-1.4,0.817275,0.081534,0.064827,0.74504,-2.42141,-1.218397,1.4,0.888983,-0.083001,0.097542,-0.849994
