0.546052,-0.872049,0.803511,-0.022378,-0.016728,0.990371,-0.135591,-0.142603,0.111469,0.134635,0.368675,-0.05519,-0.120569,-0.629227,0.031387,-0.060402,0.929632,0.273789,-0.015814,-0.011219,-0.028075,0.154479,-0.809435,0.514469,0.03474,-0.505554,0.540351,0.666304,-0.565768,-1.521469,-0.078518,0.538879,-0.408391,-0.693407,0.324401,1.088416
0.55956,-0.870566,0.77634,-0.0289,-0.019336,0.986456,-0.160296,-0.226968,0.100956,0.094001,0.492217,-0.265064,-0.124097,-0.717211,0.120365,0.024583,1.09264,0.289348,0.092711,-0.047233,-0.044424,0.18885,-0.814622,0.489449,0.100315,-0.560725,0.414638,0.624562,-0.386474,-1.480681,-0.177157,0.461097,-0.571647,-0.649144,0.284777,0.9857
0.57405,-0.868849,0.748045,-0.033577,-0.015333,0.981649,-0.187091,-0.349281,0.068956,0.055965,0.680741,-0.404039,-0.102019,-0.755886,0.14279,0.055089,1.181783,0.337377,0.134779,-0.062191,-0.059179,0.231461,-0.834565,0.441618,0.092847,-0.606492,0.397393,0.66523,-0.342875,-1.416488,-0.223549,0.422239,-0.672745,-0.645917,0.294835,0.879325
0.587394,-0.869833,0.723474,-0.046676,-0.00747,0.977192,-0.207032,-0.482227,0.021981,0.045238,0.854231,-0.469826,-0.057263,-0.752716,0.08855,0.057461,1.222595,0.04668,0.053389,-0.05898,-0.058118,0.239494,-0.848135,0.435149,0.067727,-0.636852,0.454701,0.668931,-0.377083,-1.415439,-0.194541,0.436342,-0.66366,-0.624835,0.295809,0.861484
0.596527,-0.870256,0.700325,-0.05379,0.0018,0.973366,-0.22285,-0.579418,-0.022367,0.039639,0.996401,-0.519696,-0.039199,-0.726413,0.016332,0.030387,1.259267,-0.289901,-0.003474,-0.040039,-0.054232,0.23621,-0.868099,0.42914,0.009781,-0.612699,0.495561,0.64355,-0.454369,-1.433748,-0.148876,0.449821,-0.600449,-0.64625,0.311691,0.901038
0.602749,-0.869772,0.680235,-0.052019,0.005448,0.97185,-0.229723,-0.642421,-0.038318,0.040248,1.116695,-0.565959,-0.030821,-0.716068,-0.024628,-0.001808,1.306324,-0.467903,-0.032557,0.001929,-0.04451,0.235588,-0.876142,0.413625,-0.060753,-0.579398,0.461457,0.602345,-0.497466,-1.442427,-0.145298,0.432156,-0.564034,-0.703016,0.325506,0.949288
0.607693,-0.868206,0.669391,-0.047172,0.003975,0.971462,-0.232423,-0.676628,-0.038534,0.03457,1.187994,-0.584261,-0.026419,-0.739853,-0.022839,-0.002963,1.363516,-0.479164,-0.02987,0.026751,-0.038443,0.237067,-0.887921,0.416919,-0.084468,-0.545306,0.462334,0.615368,-0.533841,-1.430812,-0.152814,0.404515,-0.555433,-0.721715,0.324172,0.963475
0.611852,-0.866626,0.665569,-0.043412,0.000415,0.971646,-0.232422,-0.692424,-0.033245,0.027785,1.218842,-0.592129,-0.017881,-0.778267,-0.004591,0.008218,1.406536,-0.415168,-0.013496,0.032417,-0.042588,0.239069,-0.892646,0.436645,-0.065357,-0.546679,0.50496,0.616595,-0.567712,-1.417918,-0.15965,0.393539,-0.564251,-0.709035,0.327016,0.956813
0.615025,-0.86603,0.664943,-0.040918,-0.001683,0.972015,-0.231323,-0.694446,-0.029515,0.025356,1.225405,-0.601712,-0.012822,-0.800078,0.001653,0.007883,1.424643,-0.371988,-0.012628,0.02596,-0.055085,0.234563,-0.880634,0.44247,-0.048463,-0.55561,0.517653,0.600658,-0.57092,-1.408306,-0.173918,0.401869,-0.57411,-0.705873,0.336587,0.946775
0.617857,-0.866238,0.665145,-0.039042,-0.003006,0.971578,-0.23346,-0.695185,-0.032743,0.021839,1.226198,-0.606606,-0.005955,-0.801623,-0.004153,0.001647,1.424426,-0.364239,-0.006569,0.01415,-0.058951,0.226478,-0.873922,0.444223,-0.060705,-0.549974,0.532006,0.595789,-0.582657,-1.405383,-0.181073,0.419273,-0.573149,-0.691342,0.336775,0.938772
0.620804,-0.866548,0.664527,-0.037932,-0.004738,0.97035,-0.238661,-0.700774,-0.040503,0.014026,1.229214,-0.610994,-0.001601,-0.796225,-0.006783,0.004214,1.417948,-0.374299,0.023029,0.01035,-0.051813,0.22127,-0.878519,0.423321,-0.090645,-0.548105,0.500647,0.586584,-0.582123,-1.408394,-0.183183,0.422037,-0.567838,-0.666166,0.331635,0.926813
0.624815,-0.866552,0.662239,-0.039053,-0.006519,0.96925,-0.242873,-0.716524,-0.048143,0.008157,1.239126,-0.617844,0.00411,-0.802146,-0.005207,0.015865,1.417612,-0.382783,0.080392,0.026138,-0.037853,0.220811,-0.89081,0.399472,-0.127713,-0.540429,0.479337,0.594369,-0.595321,-1.407739,-0.184033,0.409741,-0.567472,-0.639939,0.33336,0.910405
0.629733,-0.86668,0.658732,-0.043196,-0.006472,0.969016,-0.243104,-0.738169,-0.0517,0.013605,1.249649,-0.625534,0.000653,-0.828047,-0.003888,0.031275,1.432649,-0.377229,0.11344,0.055237,-0.026698,0.224775,-0.890094,0.372107,-0.139583,-0.537892,0.456451,0.592008,-0.606759,-1.400813,-0.183294,0.395296,-0.566211,-0.602851,0.334731,0.889196
0.635224,-0.866716,0.654236,-0.050848,-0.006263,0.969657,-0.239043,-0.768158,-0.047743,0.027039,1.261654,-0.633986,-0.010957,-0.861805,-0.003587,0.042418,1.445822,-0.385769,0.124519,0.095276,-0.016699,0.227828,-0.885187,0.338725,-0.13724,-0.531802,0.449474,0.606005,-0.618003,-1.386598,-0.185394,0.399404,-0.559453,-0.530497,0.328281,0.856826
0.639798,-0.866539,0.649362,-0.057772,-0.005305,0.97045,-0.234224,-0.796249,-0.04158,0.042012,1.277247,-0.642448,-0.025841,-0.890158,-0.00622,0.047907,1.458558,-0.402891,0.120883,0.134063,-0.014317,0.234281,-0.877728,0.298023,-0.139792,-0.529926,0.458294,0.618539,-0.645567,-1.367084,-0.203331,0.419975,-0.547899,-0.435249,0.319116,0.812814
0.642645,-0.866248,0.645414,-0.06206,-0.006445,0.971271,-0.22965,-0.81689,-0.03042,0.051034,1.293206,-0.651753,-0.039666,-0.902158,-0.001081,0.05249,1.460044,-0.431607,0.125798,0.147008,-0.014613,0.239507,-0.862273,0.25599,-0.150567,-0.528952,0.480156,0.636092,-0.70172,-1.337667,-0.22378,0.449788,-0.519414,-0.32909,0.296814,0.766138
0.644207,-0.868173,0.645044,-0.060072,-0.007117,0.97169,-0.228385,-0.813266,-0.026193,0.055645,1.295097,-0.656813,-0.047734,-0.887532,0.000413,0.058801,1.435833,-0.454374,0.134359,0.123902,-0.013678,0.244425,-0.841764,0.217588,-0.169754,-0.529534,0.544698,0.683907,-0.791239,-1.29433,-0.262038,0.477017,-0.485252,-0.262964,0.282849,0.7355
0.643085,-0.870179,0.648521,-0.056475,-0.00779,0.972196,-0.227122,-0.793934,-0.02317,0.056167,1.280674,-0.654559,-0.049994,-0.862651,-0.000995,0.05243,1.437012,-0.469167,0.124101,0.057904,-0.02055,0.237572,-0.821612,0.247786,-0.182148,-0.542467,0.628162,0.726643,-0.878996,-1.246151,-0.327997,0.472712,-0.469684,-0.278893,0.30257,0.709102
0.640363,-0.87307,0.6568,-0.052011,-0.007152,0.971503,-0.23114,-0.760839,-0.034038,0.050365,1.243254,-0.634476,-0.040935,-0.827441,-0.010108,0.048219,1.396692,-0.455966,0.115782,0.021065,-0.022839,0.21838,-0.827137,0.26537,-0.21287,-0.558406,0.676605,0.734214,-0.941842,-1.163576,-0.443907,0.427894,-0.462975,-0.316101,0.348908,0.681761
0.635506,-0.87686,0.669851,-0.046294,-0.006827,0.971101,-0.234035,-0.708879,-0.044235,0.041336,1.181498,-0.605861,-0.027589,-0.779969,-0.01121,0.050237,1.345692,-0.420769,0.118121,0.003756,-0.024041,0.192003,-0.838826,0.259047,-0.221036,-0.578055,0.686815,0.719494,-0.977941,-1.078296,-0.547274,0.355932,-0.455657,-0.34895,0.4206,0.652089
0.628674,-0.881708,0.686203,-0.038158,-0.005469,0.972221,-0.230867,-0.633616,-0.046405,0.038549,1.096936,-0.573728,-0.017487,-0.715595,-0.007441,0.054434,1.274469,-0.379494,0.122223,-0.001236,-0.025067,0.166848,-0.847069,0.248233,-0.209644,-0.594736,0.695682,0.697204,-1.009464,-1.036954,-0.572108,0.292923,-0.439852,-0.324522,0.502859,0.615863
0.622447,-0.887073,0.703319,-0.033686,-0.00409,0.974025,-0.223882,-0.56193,-0.044426,0.044205,1.000396,-0.529375,-0.011776,-0.658272,-0.000627,0.065256,1.194907,-0.333832,0.119452,-0.009043,-0.016071,0.140022,-0.852837,0.23962,-0.175876,-0.607521,0.711494,0.682839,-1.027086,-1.052703,-0.529857,0.235896,-0.44934,-0.204372,0.487523,0.578858
0.617651,-0.892433,0.719017,-0.03157,-0.001805,0.975815,-0.216301,-0.496343,-0.044002,0.055754,0.901223,-0.482652,-0.014012,-0.61236,0.002515,0.078713,1.121664,-0.287245,0.112194,-0.017154,0.005686,0.121123,-0.864527,0.245682,-0.153047,-0.619294,0.72776,0.674496,-1.037534,-1.112255,-0.453986,0.172639,-0.486493,0.002253,0.369156,0.504333
0.615126,-0.897777,0.7322,-0.032639,-0.000449,0.977325,-0.209212,-0.443999,-0.046226,0.066415,0.806245,-0.441442,-0.021434,-0.584816,0.003641,0.090266,1.060503,-0.237522,0.098483,-0.028739,0.030304,0.115474,-0.880699,0.256984,-0.154723,-0.635609,0.730275,0.670631,-1.042452,-1.186978,-0.335463,0.122352,-0.521282,0.289018,0.064407,0.400677
0.615502,-0.902401,0.740002,-0.035218,-0.001243,0.978285,-0.204246,-0.418425,-0.047779,0.073989,0.74811,-0.416725,-0.024973,-0.582564,0.00678,0.099913,1.031435,-0.192406,0.088869,-0.036964,0.064224,0.124539,-0.895582,0.264455,-0.163226,-0.651813,0.726595,0.673197,-1.039384,-1.240643,-0.188479,0.123184,-0.563329,0.521873,-0.22318,0.381106
0.618273,-0.907122,0.741758,-0.036654,-0.003351,0.97885,-0.201239,-0.416853,-0.04703,0.083337,0.734255,-0.402843,-0.019373,-0.599581,0.007624,0.102814,1.03778,-0.152031,0.087722,-0.051986,0.101749,0.142589,-0.902774,0.283568,-0.161734,-0.659964,0.735728,0.680411,-1.029475,-1.264875,-0.10975,0.136435,-0.572079,0.593855,-0.315849,0.373566
0.62306,-0.911852,0.736817,-0.03856,-0.007634,0.979202,-0.199043,-0.4488,-0.041161,0.09376,0.776344,-0.399862,-0.009198,-0.638285,0.006753,0.095671,1.077705,-0.124916,0.088313,-0.082083,0.135681,0.16814,-0.903612,0.324014,-0.150221,-0.657426,0.753549,0.691666,-1.018815,-1.24047,-0.209448,0.118407,-0.558009,0.377724,-0.221243,0.164464
0.628744,-0.916401,0.725631,-0.041912,-0.0118,0.979824,-0.195064,-0.503925,-0.034053,0.10532,0.859123,-0.419136,-0.002676,-0.691614,0.012645,0.098251,1.139479,-0.119633,0.081864,-0.103536,0.167104,0.194579,-0.897119,0.356829,-0.138765,-0.639826,0.774206,0.704053,-1.004325,-1.195596,-0.390936,0.064874,-0.591882,0.097179,-0.082644,-0.143612
0.634302,-0.9194,0.711178,-0.048808,-0.011435,0.980747,-0.188741,-0.568459,-0.03054,0.124414,0.949762,-0.447011,-0.005497,-0.754094,0.0134,0.107823,1.21062,-0.142796,0.072406,-0.114737,0.189569,0.222082,-0.899774,0.368757,-0.107389,-0.61831,0.801357,0.718229,-0.984576,-1.163051,-0.386611,0.005837,-0.592437,0.02332,-0.051059,-0.364508
0.638636,-0.920733,0.697464,-0.061127,-0.009151,0.981795,-0.179603,-0.634978,-0.024237,0.149464,1.0249,-0.471657,-0.013842,-0.819768,0.011833,0.117062,1.270446,-0.180174,0.053626,-0.103506,0.200443,0.236547,-0.915196,0.362204,-0.091521,-0.597866,0.817025,0.728891,-0.969488,-1.133107,-0.305315,-0.011136,-0.660976,-0.053134,-0.203361,-0.582273
0.641955,-0.921497,0.686851,-0.073482,-0.008528,0.982379,-0.171635,-0.692283,-0.013856,0.1706,1.081917,-0.487419,-0.02073,-0.873617,0.014662,0.1249,1.310668,-0.215112,0.04119,-0.102091,0.20256,0.2415,-0.922129,0.361298,-0.085053,-0.585226,0.81916,0.738146,-0.954988,-1.12232,-0.344486,0.026896,-0.829389,-0.241367,-0.170584,-0.990017
0.644606,-0.922258,0.68266,-0.079569,-0.009207,0.982578,-0.167703,-0.72232,-0.006624,0.18078,1.108021,-0.484255,-0.023209,-0.897627,0.018724,0.130383,1.322628,-0.228492,0.037607,-0.12083,0.203598,0.249347,-0.922892,0.364281,-0.087337,-0.577921,0.822568,0.741675,-0.949043,-1.16725,-0.428966,0.079399,-0.860408,-0.324779,-0.135223,-1.104441
0.645257,-0.922697,0.684696,-0.082055,-0.010752,0.982473,-0.167031,-0.727422,-0.003554,0.18172,1.102027,-0.470342,-0.021649,-0.899515,0.024001,0.134141,1.311427,-0.219131,0.03677,-0.149069,0.213512,0.253935,-0.913048,0.355987,-0.093119,-0.570277,0.822075,0.743687,-0.946274,-1.178261,-0.403851,0.185351,-0.707072,-0.141655,-0.085374,-1.00807
0.644617,-0.922572,0.691287,-0.086039,-0.011474,0.981851,-0.168623,-0.723131,-0.006873,0.179283,1.070479,-0.441615,-0.015586,-0.892125,0.026582,0.140715,1.279596,-0.197255,0.043537,-0.175142,0.229829,0.25797,-0.914625,0.345206,-0.093754,-0.571605,0.816657,0.748871,-0.938308,-1.150967,-0.271623,0.256043,-0.582761,0.014866,-0.146397,-0.674284
0.643327,-0.921596,0.698747,-0.088359,-0.011265,0.981549,-0.169197,-0.710265,-0.00847,0.180305,1.033411,-0.415551,-0.003927,-0.878138,0.03037,0.147969,1.244603,-0.177143,0.047631,-0.187543,0.228109,0.265682,-0.924888,0.347056,-0.098365,-0.584057,0.818323,0.744466,-0.94166,-1.125527,-0.254787,0.209491,-0.689276,-0.065702,-0.216964,-0.701921
0.641781,-0.919982,0.705456,-0.090879,-0.010412,0.981301,-0.169354,-0.694797,-0.010344,0.181958,0.992192,-0.395661,0.001744,-0.865001,0.030745,0.151119,1.211022,-0.161412,0.052927,-0.183667,0.224778,0.267307,-0.931243,0.341131,-0.099422,-0.594346,0.812138,0.738756,-0.951229,-1.131839,-0.308798,0.126729,-0.849215,-0.226753,-0.216932,-0.867302
0.641325,-0.918622,0.708158,-0.093038,-0.009818,0.981377,-0.167769,-0.690946,-0.009428,0.184441,0.975517,-0.388604,0.006601,-0.862292,0.031816,0.152608,1.195551,-0.155032,0.056688,-0.179031,0.22143,0.269291,-0.937233,0.343589,-0.088739,-0.596407,0.810544,0.741288,-0.948434,-1.128207,-0.341611,0.155127,-0.845196,-0.241787,-0.185806,-0.910505
0.642997,-0.917127,0.706518,-0.095521,-0.0103,0.981506,-0.165576,-0.704921,-0.003962,0.186606,0.986112,-0.389263,0.006496,-0.880937,0.03463,0.149054,1.204817,-0.135624,0.060418,-0.187847,0.224604,0.275532,-0.938088,0.363394,-0.058506,-0.596852,0.829347,0.746421,-0.939094,-1.161212,-0.318443,0.223527,-0.679519,-0.011849,-0.054634,-0.829892
0.644834,-0.914938,0.701283,-0.09649,-0.009204,0.981756,-0.163587,-0.72636,0.002945,0.191607,1.018701,-0.395843,0.002352,-0.901481,0.033473,0.143608,1.228542,-0.137423,0.060705,-0.184856,0.224374,0.288598,-0.943966,0.366817,-0.049521,-0.585899,0.841978,0.753559,-0.929502,-1.160299,-0.209139,0.270907,-0.594198,0.044445,-0.164468,-0.60645
0.646125,-0.912858,0.695911,-0.096221,-0.006922,0.981667,-0.164391,-0.742954,0.003365,0.193458,1.048385,-0.404227,0.000158,-0.911458,0.025076,0.137703,1.24933,-0.159913,0.063566,-0.182126,0.214113,0.293138,-0.930769,0.359832,-0.064326,-0.56145,0.839006,0.7563,-0.926778,-1.159499,-0.221003,0.239371,-0.699926,-0.088591,-0.22184,-0.757467
0.645357,-0.910163,0.694306,-0.093065,-0.005019,0.981511,-0.167181,-0.740865,0.002088,0.19098,1.058122,-0.407391,0.000606,-0.907919,0.020642,0.131987,1.259721,-0.16664,0.061503,-0.175869,0.200526,0.288488,-0.911722,0.358136,-0.089662,-0.54022,0.838634,0.752911,-0.930777,-1.167771,-0.291275,0.187596,-0.838379,-0.220381,-0.200135,-0.905192
0.643195,-0.907525,0.697107,-0.087335,-0.004032,0.981119,-0.172519,-0.722061,-0.002119,0.182592,1.046835,-0.401179,0.006074,-0.892302,0.019654,0.128025,1.257033,-0.148499,0.058291,-0.177743,0.183827,0.267674,-0.883347,0.366524,-0.104939,-0.532306,0.843663,0.748307,-0.936336,-1.127371,-0.33455,0.206836,-0.834924,-0.219845,-0.160396,-0.949604
0.63923,-0.904273,0.703155,-0.078961,-0.002384,0.980789,-0.178358,-0.685416,-0.008412,0.170676,1.016675,-0.390914,0.013859,-0.863351,0.017428,0.120235,1.242786,-0.121354,0.050105,-0.179941,0.163206,0.23236,-0.858702,0.372372,-0.105578,-0.535708,0.85539,0.742336,-0.943973,-1.075562,-0.322175,0.248816,-0.690658,-0.02439,-0.060849,-0.904607
0.632942,-0.900716,0.711977,-0.064407,0.00201,0.981282,-0.181476,-0.618884,-0.01438,0.160131,0.967304,-0.381497,0.015726,-0.805895,0.010503,0.107511,1.212347,-0.109011,0.038397,-0.165834,0.137844,0.210249,-0.8621,0.371229,-0.104418,-0.545051,0.881039,0.727222,-0.962161,-1.033532,-0.235727,0.280035,-0.590302,0.123901,-0.038937,-0.70125
0.629385,-0.896991,0.719662,-0.05836,0.004973,0.981598,-0.181755,-0.576796,-0.017907,0.153388,0.920205,-0.373113,0.020103,-0.769452,0.010585,0.105162,1.178591,-0.101887,0.03919,-0.139808,0.106474,0.183027,-0.873212,0.369506,-0.114579,-0.558139,0.883718,0.718828,-0.973511,-1.036032,-0.241932,0.267537,-0.697118,0.045885,-0.117437,-0.681257
0.625975,-0.89357,0.725657,-0.050002,0.007146,0.982216,-0.180832,-0.53139,-0.018247,0.145919,0.879548,-0.37656,0.015394,-0.726697,0.016412,0.107693,1.14601,-0.106881,0.050936,-0.103969,0.078017,0.171938,-0.883369,0.356045,-0.14045,-0.558847,0.868636,0.716704,-0.981684,-1.092467,-0.284317,0.269734,-0.864089,-0.078079,-0.182375,-0.68497
0.626053,-0.890541,0.727923,-0.045562,0.007818,0.982321,-0.181406,-0.513697,-0.017681,0.140004,0.863008,-0.380743,0.012877,-0.709035,0.018813,0.106429,1.131465,-0.108985,0.060315,-0.071188,0.06075,0.171327,-0.89956,0.345907,-0.160907,-0.55424,0.856456,0.715473,-0.984363,-1.092528,-0.319013,0.294062,-0.898412,-0.1417,-0.173882,-0.712791
0.628493,-0.887059,0.724921,-0.040993,0.007112,0.981998,-0.184254,-0.516145,-0.013919,0.131609,0.878699,-0.401811,0.005072,-0.707047,0.019872,0.099048,1.141562,-0.122108,0.06989,-0.046435,0.048746,0.185394,-0.912468,0.339123,-0.173455,-0.545529,0.847044,0.706261,-0.996329,-1.068974,-0.373777,0.280563,-0.747471,-0.055589,-0.006008,-0.799626
0.632904,-0.882704,0.71726,-0.041523,0.007307,0.98118,-0.188438,-0.545852,-0.012311,0.125061,0.919957,-0.428251,-0.007079,-0.729064,0.017441,0.093856,1.173097,-0.149719,0.077857,-0.03266,0.038954,0.201151,-0.924484,0.344757,-0.162491,-0.542061,0.846841,0.711078,-0.990511,-1.035059,-0.280017,0.32953,-0.594393,0.05399,-0.062129,-0.624891
0.637704,-0.878669,0.706081,-0.044724,0.007479,0.980129,-0.193107,-0.593485,-0.010969,0.121924,0.981929,-0.453305,-0.013648,-0.760529,0.012668,0.089201,1.215734,-0.195425,0.084808,-0.023265,0.024172,0.2151,-0.937616,0.359021,-0.144259,-0.535122,0.857934,0.71526,-0.98409,-1.024734,-0.235925,0.361922,-0.658672,-0.006267,-0.189546,-0.652311
0.641894,-0.875148,0.695365,-0.049535,0.00647,0.978784,-0.198709,-0.645975,-0.010242,0.11807,1.042939,-0.468017,-0.011232,-0.797935,0.009544,0.085748,1.258582,-0.225348,0.095566,-0.015822,0.014271,0.215897,-0.943926,0.366879,-0.126505,-0.517906,0.869162,0.716111,-0.982776,-1.097092,-0.269936,0.342993,-0.821233,-0.157934,-0.188812,-0.815475
0.645021,-0.872627,0.689232,-0.051607,0.005448,0.97746,-0.204643,-0.678462,-0.012703,0.111684,1.078137,-0.468474,-0.008254,-0.823698,0.003427,0.078491,1.287124,-0.228675,0.096791,-0.01319,0.010793,0.211221,-0.943954,0.375531,-0.11266,-0.507572,0.875287,0.72357,-0.972873,-1.115604,-0.307498,0.332355,-0.876689,-0.201885,-0.122137,-0.88567
0.646653,-0.871038,0.68856,-0.05133,0.005776,0.976423,-0.209595,-0.685933,-0.018637,0.105895,1.081667,-0.460937,-0.007226,-0.831105,-0.004972,0.071216,1.294685,-0.218889,0.091868,-0.011472,0.008424,0.206636,-0.944701,0.38515,-0.110364,-0.510955,0.878462,0.72655,-0.968186,-1.08425,-0.30756,0.361989,-0.747308,-0.070342,-0.02448,-0.899752
0.647598,-0.869746,0.691951,-0.049449,0.006936,0.975781,-0.212974,-0.676485,-0.025095,0.101011,1.063548,-0.445419,-0.004918,-0.821432,-0.011621,0.067708,1.280975,-0.207019,0.091288,-0.006581,0.008738,0.20717,-0.947945,0.393168,-0.117486,-0.524415,0.879262,0.72962,-0.963838,-1.043874,-0.254629,0.391266,-0.649038,0.055768,0.01631,-0.816324
0.647844,-0.868924,0.697322,-0.047978,0.007407,0.975683,-0.213741,-0.657263,-0.027566,0.097862,1.030508,-0.435298,-0.009462,-0.803829,-0.013772,0.0664,1.253557,-0.196841,0.096716,0.003383,0.006397,0.210245,-0.949949,0.383818,-0.126099,-0.537494,0.872245,0.727773,-0.966085,-1.027247,-0.246994,0.369059,-0.746149,-0.027334,-0.051416,-0.824547
0.648383,-0.868164,0.7025,-0.048627,0.00688,0.975723,-0.21343,-0.640708,-0.026872,0.096155,0.994827,-0.433982,-0.016301,-0.793647,-0.012385,0.066347,1.22725,-0.181354,0.100935,0.010997,0.005601,0.208094,-0.939934,0.371574,-0.132028,-0.547085,0.855492,0.726499,-0.96924,-1.069352,-0.265373,0.334775,-0.866247,-0.153716,-0.106305,-0.833868
0.650507,-0.867436,0.704647,-0.049041,0.006557,0.975829,-0.212862,-0.63738,-0.026893,0.095109,0.981022,-0.433196,-0.016683,-0.79634,-0.010058,0.068632,1.218824,-0.165226,0.104387,0.020119,0.006948,0.212184,-0.945502,0.369368,-0.12978,-0.544984,0.852807,0.727594,-0.968028,-1.077469,-0.290845,0.341342,-0.871472,-0.170553,-0.096598,-0.823244
0.653592,-0.866439,0.703341,-0.050737,0.005539,0.976011,-0.211654,-0.648483,-0.024484,0.096156,0.985197,-0.435759,-0.0158,-0.812869,-0.005438,0.071183,1.226033,-0.15063,0.107239,0.027009,0.012368,0.216388,-0.9557,0.372739,-0.117152,-0.542049,0.863591,0.72809,-0.966551,-1.077471,-0.292248,0.371241,-0.727201,-0.013366,0.002555,-0.786649
0.656347,-0.865402,0.698734,-0.051858,0.005007,0.976035,-0.211286,-0.666814,-0.022077,0.097684,1.007177,-0.447353,-0.016367,-0.828448,-0.0028,0.073658,1.243121,-0.161786,0.111377,0.050405,0.01942,0.226924,-0.973861,0.352416,-0.122221,-0.537708,0.867586,0.728656,-0.96561,-1.037805,-0.24977,0.418982,-0.664566,0.048705,-0.046775,-0.682737
0.658522,-0.864255,0.692428,-0.052625,0.006047,0.976028,-0.2111,-0.6864,-0.020147,0.102807,1.037117,-0.463514,-0.01892,-0.840097,-0.003636,0.076734,1.263821,-0.193387,0.115246,0.040557,0.016025,0.238374,-0.967583,0.358585,-0.109148,-0.535198,0.867511,0.72874,-0.965129,-1.063905,-0.25409,0.398412,-0.748806,-0.05014,-0.10732,-0.781462
0.659288,-0.863892,0.687941,-0.055308,0.007198,0.975558,-0.212547,-0.703202,-0.021864,0.106563,1.057116,-0.474762,-0.021667,-0.849001,-0.005906,0.082605,1.277692,-0.223136,0.122897,0.022118,0.012348,0.233374,-0.93626,0.371425,-0.100509,-0.527977,0.865203,0.725412,-0.969941,-1.099386,-0.279773,0.361388,-0.847214,-0.145576,-0.113519,-0.801861
0.659673,-0.864337,0.688047,-0.05589,0.007499,0.975194,-0.214047,-0.704546,-0.024819,0.106425,1.055961,-0.472642,-0.021953,-0.845312,-0.00661,0.087743,1.273686,-0.233166,0.12756,0.016319,0.016027,0.227758,-0.912196,0.380844,-0.102,-0.50799,0.871441,0.724107,-0.97265,-1.080494,-0.330251,0.35525,-0.813321,-0.107353,-0.016092,-0.828048
0.658783,-0.865629,0.693514,-0.054736,0.007377,0.975374,-0.213529,-0.686126,-0.026296,0.105647,1.028154,-0.457033,-0.020362,-0.82555,-0.006486,0.089162,1.247138,-0.228295,0.122524,0.005362,0.023509,0.212045,-0.87664,0.398597,-0.103123,-0.480096,0.882283,0.721189,-0.976107,-1.056261,-0.355011,0.352338,-0.681876,-0.012619,0.061091,-0.811792
0.656103,-0.867438,0.703556,-0.051171,0.008313,0.976059,-0.211237,-0.644737,-0.028488,0.105395,0.973815,-0.434124,-0.017845,-0.785132,-0.006189,0.090665,1.198445,-0.219738,0.112785,-0.005494,0.026111,0.190544,-0.83699,0.426612,-0.113383,-0.43746,0.897088,0.714744,-0.985029,-1.031921,-0.363606,0.325139,-0.543316,0.098252,0.171386,-0.779277
0.65002,-0.870028,0.717219,-0.04167,0.011152,0.977004,-0.208813,-0.568728,-0.03255,0.104397,0.89016,-0.405349,-0.018607,-0.715688,-0.009027,0.089517,1.132489,-0.206297,0.103353,-0.013683,0.025503,0.176944,-0.79559,0.456233,-0.130604,-0.380316,0.89919,0.705878,-0.998466,-1.020528,-0.396627,0.283139,-0.408749,0.189753,0.412079,-0.623887
0.6444,-0.872306,0.729634,-0.03652,0.012348,0.97769,-0.206486,-0.508441,-0.035108,0.103567,0.813421,-0.37767,-0.012441,-0.662651,-0.008413,0.090999,1.071326,-0.183355,0.100561,-0.01362,0.026728,0.15106,-0.75598,0.473318,-0.148966,-0.327514,0.882258,0.702203,-1.004443,-1.007202,-0.414257,0.260868,-0.283479,0.181941,0.578944,-0.462026
0.638289,-0.8751,0.741443,-0.0309,0.012012,0.978344,-0.204312,-0.445466,-0.035905,0.100082,0.733615,-0.352088,-0.007036,-0.609046,-0.005561,0.091658,1.008237,-0.154363,0.105001,-0.014642,0.033684,0.125914,-0.721472,0.478802,-0.151339,-0.300056,0.855995,0.703108,-1.002891,-1.025873,-0.438024,0.281117,-0.195339,0.053945,0.640239,-0.217362
0.632587,-0.878474,0.751059,-0.022508,0.011558,0.978907,-0.202734,-0.381284,-0.036649,0.095852,0.663422,-0.337131,-0.001721,-0.55318,-0.00423,0.090547,0.95321,-0.132088,0.116053,-0.020832,0.043857,0.113155,-0.695762,0.468649,-0.136023,-0.308026,0.822128,0.705485,-0.998339,-1.056961,-0.471063,0.325955,-0.201268,-0.2014,0.502455,0.202599
0.628195,-0.881623,0.757775,-0.019873,0.01085,0.979312,-0.201087,-0.342956,-0.038364,0.094276,0.613844,-0.323117,0.005868,-0.520395,-0.002345,0.094475,0.913398,-0.115228,0.127392,-0.032403,0.055491,0.099183,-0.678641,0.45888,-0.099742,-0.340501,0.785833,0.704171,-0.991342,-1.08427,-0.441952,0.367463,-0.269509,-0.216672,0.374348,0.335533
0.624079,-0.884232,0.762487,-0.019195,0.010275,0.979894,-0.198329,-0.313511,-0.038482,0.095113,0.572854,-0.31443,0.006902,-0.49752,0.000664,0.100376,0.882349,-0.103131,0.136863,-0.045638,0.06958,0.094737,-0.661289,0.461926,-0.033728,-0.379836,0.716409,0.696051,-0.942262,-1.126618,-0.357739,0.420033,-0.351274,-0.13808,0.239539,0.369891
0.622469,-0.885583,0.763615,-0.022606,0.010583,0.980962,-0.192589,-0.310916,-0.036711,0.1041,0.560522,-0.306424,0.003601,-0.502122,0.003911,0.108105,0.877208,-0.097863,0.134981,-0.055223,0.080651,0.098831,-0.64735,0.488561,0.053612,-0.414672,0.631835,0.727352,-0.808242,-1.213941,-0.233046,0.477008,-0.407527,-0.04489,0.111618,0.33244
0.623507,-0.885823,0.761257,-0.027996,0.010985,0.982165,-0.1856,-0.33057,-0.031818,0.117849,0.574626,-0.297721,-0.00222,-0.527621,0.007325,0.112521,0.895412,-0.100701,0.121151,-0.06277,0.090134,0.115914,-0.616209,0.539998,0.1323,-0.46054,0.446543,0.796982,-0.498444,-1.338889,-0.122061,0.513143,-0.44863,-0.018995,0.029071,0.302424
0.626164,-0.88488,0.755637,-0.033403,0.012529,0.982898,-0.18066,-0.363867,-0.027504,0.130985,0.613609,-0.309016,-0.015105,-0.56351,0.007653,0.113806,0.93215,-0.115105,0.103892,-0.063311,0.08691,0.136546,-0.58,0.545857,0.172508,-0.505637,0.038389,0.806317,0.100669,-1.451008,-0.077854,0.487229,-0.48415,-0.073841,0.016411,0.276754
0.629011,-0.883181,0.747416,-0.037987,0.014593,0.982722,-0.18056,-0.406396,-0.027045,0.137013,0.672433,-0.33127,-0.022684,-0.603011,0.004945,0.113526,0.98218,-0.137849,0.092665,-0.053178,0.07485,0.150343,-0.601711,0.524773,0.164056,-0.514537,-0.332396,0.619728,0.711071,-1.475656,-0.128963,0.423873,-0.52927,-0.201976,0.128515,0.231489
0.631298,-0.881468,0.738033,-0.041573,0.016479,0.981616,-0.185552,-0.45171,-0.031059,0.13601,0.739219,-0.356277,-0.022451,-0.639238,-0.003238,0.109535,1.036963,-0.167953,0.092377,-0.044752,0.061774,0.158541,-0.666942,0.502265,0.165875,-0.507842,-0.459043,0.482205,0.998213,-1.408957,-0.206873,0.365494,-0.540634,-0.298078,0.290464,0.159615
0.632805,-0.879481,0.728974,-0.045189,0.017814,0.979789,-0.194049,-0.49705,-0.037588,0.129955,0.803312,-0.374369,-0.019081,-0.675472,-0.011922,0.106927,1.091854,-0.187066,0.103548,-0.034985,0.054718,0.161619,-0.752994,0.500438,0.118542,-0.506434,-0.46317,0.487136,1.049062,-1.275651,-0.223322,0.338262,-0.535206,-0.244524,0.468244,0.012606
0.633587,-0.87734,0.721509,-0.04982,0.019858,0.977677,-0.203152,-0.538421,-0.04665,0.125562,0.854278,-0.379889,-0.013507,-0.71098,-0.022165,0.107116,1.13987,-0.195931,0.117,-0.012421,0.054055,0.158144,-0.881482,0.50839,0.010232,-0.452233,-0.3367,0.560777,0.897312,-1.152032,-0.198987,0.354387,-0.560386,-0.023307,0.573492,-0.289899
0.634465,-0.876183,0.71651,-0.053099,0.021408,0.976223,-0.209071,-0.567119,-0.053155,0.124921,0.88775,-0.37635,-0.00917,-0.735539,-0.029924,0.108458,1.171482,-0.201453,0.126055,0.013057,0.057677,0.153025,-1.008506,0.424941,-0.115398,-0.326169,-0.133464,0.590367,0.47026,-1.164542,-0.254837,0.360616,-0.601158,-0.017233,0.512873,-0.413743
0.635302,-0.875739,0.71377,-0.05533,0.022787,0.97593,-0.209715,-0.583005,-0.054176,0.12989,0.905639,-0.373321,-0.010042,-0.748644,-0.032908,0.111398,1.185879,-0.210333,0.128042,0.017359,0.059635,0.158471,-0.988659,0.345021,-0.128225,-0.253797,-0.045943,0.60038,0.067179,-1.262814,-0.318638,0.405358,-0.637133,-0.216386,0.409476,-0.21394
0.635297,-0.875402,0.712615,-0.05768,0.022952,0.975952,-0.20896,-0.592289,-0.052465,0.132543,0.913781,-0.373446,-0.01309,-0.753811,-0.031288,0.114359,1.188625,-0.221134,0.127296,0.005032,0.061826,0.169607,-0.865781,0.370976,0.011964,-0.273849,-0.129099,0.589335,0.163028,-1.289894,-0.34676,0.419863,-0.656054,-0.329886,0.294953,0.056067
0.634733,-0.875743,0.713435,-0.058847,0.020139,0.975798,-0.20964,-0.595436,-0.048521,0.128545,0.914341,-0.373376,-0.01243,-0.752869,-0.026724,0.112275,1.181559,-0.216343,0.127465,-0.012816,0.06791,0.179556,-0.728198,0.385089,0.177177,-0.32634,-0.311291,0.477801,0.591268,-1.17092,-0.41088,0.312333,-0.681587,-0.372992,0.42099,0.015506
0.632936,-0.874978,0.716296,-0.059895,0.019607,0.975564,-0.210481,-0.589779,-0.048106,0.125437,0.900548,-0.364547,-0.009534,-0.747681,-0.027516,0.107882,1.168348,-0.204756,0.122069,-0.037834,0.079041,0.181837,-0.608915,0.489866,0.275201,-0.453079,-0.426297,0.422079,0.985105,-1.034157,-0.307635,0.2346,-0.657903,-0.146144,0.497932,-0.207131
0.631121,-0.873429,0.71864,-0.060143,0.022302,0.975403,-0.210891,-0.58034,-0.052607,0.124671,0.884319,-0.355945,-0.006979,-0.742151,-0.032995,0.105145,1.161285,-0.20138,0.111091,-0.031456,0.086349,0.175868,-0.676673,0.605019,0.259099,-0.488836,-0.431856,0.521197,0.99097,-0.986729,-0.236406,0.291766,-0.632613,0.014209,0.423784,-0.356566
0.630463,-0.871323,0.717933,-0.057078,0.025545,0.975326,-0.211729,-0.570031,-0.057109,0.123281,0.880443,-0.36594,-0.006978,-0.732447,-0.033772,0.109089,1.163548,-0.216852,0.112354,-0.010509,0.083221,0.161654,-0.884553,0.549577,0.022346,-0.392892,-0.378545,0.569694,0.771971,-1.082355,-0.285879,0.372747,-0.614894,-0.026652,0.299817,-0.339215
0.629945,-0.870206,0.714936,-0.054502,0.026033,0.975512,-0.21149,-0.567723,-0.055291,0.121906,0.893491,-0.392011,-0.011728,-0.723646,-0.024434,0.12125,1.168694,-0.246071,0.134509,0.000034,0.082869,0.157369,-0.97483,0.404545,-0.1471,-0.313874,-0.208298,0.675148,0.191639,-1.179175,-0.359842,0.425226,-0.611316,-0.128903,0.174621,-0.075302
0.629802,-0.869625,0.713787,-0.057827,0.023098,0.975398,-0.211476,-0.578073,-0.049781,0.119226,0.899936,-0.407955,-0.013848,-0.724888,-0.01484,0.129427,1.160732,-0.260114,0.159343,0.004847,0.084722,0.160245,-0.925472,0.471724,-0.025303,-0.398634,-0.072532,0.69401,0.019176,-1.080352,-0.523798,0.326222,-0.663188,-0.176801,0.316284,-0.172874
0.62869,-0.869393,0.719088,-0.061136,0.019905,0.975361,-0.211039,-0.569541,-0.046293,0.113874,0.868932,-0.400271,-0.008356,-0.713362,-0.009232,0.130245,1.125057,-0.249031,0.167474,-0.004852,0.087627,0.160171,-0.819912,0.556061,0.240496,-0.507023,-0.127037,0.69467,0.313175,-0.929027,-0.497865,0.160017,-0.604788,0.041559,0.381485,-0.498274
0.626314,-0.869781,0.727995,-0.061084,0.017916,0.975466,-0.210744,-0.538646,-0.047653,0.105729,0.811073,-0.377254,0.000328,-0.686373,-0.006892,0.127784,1.076057,-0.224742,0.164598,-0.035844,0.099175,0.16551,-0.685376,0.622054,0.43234,-0.685729,-0.234572,0.684318,0.722059,-0.828421,-0.339222,0.085293,-0.49832,0.246994,0.302699,-0.736235
0.624908,-0.871254,0.737178,-0.060718,0.01536,0.975716,-0.209894,-0.510176,-0.048003,0.100622,0.754996,-0.341468,0.013497,-0.65863,-0.004031,0.126717,1.024772,-0.199908,0.156705,-0.055954,0.116387,0.154043,-0.728067,0.672344,0.409847,-0.789944,-0.200408,0.718602,0.786781,-0.768994,-0.271168,0.146437,-0.457104,0.283997,0.260401,-0.858066
0.624654,-0.873316,0.746746,-0.059106,0.012699,0.975882,-0.20976,-0.477283,-0.050368,0.093445,0.693236,-0.306942,0.027632,-0.626103,-0.004621,0.12215,0.967512,-0.173034,0.150895,-0.068404,0.1365,0.128073,-0.89427,0.676526,0.209878,-0.768405,-0.139952,0.699656,0.701473,-0.808219,-0.252318,0.252483,-0.387298,0.26326,0.244368,-0.886741
0.623498,-0.875048,0.755888,-0.049857,0.013503,0.977291,-0.205511,-0.415162,-0.050844,0.092621,0.618414,-0.285086,0.028111,-0.575862,-0.005277,0.118343,0.911796,-0.148402,0.143858,-0.053965,0.147145,0.127013,-1.081295,0.422024,-0.165467,-0.576708,0.038413,0.537609,0.043202,-0.896599,-0.096346,0.383812,-0.228626,0.235823,0.208077,-0.520497
0.623034,-0.876816,0.760275,-0.047973,0.015517,0.978442,-0.200272,-0.386258,-0.051096,0.102975,0.579411,-0.282998,0.016098,-0.559804,-0.005802,0.124518,0.890304,-0.139541,0.139426,-0.050301,0.147291,0.133479,-1.054822,0.295219,-0.239179,-0.512242,0.153232,0.560861,-0.454674,-0.921215,-0.017491,0.471231,-0.137026,0.207573,0.200939,0.035175
0.624376,-0.878329,0.759248,-0.050223,0.017043,0.979229,-0.1957,-0.388156,-0.049396,0.115276,0.57837,-0.294068,-0.002825,-0.57174,-0.004607,0.135697,0.900668,-0.142515,0.142074,-0.041477,0.138791,0.147546,-1.013681,0.381484,-0.036201,-0.559005,0.20152,0.503314,-0.433535,-0.910439,-0.135813,0.409844,-0.162674,0.089454,0.216769,0.189535
0.626935,-0.878923,0.752608,-0.053963,0.016383,0.979536,-0.193205,-0.419874,-0.04363,0.123793,0.623411,-0.322213,-0.018575,-0.608073,0.001827,0.143535,0.946326,-0.153464,0.145277,-0.036843,0.134647,0.170926,-0.908864,0.430928,0.200998,-0.656911,0.134933,0.566151,-0.052395,-0.873535,-0.204782,0.289456,-0.181719,0.076809,0.252569,0.028002
0.630484,-0.878819,0.740237,-0.05767,0.015768,0.979147,-0.194156,-0.47601,-0.039529,0.128817,0.711631,-0.361748,-0.02516,-0.662033,0.006367,0.146342,1.023105,-0.173592,0.145248,-0.048077,0.140834,0.192095,-0.820335,0.478455,0.290144,-0.764764,-0.069145,0.608934,0.537215,-0.841427,-0.210081,0.248732,-0.223161,0.149127,0.253471,-0.300691
0.635017,-0.879045,0.723858,-0.059067,0.016406,0.978007,-0.199362,-0.540196,-0.041025,0.130925,0.821339,-0.40473,-0.027799,-0.713915,0.002854,0.147061,1.110886,-0.213897,0.148681,-0.043604,0.147212,0.189483,-0.934489,0.524631,0.204151,-0.754179,-0.135762,0.567142,0.68072,-0.885629,-0.296485,0.295457,-0.269464,0.203433,0.296731,-0.665838
0.638805,-0.879393,0.708299,-0.059928,0.018596,0.976562,-0.205889,-0.597615,-0.047955,0.133191,0.920713,-0.437349,-0.025522,-0.754559,-0.008944,0.145718,1.188819,-0.263692,0.152526,-0.028186,0.155955,0.172007,-1.115432,0.389313,-0.11035,-0.616954,-0.05641,0.468808,0.25843,-0.979093,-0.260887,0.39361,-0.187849,0.184528,0.265228,-0.552032
0.639819,-0.879878,0.699228,-0.0603,0.021182,0.975466,-0.21067,-0.630547,-0.054422,0.135927,0.97961,-0.445496,-0.022898,-0.778725,-0.021024,0.142402,1.239006,-0.28738,0.149758,-0.024768,0.16096,0.167473,-1.14355,0.221909,-0.301364,-0.50682,0.036395,0.479226,-0.302502,-0.978617,-0.080009,0.504011,-0.079202,0.211042,0.190239,-0.0181
0.639644,-0.881108,0.699232,-0.060465,0.020846,0.97507,-0.21248,-0.634596,-0.056298,0.135584,0.984365,-0.432588,-0.019852,-0.782632,-0.023345,0.141001,1.243609,-0.275672,0.144434,-0.046266,0.162093,0.183725,-1.075244,0.265236,-0.210864,-0.533072,0.095074,0.437459,-0.421118,-0.929724,-0.053146,0.532947,-0.091452,0.139137,0.227097,0.416409
0.638627,-0.881816,0.706447,-0.062232,0.020021,0.975158,-0.211646,-0.617203,-0.057299,0.134012,0.942618,-0.405791,-0.018222,-0.769376,-0.024985,0.137732,1.208122,-0.254094,0.132479,-0.054649,0.157415,0.192958,-0.977529,0.354129,-0.027117,-0.596834,0.069936,0.426004,-0.157895,-0.857931,-0.171103,0.416515,-0.166093,0.036361,0.1911,0.404272
0.636143,-0.881401,0.717191,-0.06532,0.019601,0.975225,-0.210439,-0.587092,-0.059909,0.129302,0.873494,-0.375151,-0.018595,-0.744408,-0.025497,0.135148,1.151374,-0.23319,0.122094,-0.063666,0.150421,0.189151,-0.845183,0.41058,0.070284,-0.689059,-0.076026,0.484929,0.362456,-0.717841,-0.191621,0.288465,-0.220494,0.037204,0.208613,0.135812
0.633192,-0.879561,0.727952,-0.067033,0.019048,0.975198,-0.210078,-0.553938,-0.060959,0.121757,0.803697,-0.344544,-0.016593,-0.713806,-0.022005,0.136309,1.090455,-0.209486,0.126929,-0.067449,0.120256,0.182617,-0.895028,0.469621,0.022886,-0.714364,-0.168563,0.509226,0.601175,-0.59876,-0.189068,0.286412,-0.295451,0.148443,0.265947,-0.351543
0.630639,-0.877951,0.737269,-0.065712,0.017406,0.97506,-0.211274,-0.52065,-0.060729,0.112364,0.744891,-0.320447,-0.007762,-0.679969,-0.017742,0.136211,1.03546,-0.18721,0.137345,-0.056134,0.124658,0.172889,-1.001864,0.373424,-0.183115,-0.651008,-0.126479,0.440501,0.359454,-0.635492,-0.256465,0.3121,-0.286798,0.235059,0.27352,-0.675273
0.628157,-0.876428,0.743101,-0.061787,0.016029,0.975201,-0.211916,-0.489998,-0.058501,0.104082,0.70585,-0.316243,0.000129,-0.650569,-0.015575,0.129193,0.999926,-0.174849,0.14433,-0.043957,0.123679,0.168875,-1.039965,0.210174,-0.425079,-0.576081,-0.046912,0.413447,-0.183013,-0.6944,-0.212729,0.375873,-0.217105,0.206618,0.19365,-0.51066
0.626222,-0.875875,0.744432,-0.058922,0.015638,0.975283,-0.212385,-0.478199,-0.056473,0.101149,0.70051,-0.320258,0.002929,-0.637899,-0.016398,0.121583,0.993203,-0.174376,0.147809,-0.049752,0.12536,0.174521,-1.031303,0.154302,-0.50613,-0.558303,0.0931,0.453037,-0.532903,-0.704345,-0.112361,0.476409,-0.186261,0.215115,0.191307,-0.149482
0.625251,-0.875932,0.741144,-0.057084,0.016359,0.975203,-0.213199,-0.484773,-0.055582,0.102403,0.725266,-0.331536,0.000575,-0.643482,-0.018663,0.117659,1.016561,-0.183673,0.152822,-0.050152,0.125848,0.179591,-1.021695,0.138252,-0.521719,-0.56109,0.181384,0.456583,-0.699976,-0.693692,-0.052718,0.582252,-0.182538,0.197419,0.22504,0.135078
0.625355,-0.876497,0.733569,-0.054847,0.018647,0.975115,-0.213999,-0.502395,-0.057194,0.105756,0.77483,-0.360003,-0.008393,-0.66056,-0.021586,0.119725,1.064167,-0.20608,0.155095,-0.037106,0.126166,0.182102,-1.000736,0.128516,-0.509896,-0.557336,0.211627,0.44167,-0.792635,-0.701171,-0.054418,0.653025,-0.179563,0.138136,0.258502,0.327619
0.625385,-0.877324,0.722592,-0.052389,0.02101,0.974894,-0.215398,-0.528984,-0.057668,0.110364,0.846358,-0.4005,-0.021098,-0.684294,-0.026558,0.118379,1.128325,-0.24033,0.150505,-0.022497,0.126777,0.180042,-0.945635,0.110224,-0.480809,-0.540133,0.225406,0.456902,-0.855362,-0.714188,-0.059172,0.674519,-0.153569,0.029807,0.331592,0.531803
0.624454,-0.878003,0.711225,-0.048887,0.023174,0.974095,-0.219574,-0.554289,-0.059599,0.112392,0.919628,-0.437214,-0.022293,-0.701837,-0.031316,0.117441,1.19078,-0.277727,0.149919,-0.017281,0.117903,0.17823,-0.869905,0.098699,-0.431835,-0.514579,0.243273,0.508717,-0.901477,-0.708965,-0.071406,0.652275,-0.11494,-0.094338,0.373701,0.749917
0.622204,-0.878044,0.703923,-0.046129,0.023907,0.973017,-0.224809,-0.568193,-0.061863,0.108086,0.965829,-0.461669,-0.020945,-0.70587,-0.036546,0.113051,1.226646,-0.30772,0.153729,-0.018512,0.104587,0.171996,-0.811135,0.13564,-0.311222,-0.485833,0.289099,0.562494,-0.933463,-0.679105,-0.108056,0.561558,-0.088054,-0.191342,0.394164,0.892765
0.618488,-0.877609,0.703143,-0.043747,0.024421,0.972547,-0.227251,-0.560504,-0.062451,0.102648,0.971629,-0.469158,-0.018719,-0.694767,-0.040067,0.105345,1.231134,-0.319131,0.145673,-0.017239,0.086116,0.160414,-0.783599,0.234801,-0.130181,-0.454148,0.378009,0.624561,-0.923279,-0.665593,-0.175751,0.422578,-0.078505,-0.246375,0.426352,0.907097
0.61435,-0.876582,0.708325,-0.041299,0.024897,0.972493,-0.227884,-0.535316,-0.062284,0.096274,0.94164,-0.456106,-0.014568,-0.670381,-0.038698,0.100634,1.205726,-0.310742,0.138161,-0.01578,0.063115,0.151542,-0.767871,0.364348,0.043112,-0.453199,0.490549,0.763716,-0.828331,-0.680816,-0.278213,0.303375,-0.120876,-0.303867,0.492912,0.822924
0.609787,-0.875133,0.718286,-0.039577,0.024435,0.972961,-0.226239,-0.496055,-0.058836,0.09035,0.879946,-0.428798,-0.010267,-0.635407,-0.032734,0.097707,1.152435,-0.287769,0.132839,-0.013318,0.037914,0.140147,-0.73016,0.455779,0.163199,-0.513891,0.393665,0.956785,-0.501372,-0.721975,-0.386995,0.230821,-0.209496,-0.321878,0.56707,0.641036
0.604944,-0.873846,0.731083,-0.042146,0.023042,0.973205,-0.224867,-0.458783,-0.056258,0.084374,0.800716,-0.385452,-0.00144,-0.601532,-0.027869,0.095212,1.081656,-0.257478,0.128264,-0.013114,0.012652,0.116397,-0.717746,0.473103,0.212291,-0.557842,0.184672,0.988905,-0.202393,-0.799167,-0.423717,0.195503,-0.281264,-0.302977,0.57122,0.557702
0.600135,-0.873549,0.745879,-0.044335,0.020756,0.973717,-0.222439,-0.408241,-0.052701,0.079233,0.696092,-0.331437,0.00498,-0.558429,-0.023228,0.091895,0.992233,-0.216331,0.128042,-0.009169,-0.00249,0.092792,-0.750036,0.48013,0.214849,-0.563178,-0.15987,0.851512,0.226524,-0.89218,-0.441644,0.190757,-0.347483,-0.20705,0.476721,0.45904
0.594633,-0.873737,0.760401,-0.04674,0.018086,0.9741,-0.220494,-0.355308,-0.048795,0.073982,0.585779,-0.26857,0.011151,-0.512832,-0.018266,0.088522,0.898477,-0.171961,0.12553,0.0016,-0.00714,0.072595,-0.807798,0.48857,0.171678,-0.570445,-0.334608,0.700203,0.471962,-0.98204,-0.439978,0.184563,-0.414739,-0.108443,0.375047,0.357958
0.589768,-0.87469,0.772717,-0.048623,0.014871,0.974217,-0.219808,-0.307008,-0.044721,0.069359,0.484969,-0.208363,0.017514,-0.472327,-0.014734,0.08282,0.815489,-0.126256,0.124966,0.023496,-0.001163,0.058218,-0.892672,0.493666,0.116642,-0.570643,-0.416034,0.573417,0.6006,-1.066758,-0.424174,0.153636,-0.480173,-0.014669,0.281305,0.234919
0.585838,-0.875683,0.782778,-0.050387,0.01073,0.973749,-0.221716,-0.265207,-0.040044,0.061712,0.392087,-0.148665,0.018887,-0.440621,-0.011404,0.07418,0.745416,-0.074776,0.128234,0.050585,0.008776,0.055576,-0.980203,0.466361,0.05748,-0.594593,-0.41121,0.393559,0.646108,-1.143613,-0.392054,0.101584,-0.548977,0.090419,0.13037,-0.004892
0.584837,-0.876394,0.788436,-0.05495,0.007615,0.972424,-0.226525,-0.253718,-0.040117,0.05492,0.340704,-0.10782,0.019245,-0.434875,-0.014148,0.064507,0.709315,-0.037934,0.129177,0.070853,0.018356,0.063854,-1.039578,0.475985,0.068002,-0.671345,-0.310779,0.252647,0.669464,-1.214441,-0.368298,0.029108,-0.624933,0.101247,-0.015718,-0.235191
0.586488,-0.876776,0.790062,-0.060894,0.005101,0.970373,-0.233757,-0.26652,-0.044039,0.045203,0.326791,-0.090838,0.015479,-0.448919,-0.022344,0.050861,0.703666,-0.019061,0.127285,0.079842,0.026599,0.081737,-1.074395,0.488244,0.134638,-0.762669,-0.129697,0.097151,0.719387,-1.254152,-0.364892,-0.042315,-0.705687,0.03102,-0.08561,-0.473613
0.590042,-0.87674,0.787255,-0.066204,0.003373,0.968032,-0.241907,-0.298545,-0.050397,0.033937,0.351996,-0.103767,0.006633,-0.47771,-0.033134,0.036798,0.729696,-0.02311,0.120748,0.076186,0.032611,0.107429,-1.065475,0.465927,0.182148,-0.854907,0.029868,-0.012051,0.774698,-1.234434,-0.379688,-0.04205,-0.74455,-0.035917,-0.072289,-0.665882
0.594907,-0.876377,0.779795,-0.069791,0.003979,0.965824,-0.249595,-0.346205,-0.060531,0.0274,0.418909,-0.140201,-0.006589,-0.516771,-0.047552,0.027667,0.786504,-0.050142,0.114251,0.059579,0.039235,0.130445,-1.007588,0.43323,0.124324,-0.874775,-0.024646,0.063473,0.860501,-1.185985,-0.373776,0.069802,-0.681729,0.013487,0.007756,-0.762723
0.600182,-0.875736,0.768162,-0.071873,0.007032,0.963946,-0.25611,-0.410963,-0.07283,0.031483,0.526499,-0.181939,-0.013406,-0.565526,-0.066672,0.021268,0.870817,-0.089619,0.108619,0.045409,0.047891,0.143785,-0.965286,0.373161,-0.001608,-0.734428,-0.308002,0.237885,0.8568,-1.170372,-0.277592,0.216937,-0.521807,0.216812,0.122367,-0.686487
0.605503,-0.87547,0.753041,-0.073187,0.011154,0.962285,-0.261776,-0.485542,-0.085062,0.044941,0.656583,-0.225632,-0.00979,-0.624821,-0.08653,0.020959,0.978237,-0.131311,0.106113,0.048601,0.047942,0.16387,-0.991415,0.188982,-0.129433,-0.554585,-0.59574,0.316353,0.802067,-1.144365,-0.127031,0.315706,-0.4359,0.319842,0.043692,-0.509769
0.610979,-0.875003,0.736347,-0.07822,0.013411,0.961063,-0.26469,-0.561745,-0.095063,0.055808,0.770254,-0.270024,-0.004624,-0.698921,-0.100604,0.025816,1.086569,-0.158177,0.101593,0.05834,0.048561,0.182814,-1.032699,0.216609,-0.129204,-0.594193,-0.376586,0.092247,0.697241,-1.197645,-0.181442,0.270092,-0.540226,0.180239,-0.089734,-0.583314
0.615497,-0.874495,0.720905,-0.085515,0.013963,0.960207,-0.265509,-0.627821,-0.100893,0.062288,0.860204,-0.317732,-0.010776,-0.769465,-0.107498,0.032998,1.175388,-0.182526,0.095467,0.067352,0.044769,0.190191,-1.09015,0.334535,0.024404,-0.735581,-0.186323,0.037399,0.79784,-1.271061,-0.276226,0.117205,-0.700903,0.002877,-0.128349,-0.684706
0.618448,-0.87491,0.708026,-0.090666,0.012411,0.959217,-0.267448,-0.683511,-0.102364,0.066895,0.941492,-0.355988,-0.007476,-0.817206,-0.105968,0.043878,1.238755,-0.212134,0.107149,0.071331,0.04666,0.189566,-1.049585,0.387268,0.137498,-0.835031,-0.023624,0.008354,0.92175,-1.24362,-0.359601,0.044708,-0.797147,-0.094593,-0.066748,-0.820342
0.620926,-0.875854,0.697918,-0.089763,0.011516,0.958094,-0.271784,-0.71871,-0.106483,0.067885,1.007931,-0.382855,-0.000845,-0.838655,-0.110211,0.048008,1.285537,-0.24041,0.121661,0.066506,0.052026,0.180613,-1.004236,0.373046,0.10047,-0.794042,-0.211404,0.120803,1.057285,-1.210435,-0.401469,0.122931,-0.683418,0.057619,0.083103,-0.942942
0.62174,-0.876482,0.691952,-0.085992,0.012243,0.957692,-0.274375,-0.731251,-0.109346,0.069014,1.047518,-0.398644,0.00383,-0.845652,-0.114144,0.04926,1.317726,-0.25263,0.125927,0.060565,0.055727,0.179313,-1.018537,0.301733,0.001185,-0.66133,-0.3419,0.165822,0.923183,-1.193668,-0.242326,0.229532,-0.492,0.193105,0.058675,-0.700892
0.621283,-0.877043,0.689985,-0.084063,0.011765,0.958053,-0.273731,-0.732751,-0.106801,0.06916,1.062221,-0.408203,0.004526,-0.849571,-0.111143,0.049999,1.331436,-0.249427,0.12498,0.056036,0.051471,0.194795,-1.007187,0.267798,-0.076336,-0.704808,-0.165224,-0.008355,0.800583,-1.162129,-0.169447,0.261896,-0.543794,0.106434,-0.149494,-0.591795
0.620539,-0.877083,0.690559,-0.083761,0.009719,0.959191,-0.269893,-0.729695,-0.097704,0.069194,1.06151,-0.413432,0.00251,-0.852098,-0.101287,0.049105,1.329948,-0.237171,0.11996,0.06104,0.044298,0.201253,-1.011403,0.343908,0.034731,-0.823807,0.037332,-0.068223,0.981613,-1.188983,-0.262073,0.153783,-0.728634,-0.089726,-0.14158,-0.836383
0.619952,-0.877468,0.691719,-0.084367,0.00812,0.960033,-0.266745,-0.72752,-0.091206,0.069827,1.058204,-0.413732,0.000615,-0.854114,-0.095604,0.047816,1.325733,-0.227142,0.116004,0.067081,0.038342,0.19166,-0.994175,0.377854,0.102454,-0.840024,-0.03504,0.014241,1.09404,-1.195717,-0.332197,0.079172,-0.820891,-0.160017,-0.089884,-0.921482
0.620187,-0.877783,0.691494,-0.083448,0.007368,0.960716,-0.264587,-0.727107,-0.086984,0.071195,1.062167,-0.416568,0.000233,-0.857284,-0.094447,0.044218,1.330375,-0.220972,0.107626,0.074251,0.034117,0.177096,-0.996802,0.343723,0.059119,-0.725545,-0.296668,0.135304,1.044321,-1.196734,-0.360858,0.121892,-0.709904,-0.000691,0.035059,-0.930177
0.620093,-0.877868,0.689894,-0.080986,0.008496,0.960862,-0.264789,-0.72533,-0.087778,0.072253,1.071961,-0.423808,0.000636,-0.858654,-0.095867,0.043671,1.343494,-0.221126,0.102575,0.073266,0.034094,0.175255,-1.002326,0.279326,-0.022905,-0.679156,-0.233662,0.063376,0.88322,-1.207341,-0.25183,0.202553,-0.535022,0.16334,0.06353,-0.732764
0.619392,-0.877935,0.687332,-0.079002,0.009244,0.960464,-0.266799,-0.725091,-0.090597,0.070093,1.084016,-0.438276,-0.002021,-0.858489,-0.095209,0.046854,1.357004,-0.228945,0.110342,0.073825,0.033607,0.185886,-1.013192,0.306092,-0.017631,-0.767026,-0.059447,-0.044648,0.904364,-1.191569,-0.195354,0.239255,-0.543026,0.089269,-0.124908,-0.614123
0.618783,-0.878309,0.684402,-0.077404,0.0088,0.959962,-0.269079,-0.727598,-0.09188,0.066568,1.099715,-0.454498,-0.006499,-0.857244,-0.095081,0.048062,1.367982,-0.240465,0.122755,0.077511,0.033217,0.190505,-1.012167,0.366452,0.087856,-0.852265,0.054963,-0.045167,1.006037,-1.209616,-0.280159,0.160809,-0.693906,-0.076879,-0.150253,-0.775085
0.618145,-0.878673,0.680655,-0.076064,0.009608,0.959494,-0.271095,-0.732956,-0.095115,0.065518,1.120225,-0.469032,-0.007288,-0.862168,-0.100657,0.046586,1.388496,-0.247355,0.121896,0.084583,0.032999,0.183918,-0.978487,0.381639,0.107415,-0.813974,-0.121874,0.0663,1.072098,-1.204286,-0.34602,0.093044,-0.800036,-0.149999,-0.095456,-0.850855
0.618197,-0.879125,0.675705,-0.075826,0.008859,0.959264,-0.272002,-0.747269,-0.094938,0.065536,1.149633,-0.482354,-0.005587,-0.868616,-0.101475,0.045212,1.40719,-0.271581,0.119495,0.09169,0.031119,0.170432,-0.975725,0.317996,0.044324,-0.698632,-0.340195,0.158864,0.992985,-1.182858,-0.372423,0.115802,-0.718225,-0.0372,0.025222,-0.894239
0.617989,-0.879064,0.670708,-0.073193,0.010171,0.95897,-0.273707,-0.754327,-0.097494,0.066369,1.176563,-0.495675,-0.003328,-0.875581,-0.10436,0.046013,1.434273,-0.278958,0.117848,0.087109,0.034801,0.173498,-0.966392,0.267879,-0.032864,-0.696415,-0.229628,0.050846,0.886758,-1.18043,-0.279748,0.18513,-0.550621,0.151396,0.088464,-0.767996
0.617373,-0.87878,0.667053,-0.071952,0.010754,0.958927,-0.274166,-0.759893,-0.097395,0.066769,1.196068,-0.508423,-0.004139,-0.881001,-0.104808,0.045904,1.452427,-0.287247,0.115717,0.08619,0.036968,0.185357,-0.986076,0.323969,-0.008464,-0.792837,-0.072723,-0.017304,0.946633,-1.152528,-0.194323,0.234573,-0.515947,0.112768,-0.09433,-0.619003
0.617223,-0.878822,0.664433,-0.071745,0.009864,0.958931,-0.274239,-0.766199,-0.095591,0.065913,1.210329,-0.51793,-0.005164,-0.885838,-0.104709,0.043383,1.462998,-0.293846,0.114125,0.083962,0.034925,0.1941,-0.988956,0.385228,0.079748,-0.861879,0.061408,-0.043597,0.977966,-1.16511,-0.258818,0.174311,-0.655917,-0.043008,-0.146148,-0.76865
0.61706,-0.878495,0.661924,-0.07314,0.009236,0.95873,-0.274593,-0.776501,-0.094875,0.065468,1.224042,-0.523865,-0.005763,-0.895191,-0.106434,0.040467,1.474578,-0.299086,0.109601,0.085712,0.029973,0.193737,-0.962383,0.381905,0.084749,-0.822474,-0.067081,0.032376,1.01804,-1.177629,-0.325046,0.088961,-0.802703,-0.172543,-0.132746,-0.855938
0.617458,-0.87771,0.659231,-0.072963,0.008881,0.958556,-0.275258,-0.785996,-0.094232,0.064808,1.239973,-0.528044,-0.004458,-0.902385,-0.107388,0.03754,1.486921,-0.303843,0.105387,0.088172,0.021923,0.190662,-0.961879,0.317627,0.018643,-0.721552,-0.23092,0.079743,0.949711,-1.16395,-0.363186,0.079247,-0.787884,-0.134311,-0.035684,-0.921037
0.617541,-0.876505,0.656657,-0.071953,0.008538,0.958501,-0.275727,-0.792839,-0.092095,0.063783,1.255004,-0.532675,-0.003461,-0.906374,-0.104555,0.036862,1.497539,-0.308455,0.108792,0.082078,0.021013,0.193072,-0.95799,0.290567,-0.047261,-0.720059,-0.14741,-0.012393,0.882022,-1.167354,-0.323722,0.146486,-0.618499,0.073261,0.071528,-0.836917
0.617143,-0.875236,0.655422,-0.072003,0.008139,0.958601,-0.275378,-0.797546,-0.089179,0.062705,1.26281,-0.534803,-0.003086,-0.909732,-0.100808,0.036786,1.501966,-0.308625,0.113517,0.077104,0.022009,0.201896,-0.987678,0.334664,-0.011273,-0.807007,-0.005281,-0.058045,0.956032,-1.141497,-0.206719,0.225528,-0.515021,0.089427,-0.095161,-0.60281
0.617294,-0.874954,0.655443,-0.073017,0.007533,0.958484,-0.275536,-0.800928,-0.088735,0.062278,1.262751,-0.532828,-0.001017,-0.912141,-0.100699,0.036137,1.500143,-0.30725,0.117347,0.076958,0.017006,0.211776,-0.987327,0.368544,0.060217,-0.849417,0.052541,-0.054689,0.984291,-1.136493,-0.244346,0.19126,-0.624488,-0.018304,-0.152557,-0.707973
0.617277,-0.874428,0.656098,-0.074389,0.007556,0.958422,-0.275385,-0.803186,-0.088543,0.062659,1.259408,-0.527585,0.000233,-0.912477,-0.101127,0.035464,1.495091,-0.309942,0.116338,0.083477,0.010376,0.209805,-0.961809,0.355765,0.061109,-0.783762,-0.153306,0.057547,1.00768,-1.157074,-0.322501,0.105267,-0.776103,-0.146259,-0.106911,-0.868902
0.617261,-0.873867,0.657291,-0.074103,0.008283,0.958164,-0.276338,-0.800852,-0.09031,0.062441,1.253575,-0.51971,0.00252,-0.905698,-0.104472,0.033215,1.487473,-0.316765,0.112815,0.085824,0.001934,0.205261,-0.954714,0.301216,-0.014865,-0.704168,-0.22364,0.053177,0.91095,-1.157245,-0.360628,0.101048,-0.759475,-0.116441,-0.028929,-0.89365
0.616789,-0.873026,0.659953,-0.073225,0.009344,0.957675,-0.278225,-0.793544,-0.092864,0.061194,1.240883,-0.506762,0.00405,-0.89335,-0.107319,0.030628,1.473868,-0.319948,0.107666,0.078366,0.000835,0.200654,-0.946806,0.318542,-0.065196,-0.754068,-0.159361,0.005031,0.890684,-1.152693,-0.326343,0.165945,-0.598593,0.053119,0.054285,-0.839449
0.615162,-0.872936,0.666391,-0.069526,0.009171,0.957587,-0.27948,-0.768916,-0.092366,0.055725,1.21059,-0.490427,0.006107,-0.863019,-0.104948,0.026128,1.440563,-0.318223,0.109125,0.07471,0.003773,0.204607,-0.967928,0.355922,-0.013832,-0.830445,-0.00443,-0.052219,0.935491,-1.116485,-0.214581,0.224415,-0.506917,0.110678,-0.065446,-0.622634
0.613639,-0.873681,0.67574,-0.068154,0.008786,0.957294,-0.280832,-0.741417,-0.094128,0.050362,1.163836,-0.4641,0.010905,-0.836093,-0.106625,0.020469,1.401503,-0.297566,0.103811,0.068553,-0.003342,0.204011,-0.950291,0.370422,0.039671,-0.837483,-0.007033,-0.035204,0.958366,-1.10371,-0.246718,0.167591,-0.616574,0.026417,-0.127123,-0.671249
0.610995,-0.873826,0.688409,-0.063821,0.009967,0.95765,-0.280596,-0.692192,-0.094285,0.043389,1.093156,-0.433016,0.006578,-0.791823,-0.107737,0.011192,1.339708,-0.272263,0.093805,0.070012,-0.016377,0.200865,-0.934196,0.355642,0.03171,-0.761267,-0.196912,0.061511,0.954981,-1.130914,-0.321963,0.074521,-0.765325,-0.105641,-0.113314,-0.823673
0.608674,-0.873502,0.701414,-0.064285,0.010003,0.957842,-0.279831,-0.654662,-0.093588,0.037608,1.020286,-0.395674,0.009581,-0.758463,-0.105024,0.005951,1.27642,-0.246304,0.086147,0.066874,-0.030161,0.184465,-0.927576,0.353899,-0.015839,-0.732835,-0.197266,0.047464,0.915343,-1.145508,-0.353537,0.082505,-0.764313,-0.115444,-0.080013,-0.862836
0.606786,-0.872683,0.715622,-0.063904,0.009755,0.958465,-0.277787,-0.609865,-0.089951,0.032599,0.93474,-0.351996,0.01214,-0.720399,-0.098916,0.002291,1.202915,-0.211702,0.083048,0.063027,-0.03826,0.173706,-0.94927,0.381644,-0.026723,-0.794018,-0.107604,-0.000972,0.903383,-1.166911,-0.342737,0.138312,-0.611092,0.025017,-0.000025,-0.821943
0.605186,-0.872584,0.730244,-0.060583,0.008236,0.959725,-0.274208,-0.553953,-0.081108,0.028748,0.840699,-0.309478,0.01104,-0.675208,-0.090349,-0.004278,1.124457,-0.166157,0.083049,0.065416,-0.034608,0.177153,-0.952344,0.401898,0.027579,-0.82541,-0.032389,-0.007205,0.940478,-1.166109,-0.255468,0.193006,-0.52085,0.069701,-0.121812,-0.609037
0.603859,-0.873466,0.743099,-0.062016,0.005599,0.96056,-0.271011,-0.513689,-0.074389,0.027293,0.754646,-0.265176,0.019359,-0.643482,-0.084774,-0.01118,1.051395,-0.125701,0.07823,0.073051,-0.03534,0.174529,-0.919338,0.386075,0.039631,-0.76478,-0.155589,0.06103,0.961567,-1.161834,-0.280104,0.135563,-0.623438,-0.004257,-0.176029,-0.641168
0.603217,-0.873868,0.753081,-0.061615,0.003838,0.961405,-0.268123,-0.47462,-0.068385,0.026234,0.67844,-0.229556,0.018875,-0.61567,-0.0759,-0.011402,0.991758,-0.089944,0.073977,0.078913,-0.037512,0.171944,-0.896745,0.381088,-0.008442,-0.70144,-0.267807,0.106255,0.932332,-1.135521,-0.337135,0.097528,-0.73074,-0.073972,-0.140185,-0.735233
0.602849,-0.873703,0.758582,-0.060777,0.003929,0.961896,-0.266547,-0.449844,-0.066218,0.026493,0.633102,-0.209179,0.015587,-0.59288,-0.070134,-0.007479,0.952344,-0.085191,0.068729,0.074614,-0.040197,0.167387,-0.83573,0.450766,-0.094606,-0.76358,-0.195681,0.060781,0.901972,-1.04534,-0.383587,0.159528,-0.658787,-0.022552,-0.047736,-0.773964
0.601982,-0.874738,0.761785,-0.059363,0.005143,0.962028,-0.266367,-0.427484,-0.068421,0.026516,0.599079,-0.194427,0.010284,-0.562482,-0.074254,-0.01347,0.91499,-0.107765,0.057692,0.057642,-0.037925,0.155055,-0.696545,0.550541,-0.109094,-0.813913,-0.101955,0.031195,0.934155,-0.930433,-0.411317,0.255877,-0.485595,0.098931,0.020723,-0.697485
