1.077461,-1.496399,0.774456,0.004281,-0.008148,0.708378,-0.705774,0.066439,-0.063779,0.102853,0.096314,-0.16509,0.050476,-0.338195,-0.148548,-0.303482,0.469362,-0.00815,0.024067,-0.06684,-0.002963,0.031959,0.097337,0.277954,-0.307923,1.136519,-0.077398,0.370351,-0.002909,0.10177,-0.224031,0.09974,1.006652,0.094561,0.388742,0.119443
1.076084,-1.504001,0.773182,0.000904,-0.006962,0.708812,-0.705363,0.069495,-0.068812,0.104801,0.106754,-0.176685,0.054488,-0.351692,-0.148111,-0.301083,0.422216,-0.010827,0.027376,-0.07698,-0.007494,0.037488,0.095568,0.280156,-0.31468,1.146684,-0.073228,0.375541,0.000352,0.102181,-0.225827,0.100747,1.014353,0.095332,0.390811,0.11457
1.074191,-1.513045,0.771679,-0.001973,-0.006109,0.707795,-0.706389,0.072823,-0.072213,0.10217,0.120882,-0.190736,0.057216,-0.361328,-0.141856,-0.288408,0.357348,-0.008878,0.034156,-0.089468,-0.010864,0.042085,0.093776,0.281013,-0.317218,1.154843,-0.069713,0.379485,0.006465,0.10653,-0.229745,0.106693,1.021597,0.089988,0.393565,0.114198
1.071532,-1.523528,0.770058,0.004275,0.005882,-0.704967,0.709203,0.074612,-0.072826,0.094712,0.142134,-0.21001,0.059298,-0.367769,-0.132307,-0.26696,0.282515,0.009574,0.040221,-0.105828,-0.0137,0.045247,0.091542,0.281086,-0.316465,1.163249,-0.067823,0.379811,0.025277,0.113657,-0.23365,0.111652,1.02977,0.07718,0.397374,0.121614
1.069003,-1.535561,0.767886,0.005817,0.006002,-0.70161,0.712512,0.081372,-0.072129,0.085179,0.159097,-0.232354,0.060612,-0.374982,-0.123386,-0.241182,0.217699,0.034327,0.04345,-0.121972,-0.01486,0.048259,0.093432,0.280004,-0.315539,1.160822,-0.073041,0.375708,0.040029,0.123157,-0.234865,0.106396,1.039918,0.068378,0.4034,0.131568
1.065971,-1.548975,0.765613,0.006831,0.006982,-0.69947,0.714595,0.090146,-0.067604,0.078387,0.175289,-0.255093,0.058243,-0.382644,-0.115567,-0.223175,0.165393,0.053079,0.063839,-0.133773,-0.014432,0.049692,0.097691,0.279969,-0.317929,1.150817,-0.076451,0.371955,0.043501,0.133837,-0.233315,0.092275,1.053762,0.066588,0.407723,0.135048
1.062583,-1.563865,0.763194,0.008147,0.008767,-0.698861,0.715157,0.100197,-0.061049,0.074907,0.189578,-0.274531,0.055485,-0.390048,-0.107492,-0.209625,0.126899,0.053566,0.080332,-0.139995,-0.012996,0.047538,0.102212,0.280911,-0.322102,1.137437,-0.075863,0.372682,0.037587,0.145855,-0.231679,0.076176,1.06966,0.069927,0.411406,0.126502
1.058602,-1.580504,0.761034,0.009702,0.011067,-0.699977,0.714013,0.11399,-0.05233,0.075392,0.199117,-0.286881,0.048154,-0.395829,-0.098049,-0.202493,0.107285,0.021069,0.092062,-0.14037,-0.011608,0.041771,0.107332,0.284474,-0.328702,1.122645,-0.068924,0.376041,0.023179,0.158075,-0.230553,0.062708,1.087949,0.074332,0.416147,0.105911
1.053989,-1.598612,0.759019,0.012253,0.013528,-0.701082,0.712847,0.128854,-0.043737,0.076029,0.206141,-0.294511,0.037804,-0.399447,-0.090597,-0.205169,0.104419,-0.000584,0.10268,-0.139208,-0.01086,0.031827,0.109225,0.287248,-0.332537,1.115375,-0.0609,0.380609,0.009945,0.170195,-0.230772,0.05172,1.107791,0.07772,0.423847,0.076621
1.048734,-1.618168,0.757687,0.0149,0.016249,-0.700806,0.713012,0.145303,-0.033586,0.071365,0.209733,-0.294195,0.01888,-0.397685,-0.080651,-0.202821,0.117121,0.012654,0.084468,-0.139849,-0.009796,0.019311,0.108467,0.289694,-0.33315,1.113462,-0.053982,0.38575,-0.001499,0.180277,-0.23116,0.043265,1.131744,0.080365,0.429954,0.043398
1.042478,-1.639522,0.756324,0.017622,0.018399,-0.698762,0.714901,0.160229,-0.02182,0.061087,0.219024,-0.288161,-0.009298,-0.387817,-0.068454,-0.193927,0.133188,0.025269,0.064169,-0.141226,-0.009799,0.005016,0.105264,0.2932,-0.333964,1.114223,-0.049621,0.389466,-0.010826,0.191419,-0.229003,0.033617,1.153665,0.085498,0.434376,0.009157
1.035625,-1.662819,0.755986,0.019297,0.019547,-0.695964,0.717551,0.173291,-0.008757,0.049199,0.23758,-0.2659,-0.036885,-0.370356,-0.0594,-0.1925,0.144039,0.051054,0.046043,-0.140737,-0.008888,-0.008829,0.100361,0.297054,-0.335357,1.113697,-0.04551,0.390754,-0.023601,0.203595,-0.225851,0.024856,1.17173,0.091838,0.436201,-0.020731
1.02815,-1.687158,0.757267,0.018954,0.021416,-0.694914,0.718524,0.180408,0.010434,0.04481,0.269014,-0.223021,-0.064207,-0.349272,-0.045801,-0.193167,0.164392,0.033699,0.022859,-0.132003,-0.003299,-0.021196,0.092316,0.300778,-0.334974,1.110848,-0.040817,0.388339,-0.039884,0.214415,-0.22282,0.020056,1.184649,0.09877,0.438188,-0.042688
1.020759,-1.711758,0.760499,0.017035,0.022951,-0.695797,0.717669,0.178232,0.032379,0.052147,0.317474,-0.156112,-0.09254,-0.327858,-0.029025,-0.191731,0.193698,0.009242,0.000659,-0.116595,0.005111,-0.029427,0.081469,0.302094,-0.32932,1.104813,-0.038676,0.386736,-0.048692,0.218426,-0.222631,0.019979,1.194105,0.105333,0.439423,-0.052021
1.013848,-1.736256,0.764859,0.015155,0.021203,-0.69726,0.716345,0.160936,0.052045,0.074518,0.397283,-0.076397,-0.107557,-0.298826,-0.016039,-0.189043,0.218518,-0.017918,-0.006543,-0.101754,0.009073,-0.031288,0.072547,0.30154,-0.317153,1.090141,-0.047924,0.3853,-0.04265,0.214341,-0.22809,0.035196,1.193937,0.102933,0.439327,-0.04601
1.006647,-1.760381,0.769652,0.017904,0.011228,-0.699885,0.713943,0.110297,0.061732,0.115241,0.538921,0.029845,-0.103737,-0.258904,-0.021416,-0.178702,0.2329,-0.048751,-0.019241,-0.08584,-0.006612,-0.026674,0.066079,0.299965,-0.303948,1.062031,-0.076828,0.386399,-0.019527,0.199386,-0.24087,0.066863,1.187688,0.082494,0.439822,-0.022972
0.999358,-1.782957,0.774043,0.02123,-0.007913,-0.702995,0.710834,0.011013,0.065999,0.147847,0.745976,0.238337,-0.07341,-0.202738,-0.043056,-0.164063,0.239782,-0.089014,-0.028885,-0.066982,-0.037816,-0.008088,0.055139,0.297911,-0.297469,1.030765,-0.109075,0.380895,-0.008332,0.179117,-0.256896,0.103434,1.174845,0.057643,0.435759,0.002296
0.993245,-1.802649,0.776024,0.019768,-0.016601,-0.703331,0.710393,-0.089389,0.094633,0.168652,0.897122,0.361909,-0.030588,-0.162921,-0.046638,-0.164347,0.254136,-0.122185,-0.04128,-0.046664,-0.046475,0.013072,0.031037,0.291777,-0.298715,1.003731,-0.128869,0.366474,-0.020714,0.151286,-0.274664,0.132855,1.160818,0.043377,0.421698,0.022584
0.989956,-1.821047,0.777912,0.018096,-0.021077,-0.704789,0.708873,-0.178463,0.089722,0.163158,0.984017,0.259586,0.000205,-0.132007,-0.045054,-0.160631,0.266292,-0.14407,-0.043021,-0.022884,-0.046044,0.032124,0.004936,0.281564,-0.299362,0.979264,-0.136631,0.348676,-0.044318,0.116455,-0.29529,0.157337,1.150401,0.035581,0.404218,0.048445
0.987745,-1.839764,0.779509,-0.015816,0.024417,0.708043,-0.705569,-0.248242,0.071097,0.157453,0.991256,0.172003,0.003907,-0.101972,-0.040787,-0.152652,0.277177,-0.156978,-0.052741,0.001416,-0.04528,0.047851,-0.008969,0.275724,-0.297605,0.951562,-0.139671,0.330488,-0.058946,0.078779,-0.313513,0.183209,1.143509,0.025986,0.398207,0.075837
0.985312,-1.85867,0.779413,-0.013784,0.024279,0.712055,-0.701568,-0.302345,0.059024,0.15815,0.935109,0.078928,-0.007977,-0.075104,-0.030054,-0.144322,0.282256,-0.1755,-0.069275,0.024854,-0.041116,0.057136,-0.013303,0.272021,-0.296354,0.921188,-0.145566,0.325442,-0.052827,0.038141,-0.328311,0.204369,1.138536,0.015106,0.398658,0.098553
0.983053,-1.878313,0.778157,-0.010504,0.02139,0.717349,-0.696307,-0.339611,0.050019,0.155593,0.819299,0.0152,-0.015151,-0.048629,-0.012605,-0.134117,0.284923,-0.195212,-0.079413,0.050124,-0.031635,0.062686,-0.007461,0.269164,-0.296539,0.889072,-0.156107,0.311305,-0.033686,0.000912,-0.341164,0.222778,1.128854,0.003837,0.400092,0.120131
0.98078,-1.899144,0.774549,-0.006696,0.016474,0.724014,-0.689556,-0.359813,0.046863,0.15176,0.651895,0.005644,-0.025884,-0.018647,0.007685,-0.126608,0.278948,-0.22089,-0.077007,0.0772,-0.018856,0.064697,0.000657,0.265244,-0.295779,0.872592,-0.162851,0.306258,-0.019064,-0.030767,-0.349351,0.233943,1.115381,-0.000066,0.392597,0.141773
0.978958,-1.921917,0.769261,0.000009,0.00904,0.732477,-0.680731,-0.361839,0.054578,0.140304,0.449892,0.028749,-0.048348,0.013271,0.038833,-0.106878,0.278387,-0.253043,-0.085641,0.108046,0.002343,0.064022,0.017516,0.260872,-0.288949,0.860808,-0.163617,0.288755,-0.013793,-0.053592,-0.354893,0.24024,1.097056,0.00129,0.38236,0.161249
0.977552,-1.947296,0.763046,0.007303,0.002029,0.741465,-0.670948,-0.361177,0.068792,0.121577,0.256717,0.051746,-0.064066,0.0513,0.068202,-0.081848,0.277835,-0.286695,-0.098838,0.138236,0.022242,0.060361,0.039267,0.257873,-0.277836,0.865117,-0.161432,0.285699,-0.001802,-0.065526,-0.354992,0.242784,1.073381,0.005525,0.370649,0.18545
0.976386,-1.974475,0.75805,0.010687,-0.000827,0.748689,-0.662834,-0.370193,0.083209,0.117733,0.113235,0.066141,-0.082544,0.093198,0.079624,-0.061145,0.275009,-0.311642,-0.101735,0.159609,0.033338,0.05389,0.068003,0.250253,-0.25787,0.884636,-0.157987,0.293642,0.018558,-0.070034,-0.35577,0.246369,1.048915,0.006059,0.366096,0.2104
0.976085,-2.002195,0.75445,0.00625,-0.001815,0.750501,-0.660837,-0.390422,0.080888,0.139842,0.0265,0.046373,-0.062115,0.126358,0.071066,-0.054394,0.272486,-0.332452,-0.101508,0.159967,0.030205,0.038042,0.099581,0.238707,-0.230482,0.924782,-0.160286,0.308979,0.050609,-0.069178,-0.352313,0.247296,1.026232,0.004853,0.365501,0.240626
0.976126,-2.030621,0.750767,0.001885,-0.002987,0.752149,-0.658984,-0.400469,0.076778,0.172453,0.000361,-0.001485,-0.057645,0.156384,0.060204,-0.050812,0.276363,-0.346584,-0.101379,0.158343,0.023249,0.02278,0.123956,0.231688,-0.198289,0.990589,-0.167988,0.323725,0.085945,-0.067208,-0.342075,0.246465,1.013051,-0.003166,0.369287,0.265391
0.976283,-2.06052,0.746634,-0.000182,-0.006081,0.756021,-0.654519,-0.397086,0.072142,0.157391,0.026341,-0.002292,-0.07363,0.184943,0.055708,-0.038015,0.284993,-0.351509,-0.100977,0.161331,0.019284,0.006555,0.138398,0.227856,-0.161687,1.087649,-0.180032,0.3419,0.112238,-0.059589,-0.324009,0.238256,1.006324,-0.012533,0.371041,0.279658
0.976911,-2.092001,0.744021,-0.002984,-0.008472,0.761475,-0.648132,-0.391056,0.054671,0.106317,0.055019,0.084514,-0.098696,0.214961,0.046055,-0.016345,0.288112,-0.339309,-0.079028,0.170666,0.012035,-0.011086,0.147231,0.229093,-0.117299,1.191554,-0.193371,0.330255,0.1382,-0.040588,-0.302356,0.22017,1.001164,-0.021643,0.37449,0.287529
0.978545,-2.126271,0.742565,-0.003151,-0.011996,0.765718,-0.643057,-0.376864,0.044016,0.084097,0.076803,0.187691,-0.078712,0.245348,0.037607,0.004196,0.294279,-0.297338,-0.044545,0.173716,0.010088,-0.02681,0.168028,0.224763,-0.023446,1.23801,-0.253478,0.275328,0.213886,-0.012598,-0.280717,0.180151,0.981266,-0.019973,0.370114,0.289784
0.980956,-2.159773,0.745722,-0.010117,-0.014707,0.764005,-0.644963,-0.375861,0.026907,0.095123,0.129646,0.159018,-0.019705,0.246372,0.017038,0.010404,0.323426,-0.215872,-0.006721,0.141956,-0.005644,-0.033113,0.207521,0.20479,0.04237,1.131779,-0.335818,0.20137,0.35907,0.010234,-0.256029,0.094959,0.897281,0.022048,0.334215,0.301896
0.984593,-2.190994,0.752406,-0.019069,-0.01596,0.758555,-0.651134,-0.393291,-0.000221,0.097006,0.220486,0.100655,0.016493,0.218368,-0.009624,-0.003115,0.382406,-0.086804,0.040651,0.106655,-0.020663,-0.013551,0.195619,0.233858,-0.07223,0.901417,-0.326809,0.171171,0.42567,0.046566,-0.269353,0.020559,0.701325,0.117751,0.31658,0.260842
0.989304,-2.218585,0.76129,-0.015383,-0.021209,0.751413,-0.659312,-0.383194,-0.007598,0.077772,0.271171,0.074116,0.031787,0.138422,-0.013838,-0.030615,0.531179,0.104036,0.095075,0.073775,0.001251,0.027736,0.0841,0.32484,-0.272147,0.655015,-0.271151,0.194369,0.333362,0.040749,-0.423235,0.020341,0.488994,0.198735,0.316756,0.165344
0.99655,-2.243118,0.768887,0.012407,-0.030249,0.743254,-0.66821,-0.321167,0.01949,0.043451,0.281825,0.027844,0.04606,-0.032472,-0.011803,-0.091411,0.826929,0.495508,0.141366,0.019847,0.060264,0.093948,-0.146852,0.432045,-0.443026,0.499288,-0.224994,0.206231,0.159511,-0.058261,-0.747437,0.047195,0.370422,0.156488,0.299952,0.092927
0.998994,-2.26469,0.75676,0.01641,-0.011492,0.72702,-0.686324,-0.303477,-0.031854,0.028695,0.374169,-0.0674,0.064261,-0.238316,-0.068512,-0.100465,1.28513,0.5236,0.2618,-0.070589,0.058914,0.175573,-0.470779,0.504397,-0.561577,0.441101,-0.170111,0.165274,0.052366,-0.224914,-1.127486,0.096618,0.351869,0.081759,0.273668,0.030782
1.008196,-2.277188,0.756179,0.022186,-0.041907,0.72225,-0.690005,-0.361089,0.003924,-0.000669,0.451432,-0.124261,0.062283,-0.500738,0.032521,-0.062729,1.483163,0.5236,0.258756,-0.120829,0.118461,0.219693,-0.774609,0.555113,-0.587895,0.411018,-0.066816,0.180948,0.024669,-0.402547,-1.412023,0.156423,0.411706,0.047891,0.238096,-0.047012
1.020958,-2.29117,0.752376,0.006632,-0.059245,0.724512,-0.68668,-0.42134,-0.004137,0.01523,0.509505,-0.161463,0.080364,-0.776902,-0.057193,-0.065711,1.663303,0.477882,0.120344,-0.128645,0.140515,0.247083,-0.991412,0.511951,-0.582192,0.416435,-0.002036,0.189729,-0.003109,-0.567974,-1.616042,0.215367,0.52156,-0.00505,0.215536,-0.105295
1.031786,-2.313262,0.745341,-0.010196,-0.060504,0.723776,-0.687302,-0.442813,-0.040934,0.040446,0.561578,-0.219061,0.095578,-0.985869,-0.159873,-0.034524,1.797205,0.371995,0.037877,-0.145526,0.132349,0.272423,-1.084295,0.393457,-0.557817,0.40151,-0.005952,0.168467,-0.055213,-0.66287,-1.746835,0.224164,0.576411,-0.057825,0.221925,-0.161029
1.036253,-2.34036,0.739583,-0.016833,-0.065706,0.726769,-0.683525,-0.443601,-0.04571,0.052628,0.616346,-0.295461,0.104131,-1.133455,-0.145482,-0.028635,1.822476,0.341503,0.002188,-0.18461,0.138614,0.290253,-1.059056,0.267573,-0.53752,0.32834,-0.060435,0.143764,-0.1039,-0.716833,-1.813546,0.160339,0.477348,-0.074216,0.244199,-0.290001
1.037762,-2.371336,0.734393,-0.023072,-0.071444,0.731614,-0.677572,-0.428238,-0.045224,0.064593,0.651166,-0.363106,0.102676,-1.210855,-0.101191,-0.055351,1.751314,0.333176,0.007244,-0.246333,0.140342,0.293766,-0.993865,0.186381,-0.567808,0.233319,-0.098547,0.127602,-0.086943,-0.747319,-1.810937,0.084748,0.30127,-0.033842,0.278207,-0.496614
1.0384,-2.406796,0.730902,-0.031184,-0.071427,0.737039,-0.671341,-0.392385,-0.055769,0.082421,0.66757,-0.410419,0.111331,-1.208853,-0.060055,-0.090626,1.592252,0.315127,0.054852,-0.315731,0.121065,0.286024,-0.932578,0.128171,-0.627938,0.170006,-0.106243,0.123263,-0.04108,-0.728097,-1.7763,0.023442,0.132612,0.006134,0.305399,-0.685686
1.039632,-2.445934,0.7269,-0.042511,-0.064696,0.744351,-0.663287,-0.328939,-0.084148,0.114837,0.645815,-0.443811,0.123365,-1.146545,-0.037332,-0.130283,1.363401,0.217695,0.117129,-0.379316,0.08103,0.267102,-0.890654,0.100705,-0.687995,0.133432,-0.0887,0.159444,-0.03174,-0.668507,-1.732447,-0.022951,-0.003018,-0.002421,0.325222,-0.736492
1.041146,-2.486818,0.719723,-0.060144,-0.049105,0.757803,-0.647848,-0.256553,-0.133328,0.177102,0.610564,-0.464134,0.133666,-1.058252,-0.071045,-0.216531,1.097153,0.095996,0.143863,-0.421717,0.018186,0.230376,-0.862282,0.081378,-0.741667,0.116668,-0.090189,0.186789,-0.05749,-0.597202,-1.731482,-0.026484,-0.092293,-0.051951,0.346203,-0.721279
1.043996,-2.530138,0.70828,-0.087241,-0.024262,0.778623,-0.620925,-0.209619,-0.204881,0.278117,0.612713,-0.453236,0.138141,-0.941778,-0.180032,-0.40928,0.831094,0.064469,0.136023,-0.434856,-0.057253,0.177052,-0.882135,0.098385,-0.777274,0.082309,-0.090581,0.181005,-0.059627,-0.544326,-1.779957,0.002056,-0.124292,-0.099868,0.361854,-0.688177
1.044054,-2.57477,0.696991,-0.101067,-0.001561,0.793763,-0.59977,-0.18772,-0.235007,0.3717,0.702883,-0.387954,0.100906,-0.803434,-0.244716,-0.536004,0.61685,0.054938,0.090522,-0.459875,-0.118183,0.140793,-0.931313,0.147828,-0.7835,0.043869,-0.069797,0.165133,-0.035238,-0.494679,-1.806948,0.036304,-0.104883,-0.11637,0.398661,-0.655265
1.037723,-2.613781,0.691158,-0.090043,-0.012131,0.8022,-0.590102,-0.211197,-0.149251,0.408908,0.8717,-0.28955,-0.035877,-0.753138,-0.152259,-0.539685,0.640321,-0.135112,-0.20706,-0.467966,-0.128866,0.142711,-0.989167,0.213514,-0.778418,0.033795,-0.046747,0.154333,0.071572,-0.450221,-1.775902,0.043311,-0.050649,-0.096467,0.48506,-0.599618
1.039322,-2.64523,0.684496,-0.079029,-0.020641,0.810046,-0.58065,-0.34744,-0.0726,0.380497,1.166755,-0.096768,-0.153696,-0.780722,-0.158449,-0.516947,0.795549,-0.173801,-0.260134,-0.472099,-0.138572,0.182478,-1.005363,0.22585,-0.735346,0.051329,-0.062618,0.158058,0.146799,-0.411204,-1.719138,-0.016515,-0.025905,-0.074756,0.524073,-0.596986
1.035855,-2.665442,0.680963,-0.084665,-0.031917,0.815503,-0.571636,-0.528074,0.137106,0.416191,1.456433,0.002793,0.043387,-0.814279,-0.156317,-0.517874,0.871159,-0.197274,-0.259039,-0.460213,-0.156035,0.208543,-0.988973,0.219265,-0.698831,0.08369,-0.073168,0.152348,0.169889,-0.312859,-1.660895,-0.14953,-0.035918,-0.085153,0.52123,-0.656145
1.027945,-2.686101,0.681592,-0.095409,-0.036544,0.814155,-0.571588,-0.679949,0.39671,0.391083,1.627458,-0.12294,0.175957,-0.820928,-0.161941,-0.50248,0.902749,-0.245716,-0.223786,-0.429104,-0.178757,0.223106,-0.936842,0.212394,-0.712542,0.113501,-0.079481,0.180037,0.184748,-0.171498,-1.608181,-0.302089,-0.051957,-0.0981,0.50887,-0.7333
1.039221,-2.707994,0.685177,-0.099343,-0.036506,0.822582,-0.55871,-0.832573,0.429788,0.321698,1.615142,-0.231354,0.251282,-0.819271,-0.166029,-0.457107,0.921139,-0.267483,-0.183036,-0.349906,-0.196642,0.249531,-0.891997,0.215328,-0.754614,0.097034,-0.093883,0.162613,0.231218,-0.02314,-1.555224,-0.429795,-0.057314,-0.101277,0.523273,-0.753907
1.05269,-2.730941,0.692861,-0.1025,-0.033335,0.834507,-0.540352,-0.939702,0.368955,0.252378,1.46815,-0.261899,0.220034,-0.816665,-0.16819,-0.400099,0.932427,-0.253984,-0.152922,-0.264478,-0.202876,0.270798,-0.91127,0.27264,-0.811817,0.060909,-0.06645,0.170978,0.260246,0.119243,-1.493332,-0.538393,-0.075632,-0.095419,0.519348,-0.764086
1.063044,-2.756119,0.701673,-0.100816,-0.031855,0.847263,-0.520545,-0.953474,0.299293,0.198303,1.187413,-0.156774,0.11401,-0.793008,-0.160407,-0.358445,0.926484,-0.240549,-0.134282,-0.188945,-0.184854,0.286283,-0.92914,0.314884,-0.849515,0.050275,-0.042688,0.167802,0.300524,0.204394,-1.456586,-0.58978,-0.083084,-0.09001,0.528533,-0.755911
1.071421,-2.785845,0.706725,-0.083139,-0.038218,0.861991,-0.498597,-0.876495,0.277373,0.168519,0.86375,0.052894,-0.010376,-0.746525,-0.12846,-0.331323,0.934265,-0.224068,-0.107878,-0.119086,-0.137052,0.301384,-0.915673,0.330059,-0.860081,0.05886,-0.044994,0.169095,0.330386,0.25073,-1.419506,-0.613106,-0.088517,-0.081925,0.533201,-0.754126
1.078364,-2.815337,0.712866,-0.073827,-0.034501,0.863998,-0.496856,-0.747326,0.25711,0.203027,0.806603,-0.117918,-0.080134,-0.706412,-0.158176,-0.310491,0.955999,-0.21195,-0.059178,-0.107526,-0.108205,0.288142,-0.888797,0.325329,-0.866719,0.055662,-0.059312,0.165221,0.38065,0.293012,-1.389645,-0.643221,-0.097818,-0.057123,0.548939,-0.762229
1.08456,-2.847955,0.715088,-0.059445,-0.031279,0.866049,-0.495427,-0.670298,0.246949,0.224679,0.830809,-0.208898,-0.075586,-0.661877,-0.180233,-0.285314,0.994486,-0.213837,-0.021355,-0.112069,-0.080217,0.281474,-0.87686,0.332765,-0.870603,0.030384,-0.063706,0.159748,0.445522,0.314039,-1.373008,-0.656156,-0.119586,-0.053281,0.556716,-0.752794
1.089039,-2.870448,0.719101,-0.051382,-0.035018,0.866055,-0.496067,-0.648714,0.246541,0.230383,0.861924,-0.211885,-0.068138,-0.642394,-0.188139,-0.271012,1.012003,-0.178324,-0.004973,-0.124586,-0.065986,0.278592,-0.881107,0.358487,-0.884332,-0.006715,-0.060575,0.159661,0.48258,0.330391,-1.342867,-0.670629,-0.148497,-0.06565,0.563043,-0.72839
1.091384,-2.888491,0.726581,-0.047623,-0.042005,0.864041,-0.4994,-0.628111,0.240377,0.222747,0.854822,-0.200384,-0.069661,-0.629354,-0.191731,-0.268082,1.009942,-0.113258,0.007382,-0.139599,-0.059218,0.274524,-0.880655,0.379833,-0.900846,-0.03787,-0.052084,0.152325,0.493226,0.34937,-1.307146,-0.681151,-0.172898,-0.066462,0.566661,-0.725728
1.092961,-2.904802,0.734986,-0.045108,-0.049875,0.861307,-0.503616,-0.602011,0.23383,0.217809,0.827333,-0.195906,-0.060155,-0.617736,-0.192859,-0.266261,0.99818,-0.043352,0.026561,-0.152812,-0.056185,0.275936,-0.863872,0.393816,-0.91309,-0.061071,-0.049933,0.15173,0.502673,0.37309,-1.276783,-0.689344,-0.192739,-0.065475,0.574353,-0.72186
1.094469,-2.918532,0.744122,-0.044496,-0.058019,0.858083,-0.508279,-0.575165,0.226656,0.22086,0.783501,-0.187946,-0.037361,-0.610545,-0.191422,-0.262881,0.977845,0.031814,0.053104,-0.165134,-0.054428,0.281634,-0.835141,0.40191,-0.918418,-0.07911,-0.050142,0.151482,0.521307,0.401795,-1.257874,-0.696482,-0.207613,-0.063224,0.584342,-0.719169
1.095132,-2.929893,0.754102,-0.045842,-0.066044,0.855261,-0.511923,-0.544884,0.218325,0.221404,0.721693,-0.172964,-0.018265,-0.607256,-0.184211,-0.253896,0.94654,0.117152,0.084294,-0.172592,-0.054994,0.287368,-0.798323,0.404531,-0.925815,-0.091076,-0.051054,0.147915,0.532622,0.434612,-1.247495,-0.699266,-0.220699,-0.06189,0.592296,-0.716368
1.094847,-2.939001,0.764534,-0.048291,-0.074481,0.852256,-0.51554,-0.513294,0.211107,0.218099,0.645674,-0.146873,-0.013869,-0.607879,-0.170524,-0.239152,0.911166,0.20744,0.116294,-0.176465,-0.05563,0.292822,-0.759358,0.401256,-0.938946,-0.094198,-0.05523,0.147645,0.531494,0.466751,-1.235457,-0.700225,-0.227056,-0.057856,0.603444,-0.713889
1.093811,-2.946466,0.775475,-0.051513,-0.082725,0.849116,-0.519138,-0.481938,0.20535,0.215217,0.561637,-0.105639,-0.015547,-0.608013,-0.154627,-0.22417,0.866407,0.308705,0.161087,-0.17647,-0.056003,0.297486,-0.724622,0.397346,-0.949526,-0.093876,-0.061428,0.153583,0.521424,0.495267,-1.217957,-0.702571,-0.226935,-0.04572,0.61701,-0.720332
1.092454,-2.95295,0.78633,-0.054011,-0.091281,0.846056,-0.522436,-0.448291,0.201783,0.21102,0.471237,-0.059772,-0.016424,-0.612453,-0.134288,-0.208254,0.829023,0.411654,0.208602,-0.173848,-0.051235,0.30436,-0.709857,0.40422,-0.958759,-0.099871,-0.054266,0.176058,0.481284,0.519843,-1.201415,-0.706407,-0.224767,-0.025331,0.630617,-0.735593
1.090381,-2.957058,0.796071,-0.056406,-0.101527,0.84497,-0.522051,-0.422912,0.209024,0.210107,0.390872,-0.013385,-0.01501,-0.623259,-0.111089,-0.208758,0.810337,0.446509,0.257235,-0.1653,-0.041193,0.315028,-0.694298,0.409406,-0.960956,-0.108738,-0.039536,0.185276,0.443464,0.533204,-1.190244,-0.711964,-0.221756,-0.002318,0.637462,-0.755037
1.087093,-2.959629,0.804728,-0.057378,-0.113043,0.847295,-0.515771,-0.402644,0.230327,0.214412,0.324964,0.029609,-0.013779,-0.646421,-0.091235,-0.232742,0.819262,0.404403,0.2618,-0.149304,-0.027238,0.325115,-0.676312,0.415756,-0.961173,-0.111096,-0.028446,0.19377,0.408373,0.538051,-1.185067,-0.713237,-0.218795,0.020209,0.643001,-0.772188
1.085109,-2.964189,0.811656,-0.058438,-0.12177,0.849649,-0.509758,-0.375043,0.244063,0.224417,0.257648,0.061892,-0.014321,-0.676338,-0.08019,-0.232256,0.846172,0.327333,0.2618,-0.134251,-0.015009,0.328587,-0.658378,0.420947,-0.965979,-0.106723,-0.016468,0.205422,0.332868,0.538377,-1.186182,-0.709559,-0.215374,0.044896,0.644918,-0.796424
1.082731,-2.969327,0.816304,-0.057552,-0.126128,0.851606,-0.505517,-0.350667,0.253597,0.232841,0.217768,0.081974,-0.016908,-0.70492,-0.075259,-0.219751,0.879663,0.259769,0.240763,-0.124046,-0.006229,0.330635,-0.64589,0.426354,-0.969678,-0.10285,-0.001235,0.21404,0.259077,0.538128,-1.187181,-0.703754,-0.212324,0.064514,0.641422,-0.817697
1.078545,-2.973907,0.81916,-0.056229,-0.127273,0.853496,-0.50218,-0.331354,0.262497,0.240575,0.200117,0.095893,-0.020997,-0.72802,-0.080375,-0.216679,0.901794,0.226915,0.21945,-0.118893,-0.001299,0.32977,-0.635579,0.431135,-0.96911,-0.09878,0.01041,0.217759,0.21082,0.537745,-1.187764,-0.699363,-0.212359,0.074958,0.639015,-0.829993
1.072885,-2.978486,0.820398,-0.056459,-0.125762,0.854931,-0.50009,-0.319683,0.266253,0.24553,0.199891,0.100677,-0.022717,-0.73318,-0.091843,-0.218914,0.888067,0.215485,0.20838,-0.119162,-0.000471,0.321858,-0.626599,0.436911,-0.96322,-0.094692,0.016439,0.221724,0.198285,0.539654,-1.187953,-0.698227,-0.214962,0.075716,0.639969,-0.832627
1.065428,-2.983232,0.820279,-0.057297,-0.121474,0.855298,-0.500426,-0.309699,0.264582,0.248257,0.208315,0.099354,-0.024006,-0.717132,-0.100048,-0.216106,0.830213,0.231127,0.216705,-0.125699,-0.002414,0.308326,-0.613215,0.4378,-0.960645,-0.086828,0.016609,0.223558,0.18952,0.541894,-1.185746,-0.696336,-0.218028,0.071417,0.640226,-0.830442
1.055856,-2.988287,0.819483,-0.057647,-0.114191,0.854014,-0.504279,-0.298734,0.258365,0.24345,0.22303,0.101096,-0.028173,-0.680665,-0.099248,-0.194836,0.730517,0.253071,0.221216,-0.136358,-0.00716,0.291753,-0.59756,0.43845,-0.954415,-0.07907,0.015582,0.225137,0.181097,0.547139,-1.179988,-0.691341,-0.221167,0.065879,0.637326,-0.827867
1.043949,-2.993929,0.817726,-0.055917,-0.10311,0.85141,-0.511217,-0.280185,0.247986,0.230066,0.240643,0.098258,-0.041191,-0.619099,-0.093394,-0.16007,0.597509,0.266414,0.229126,-0.151789,-0.015275,0.276676,-0.576879,0.441213,-0.946947,-0.076257,0.013624,0.221766,0.169775,0.554832,-1.175578,-0.683425,-0.223696,0.057291,0.637724,-0.817612
1.029977,-3.000053,0.815071,-0.052482,-0.088455,0.847675,-0.52045,-0.255052,0.233582,0.213698,0.261581,0.090753,-0.054917,-0.544917,-0.092982,-0.117072,0.454143,0.274884,0.230658,-0.170029,-0.027622,0.263401,-0.552527,0.447996,-0.934439,-0.076271,0.017235,0.218887,0.136426,0.564618,-1.174874,-0.672068,-0.228021,0.040656,0.641294,-0.795079
1.014342,-3.006548,0.811835,-0.048096,-0.072947,0.843335,-0.530237,-0.228428,0.22174,0.198092,0.28599,0.084864,-0.064381,-0.476931,-0.095757,-0.06577,0.332333,0.279449,0.208247,-0.187669,-0.040623,0.248966,-0.523631,0.45729,-0.913226,-0.076708,0.024372,0.217979,0.114087,0.577515,-1.174964,-0.663,-0.235321,0.013569,0.644463,-0.760932
0.997221,-3.013661,0.808139,-0.042754,-0.056938,0.838714,-0.539897,-0.200813,0.212456,0.184547,0.315268,0.079726,-0.066311,-0.412331,-0.101934,-0.022746,0.241432,0.295098,0.194897,-0.202057,-0.05355,0.229968,-0.486445,0.466051,-0.888857,-0.078068,0.025667,0.219994,0.098498,0.59552,-1.172729,-0.659132,-0.244129,-0.017894,0.657824,-0.713334
0.978374,-3.021494,0.80276,-0.038904,-0.037121,0.834936,-0.547713,-0.170139,0.197184,0.175579,0.349202,0.070593,-0.064978,-0.34665,-0.123062,-0.008935,0.182569,0.367817,0.207674,-0.210856,-0.072902,0.204413,-0.442546,0.466676,-0.86422,-0.081166,0.023298,0.217215,0.074536,0.607766,-1.169521,-0.661156,-0.261667,-0.030744,0.654632,-0.704787
0.959019,-3.027479,0.79534,-0.039775,-0.019095,0.831923,-0.553134,-0.164256,0.185418,0.165538,0.406449,0.060368,-0.065184,-0.273981,-0.148379,-0.027429,0.155568,0.215972,0.184616,-0.212987,-0.091238,0.16744,-0.4058,0.473501,-0.83888,-0.090163,0.029274,0.210447,0.020745,0.633565,-1.170834,-0.677213,-0.28306,-0.052181,0.660134,-0.676741
0.940595,-3.03215,0.790386,-0.036715,-0.01069,0.833564,-0.551097,-0.175808,0.20297,0.160149,0.483939,0.07907,-0.060706,-0.246737,-0.141292,-0.058774,0.190263,0.121822,0.141879,-0.200152,-0.091498,0.133977,-0.379087,0.488187,-0.801811,-0.099834,0.039336,0.216104,0.02674,0.659155,-1.162682,-0.699476,-0.314468,-0.098745,0.678016,-0.605019
0.919891,-3.034496,0.789003,-0.031668,0.000553,0.838809,-0.543503,-0.179924,0.223416,0.160707,0.551982,0.130085,-0.061436,-0.22548,-0.122715,-0.064428,0.224306,0.06861,0.081055,-0.174821,-0.101429,0.123296,-0.347592,0.485655,-0.762802,-0.097606,0.03361,0.214369,0.046562,0.65778,-1.146298,-0.703113,-0.335661,-0.145389,0.696311,-0.52759
0.904517,-3.035171,0.789311,-0.02725,0.01214,0.842906,-0.537233,-0.21623,0.241541,0.166207,0.653758,0.204838,-0.026679,-0.205862,-0.113733,-0.046121,0.25127,0.028391,0.066642,-0.16644,-0.108416,0.123128,-0.304596,0.461269,-0.717003,-0.091708,0.020851,0.206774,0.054171,0.637876,-1.140306,-0.696436,-0.357015,-0.18773,0.706803,-0.46612
0.890428,-3.035305,0.789992,-0.023359,0.024034,0.844073,-0.535179,-0.265076,0.267682,0.185084,0.760184,0.286528,0.043739,-0.183989,-0.113285,-0.045469,0.273803,-0.010384,0.045267,-0.168966,-0.117743,0.122029,-0.283192,0.452824,-0.687711,-0.092575,0.018348,0.202384,0.073961,0.618796,-1.136508,-0.683081,-0.381511,-0.220016,0.717029,-0.418283
0.878159,-3.034848,0.789187,-0.022282,0.030869,0.841785,-0.538469,-0.295875,0.288117,0.207183,0.815586,0.238837,0.079387,-0.175008,-0.112609,-0.055982,0.298304,-0.041602,0.025874,-0.177919,-0.122151,0.113206,-0.284909,0.458791,-0.68777,-0.096789,0.016613,0.19515,0.102479,0.606881,-1.128464,-0.669994,-0.402452,-0.25293,0.725825,-0.368667
0.868851,-3.035739,0.789777,-0.023724,0.035892,0.842477,-0.537012,-0.311898,0.264715,0.204114,0.812145,0.152281,0.059672,-0.168756,-0.111115,-0.053218,0.306582,-0.053888,0.013966,-0.179379,-0.123667,0.100731,-0.288602,0.460217,-0.697824,-0.09643,0.013562,0.19324,0.098447,0.600261,-1.116677,-0.656734,-0.41607,-0.287011,0.733578,-0.318758
0.86173,-3.037662,0.791126,-0.024807,0.038111,0.84655,-0.530363,-0.303263,0.213486,0.188288,0.74276,0.089917,0.022248,-0.157363,-0.102606,-0.041305,0.294141,-0.05438,0.006664,-0.172986,-0.118488,0.088062,-0.286571,0.457286,-0.703681,-0.094347,0.014669,0.191514,0.074982,0.59736,-1.105502,-0.644665,-0.426076,-0.304701,0.74028,-0.294059
0.855306,-3.0397,0.791833,-0.023525,0.03768,0.851963,-0.521714,-0.278454,0.163509,0.165533,0.638135,0.047307,-0.041085,-0.144209,-0.085352,-0.027134,0.278482,-0.053993,-0.001925,-0.16197,-0.108859,0.078905,-0.282248,0.451285,-0.709466,-0.09382,0.012683,0.18276,0.051738,0.592656,-1.09771,-0.632225,-0.435841,-0.313805,0.743623,-0.284612
0.84892,-3.042272,0.791385,-0.020594,0.034075,0.85803,-0.512054,-0.244091,0.121172,0.134521,0.515586,0.019325,-0.120978,-0.130523,-0.060072,-0.012786,0.263075,-0.057297,-0.009817,-0.148094,-0.094805,0.068274,-0.281583,0.451498,-0.715689,-0.093691,0.010617,0.179396,0.054456,0.590914,-1.092989,-0.620017,-0.443297,-0.3235,0.741867,-0.271709
0.843018,-3.045387,0.789392,-0.016417,0.027514,0.864038,-0.502406,-0.208389,0.086401,0.088181,0.395822,-0.018094,-0.192875,-0.120221,-0.029168,0.000474,0.254673,-0.065227,-0.016114,-0.135408,-0.074579,0.058566,-0.273391,0.441836,-0.728078,-0.091673,0.003462,0.162432,-0.004082,0.587063,-1.091936,-0.611858,-0.448261,-0.331205,0.742726,-0.261265
0.837459,-3.048827,0.787045,-0.012548,0.022601,0.870101,-0.492196,-0.178936,0.055914,0.043551,0.30266,-0.055346,-0.23206,-0.107395,-0.003198,0.015097,0.245257,-0.07626,-0.017858,-0.124713,-0.055069,0.045869,-0.268703,0.443734,-0.730266,-0.08852,0.010311,0.159627,-0.04789,0.585482,-1.094909,-0.606318,-0.454888,-0.33431,0.741721,-0.257668
0.830827,-3.053338,0.785104,-0.00863,0.018846,0.874095,-0.485312,-0.151958,0.039091,0.022415,0.237951,-0.063133,-0.247023,-0.086936,0.01802,0.024575,0.230546,-0.085884,-0.020225,-0.120397,-0.040928,0.031078,-0.260103,0.444222,-0.73414,-0.085995,0.013366,0.158785,-0.068041,0.587588,-1.093419,-0.600678,-0.463632,-0.335217,0.739982,-0.257687
0.824962,-3.057414,0.784602,-0.003624,0.01883,0.87597,-0.481985,-0.13146,0.027649,0.025487,0.214398,-0.038144,-0.133523,-0.067888,0.030381,0.031354,0.231544,-0.097879,-0.023834,-0.122327,-0.033169,0.025424,-0.254469,0.443058,-0.737759,-0.0819,0.019069,0.159405,-0.087883,0.581015,-1.094692,-0.595564,-0.4679,-0.336339,0.738893,-0.255307
0.82003,-3.061855,0.783435,-0.000982,0.017773,0.876714,-0.480682,-0.104342,0.024581,0.031386,0.189553,-0.042544,-0.043574,-0.055519,0.039212,0.033359,0.234508,-0.110261,-0.025633,-0.128206,-0.027904,0.014609,-0.252023,0.444193,-0.745336,-0.079121,0.020618,0.159254,-0.097247,0.574618,-1.093073,-0.588765,-0.472421,-0.336815,0.737564,-0.254424
0.815408,-3.066418,0.783236,-0.000267,0.019803,0.877108,-0.479885,-0.078902,0.024388,0.038732,0.169053,-0.049798,-0.040941,-0.045083,0.039226,0.036848,0.239867,-0.120073,-0.030392,-0.132733,-0.031972,0.002479,-0.251317,0.449019,-0.752922,-0.077967,0.022377,0.157594,-0.102454,0.570355,-1.087623,-0.581714,-0.476934,-0.338885,0.735646,-0.251039
0.810922,-3.070834,0.782939,-0.00007,0.019267,0.877153,-0.479824,-0.058703,0.028431,0.03714,0.148322,-0.052563,-0.049115,-0.031762,0.043198,0.038294,0.231074,-0.124026,-0.035327,-0.136897,-0.031349,-0.010835,-0.247805,0.453349,-0.75822,-0.077066,0.022133,0.155645,-0.10687,0.572665,-1.078663,-0.576921,-0.483543,-0.340306,0.736742,-0.250088
0.810522,-3.072948,0.781468,0.000186,0.018365,0.872766,-0.487794,-0.058754,0.025317,0.022684,0.1473,-0.065199,-0.054935,-0.032214,0.040507,0.023582,0.242654,-0.139786,-0.031888,-0.151195,-0.027984,-0.009409,-0.255606,0.44988,-0.761762,-0.072247,0.021977,0.153169,-0.108694,0.569865,-1.077817,-0.582589,-0.482119,-0.34363,0.739018,-0.246722
0.812008,-3.074671,0.779966,-0.000362,0.014797,0.867833,-0.496635,-0.068327,0.023768,0.006886,0.15172,-0.076521,-0.055991,-0.03391,0.039198,0.006387,0.243786,-0.147799,-0.024251,-0.170938,-0.016172,-0.01033,-0.260551,0.440587,-0.756584,-0.065728,0.02097,0.151773,-0.107307,0.571009,-1.082601,-0.591355,-0.48319,-0.345005,0.740439,-0.247545
0.811684,-3.076184,0.779551,-0.002504,0.01073,0.864656,-0.502243,-0.082772,0.025364,-0.003046,0.162844,-0.079695,-0.053209,-0.03658,0.041271,-0.004939,0.238335,-0.14413,-0.020671,-0.188865,-0.004105,-0.017538,-0.25692,0.433091,-0.744959,-0.059483,0.020864,0.149485,-0.106683,0.57498,-1.088891,-0.59499,-0.490761,-0.341506,0.742566,-0.253565
0.808803,-3.078246,0.780123,-0.004496,0.01052,0.865172,-0.501345,-0.082763,0.026095,-0.000979,0.164452,-0.07496,-0.048433,-0.033579,0.042697,-0.002658,0.232411,-0.140804,-0.025235,-0.190446,-0.005694,-0.024703,-0.246039,0.431101,-0.736139,-0.053941,0.018957,0.147988,-0.111319,0.579475,-1.0876,-0.593888,-0.49754,-0.336646,0.749947,-0.256481
0.804968,-3.081477,0.78078,-0.00543,0.012244,0.867313,-0.497583,-0.072168,0.026515,0.006868,0.160377,-0.072799,-0.045799,-0.024348,0.043054,0.006047,0.226168,-0.141327,-0.029453,-0.181924,-0.014812,-0.029671,-0.232871,0.432917,-0.733108,-0.052639,0.016227,0.14583,-0.118954,0.582908,-1.079969,-0.591628,-0.502313,-0.337329,0.746359,-0.253802
0.801748,-3.084541,0.780989,-0.005776,0.013517,0.869378,-0.493929,-0.062135,0.027674,0.014584,0.157808,-0.075745,-0.04341,-0.015857,0.043946,0.013996,0.22154,-0.143153,-0.032062,-0.174623,-0.020266,-0.030783,-0.22366,0.434644,-0.729238,-0.053066,0.016344,0.145869,-0.122191,0.583932,-1.072231,-0.593467,-0.50551,-0.340406,0.743515,-0.249555
0.800414,-3.08662,0.780779,-0.006311,0.013274,0.870619,-0.491739,-0.058929,0.028958,0.0198,0.158332,-0.081801,-0.041627,-0.012949,0.044932,0.018347,0.219363,-0.14527,-0.030723,-0.173715,-0.020453,-0.02994,-0.217275,0.435011,-0.724876,-0.053828,0.016979,0.147277,-0.123685,0.580496,-1.067413,-0.596833,-0.511441,-0.34282,0.742893,-0.246199
0.799655,-3.088066,0.780355,-0.007009,0.012258,0.871902,-0.489477,-0.059369,0.031579,0.025487,0.161638,-0.088153,-0.039671,-0.013493,0.047164,0.022576,0.219157,-0.146746,-0.028797,-0.176404,-0.017712,-0.027205,-0.208982,0.43329,-0.71713,-0.05267,0.016438,0.149531,-0.123098,0.574331,-1.064649,-0.599494,-0.518798,-0.345362,0.744877,-0.241241
0.798768,-3.089346,0.780059,-0.008008,0.0112,0.874009,-0.485715,-0.060498,0.035056,0.033369,0.166224,-0.093779,-0.037964,-0.015608,0.05023,0.029718,0.219696,-0.147294,-0.028035,-0.178605,-0.015306,-0.025509,-0.19945,0.430858,-0.708679,-0.050619,0.014496,0.150783,-0.121722,0.566979,-1.063286,-0.597688,-0.527774,-0.348657,0.746463,-0.234891
0.797164,-3.090596,0.779995,-0.009483,0.010613,0.876765,-0.480708,-0.060538,0.038882,0.043783,0.169947,-0.09731,-0.038095,-0.018038,0.053558,0.040374,0.22034,-0.148107,-0.030203,-0.179261,-0.015194,-0.026025,-0.18975,0.429906,-0.701139,-0.048715,0.012725,0.151879,-0.119551,0.561159,-1.061545,-0.591627,-0.53724,-0.354436,0.741496,-0.226589
0.795136,-3.092013,0.7802,-0.010986,0.010664,0.879501,-0.47565,-0.057975,0.04182,0.054424,0.170756,-0.098247,-0.039269,-0.018663,0.055985,0.051097,0.219859,-0.147685,-0.033536,-0.178865,-0.019162,-0.026878,-0.180445,0.429686,-0.69611,-0.045994,0.009573,0.152048,-0.114772,0.555438,-1.056678,-0.583522,-0.541876,-0.360653,0.739168,-0.21722
0.793114,-3.093391,0.780504,-0.01186,0.011573,0.883756,-0.467655,-0.051617,0.04495,0.070009,0.170803,-0.09596,-0.035875,-0.017711,0.058528,0.066569,0.219265,-0.146627,-0.037064,-0.17405,-0.026978,-0.026439,-0.16922,0.433515,-0.688886,-0.045797,0.007387,0.151404,-0.110446,0.548342,-1.048849,-0.571812,-0.546403,-0.365596,0.737067,-0.210023
0.789333,-3.095173,0.780707,-0.01301,0.012569,0.886193,-0.462963,-0.041459,0.047313,0.08071,0.163404,-0.099368,-0.038474,-0.01322,0.060681,0.076821,0.21621,-0.150441,-0.041761,-0.172403,-0.036501,-0.025129,-0.165013,0.438486,-0.6859,-0.04551,0.008173,0.155205,-0.10853,0.541492,-1.043628,-0.56162,-0.546404,-0.369508,0.736821,-0.205663
0.788396,-3.095942,0.780418,-0.01354,0.012442,0.888299,-0.458898,-0.039397,0.049668,0.088454,0.164805,-0.103937,-0.039043,-0.013634,0.062526,0.084573,0.21654,-0.152137,-0.040483,-0.174043,-0.040301,-0.02014,-0.160139,0.440707,-0.679467,-0.046497,0.007046,0.155803,-0.108361,0.532619,-1.042238,-0.55254,-0.54719,-0.371878,0.73642,-0.203762
0.787632,-3.096533,0.780081,-0.014305,0.012116,0.890228,-0.455129,-0.040922,0.052322,0.095391,0.171448,-0.111753,-0.040916,-0.016686,0.064826,0.092982,0.21974,-0.154506,-0.041354,-0.176503,-0.042221,-0.012601,-0.153853,0.441001,-0.670958,-0.047867,0.005027,0.155813,-0.107075,0.51929,-1.042884,-0.544635,-0.548137,-0.372504,0.734283,-0.204198
0.787278,-3.096823,0.779691,-0.014962,0.01182,0.891989,-0.451655,-0.047156,0.055266,0.101836,0.18641,-0.120465,-0.04227,-0.021098,0.066923,0.100377,0.225554,-0.158513,-0.04098,-0.179089,-0.04303,-0.001196,-0.14749,0.442058,-0.659228,-0.046947,0.002742,0.157323,-0.103175,0.502971,-1.042947,-0.537121,-0.549284,-0.37085,0.733287,-0.207456
0.787451,-3.096837,0.779441,-0.015066,0.011712,0.893544,-0.448571,-0.058767,0.058627,0.107865,0.212119,-0.127608,-0.044014,-0.025766,0.068619,0.10644,0.233167,-0.162436,-0.040718,-0.180714,-0.042516,0.013486,-0.143003,0.44293,-0.648303,-0.045601,0.00071,0.161671,-0.101356,0.485121,-1.042789,-0.529993,-0.551079,-0.366922,0.733688,-0.214139
0.788143,-3.096774,0.779379,-0.014812,0.012197,0.895173,-0.445307,-0.077035,0.061772,0.112583,0.251017,-0.127815,-0.050257,-0.029632,0.068775,0.112136,0.240904,-0.166325,-0.036487,-0.179147,-0.041661,0.031188,-0.142168,0.444852,-0.637176,-0.04328,-0.002357,0.158708,-0.095837,0.467677,-1.043758,-0.523875,-0.553675,-0.361906,0.73269,-0.22297
0.789074,-3.096639,0.779476,-0.014073,0.012867,0.896257,-0.443125,-0.109895,0.067313,0.114131,0.315321,-0.113688,-0.072416,-0.034267,0.068592,0.114647,0.252101,-0.169685,-0.034541,-0.175665,-0.041222,0.053507,-0.148156,0.451644,-0.625321,-0.039349,-0.003544,0.160675,-0.088555,0.445357,-1.04751,-0.519079,-0.54822,-0.353585,0.733983,-0.235189
0.789982,-3.097484,0.779442,-0.013726,0.014116,0.897057,-0.441476,-0.150856,0.072025,0.113675,0.38955,-0.080777,-0.108152,-0.032868,0.065191,0.118527,0.253857,-0.175102,-0.033264,-0.170037,-0.044104,0.06963,-0.155065,0.456933,-0.615751,-0.036263,-0.003859,0.168131,-0.083904,0.432888,-1.051433,-0.513008,-0.543933,-0.344033,0.735258,-0.250254
0.790844,-3.09902,0.779264,-0.015203,0.014678,0.896211,-0.443125,-0.201711,0.075881,0.112267,0.468984,-0.051458,-0.140095,-0.031966,0.058613,0.115359,0.251827,-0.183131,-0.027131,-0.16804,-0.047897,0.077742,-0.156463,0.453852,-0.604377,-0.027809,-0.009645,0.162703,-0.078032,0.429503,-1.057994,-0.511818,-0.534797,-0.333053,0.729058,-0.271385
0.792296,-3.101861,0.779141,-0.01725,0.013602,0.89372,-0.448086,-0.24237,0.083988,0.119487,0.516204,-0.064012,-0.134683,-0.032994,0.051203,0.10509,0.250135,-0.186189,-0.022999,-0.170914,-0.047322,0.081529,-0.156647,0.448587,-0.590699,-0.013641,-0.010516,0.170615,-0.078649,0.432353,-1.065233,-0.513052,-0.520212,-0.324692,0.718986,-0.28678
0.792667,-3.106944,0.779775,-0.019662,0.014253,0.890884,-0.453582,-0.275276,0.098501,0.140835,0.536619,-0.08493,-0.127046,-0.02829,0.038701,0.094868,0.246691,-0.191317,-0.020138,-0.173622,-0.050684,0.08205,-0.14987,0.439797,-0.57335,0.006167,-0.011325,0.175812,-0.079701,0.435139,-1.068276,-0.514544,-0.500825,-0.31535,0.718748,-0.299503
0.792875,-3.11348,0.780047,-0.021582,0.014461,0.888472,-0.458195,-0.293681,0.116423,0.1629,0.511375,-0.088609,-0.115748,-0.020146,0.027196,0.086652,0.241024,-0.195468,-0.018981,-0.173737,-0.054216,0.080944,-0.134562,0.433812,-0.554062,0.029075,-0.01229,0.186228,-0.082015,0.440439,-1.066052,-0.517188,-0.488537,-0.307139,0.725365,-0.310958
0.793545,-3.121161,0.778884,-0.022358,0.011987,0.885828,-0.463321,-0.30881,0.138671,0.180232,0.458907,-0.08428,-0.103557,-0.013684,0.021165,0.075082,0.24082,-0.206517,-0.017264,-0.172133,-0.051471,0.081999,-0.119498,0.42967,-0.532901,0.056883,-0.009971,0.204161,-0.08655,0.445231,-1.064228,-0.522185,-0.478946,-0.297115,0.732184,-0.323906
0.794284,-3.130199,0.776723,-0.021766,0.008241,0.883093,-0.468621,-0.322789,0.163245,0.195154,0.392393,-0.063246,-0.091805,-0.006439,0.018367,0.063754,0.246107,-0.22271,-0.017873,-0.168283,-0.044427,0.085318,-0.105255,0.429283,-0.511817,0.087508,-0.004036,0.224546,-0.092615,0.4502,-1.06489,-0.529604,-0.474082,-0.286935,0.738093,-0.336458
0.795062,-3.140617,0.773904,-0.020603,0.003629,0.880147,-0.47424,-0.331018,0.18663,0.209776,0.308129,-0.02905,-0.074722,-0.00008,0.017052,0.051528,0.257726,-0.23733,-0.015942,-0.162172,-0.03508,0.089096,-0.09018,0.435569,-0.49047,0.121362,0.009013,0.242465,-0.103026,0.457191,-1.067729,-0.54017,-0.470874,-0.277435,0.751864,-0.343272
0.796643,-3.15289,0.770501,-0.01758,-0.001026,0.876536,-0.481014,-0.33544,0.210576,0.232549,0.226658,-0.003132,-0.062608,0.009922,0.015407,0.038215,0.273895,-0.254372,-0.011994,-0.154888,-0.024426,0.096094,-0.072251,0.44404,-0.471022,0.159556,0.024402,0.251919,-0.117555,0.464413,-1.075041,-0.551833,-0.465309,-0.275924,0.763182,-0.337405
0.798413,-3.166952,0.767508,-0.015366,-0.003346,0.872212,-0.488875,-0.340466,0.228345,0.263378,0.163758,0.009838,-0.061517,0.023253,0.006582,0.02492,0.290154,-0.270594,-0.007485,-0.148834,-0.015837,0.10097,-0.051538,0.448076,-0.449976,0.206003,0.0366,0.260403,-0.121535,0.468969,-1.081452,-0.566028,-0.46358,-0.272944,0.76829,-0.341419
0.800519,-3.182834,0.765329,-0.014334,-0.003968,0.867484,-0.497243,-0.343959,0.235508,0.287715,0.121744,0.008009,-0.048853,0.039191,-0.008917,0.010478,0.30444,-0.281986,-0.00348,-0.143003,-0.010646,0.101302,-0.028046,0.449635,-0.429968,0.259739,0.044491,0.268144,-0.114638,0.474706,-1.086504,-0.578399,-0.460198,-0.270144,0.770935,-0.343844
0.802915,-3.200552,0.763909,-0.015511,-0.002178,0.860771,-0.508751,-0.351692,0.227412,0.302373,0.115712,0.01385,-0.051153,0.057961,-0.034625,-0.009349,0.317505,-0.290653,0.006173,-0.141327,-0.011648,0.094538,-0.003119,0.44703,-0.407872,0.32342,0.050777,0.288164,-0.094827,0.482771,-1.089005,-0.591395,-0.455721,-0.264948,0.765238,-0.351166
0.805314,-3.221137,0.761781,-0.015335,-0.003818,0.855648,-0.517316,-0.348952,0.218169,0.299585,0.133951,0.030029,-0.07018,0.082396,-0.051777,-0.021657,0.321248,-0.292814,0.024753,-0.133735,-0.006085,0.082688,0.026921,0.445032,-0.382973,0.376831,0.04801,0.294532,-0.063622,0.487275,-1.085718,-0.596015,-0.459866,-0.250216,0.752786,-0.37815
0.807939,-3.243757,0.759761,-0.014926,-0.00628,0.850668,-0.525455,-0.3464,0.200913,0.280179,0.157616,0.048089,-0.074524,0.10918,-0.068427,-0.032583,0.322524,-0.285992,0.050211,-0.125678,0.002125,0.06758,0.062536,0.442112,-0.356313,0.429814,0.038773,0.300766,-0.018847,0.495912,-1.08181,-0.595647,-0.466991,-0.236242,0.735314,-0.403544
0.811378,-3.267687,0.758517,-0.013945,-0.008494,0.844768,-0.534883,-0.350474,0.17901,0.254945,0.199769,0.037379,-0.053953,0.136067,-0.085982,-0.045986,0.326504,-0.26545,0.07314,-0.116109,0.011512,0.053381,0.090334,0.445137,-0.340807,0.48664,0.031617,0.322956,0.031887,0.506891,-1.074617,-0.586131,-0.476599,-0.227014,0.720306,-0.418664
0.815433,-3.292546,0.759189,-0.015437,-0.007345,0.837523,-0.546134,-0.357837,0.148479,0.237676,0.257844,0.01524,-0.034706,0.158703,-0.114181,-0.067085,0.337132,-0.223043,0.099975,-0.104239,0.014512,0.03801,0.108462,0.44768,-0.336245,0.541465,0.031494,0.339518,0.0545,0.514013,-1.064533,-0.571432,-0.483972,-0.225758,0.710834,-0.419686
0.819868,-3.31776,0.761282,-0.016532,-0.006145,0.830186,-0.557207,-0.349601,0.115805,0.224776,0.294197,-0.018055,-0.021951,0.170299,-0.14099,-0.0886,0.364572,-0.156625,0.106668,-0.090597,0.017373,0.022021,0.121902,0.451691,-0.337933,0.595839,0.030918,0.346028,0.093269,0.510682,-1.057728,-0.548173,-0.492144,-0.227782,0.691213,-0.424165
0.82479,-3.343774,0.764471,-0.015958,-0.007179,0.824227,-0.565989,-0.322257,0.088026,0.21562,0.301377,-0.058291,-0.01692,0.162537,-0.162491,-0.107098,0.419498,-0.067739,0.097539,-0.074295,0.024719,0.007885,0.140015,0.440627,-0.327846,0.647499,0.012466,0.349545,0.125035,0.494602,-1.059656,-0.521748,-0.497441,-0.222747,0.679931,-0.437503
0.830215,-3.369217,0.768789,-0.010165,-0.010721,0.818922,-0.573714,-0.280829,0.071044,0.202615,0.292334,-0.091094,-0.01249,0.126777,-0.176368,-0.122376,0.520522,0.059453,0.071815,-0.062469,0.041045,0.004127,0.160869,0.430037,-0.314013,0.691594,-0.008066,0.353107,0.141014,0.466463,-1.069597,-0.487139,-0.504574,-0.223441,0.662926,-0.441866
0.836025,-3.392575,0.773465,-0.00019,-0.015125,0.813613,-0.58121,-0.236377,0.063264,0.185936,0.283496,-0.117601,-0.00577,0.056125,-0.195343,-0.148201,0.668843,0.226193,0.010984,-0.056745,0.059309,0.015289,0.174545,0.417391,-0.293874,0.738167,-0.04236,0.353986,0.170813,0.417735,-1.070919,-0.442907,-0.503408,-0.235254,0.652674,-0.424652
0.841006,-3.412029,0.776064,0.003923,-0.019208,0.809523,-0.58676,-0.208043,0.053932,0.175246,0.277746,-0.138868,-0.000293,-0.002779,-0.208887,-0.163796,0.770619,0.262699,-0.045584,-0.057031,0.069402,0.027718,0.1833,0.400103,-0.264598,0.782859,-0.084753,0.348129,0.203383,0.366724,-1.069161,-0.396072,-0.502437,-0.250634,0.646846,-0.403076
0.844208,-3.429594,0.778923,0.008898,-0.025046,0.802604,-0.595919,-0.184513,0.049633,0.153679,0.273003,-0.15602,0.003343,-0.061557,-0.195199,-0.173,0.85149,0.151523,-0.038287,-0.064336,0.075991,0.035603,0.182805,0.397439,-0.24097,0.821271,-0.123258,0.347139,0.241886,0.317913,-1.064053,-0.338884,-0.499543,-0.253142,0.648121,-0.403495
0.84459,-3.44589,0.781624,0.014335,-0.027811,0.79251,-0.609055,-0.154981,0.042185,0.124816,0.26131,-0.162966,0.00819,-0.12712,-0.16243,-0.183107,0.903886,0.068402,-0.059495,-0.070898,0.078732,0.044486,0.177598,0.399273,-0.233418,0.857648,-0.138761,0.355976,0.256325,0.297827,-1.049289,-0.30114,-0.490814,-0.25644,0.635194,-0.407695
0.844778,-3.461856,0.783617,0.014605,-0.030271,0.781633,-0.622832,-0.133325,0.028352,0.096196,0.246518,-0.166952,0.015929,-0.186593,-0.126823,-0.183037,0.895258,-0.001062,-0.041005,-0.082919,0.076266,0.048232,0.169817,0.397458,-0.222575,0.884237,-0.151079,0.354984,0.282398,0.287683,-1.040661,-0.260928,-0.477961,-0.258666,0.62245,-0.412809
0.844453,-3.47756,0.784453,0.013037,-0.030719,0.769505,-0.637768,-0.114712,0.009691,0.065124,0.236836,-0.17306,0.027485,-0.239751,-0.093484,-0.178065,0.843475,-0.057199,0.001444,-0.100084,0.068255,0.05345,0.165774,0.396818,-0.21796,0.894268,-0.164629,0.353667,0.323848,0.28157,-1.035959,-0.216737,-0.457381,-0.253943,0.621884,-0.422582
0.843379,-3.493201,0.784516,0.012316,-0.030479,0.757941,-0.651494,-0.094804,-0.005413,0.035221,0.232141,-0.183511,0.042079,-0.289644,-0.066531,-0.174915,0.764398,-0.082661,-0.000573,-0.11313,0.059932,0.061041,0.164824,0.394092,-0.218335,0.895848,-0.177214,0.347666,0.357973,0.282521,-1.030827,-0.176011,-0.436194,-0.249872,0.614996,-0.436757
0.841762,-3.509027,0.783142,0.00868,-0.028057,0.74609,-0.665197,-0.079067,-0.026717,0.006815,0.234738,-0.197022,0.061323,-0.330244,-0.053205,-0.167561,0.65682,-0.080937,-0.00016,-0.12573,0.045229,0.068414,0.162385,0.386331,-0.226497,0.893284,-0.189228,0.340244,0.375521,0.281259,-1.02504,-0.126311,-0.401665,-0.244053,0.606931,-0.453364
0.839441,-3.525732,0.780743,0.003514,-0.023695,0.734071,-0.67865,-0.062941,-0.051067,-0.019179,0.241431,-0.214218,0.080236,-0.362759,-0.051863,-0.162032,0.531067,-0.056569,0.00872,-0.135107,0.025567,0.07394,0.159447,0.378147,-0.242076,0.885858,-0.195576,0.336393,0.363963,0.277865,-1.02048,-0.069811,-0.353941,-0.24124,0.593811,-0.468282
0.837039,-3.543471,0.776864,-0.003539,-0.016266,0.722656,-0.691007,-0.044022,-0.081374,-0.041354,0.251315,-0.235495,0.093133,-0.383968,-0.063322,-0.162443,0.393106,-0.022625,0.02432,-0.141822,0.0019,0.078602,0.155988,0.370246,-0.26215,0.877215,-0.190265,0.330243,0.337033,0.273884,-1.014176,-0.014964,-0.287304,-0.231142,0.582318,-0.499021
0.83479,-3.562833,0.771509,-0.010541,-0.006652,0.713227,-0.700822,-0.018986,-0.113503,-0.061085,0.262965,-0.261602,0.107758,-0.398579,-0.082737,-0.176147,0.26,-0.003826,0.04135,-0.145136,-0.02198,0.084029,0.155545,0.36014,-0.281155,0.867695,-0.175852,0.325586,0.293509,0.265834,-1.01006,0.04412,-0.21669,-0.209413,0.571978,-0.546966
0.83189,-3.584543,0.765895,0.015742,-0.002046,-0.705752,0.708281,0.012471,-0.137647,-0.079006,0.275308,-0.291197,0.116656,-0.413179,-0.100466,-0.198718,0.152313,-0.016896,0.074723,-0.141633,-0.042524,0.088598,0.161563,0.353662,-0.299399,0.855788,-0.158612,0.322371,0.245316,0.260854,-0.997457,0.102357,-0.137999,-0.188703,0.55924,-0.587458
0.828803,-3.607577,0.762067,0.015271,-0.004329,-0.698908,0.715036,0.043899,-0.140123,-0.098226,0.290483,-0.31691,0.124838,-0.432454,-0.102194,-0.209961,0.087826,-0.038649,0.076891,-0.140268,-0.048254,0.09196,0.175977,0.347302,-0.303161,0.843411,-0.145781,0.324069,0.198922,0.256264,-0.975421,0.158601,-0.063594,-0.166176,0.541417,-0.628816
0.824708,-3.631542,0.760437,0.010425,0.000597,-0.693143,0.720724,0.072031,-0.120445,-0.115697,0.304625,-0.337021,0.13267,-0.45473,-0.08603,-0.209394,0.075391,-0.042112,0.03913,-0.139898,-0.038835,0.090379,0.196937,0.339845,-0.298243,0.838132,-0.139318,0.323991,0.173805,0.252346,-0.940776,0.212384,0.007686,-0.131727,0.525369,-0.670555
0.82058,-3.656626,0.759182,0.005849,0.007205,-0.689543,0.724185,0.098734,-0.095898,-0.124328,0.316505,-0.349596,0.137259,-0.473742,-0.066319,-0.212312,0.116584,-0.006481,-0.015925,-0.14141,-0.022989,0.083964,0.221298,0.326623,-0.28071,0.842943,-0.13888,0.328944,0.164335,0.249461,-0.904315,0.259892,0.075377,-0.096108,0.511341,-0.69927
0.815918,-3.683588,0.755436,0.008036,0.008571,-0.68584,0.727657,0.123438,-0.088951,-0.129408,0.331131,-0.357981,0.131061,-0.469775,-0.062442,-0.211161,0.154928,0.038361,-0.023602,-0.149424,-0.01958,0.071532,0.246163,0.308726,-0.256151,0.85819,-0.144553,0.340959,0.172262,0.249407,-0.87853,0.299864,0.134096,-0.072865,0.495171,-0.717924
0.811124,-3.712397,0.752484,0.010979,0.00712,-0.682656,0.730622,0.150101,-0.085924,-0.130893,0.349333,-0.340917,0.116226,-0.462892,-0.06849,-0.21167,0.188571,0.093807,-0.014736,-0.156714,-0.02012,0.059777,0.2702,0.288723,-0.225723,0.876834,-0.153,0.345737,0.189769,0.251404,-0.850626,0.335866,0.192431,-0.044578,0.482809,-0.747835
0.805834,-3.742015,0.751918,0.01247,0.008527,-0.68228,0.730935,0.172702,-0.074025,-0.12455,0.366556,-0.301011,0.094696,-0.455797,-0.062924,-0.197813,0.23309,0.112324,-0.012931,-0.15878,-0.016172,0.044769,0.288213,0.276552,-0.206731,0.914963,-0.160413,0.356143,0.229092,0.246348,-0.821928,0.382526,0.260151,-0.029217,0.468071,-0.765304
0.800338,-3.771748,0.755407,0.011607,0.012253,-0.684315,0.728991,0.179402,-0.050433,-0.098,0.402435,-0.221887,0.058469,-0.446439,-0.045469,-0.197771,0.285207,0.088424,-0.02698,-0.155921,-0.007737,0.030219,0.300815,0.267765,-0.185827,0.951371,-0.168112,0.373823,0.257274,0.235524,-0.779534,0.423374,0.35026,-0.026096,0.44509,-0.768124
0.79454,-3.801493,0.761361,0.010058,0.016801,-0.685207,0.728086,0.168973,-0.018297,-0.057331,0.455898,-0.115232,-0.011516,-0.423543,-0.027753,-0.203701,0.319194,0.054352,-0.034663,-0.156504,-0.000847,0.016987,0.312922,0.26082,-0.155145,0.972528,-0.209939,0.366902,0.321431,0.227137,-0.706544,0.441031,0.457726,-0.002017,0.427839,-0.76081
0.78821,-3.830433,0.768493,0.013392,0.014143,-0.682574,0.730557,0.132129,0.008711,0.007612,0.54856,0.025654,-0.123533,-0.379127,-0.027827,-0.209136,0.319874,0.017831,-0.03256,-0.15956,-0.013473,0.006964,0.316197,0.267008,-0.155185,0.97193,-0.244151,0.366982,0.375684,0.225694,-0.609339,0.428846,0.571954,0.047006,0.398277,-0.768767
0.781844,-3.858433,0.776428,0.01875,0.000589,-0.680026,0.732948,0.04805,0.020779,0.071062,0.716048,0.253258,-0.125493,-0.315655,-0.045363,-0.204205,0.30941,-0.018082,-0.029402,-0.151867,-0.044153,0.009867,0.310821,0.278327,-0.167098,0.948419,-0.257616,0.356884,0.391389,0.23228,-0.505061,0.377138,0.681448,0.100973,0.366176,-0.747223
0.77611,-3.881875,0.780996,0.022917,-0.003409,-0.675192,0.737278,-0.031211,0.061875,0.126905,0.851061,0.26518,-0.091987,-0.277372,-0.053284,-0.213147,0.308911,-0.049562,-0.02889,-0.142799,-0.054607,0.013761,0.287425,0.284929,-0.187176,0.928107,-0.242155,0.326187,0.368875,0.227422,-0.423627,0.316652,0.770827,0.143777,0.337121,-0.697747
0.772973,-3.902782,0.78542,0.026063,-0.008426,-0.675662,0.736703,-0.11588,0.072306,0.149387,0.963805,0.147942,-0.068476,-0.241693,-0.058132,-0.209744,0.306676,-0.06878,-0.032313,-0.119221,-0.061701,0.023509,0.253299,0.277799,-0.182749,0.921103,-0.219296,0.307834,0.313198,0.206944,-0.375889,0.281158,0.845924,0.177973,0.319079,-0.661362
0.771739,-3.922905,0.789535,0.027753,-0.014684,-0.679314,0.733176,-0.195717,0.05359,0.153875,1.013678,0.089448,-0.067255,-0.198866,-0.060837,-0.200775,0.292894,-0.082492,-0.037184,-0.092832,-0.07,0.034057,0.234684,0.26178,-0.158219,0.907303,-0.233729,0.296942,0.311177,0.184518,-0.363433,0.284984,0.889327,0.177908,0.328596,-0.590989
