0.829449,-1.240433,0.785054,-0.009329,-0.005529,0.998835,0.047026,-0.087884,-0.048643,-0.003874,0.162665,-0.113189,0.059905,-0.104659,0.080793,0.035791,0.220261,-0.116908,-0.069179,-0.008418,-0.022499,-0.032542,0.12837,0.272241,-0.161763,0.992274,0.406968,0.374539,-0.911792,0.076522,-0.246938,0.247235,0.958365,-0.482001,0.44626,0.817062
0.829553,-1.240566,0.785063,-0.009205,-0.005525,0.998826,0.04724,-0.088311,-0.048755,-0.003498,0.163712,-0.11316,0.060156,-0.104942,0.080825,0.036275,0.221027,-0.117262,-0.07018,-0.008808,-0.022259,-0.032004,0.12516,0.272523,-0.163098,0.991864,0.406316,0.374186,-0.91141,0.075762,-0.248915,0.24723,0.960646,-0.481814,0.446838,0.816617
0.829647,-1.240683,0.785075,-0.009127,-0.005511,0.998809,0.047607,-0.088666,-0.048787,-0.003018,0.164708,-0.11359,0.060396,-0.105333,0.080994,0.037038,0.221854,-0.118038,-0.071408,-0.008938,-0.02198,-0.031734,0.121778,0.273135,-0.16498,0.990651,0.405771,0.373841,-0.910868,0.074554,-0.250799,0.247703,0.962827,-0.482008,0.447264,0.816624
0.829701,-1.240769,0.78507,-0.009058,-0.005461,0.998787,0.048084,-0.089014,-0.048795,-0.0022,0.165717,-0.113866,0.060699,-0.105644,0.081181,0.038031,0.222598,-0.118936,-0.072835,-0.009157,-0.021744,-0.03169,0.118756,0.273982,-0.16645,0.989027,0.404418,0.373192,-0.910063,0.073119,-0.252503,0.248305,0.964253,-0.48241,0.447419,0.81693
0.829766,-1.240841,0.785035,-0.009035,-0.005326,0.998758,0.048702,-0.089349,-0.048892,-0.001094,0.166571,-0.11425,0.061125,-0.105969,0.081228,0.039146,0.223056,-0.119837,-0.07381,-0.009229,-0.021617,-0.031793,0.115897,0.274977,-0.167932,0.987234,0.403021,0.372634,-0.908996,0.071524,-0.253694,0.248663,0.964828,-0.482296,0.447218,0.817055
0.829788,-1.240875,0.785021,-0.009031,-0.005195,0.998732,0.04926,-0.0896,-0.048975,-0.000169,0.167223,-0.114494,0.061449,-0.106178,0.0813,0.040326,0.223325,-0.12069,-0.074411,-0.009422,-0.021466,-0.032154,0.113271,0.275935,-0.169041,0.985284,0.401162,0.37252,-0.906891,0.070263,-0.254317,0.248868,0.964592,-0.481959,0.447031,0.816962
0.829772,-1.240886,0.78499,-0.009019,-0.004991,0.998704,0.049834,-0.089724,-0.04917,0.000994,0.167764,-0.114652,0.061921,-0.10614,0.081199,0.041569,0.223285,-0.122069,-0.074665,-0.010032,-0.021369,-0.03256,0.111834,0.276667,-0.170092,0.98279,0.398056,0.372844,-0.903172,0.069108,-0.254379,0.248981,0.963483,-0.481183,0.447238,0.816182
0.829648,-1.24087,0.78494,-0.008982,-0.004777,0.998678,0.050379,-0.089477,-0.049363,0.002005,0.167986,-0.114923,0.062072,-0.105829,0.08111,0.042846,0.22308,-0.123122,-0.074738,-0.010774,-0.021218,-0.03303,0.110733,0.277469,-0.171497,0.980297,0.397581,0.374166,-0.900541,0.068453,-0.253804,0.24873,0.961988,-0.480135,0.447347,0.815419
0.829517,-1.240845,0.784912,-0.008947,-0.004685,0.998658,0.050789,-0.08926,-0.049368,0.002683,0.168238,-0.115182,0.062242,-0.105605,0.081152,0.043583,0.223119,-0.123798,-0.074868,-0.011639,-0.020932,-0.033509,0.109749,0.277539,-0.171211,0.979878,0.396282,0.374546,-0.899014,0.068091,-0.252734,0.2483,0.960807,-0.479496,0.447041,0.815464
0.829412,-1.240795,0.784912,-0.008914,-0.004578,0.998644,0.051086,-0.089024,-0.049379,0.003287,0.168344,-0.115338,0.062447,-0.105451,0.08113,0.044091,0.223234,-0.124323,-0.074823,-0.012816,-0.020665,-0.033889,0.108922,0.277727,-0.171708,0.979928,0.396571,0.375184,-0.898483,0.067732,-0.251264,0.248243,0.959753,-0.479212,0.446614,0.815942
0.829197,-1.240713,0.784889,-0.008877,-0.004447,0.998632,0.051333,-0.088461,-0.049465,0.003758,0.168118,-0.115312,0.062434,-0.105109,0.081092,0.044628,0.223295,-0.124975,-0.07484,-0.013973,-0.020366,-0.034219,0.108938,0.277464,-0.171745,0.979883,0.396974,0.375825,-0.898317,0.068235,-0.249847,0.248492,0.957607,-0.478975,0.445634,0.816813
0.828968,-1.240615,0.784893,-0.008892,-0.004388,0.998629,0.051396,-0.088079,-0.049457,0.003955,0.167993,-0.115192,0.062528,-0.104894,0.081164,0.044925,0.223453,-0.12526,-0.075062,-0.014975,-0.020031,-0.034567,0.109157,0.276869,-0.171594,0.980409,0.397195,0.375933,-0.898549,0.068971,-0.248115,0.248368,0.956492,-0.47893,0.445347,0.817286
0.828696,-1.24049,0.784882,-0.008923,-0.004343,0.998629,0.051404,-0.087736,-0.049431,0.003935,0.167941,-0.115242,0.062793,-0.104597,0.081199,0.044926,0.223556,-0.125435,-0.074983,-0.015634,-0.019856,-0.034865,0.110026,0.276275,-0.171592,0.980143,0.397826,0.375962,-0.899029,0.070651,-0.246543,0.248414,0.954905,-0.478571,0.44506,0.817234
0.828443,-1.240365,0.784876,-0.00897,-0.004323,0.998631,0.051356,-0.087449,-0.049368,0.003798,0.167813,-0.115094,0.063022,-0.104347,0.081339,0.044916,0.223509,-0.125205,-0.074906,-0.015957,-0.019664,-0.035089,0.111318,0.275482,-0.171516,0.979564,0.398282,0.376155,-0.899045,0.072181,-0.245232,0.248253,0.954122,-0.479156,0.444622,0.818432
0.828158,-1.240236,0.784874,-0.009026,-0.004265,0.998635,0.051275,-0.08705,-0.049409,0.003667,0.16755,-0.114987,0.06316,-0.103933,0.081254,0.044759,0.223296,-0.125251,-0.074578,-0.015862,-0.019589,-0.03532,0.112821,0.274512,-0.171235,0.979159,0.39849,0.375895,-0.899689,0.07397,-0.244195,0.248074,0.953869,-0.479945,0.44452,0.81926
0.827874,-1.240098,0.784853,-0.009134,-0.0042,0.998643,0.051089,-0.086771,-0.049497,0.003395,0.167253,-0.114997,0.063249,-0.103589,0.081158,0.044482,0.22305,-0.125528,-0.074365,-0.01557,-0.019536,-0.035549,0.113993,0.273582,-0.171055,0.979342,0.399094,0.375694,-0.900454,0.076092,-0.243797,0.248526,0.95301,-0.480318,0.445076,0.818854
0.827582,-1.239966,0.784833,-0.009311,-0.004124,0.998653,0.050886,-0.08656,-0.049627,0.003023,0.166822,-0.115113,0.063189,-0.103317,0.081006,0.044179,0.222737,-0.126016,-0.073911,-0.015011,-0.019583,-0.035873,0.115304,0.272699,-0.170417,0.979569,0.399495,0.375268,-0.90098,0.077367,-0.243501,0.247751,0.953749,-0.480684,0.445218,0.819056
0.827296,-1.239841,0.784813,-0.009508,-0.00405,0.998664,0.050632,-0.086348,-0.049791,0.002553,0.166201,-0.115108,0.063239,-0.103097,0.080844,0.043831,0.222361,-0.126373,-0.073512,-0.01459,-0.0197,-0.036041,0.116655,0.271905,-0.169642,0.979568,0.40037,0.375389,-0.901386,0.078146,-0.243763,0.246755,0.954145,-0.481524,0.445655,0.819145
0.82703,-1.239731,0.784797,-0.00972,-0.003992,0.998676,0.050361,-0.086287,-0.04991,0.002143,0.165818,-0.115302,0.063119,-0.102969,0.080665,0.043365,0.222093,-0.126692,-0.073351,-0.013973,-0.019652,-0.035981,0.117896,0.270961,-0.168733,0.979787,0.400581,0.375513,-0.90149,0.078164,-0.244382,0.245117,0.955098,-0.481848,0.445738,0.81898
0.826759,-1.239638,0.784782,-0.009969,-0.003923,0.998686,0.050119,-0.086295,-0.050095,0.001688,0.165371,-0.115351,0.063104,-0.102916,0.080451,0.042936,0.221738,-0.126833,-0.072878,-0.013353,-0.019276,-0.035816,0.119027,0.26991,-0.168278,0.980187,0.401112,0.375768,-0.901905,0.077763,-0.245778,0.243408,0.955889,-0.481595,0.445513,0.818552
0.826476,-1.239556,0.784781,-0.010217,-0.003867,0.99869,0.049999,-0.086229,-0.050222,0.001409,0.164834,-0.115247,0.063166,-0.102912,0.080301,0.042687,0.221413,-0.126847,-0.07244,-0.0125,-0.018936,-0.035291,0.120208,0.26917,-0.16849,0.98002,0.402338,0.375731,-0.903186,0.076928,-0.247389,0.24157,0.956562,-0.481383,0.445676,0.817664
0.826298,-1.239484,0.784783,-0.010488,-0.003844,0.9987,0.049743,-0.086407,-0.050312,0.000913,0.16432,-0.11497,0.063162,-0.103108,0.080181,0.042271,0.221199,-0.126667,-0.07211,-0.011763,-0.018788,-0.033974,0.120472,0.26891,-0.168736,0.979546,0.403513,0.375731,-0.904103,0.075656,-0.24896,0.23948,0.956597,-0.480797,0.446109,0.815864
0.82612,-1.239387,0.784759,-0.010858,-0.003855,0.998712,0.049406,-0.086952,-0.050337,0.000239,0.164038,-0.114729,0.063057,-0.103554,0.08012,0.04157,0.22104,-0.126469,-0.071627,-0.010722,-0.018548,-0.032542,0.120216,0.268878,-0.168781,0.978945,0.404316,0.37592,-0.904357,0.075009,-0.250263,0.236966,0.956087,-0.479919,0.446506,0.81425
0.825953,-1.239318,0.784752,-0.011258,-0.003867,0.998721,0.049136,-0.087524,-0.050356,-0.000286,0.163702,-0.114599,0.063182,-0.104149,0.080088,0.04107,0.220874,-0.126163,-0.071239,-0.009039,-0.018372,-0.031285,0.119521,0.268855,-0.16896,0.978503,0.404323,0.375999,-0.904174,0.074975,-0.251392,0.234919,0.955602,-0.479813,0.447259,0.813152
0.825778,-1.239241,0.784733,-0.011693,-0.00385,0.998739,0.048681,-0.088147,-0.050497,-0.001039,0.163257,-0.114607,0.063108,-0.104614,0.079924,0.040319,0.220436,-0.125875,-0.07092,-0.007582,-0.018501,-0.030784,0.118646,0.269049,-0.168617,0.978531,0.403905,0.376315,-0.903475,0.07533,-0.251973,0.234844,0.956253,-0.479606,0.447777,0.812245
0.825574,-1.239167,0.78473,-0.012181,-0.003833,0.99877,0.047918,-0.088802,-0.050809,-0.002306,0.162611,-0.114307,0.063116,-0.10499,0.079574,0.039154,0.219887,-0.125752,-0.070545,-0.006093,-0.018689,-0.030642,0.11732,0.269395,-0.167805,0.978231,0.403211,0.37668,-0.902407,0.076166,-0.251983,0.235324,0.957569,-0.479907,0.448308,0.811819
0.825363,-1.239089,0.784734,-0.012659,-0.003808,0.998814,0.04687,-0.089449,-0.051328,-0.004137,0.161813,-0.113967,0.063189,-0.105178,0.079034,0.037556,0.219069,-0.125749,-0.069997,-0.004479,-0.018918,-0.030743,0.115783,0.269844,-0.166865,0.977458,0.402101,0.376863,-0.901015,0.07706,-0.251654,0.236017,0.959779,-0.480928,0.448494,0.812602
0.825161,-1.239036,0.784736,-0.013116,-0.003813,0.998861,0.04571,-0.090022,-0.051844,-0.006095,0.160946,-0.113582,0.063223,-0.105286,0.078483,0.035747,0.21826,-0.125623,-0.06931,-0.003229,-0.019248,-0.030989,0.114737,0.270168,-0.165553,0.97625,0.400098,0.377086,-0.89867,0.077644,-0.250823,0.236491,0.961489,-0.482262,0.448754,0.813631
0.824964,-1.238985,0.784754,-0.013677,-0.003937,0.998917,0.04429,-0.090747,-0.052322,-0.008846,0.159692,-0.112907,0.063375,-0.105649,0.078003,0.033251,0.217569,-0.12528,-0.068728,-0.003195,-0.019582,-0.031393,0.114635,0.270489,-0.164264,0.974492,0.396851,0.377586,-0.895111,0.07793,-0.249535,0.237254,0.962219,-0.482716,0.448097,0.814528
0.824748,-1.238953,0.784753,-0.014151,-0.004129,0.998966,0.043011,-0.09109,-0.052543,-0.011238,0.158269,-0.112579,0.063055,-0.106157,0.077756,0.030959,0.217496,-0.124953,-0.068769,-0.003013,-0.019666,-0.031317,0.114973,0.270365,-0.163677,0.972963,0.394447,0.378934,-0.891969,0.079175,-0.248913,0.238664,0.95955,-0.481712,0.446859,0.814479
0.82447,-1.238964,0.784743,-0.014514,-0.004287,0.99901,0.04183,-0.091221,-0.052873,-0.013457,0.157175,-0.112593,0.063129,-0.106469,0.077392,0.028743,0.217751,-0.12509,-0.068841,-0.003632,-0.020271,-0.031332,0.116274,0.269801,-0.16253,0.972634,0.391974,0.380227,-0.889231,0.079615,-0.24809,0.240834,0.956382,-0.482245,0.446177,0.815735
0.824183,-1.239021,0.784747,-0.014882,-0.004511,0.999039,0.040988,-0.091221,-0.052958,-0.01521,0.156007,-0.112581,0.063027,-0.106503,0.077209,0.026932,0.217413,-0.125281,-0.068728,-0.005584,-0.020642,-0.031325,0.119171,0.268381,-0.160643,0.97352,0.389838,0.381242,-0.887853,0.078519,-0.248142,0.244348,0.952134,-0.48201,0.444433,0.817011
0.823946,-1.239067,0.784763,-0.015245,-0.004704,0.999051,0.04053,-0.091345,-0.052866,-0.016297,0.155102,-0.112508,0.06276,-0.106572,0.077144,0.025643,0.21683,-0.125163,-0.068761,-0.008951,-0.020428,-0.030043,0.123766,0.266261,-0.160136,0.975337,0.390729,0.382046,-0.890222,0.075209,-0.247387,0.243452,0.947353,-0.478681,0.444546,0.813581
0.823798,-1.239152,0.784781,-0.015563,-0.004873,0.999039,0.040674,-0.091452,-0.052503,-0.016232,0.154357,-0.112301,0.062276,-0.106926,0.077304,0.025402,0.216478,-0.124989,-0.068302,-0.011418,-0.01948,-0.027103,0.126629,0.263798,-0.160755,0.980101,0.396941,0.38194,-0.898596,0.072275,-0.245829,0.238303,0.941285,-0.469416,0.445435,0.804364
0.823699,-1.23923,0.784819,-0.015732,-0.004941,0.999011,0.041288,-0.091616,-0.052168,-0.015325,0.154406,-0.1121,0.06236,-0.107301,0.077595,0.026237,0.21646,-0.124648,-0.068055,-0.010311,-0.019052,-0.02396,0.125363,0.26025,-0.157153,0.986772,0.405289,0.38394,-0.907916,0.072023,-0.242847,0.23238,0.93649,-0.457478,0.446755,0.794159
0.823697,-1.239344,0.784842,-0.015902,-0.005003,0.998988,0.041763,-0.092312,-0.051919,-0.014521,0.155101,-0.111771,0.062606,-0.107965,0.07777,0.026844,0.216786,-0.12462,-0.068037,-0.003951,-0.01979,-0.019901,0.12038,0.255663,-0.149168,0.987389,0.406467,0.387302,-0.910966,0.076292,-0.239437,0.227041,0.933407,-0.443942,0.446568,0.784311
0.823737,-1.239458,0.784853,-0.016257,-0.005107,0.998998,0.04138,-0.094257,-0.052019,-0.015151,0.156941,-0.11176,0.062686,-0.10876,0.077593,0.026004,0.216785,-0.124591,-0.068169,0.005301,-0.021754,-0.016923,0.116589,0.251402,-0.141323,0.975838,0.396556,0.389743,-0.905828,0.083811,-0.236183,0.22438,0.93437,-0.437249,0.448199,0.778397
0.823731,-1.239605,0.784885,-0.016764,-0.005193,0.999044,0.040048,-0.096689,-0.052779,-0.017442,0.158764,-0.111529,0.063399,-0.109278,0.076803,0.023738,0.216104,-0.12451,-0.067748,0.01283,-0.024269,-0.01537,0.116548,0.246922,-0.135673,0.956051,0.378983,0.390604,-0.895652,0.089688,-0.2342,0.22677,0.941171,-0.447273,0.451853,0.784609
0.823616,-1.239891,0.784916,-0.017478,-0.005417,0.999106,0.038122,-0.098874,-0.053765,-0.020889,0.159253,-0.111013,0.063809,-0.109848,0.075789,0.020399,0.215059,-0.124293,-0.067382,0.017489,-0.02569,-0.014495,0.119671,0.241465,-0.1311,0.931048,0.358783,0.392018,-0.881752,0.092267,-0.23223,0.224994,0.951261,-0.461105,0.457235,0.793395
0.823391,-1.240256,0.78495,-0.018315,-0.005665,0.999175,0.035807,-0.10052,-0.055012,-0.024993,0.158136,-0.10944,0.064233,-0.110582,0.07447,0.016474,0.214209,-0.124095,-0.066704,0.01948,-0.026149,-0.014673,0.124543,0.235842,-0.128617,0.906283,0.343505,0.397161,-0.86775,0.091549,-0.228873,0.214704,0.96417,-0.463277,0.461103,0.79547
0.823139,-1.240701,0.784986,-0.019069,-0.005958,0.999249,0.033213,-0.101738,-0.056383,-0.029641,0.156449,-0.107555,0.063507,-0.111228,0.072976,0.012026,0.21381,-0.124176,-0.066194,0.019853,-0.025685,-0.014094,0.129365,0.232306,-0.132035,0.883667,0.337714,0.404655,-0.856261,0.090631,-0.229635,0.207248,0.967841,-0.460141,0.461983,0.790656
0.822862,-1.241202,0.785046,-0.019678,-0.006282,0.99933,0.030201,-0.102809,-0.058099,-0.035301,0.154799,-0.10477,0.063258,-0.112028,0.071271,0.006881,0.214567,-0.124427,-0.066365,0.018191,-0.025004,-0.013077,0.133546,0.231384,-0.139773,0.86588,0.338327,0.411104,-0.848838,0.089297,-0.23319,0.206647,0.966116,-0.459141,0.460995,0.78696
0.822584,-1.241744,0.78509,-0.020125,-0.006611,0.999401,0.027372,-0.10382,-0.059737,-0.040478,0.153858,-0.102139,0.062618,-0.112968,0.069531,0.001692,0.216319,-0.125064,-0.066958,0.015211,-0.024143,-0.012372,0.136888,0.231848,-0.147507,0.857209,0.340985,0.414462,-0.845158,0.086326,-0.236815,0.210051,0.965026,-0.461058,0.45971,0.787908
0.822277,-1.242279,0.785127,-0.020404,-0.006868,0.999451,0.025185,-0.104379,-0.061074,-0.044169,0.153344,-0.100353,0.06212,-0.113533,0.068127,-0.001958,0.217937,-0.1255,-0.067753,0.013992,-0.023369,-0.011287,0.138166,0.23263,-0.152969,0.857344,0.345394,0.416022,-0.846511,0.08355,-0.239328,0.212689,0.963862,-0.461947,0.458796,0.788839
0.821853,-1.242861,0.785173,-0.020665,-0.007174,0.999495,0.023048,-0.104865,-0.062436,-0.048222,0.153091,-0.098713,0.061341,-0.114039,0.066673,-0.005838,0.219891,-0.12638,-0.068507,0.012481,-0.022265,-0.011098,0.139969,0.233662,-0.155987,0.862291,0.350647,0.418267,-0.847719,0.080605,-0.240931,0.213234,0.962629,-0.46156,0.457824,0.789168
0.821459,-1.243393,0.785201,-0.020867,-0.007411,0.999525,0.021419,-0.105277,-0.063738,-0.051616,0.153098,-0.0974,0.060915,-0.11474,0.065476,-0.008831,0.222089,-0.127052,-0.069227,0.013052,-0.021565,-0.010346,0.140753,0.234587,-0.155342,0.87053,0.354704,0.420904,-0.847906,0.078382,-0.241631,0.213579,0.960136,-0.460239,0.457007,0.788863
0.820956,-1.24384,0.785201,-0.020983,-0.007633,0.999545,0.02027,-0.105453,-0.064704,-0.054142,0.153766,-0.097211,0.060426,-0.115329,0.064615,-0.011009,0.22475,-0.128318,-0.06996,0.014261,-0.021035,-0.009874,0.14185,0.235265,-0.151369,0.881509,0.356817,0.423119,-0.847672,0.076933,-0.241443,0.214462,0.956522,-0.458961,0.455998,0.788374
0.820449,-1.24427,0.785175,-0.02105,-0.007754,0.999559,0.019472,-0.105468,-0.065561,-0.055686,0.15467,-0.097708,0.059749,-0.115712,0.063776,-0.012466,0.227184,-0.129751,-0.070983,0.016168,-0.020586,-0.009595,0.14321,0.236732,-0.147833,0.893361,0.360848,0.424721,-0.849694,0.075845,-0.240879,0.217258,0.952748,-0.458539,0.454511,0.789573
0.819912,-1.24466,0.78517,-0.021056,-0.007913,0.999571,0.018766,-0.105274,-0.066281,-0.057134,0.155526,-0.09816,0.059484,-0.115698,0.063139,-0.013659,0.229062,-0.130854,-0.071671,0.018808,-0.02047,-0.009867,0.144896,0.239175,-0.145304,0.904531,0.36633,0.425172,-0.853923,0.075974,-0.239886,0.222475,0.948201,-0.460865,0.454124,0.79238
0.819296,-1.245001,0.785176,-0.020995,-0.008093,0.999581,0.018189,-0.10485,-0.066828,-0.058418,0.156518,-0.098755,0.059283,-0.115193,0.062704,-0.014582,0.230408,-0.131897,-0.072146,0.021503,-0.020744,-0.010463,0.147189,0.242756,-0.143893,0.915671,0.3717,0.424467,-0.858372,0.077129,-0.2379,0.226289,0.942386,-0.462426,0.454188,0.794887
0.8186,-1.24528,0.785212,-0.020891,-0.008227,0.999595,0.017485,-0.104168,-0.067444,-0.059964,0.157429,-0.099134,0.058788,-0.114252,0.062205,-0.015751,0.231414,-0.132961,-0.072819,0.02414,-0.021223,-0.011191,0.148849,0.246426,-0.141122,0.928505,0.376109,0.419952,-0.865768,0.079351,-0.236285,0.230737,0.936709,-0.464243,0.453857,0.79753
0.817834,-1.245539,0.785256,-0.020775,-0.00834,0.999611,0.016633,-0.103437,-0.068148,-0.06173,0.158389,-0.099523,0.058186,-0.113158,0.061543,-0.017128,0.232441,-0.13407,-0.073356,0.026447,-0.021528,-0.011839,0.150647,0.249573,-0.137099,0.941173,0.378453,0.413734,-0.873503,0.081448,-0.234831,0.233596,0.932295,-0.466419,0.45406,0.79955
0.817086,-1.245804,0.785276,-0.020681,-0.008416,0.999628,0.015679,-0.102946,-0.069057,-0.063633,0.159485,-0.099266,0.058142,-0.112038,0.06078,-0.018669,0.23331,-0.135179,-0.073643,0.028359,-0.021688,-0.012354,0.15321,0.2514,-0.131681,0.94962,0.378078,0.409614,-0.877763,0.082499,-0.234311,0.23409,0.930223,-0.467558,0.454187,0.800244
0.816356,-1.246068,0.785284,-0.020548,-0.008484,0.99965,0.01431,-0.102575,-0.070184,-0.066185,0.16079,-0.099289,0.057934,-0.110917,0.059736,-0.020958,0.234457,-0.136439,-0.073994,0.029855,-0.021478,-0.012937,0.154661,0.251851,-0.124162,0.956843,0.37455,0.406925,-0.879673,0.083459,-0.234928,0.232975,0.930184,-0.467692,0.455067,0.79938
0.81565,-1.246297,0.785322,-0.020402,-0.008559,0.999674,0.012757,-0.102207,-0.071336,-0.068989,0.162031,-0.09909,0.057874,-0.109761,0.058638,-0.023551,0.235764,-0.13774,-0.074323,0.031546,-0.020827,-0.013798,0.153685,0.251316,-0.11513,0.963038,0.369208,0.404487,-0.881069,0.084549,-0.235756,0.230374,0.932213,-0.466109,0.456267,0.797205
0.815013,-1.246505,0.785319,-0.020191,-0.008614,0.999699,0.010988,-0.101817,-0.072586,-0.072134,0.163216,-0.098806,0.057547,-0.109075,0.057462,-0.026487,0.23797,-0.139127,-0.075106,0.033817,-0.020052,-0.014615,0.149962,0.249619,-0.103957,0.966583,0.359427,0.402399,-0.87989,0.085796,-0.237177,0.228623,0.934553,-0.465505,0.45746,0.795883
0.81442,-1.24668,0.785364,-0.019675,-0.008452,0.999733,0.008696,-0.101182,-0.074614,-0.076195,0.164925,-0.097626,0.057014,-0.10776,0.055503,-0.030325,0.240664,-0.140975,-0.075767,0.036154,-0.019896,-0.014839,0.142873,0.245488,-0.08864,0.967798,0.343531,0.402013,-0.879205,0.08717,-0.23864,0.228407,0.936324,-0.467361,0.458645,0.797543
0.813949,-1.246864,0.785425,-0.019341,-0.008223,0.999759,0.00631,-0.101261,-0.076839,-0.07997,0.16674,-0.095835,0.057433,-0.106893,0.053294,-0.034321,0.243012,-0.142546,-0.076574,0.038457,-0.019809,-0.015073,0.13721,0.241967,-0.077542,0.953556,0.325158,0.405699,-0.867461,0.088816,-0.240347,0.228899,0.937381,-0.468184,0.458277,0.798782
0.813508,-1.246972,0.785451,-0.019069,-0.008094,0.999778,0.00377,-0.101396,-0.078753,-0.08411,0.168405,-0.094928,0.057383,-0.10599,0.051356,-0.03861,0.24513,-0.143916,-0.076968,0.040854,-0.019913,-0.015619,0.13281,0.237091,-0.066541,0.926289,0.300419,0.416941,-0.842649,0.090621,-0.241422,0.22919,0.93851,-0.469483,0.456955,0.801355
0.813131,-1.247031,0.785465,-0.018702,-0.007999,0.999792,0.001414,-0.10126,-0.08041,-0.088048,0.169901,-0.094445,0.057367,-0.105337,0.049669,-0.042711,0.24778,-0.145299,-0.07791,0.043473,-0.019999,-0.016016,0.128965,0.229347,-0.055219,0.888038,0.270496,0.434332,-0.808104,0.092188,-0.241745,0.22879,0.938783,-0.471417,0.457082,0.803481
0.812795,-1.247022,0.785482,-0.018331,-0.00802,0.999799,-0.001039,-0.100976,-0.081762,-0.092231,0.171054,-0.094195,0.057524,-0.10422,0.048291,-0.047056,0.249425,-0.146439,-0.078182,0.045717,-0.020611,-0.016158,0.126902,0.215283,-0.04031,0.831459,0.236127,0.468663,-0.75946,0.092964,-0.241368,0.228808,0.939287,-0.473388,0.456058,0.807614
0.812579,-1.24703,0.785507,-0.017976,-0.008079,0.999801,-0.003066,-0.100588,-0.082738,-0.095633,0.171787,-0.094057,0.057688,-0.103091,0.047253,-0.05058,0.25061,-0.147408,-0.078711,0.048072,-0.02238,-0.015089,0.131496,0.185314,-0.018515,0.735706,0.183698,0.548356,-0.672088,0.092676,-0.239367,0.227585,0.93693,-0.475471,0.455554,0.811635
0.81246,-1.247091,0.785492,-0.017993,-0.008034,0.999795,-0.004724,-0.101423,-0.08399,-0.09837,0.173017,-0.094013,0.057788,-0.103711,0.046026,-0.053539,0.253047,-0.148768,-0.078467,0.050243,-0.025454,-0.012468,0.15574,0.131657,-0.018136,0.55192,0.035652,0.687938,-0.462781,0.09205,-0.233507,0.218863,0.927969,-0.472908,0.459856,0.816431
0.812399,-1.247007,0.785513,-0.017794,-0.008155,0.99979,-0.00605,-0.101539,-0.084412,-0.100808,0.173846,-0.09431,0.057551,-0.103738,0.04559,-0.055983,0.254902,-0.149694,-0.078776,0.053995,-0.029994,-0.010693,0.180179,0.089108,-0.063077,0.323027,-0.216412,0.745061,-0.13711,0.096825,-0.216543,0.192934,0.907952,-0.451997,0.473983,0.812807
0.812298,-1.246665,0.785599,-0.017331,-0.008094,0.999792,-0.007058,-0.100677,-0.084692,-0.10284,0.174135,-0.094095,0.0576,-0.102615,0.045347,-0.058038,0.255519,-0.150163,-0.079835,0.060678,-0.034867,-0.010155,0.17979,0.077594,-0.141595,0.072014,-0.432051,0.699912,0.161392,0.110092,-0.190988,0.158438,0.857055,-0.42311,0.506659,0.802364
0.812195,-1.246192,0.785668,-0.016653,-0.007919,0.999796,-0.008191,-0.09922,-0.085158,-0.105162,0.174181,-0.09425,0.057586,-0.100365,0.044973,-0.060161,0.255164,-0.150889,-0.080432,0.06933,-0.038684,-0.010328,0.130796,0.091689,-0.229511,-0.18531,-0.563609,0.610299,0.374471,0.138592,-0.169357,0.148557,0.731289,-0.39134,0.55345,0.775443
0.812601,-1.245491,0.785775,-0.015214,-0.007644,0.999814,-0.009049,-0.097636,-0.085533,-0.107284,0.176114,-0.09449,0.057329,-0.097757,0.044827,-0.061999,0.255854,-0.151276,-0.081054,0.082639,-0.040278,-0.012336,0.017046,0.125194,-0.312733,-0.399859,-0.60237,0.493397,0.480978,0.188037,-0.146905,0.180532,0.517621,-0.288641,0.567727,0.692948
0.813073,-1.244632,0.785971,-0.01257,-0.007282,0.99985,-0.009484,-0.093336,-0.085554,-0.108477,0.17811,-0.095043,0.057242,-0.092633,0.044983,-0.063053,0.256611,-0.151558,-0.082007,0.094373,-0.041718,-0.016164,-0.149116,0.169144,-0.386606,-0.552278,-0.586635,0.369013,0.526245,0.232547,-0.137698,0.286351,0.236629,-0.131703,0.545724,0.557856
0.813522,-1.24391,0.786218,-0.008896,-0.007276,0.999885,-0.009909,-0.086987,-0.085002,-0.10973,0.180895,-0.096398,0.057277,-0.084895,0.045857,-0.063874,0.256729,-0.150947,-0.083806,0.092568,-0.0443,-0.02369,-0.339754,0.240726,-0.421313,-0.651499,-0.52162,0.270009,0.5527,0.204328,-0.164436,0.442059,-0.04785,0.027569,0.492353,0.387188
0.815223,-1.242838,0.786236,-0.005027,-0.006835,0.999933,-0.007915,-0.082395,-0.083582,-0.106456,0.1855,-0.09861,0.055658,-0.081776,0.047383,-0.060866,0.262104,-0.151637,-0.085774,0.073583,-0.048469,-0.030594,-0.513946,0.319085,-0.42081,-0.716182,-0.457421,0.2209,0.600507,0.050941,-0.191144,0.595095,-0.257067,0.176479,0.412655,0.174621
0.816674,-1.242042,0.786445,-0.001153,-0.006726,0.999959,-0.006027,-0.077868,-0.081843,-0.103275,0.190874,-0.10021,0.0553,-0.078622,0.049165,-0.058144,0.268187,-0.151528,-0.089528,0.046817,-0.043223,-0.03765,-0.634097,0.355278,-0.439963,-0.764565,-0.457154,0.206806,0.675438,-0.187494,-0.186613,0.698455,-0.362587,0.278556,0.312393,-0.050647
0.818081,-1.241231,0.786714,0.002633,-0.006138,0.999972,-0.003362,-0.074183,-0.080781,-0.098227,0.197668,-0.101188,0.056073,-0.077759,0.050298,-0.053842,0.278039,-0.151792,-0.094919,0.029251,-0.034037,-0.034935,-0.709654,0.361948,-0.466856,-0.796434,-0.492437,0.201974,0.75602,-0.417457,-0.13681,0.749529,-0.414119,0.340792,0.1972,-0.261878
0.819289,-1.240448,0.787094,0.006082,-0.005188,0.999968,-0.000628,-0.071387,-0.080541,-0.0927,0.204879,-0.100327,0.058117,-0.078294,0.050561,-0.049264,0.289514,-0.151973,-0.101218,0.026917,-0.025311,-0.027496,-0.747488,0.355012,-0.482802,-0.810211,-0.514604,0.197269,0.827104,-0.582723,-0.054957,0.768544,-0.451382,0.377987,0.107872,-0.435399
0.820234,-1.239562,0.787394,0.008845,-0.004033,0.999952,0.000703,-0.070639,-0.081205,-0.089008,0.21327,-0.099301,0.059716,-0.078591,0.049674,-0.047158,0.299098,-0.153306,-0.106846,0.039196,-0.019206,-0.020473,-0.76208,0.342944,-0.481153,-0.810143,-0.512517,0.198173,0.876198,-0.678503,0.025751,0.783134,-0.494272,0.421639,0.072635,-0.57908
0.820986,-1.238691,0.787272,0.011226,-0.00253,0.999934,-0.00033,-0.073564,-0.08412,-0.088438,0.22693,-0.10085,0.061302,-0.079582,0.046332,-0.049401,0.310891,-0.159069,-0.110875,0.057871,-0.018211,-0.009203,-0.766405,0.330381,-0.469894,-0.812,-0.511855,0.211979,0.918012,-0.738336,0.082558,0.807466,-0.540765,0.465373,0.064592,-0.705819
0.82155,-1.237878,0.786703,0.013243,-0.001336,0.999903,-0.004081,-0.078807,-0.087833,-0.092026,0.242973,-0.103439,0.061601,-0.081047,0.042167,-0.055789,0.323575,-0.166107,-0.111881,0.073338,-0.018314,0.005065,-0.755197,0.315436,-0.468237,-0.82155,-0.517401,0.224187,0.946001,-0.771758,0.106384,0.837113,-0.582912,0.489655,0.068275,-0.767611
0.822212,-1.237217,0.785646,0.015658,-0.000502,0.999838,-0.0089,-0.086077,-0.091956,-0.097344,0.264158,-0.107896,0.060959,-0.083681,0.037168,-0.065124,0.341572,-0.175876,-0.113274,0.084739,-0.017032,0.023022,-0.73889,0.307948,-0.470855,-0.838086,-0.501484,0.225855,0.950893,-0.780292,0.104835,0.869515,-0.613525,0.496585,0.073839,-0.793138
0.82319,-1.236643,0.783813,0.018697,0.000274,0.999726,-0.014058,-0.096233,-0.096604,-0.102522,0.293345,-0.117422,0.059143,-0.088565,0.031822,-0.075064,0.366487,-0.19075,-0.11327,0.093295,-0.012222,0.044291,-0.721157,0.309736,-0.465604,-0.854345,-0.471574,0.224123,0.948872,-0.773117,0.098372,0.896014,-0.631927,0.494476,0.077192,-0.821
0.824527,-1.235919,0.781234,0.022021,0.0011,0.999573,-0.019156,-0.109466,-0.101405,-0.107043,0.328795,-0.129551,0.054598,-0.096291,0.025973,-0.085467,0.397619,-0.20843,-0.111677,0.098264,-0.006229,0.067465,-0.712299,0.312683,-0.463925,-0.866753,-0.452567,0.224818,0.945723,-0.753345,0.103719,0.916097,-0.639767,0.503803,0.082524,-0.847015
0.826258,-1.234949,0.777522,0.025263,0.001743,0.999382,-0.024381,-0.126493,-0.10609,-0.111497,0.370666,-0.14722,0.046659,-0.107291,0.020298,-0.096222,0.43443,-0.230861,-0.107428,0.097757,-0.001117,0.08925,-0.710776,0.32237,-0.464675,-0.869625,-0.443269,0.231805,0.939832,-0.744317,0.109149,0.921362,-0.642116,0.504318,0.08546,-0.852689
0.828442,-1.233689,0.772543,0.028125,0.002106,0.999152,-0.029987,-0.148781,-0.110686,-0.116046,0.42014,-0.170594,0.033887,-0.122086,0.014828,-0.107756,0.476987,-0.259047,-0.100836,0.093481,0.001572,0.11042,-0.714716,0.335083,-0.464782,-0.86911,-0.434147,0.238274,0.932807,-0.753625,0.104633,0.914742,-0.644285,0.477885,0.08214,-0.832691
0.830931,-1.232292,0.766413,0.030336,0.001953,0.998887,-0.036057,-0.17566,-0.115003,-0.120666,0.475253,-0.199701,0.01936,-0.140707,0.009716,-0.120555,0.524348,-0.290759,-0.093064,0.086346,0.003748,0.132243,-0.720095,0.339382,-0.468689,-0.868154,-0.433076,0.241284,0.934633,-0.764737,0.102823,0.900444,-0.647366,0.45634,0.081172,-0.811942
0.833567,-1.230818,0.760015,0.031395,0.001534,0.998638,-0.041654,-0.203979,-0.11895,-0.125174,0.529162,-0.232304,0.008295,-0.162443,0.004967,-0.132951,0.572074,-0.321764,-0.0851,0.081803,0.005916,0.152756,-0.725568,0.336382,-0.47441,-0.865978,-0.43316,0.2403,0.939964,-0.772562,0.108788,0.887582,-0.647051,0.45298,0.087196,-0.804913
0.836229,-1.229446,0.754512,0.031115,0.001249,0.998434,-0.046471,-0.231679,-0.123262,-0.129442,0.575188,-0.258086,0.002395,-0.184241,0.000174,-0.143351,0.612912,-0.346605,-0.076837,0.080604,0.007811,0.169696,-0.729572,0.328742,-0.476033,-0.863319,-0.427752,0.2382,0.940098,-0.777155,0.116968,0.875584,-0.642656,0.454557,0.094558,-0.803032
0.838573,-1.228188,0.750816,0.029598,0.001261,0.998274,-0.050712,-0.254645,-0.127401,-0.133155,0.606345,-0.273237,0.001839,-0.202414,-0.004252,-0.151645,0.640107,-0.361985,-0.070553,0.083257,0.009257,0.181924,-0.730746,0.319039,-0.475445,-0.861007,-0.419815,0.236804,0.934992,-0.775734,0.125389,0.870611,-0.639485,0.456416,0.098778,-0.801582
0.840226,-1.226903,0.749658,0.027248,0.001435,0.99816,-0.054152,-0.268934,-0.130589,-0.138298,0.617915,-0.276036,0.004943,-0.213357,-0.006861,-0.157743,0.648858,-0.365403,-0.068215,0.089806,0.009764,0.187576,-0.728119,0.309202,-0.475815,-0.860482,-0.418099,0.23587,0.931827,-0.768825,0.131248,0.872704,-0.639669,0.460152,0.100948,-0.801779
0.840953,-1.225491,0.75212,0.022967,0.001121,0.998114,-0.056921,-0.271382,-0.130001,-0.145945,0.598764,-0.264443,0.006465,-0.214946,-0.005739,-0.163104,0.629901,-0.35169,-0.071298,0.100286,0.010332,0.181767,-0.722703,0.302612,-0.479987,-0.859182,-0.428005,0.238362,0.928421,-0.759564,0.135266,0.875242,-0.641562,0.464755,0.104813,-0.798692
0.840049,-1.224354,0.757838,0.018881,0.000979,0.998022,-0.05995,-0.256682,-0.127445,-0.156239,0.550878,-0.238352,0.006615,-0.201963,-0.003242,-0.168011,0.586191,-0.325483,-0.076214,0.113323,0.011122,0.168963,-0.722884,0.306017,-0.483716,-0.857717,-0.441103,0.241645,0.929981,-0.754686,0.138023,0.879955,-0.639369,0.472862,0.105577,-0.798095
0.8385,-1.22386,0.765375,0.014014,0.001389,0.997972,-0.062072,-0.235605,-0.125015,-0.165291,0.487687,-0.199846,0.008662,-0.182092,-0.00086,-0.169887,0.52568,-0.290706,-0.078435,0.127844,0.010818,0.147847,-0.733429,0.314115,-0.486495,-0.855959,-0.459206,0.246935,0.928919,-0.754899,0.141315,0.88831,-0.637749,0.48417,0.104082,-0.795831
0.836377,-1.223653,0.773002,0.008309,0.002023,0.997921,-0.063879,-0.213374,-0.122788,-0.17401,0.419841,-0.156649,0.011742,-0.160126,0.001171,-0.170759,0.45915,-0.254442,-0.076887,0.141945,0.009156,0.119125,-0.752921,0.32216,-0.483718,-0.853431,-0.479364,0.251619,0.930487,-0.764804,0.142837,0.895871,-0.636135,0.494087,0.100717,-0.791436
0.834277,-1.223662,0.779456,0.002279,0.003222,0.997855,-0.065341,-0.195408,-0.122277,-0.181073,0.358979,-0.113648,0.018375,-0.140661,0.001681,-0.170865,0.396953,-0.223268,-0.075227,0.156068,0.005446,0.088097,-0.77743,0.324122,-0.476426,-0.852263,-0.499297,0.255835,0.933956,-0.783567,0.142819,0.90457,-0.633707,0.50079,0.093739,-0.789552
0.832339,-1.223726,0.784055,-0.003292,0.004636,0.997742,-0.066919,-0.181729,-0.123509,-0.186959,0.308889,-0.077043,0.029635,-0.125913,0.000816,-0.171434,0.347014,-0.199681,-0.073599,0.168614,0.000519,0.058302,-0.810222,0.319333,-0.467262,-0.853571,-0.512721,0.262518,0.939396,-0.809006,0.139856,0.908239,-0.63245,0.500849,0.086028,-0.794273
0.830969,-1.22394,0.7866,-0.007894,0.005961,0.997568,-0.068996,-0.171553,-0.125934,-0.192013,0.269573,-0.051645,0.038538,-0.117218,-0.000992,-0.173198,0.312471,-0.183604,-0.075349,0.177303,-0.002938,0.036438,-0.847551,0.322894,-0.450239,-0.854957,-0.515115,0.273705,0.9519,-0.831754,0.137249,0.912597,-0.629968,0.500596,0.07959,-0.804304
0.830166,-1.224213,0.787776,-0.010978,0.006689,0.997321,-0.072005,-0.162687,-0.127809,-0.198504,0.238592,-0.03481,0.040371,-0.111645,-0.002612,-0.177411,0.290627,-0.174729,-0.078776,0.175702,-0.004731,0.023709,-0.874056,0.33088,-0.434896,-0.853889,-0.516058,0.284708,0.968562,-0.847051,0.137769,0.915184,-0.628854,0.502735,0.076647,-0.810538
0.82938,-1.224538,0.788076,-0.012967,0.007105,0.996986,-0.076153,-0.152766,-0.12923,-0.206695,0.210398,-0.023561,0.036125,-0.106963,-0.004952,-0.184093,0.277192,-0.171679,-0.078138,0.16723,-0.002938,0.016625,-0.886058,0.339357,-0.424299,-0.853116,-0.521022,0.294206,0.98027,-0.858003,0.135247,0.913137,-0.628982,0.504317,0.080547,-0.812579
0.828509,-1.225006,0.788152,-0.014008,0.007195,0.996551,-0.081471,-0.141882,-0.130537,-0.216636,0.184342,-0.013242,0.031018,-0.101646,-0.00788,-0.192978,0.267561,-0.169489,-0.072547,0.154948,-0.000593,0.012436,-0.886146,0.346228,-0.421316,-0.853761,-0.524327,0.302301,0.981457,-0.860019,0.133352,0.9093,-0.631405,0.5072,0.08724,-0.81398
0.82765,-1.225596,0.788214,-0.014597,0.00713,0.996035,-0.087461,-0.131992,-0.132281,-0.227872,0.161924,-0.003293,0.027157,-0.096273,-0.011283,-0.202686,0.260602,-0.167927,-0.066716,0.143387,0.002284,0.009192,-0.87575,0.350274,-0.421208,-0.854314,-0.523509,0.311186,0.966362,-0.855886,0.130843,0.906361,-0.636494,0.511502,0.092834,-0.814155
0.826905,-1.226287,0.788447,-0.014789,0.006971,0.995525,-0.093075,-0.125025,-0.13459,-0.23853,0.14705,0.005147,0.026788,-0.091779,-0.014533,-0.21183,0.256499,-0.16586,-0.063651,0.134979,0.005859,0.005238,-0.860687,0.358917,-0.413257,-0.850164,-0.517402,0.321936,0.937404,-0.854301,0.125413,0.898819,-0.640751,0.512954,0.097359,-0.816445
0.826788,-1.227007,0.788725,-0.015119,0.007514,0.995213,-0.096264,-0.123798,-0.139057,-0.243167,0.141377,0.012917,0.029,-0.09181,-0.01901,-0.21626,0.257513,-0.163135,-0.063037,0.130292,0.007824,0.003029,-0.839113,0.38582,-0.364424,-0.834788,-0.48223,0.339568,0.874931,-0.857228,0.121757,0.892263,-0.646099,0.520556,0.10527,-0.820482
0.826519,-1.227261,0.788861,-0.015477,0.007704,0.994925,-0.099127,-0.125587,-0.142187,-0.248186,0.142927,0.015571,0.030303,-0.092127,-0.021632,-0.221028,0.259069,-0.16182,-0.06446,0.133799,0.010507,0.002424,-0.816265,0.441549,-0.271359,-0.808372,-0.41728,0.350317,0.820288,-0.859665,0.117547,0.889823,-0.652498,0.540606,0.118196,-0.815919
0.82595,-1.227282,0.788843,-0.016511,0.008127,0.994769,-0.100482,-0.129525,-0.144803,-0.250607,0.147406,0.015178,0.030092,-0.09362,-0.02352,-0.223301,0.260035,-0.161749,-0.065675,0.147072,0.015453,-0.000784,-0.802451,0.57823,-0.098447,-0.766317,-0.287773,0.382316,0.812095,-0.863416,0.097338,0.881468,-0.658931,0.55497,0.131361,-0.827518
0.825289,-1.227568,0.788824,-0.017895,0.008717,0.994737,-0.100505,-0.135945,-0.148091,-0.249525,0.1554,0.014252,0.029724,-0.096605,-0.025595,-0.222514,0.261776,-0.161246,-0.066812,0.151908,0.01901,-0.001037,-0.777399,0.754446,0.097378,-0.72798,-0.142005,0.441657,0.818867,-0.879543,0.072516,0.866851,-0.671625,0.567777,0.154039,-0.873347
0.824006,-1.227955,0.788721,-0.018248,0.009107,0.994587,-0.10189,-0.139014,-0.151303,-0.251477,0.163685,0.011741,0.031795,-0.095173,-0.027507,-0.224852,0.262573,-0.163194,-0.067409,0.162568,0.021292,-0.00237,-0.745267,0.897958,0.246556,-0.698062,-0.033455,0.504196,0.81545,-0.890176,0.049304,0.849154,-0.683754,0.596139,0.181199,-0.923497
0.822511,-1.228229,0.78849,-0.017293,0.009195,0.994269,-0.1051,-0.138267,-0.154046,-0.257512,0.170983,0.007277,0.034247,-0.090257,-0.029051,-0.230863,0.264257,-0.167398,-0.068315,0.17282,0.024235,-0.004331,-0.72301,0.979783,0.326855,-0.684767,0.019501,0.569791,0.778263,-0.890972,0.035838,0.843027,-0.692504,0.626779,0.200307,-0.960521
0.821296,-1.228974,0.788244,-0.015667,0.009418,0.993994,-0.107896,-0.137552,-0.158069,-0.261163,0.180791,0.001366,0.036659,-0.085665,-0.031759,-0.235271,0.268814,-0.171593,-0.06874,0.171865,0.027222,-0.002759,-0.708166,1.014518,0.366023,-0.697436,0.04417,0.613609,0.715723,-0.890809,0.032568,0.852402,-0.705122,0.654244,0.213071,-0.990263
0.82007,-1.229698,0.788143,-0.013531,0.009746,0.993658,-0.111205,-0.135906,-0.162501,-0.265819,0.190846,-0.002765,0.039159,-0.080591,-0.034931,-0.240406,0.275181,-0.175638,-0.070681,0.171776,0.029694,-0.000897,-0.703105,1.033167,0.395356,-0.710709,0.068369,0.658258,0.651066,-0.881194,0.031786,0.863457,-0.715355,0.672411,0.218759,-1.008516
0.818869,-1.230537,0.78816,-0.0111,0.009918,0.993312,-0.114497,-0.132932,-0.166458,-0.270588,0.199378,-0.005895,0.04133,-0.076015,-0.038052,-0.245384,0.283737,-0.178683,-0.073756,0.171615,0.033085,0.001307,-0.703745,1.045077,0.416519,-0.725843,0.087658,0.697591,0.603164,-0.867349,0.029144,0.871152,-0.719408,0.68155,0.221876,-1.015767
0.818,-1.231304,0.788058,-0.009087,0.009923,0.992981,-0.117506,-0.130387,-0.169521,-0.274665,0.205761,-0.008023,0.04199,-0.073641,-0.040921,-0.250094,0.293176,-0.181357,-0.077572,0.172571,0.035763,0.003393,-0.705276,1.052531,0.433151,-0.742119,0.103336,0.716736,0.577448,-0.854697,0.026062,0.875949,-0.718582,0.68674,0.225142,-1.018033
0.817089,-1.232013,0.787741,-0.007099,0.009817,0.992697,-0.120023,-0.127543,-0.171832,-0.278211,0.211916,-0.012217,0.041966,-0.072308,-0.043555,-0.254254,0.304737,-0.185653,-0.081366,0.172703,0.037912,0.006938,-0.706224,1.054351,0.444889,-0.757836,0.110342,0.731007,0.5644,-0.842992,0.029042,0.882652,-0.716703,0.696863,0.228706,-1.019086
0.816159,-1.232749,0.787319,-0.005021,0.009848,0.992454,-0.122122,-0.124682,-0.17427,-0.281047,0.218585,-0.017003,0.041243,-0.071717,-0.046462,-0.257445,0.317944,-0.190666,-0.085133,0.172847,0.040514,0.011199,-0.704593,1.052049,0.4508,-0.772043,0.111523,0.743861,0.558315,-0.835146,0.034046,0.890013,-0.716073,0.70483,0.230331,-1.019977
0.815348,-1.233416,0.786932,-0.002871,0.009941,0.992197,-0.124249,-0.121769,-0.176758,-0.284083,0.225211,-0.021409,0.040739,-0.071555,-0.049577,-0.260521,0.331935,-0.194799,-0.088429,0.171918,0.042973,0.015933,-0.701315,1.044731,0.450583,-0.783188,0.109219,0.755713,0.5561,-0.828527,0.038603,0.894975,-0.715056,0.70654,0.229083,-1.021857
0.814482,-1.233985,0.786619,-0.000713,0.010157,0.991892,-0.126677,-0.118808,-0.179588,-0.287715,0.231586,-0.025279,0.039625,-0.070629,-0.052817,-0.264034,0.34448,-0.196926,-0.090653,0.170732,0.045104,0.020178,-0.697943,1.035627,0.4455,-0.791447,0.107011,0.765126,0.554296,-0.820934,0.044642,0.899487,-0.71332,0.707116,0.226936,-1.024827
0.813504,-1.234501,0.786368,0.000979,0.010288,0.991582,-0.129068,-0.115842,-0.181989,-0.291529,0.236258,-0.0282,0.038607,-0.068036,-0.055514,-0.267887,0.35189,-0.197342,-0.090377,0.169564,0.04619,0.02188,-0.693762,1.027845,0.439702,-0.796943,0.107651,0.771782,0.550289,-0.814174,0.049162,0.902549,-0.712165,0.710031,0.226379,-1.026598
0.812377,-1.234984,0.786501,0.001931,0.010351,0.991252,-0.131564,-0.113562,-0.184036,-0.295611,0.238749,-0.028651,0.037592,-0.063531,-0.057041,-0.271625,0.352062,-0.196006,-0.0876,0.16843,0.045803,0.020719,-0.68595,1.020692,0.436299,-0.801409,0.109388,0.775535,0.547683,-0.810402,0.050472,0.902826,-0.713112,0.712831,0.22722,-1.0258
0.811311,-1.235252,0.786926,0.001941,0.01015,0.990959,-0.133766,-0.111858,-0.184186,-0.298035,0.237651,-0.026568,0.037137,-0.057866,-0.057015,-0.275389,0.344758,-0.191111,-0.082106,0.167767,0.043805,0.017012,-0.67281,1.008978,0.436775,-0.807492,0.110646,0.773743,0.549064,-0.811638,0.051963,0.900253,-0.716118,0.714511,0.22775,-1.023554
0.810218,-1.235379,0.787691,0.001029,0.0099,0.990765,-0.135224,-0.110955,-0.18313,-0.300359,0.23349,-0.021422,0.035433,-0.051708,-0.055859,-0.277857,0.330577,-0.181147,-0.073155,0.167001,0.040129,0.010623,-0.653413,0.98135,0.441677,-0.820107,0.110068,0.756444,0.561626,-0.819972,0.059917,0.893824,-0.721362,0.717408,0.227431,-1.021561
0.809342,-1.23554,0.788651,-0.00099,0.009168,0.990705,-0.135718,-0.111032,-0.1812,-0.304028,0.225798,-0.014544,0.033127,-0.046017,-0.052538,-0.276837,0.310166,-0.168786,-0.061929,0.16674,0.036874,0.002955,-0.623879,0.933102,0.44464,-0.847094,0.107987,0.700833,0.60171,-0.837597,0.073765,0.883668,-0.730434,0.720346,0.22667,-1.017046
0.80933,-1.235929,0.789233,-0.004672,0.008547,0.991016,-0.133391,-0.114592,-0.180017,-0.303576,0.21545,-0.008303,0.03276,-0.041423,-0.047923,-0.269227,0.280644,-0.158842,-0.049132,0.170617,0.035908,-0.004319,-0.574234,0.862309,0.432472,-0.885979,0.098791,0.590351,0.679215,-0.862837,0.087302,0.875071,-0.740789,0.707507,0.221344,-1.008658
0.8095,-1.235581,0.78889,-0.010031,0.007365,0.991315,-0.130917,-0.119793,-0.176859,-0.306718,0.201745,-0.008229,0.031267,-0.036909,-0.039832,-0.264608,0.243432,-0.151175,-0.03693,0.183654,0.037242,-0.01473,-0.548726,0.785055,0.360752,-0.911746,0.118406,0.401972,0.792244,-0.878271,0.091352,0.883379,-0.745819,0.659023,0.198421,-0.995849
0.810013,-1.234514,0.787545,-0.01456,0.006733,0.991734,-0.127301,-0.123216,-0.17161,-0.305047,0.189309,-0.016987,0.027937,-0.036411,-0.032143,-0.259166,0.218786,-0.159077,-0.032148,0.19696,0.036046,-0.021418,-0.564702,0.745315,0.272967,-0.919258,0.153347,0.287945,0.820468,-0.882296,0.099724,0.90664,-0.74661,0.617965,0.173251,-0.996436
0.811541,-1.233488,0.786141,-0.017758,0.006682,0.992477,-0.120955,-0.127236,-0.1668,-0.297344,0.181286,-0.025024,0.024645,-0.041136,-0.026522,-0.249845,0.207015,-0.169551,-0.028424,0.209572,0.032168,-0.021965,-0.6038,0.722238,0.182115,-0.919458,0.168351,0.233006,0.824426,-0.880624,0.114285,0.941031,-0.746476,0.600832,0.156157,-1.001069
0.813432,-1.232677,0.785768,-0.019682,0.006467,0.993188,-0.114667,-0.129432,-0.161398,-0.288663,0.173299,-0.026215,0.02174,-0.051209,-0.022936,-0.239345,0.208809,-0.171684,-0.027112,0.213988,0.027953,-0.018377,-0.656689,0.694357,0.080999,-0.922026,0.146945,0.21548,0.831946,-0.87711,0.126411,0.976843,-0.74729,0.596543,0.144878,-1.007007
0.8157,-1.232673,0.786799,-0.020672,0.005797,0.993678,-0.110199,-0.130729,-0.1567,-0.281306,0.164599,-0.016828,0.020951,-0.06476,-0.021802,-0.229937,0.219743,-0.161583,-0.030633,0.210337,0.024743,-0.014132,-0.708705,0.657997,-0.005793,-0.919975,0.112371,0.214762,0.835067,-0.875237,0.125175,1.000983,-0.747883,0.589942,0.135578,-1.011327
0.818114,-1.23327,0.788218,-0.021022,0.004559,0.993866,-0.108482,-0.13245,-0.153351,-0.27748,0.157849,-0.004305,0.021799,-0.076848,-0.02127,-0.22528,0.231289,-0.14869,-0.039128,0.197214,0.023627,-0.010852,-0.754478,0.612557,-0.086016,-0.916858,0.056342,0.226672,0.84097,-0.875623,0.115782,1.013723,-0.746263,0.577476,0.125593,-1.016009
0.820149,-1.233956,0.788913,-0.021363,0.00262,0.993829,-0.108812,-0.136396,-0.150404,-0.277422,0.1568,0.001331,0.020067,-0.084685,-0.019332,-0.224988,0.237555,-0.141592,-0.047369,0.173632,0.022028,-0.011724,-0.80117,0.555604,-0.192471,-0.913936,-0.050552,0.249733,0.849897,-0.876928,0.107562,1.023787,-0.743023,0.551615,0.109473,-1.019427
0.821031,-1.234192,0.788631,-0.020627,0.00118,0.993783,-0.109403,-0.138943,-0.14897,-0.278859,0.162917,-0.004401,0.018823,-0.08281,-0.016571,-0.226594,0.234511,-0.141692,-0.045336,0.155082,0.017035,-0.014443,-0.842878,0.493179,-0.316277,-0.909974,-0.188872,0.272281,0.87391,-0.878935,0.103159,1.021762,-0.737171,0.510636,0.09216,-1.022045
0.821079,-1.234384,0.787825,-0.019383,0.000622,0.994049,-0.107197,-0.136953,-0.146911,-0.276451,0.166834,-0.015732,0.016634,-0.078047,-0.013523,-0.224148,0.230386,-0.148649,-0.04278,0.154632,0.009686,-0.017724,-0.873281,0.45118,-0.416905,-0.899228,-0.279066,0.287786,0.872791,-0.88441,0.098583,1.005749,-0.730414,0.473156,0.082945,-1.023526
0.820589,-1.234515,0.787024,-0.017894,0.000467,0.994658,-0.101665,-0.131252,-0.143137,-0.268959,0.166865,-0.026655,0.015015,-0.076557,-0.009922,-0.216087,0.233349,-0.15725,-0.045061,0.168121,0.000777,-0.020251,-0.899992,0.442426,-0.451747,-0.889565,-0.306753,0.324506,0.839432,-0.896748,0.094473,0.977661,-0.731026,0.442978,0.080946,-1.033331
0.819951,-1.234624,0.786455,-0.01606,0.000386,0.995143,-0.097122,-0.123614,-0.139155,-0.263949,0.164849,-0.034169,0.011775,-0.076372,-0.007059,-0.209289,0.242427,-0.167108,-0.054985,0.180158,-0.004615,-0.022036,-0.91465,0.426879,-0.452542,-0.893079,-0.314696,0.335076,0.841014,-0.910556,0.094617,0.959154,-0.737861,0.416417,0.078331,-1.03795
0.81983,-1.235101,0.786494,-0.013882,0.000512,0.995563,-0.093062,-0.11922,-0.137602,-0.257413,0.167688,-0.035879,0.011417,-0.078614,-0.006399,-0.202856,0.255004,-0.170078,-0.062992,0.1897,-0.008207,-0.020329,-0.924648,0.408901,-0.456304,-0.894178,-0.334078,0.338108,0.854078,-0.917729,0.0995,0.953337,-0.739329,0.407014,0.078092,-1.043756
0.820113,-1.235465,0.786886,-0.011481,0.000659,0.995694,-0.091989,-0.117032,-0.137966,-0.254339,0.173369,-0.034607,0.011883,-0.080276,-0.007445,-0.200813,0.266769,-0.167597,-0.069414,0.193132,-0.009621,-0.020142,-0.936989,0.400448,-0.454612,-0.892129,-0.34695,0.345846,0.861659,-0.921516,0.101997,0.948894,-0.738236,0.402468,0.076102,-1.051083
0.82045,-1.235896,0.787108,-0.008783,0.000653,0.995556,-0.093757,-0.116171,-0.140103,-0.255602,0.18211,-0.034062,0.012634,-0.079551,-0.009485,-0.203182,0.277248,-0.166279,-0.075194,0.190461,-0.009273,-0.019269,-0.947261,0.398258,-0.453511,-0.891797,-0.354649,0.354239,0.867594,-0.923738,0.102207,0.948246,-0.739795,0.403421,0.074418,-1.058774
0.820873,-1.236612,0.787032,-0.006394,0.001043,0.995328,-0.096331,-0.11838,-0.145259,-0.256645,0.195169,-0.035479,0.014961,-0.077462,-0.013362,-0.206473,0.284824,-0.167325,-0.075366,0.182791,-0.008758,-0.017761,-0.954257,0.398452,-0.457224,-0.892668,-0.365761,0.36137,0.878926,-0.925247,0.099187,0.951057,-0.74585,0.403399,0.073079,-1.065993
0.82062,-1.23699,0.786775,-0.003345,0.001048,0.994901,-0.100792,-0.11732,-0.149469,-0.262034,0.207289,-0.040122,0.020722,-0.067837,-0.015592,-0.214081,0.283745,-0.169637,-0.071229,0.175004,-0.0071,-0.017081,-0.957759,0.396213,-0.467195,-0.892858,-0.38102,0.365338,0.897414,-0.925576,0.091578,0.947904,-0.755889,0.395212,0.072767,-1.071692
0.820388,-1.237248,0.786633,-0.001891,0.00125,0.994508,-0.104632,-0.114497,-0.152158,-0.266615,0.208197,-0.039965,0.02461,-0.061295,-0.01776,-0.22019,0.281017,-0.170559,-0.067147,0.172389,-0.006707,-0.018272,-0.955677,0.390011,-0.480116,-0.892574,-0.391583,0.367039,0.900444,-0.926881,0.086051,0.939816,-0.764347,0.38632,0.074286,-1.079277
0.820421,-1.237505,0.786504,-0.000917,0.00149,0.994221,-0.107337,-0.110374,-0.154011,-0.270011,0.203812,-0.038217,0.029135,-0.056867,-0.019656,-0.224391,0.279072,-0.17188,-0.063934,0.172643,-0.006641,-0.020029,-0.950015,0.383127,-0.492631,-0.891518,-0.395828,0.36679,0.89368,-0.929371,0.081931,0.929746,-0.770063,0.378359,0.075581,-1.089819
0.820446,-1.23742,0.786331,-0.000347,0.001233,0.99389,-0.110369,-0.104924,-0.153429,-0.276394,0.195443,-0.037684,0.030477,-0.053079,-0.019799,-0.229962,0.276359,-0.174,-0.062884,0.172962,-0.004762,-0.022404,-0.945978,0.377304,-0.502126,-0.890697,-0.399474,0.365902,0.8896,-0.932034,0.076395,0.922835,-0.77224,0.376023,0.076904,-1.098219
0.82113,-1.237518,0.786263,-0.000348,0.001198,0.993698,-0.112082,-0.101143,-0.152965,-0.279212,0.185891,-0.036344,0.029008,-0.052132,-0.020716,-0.233079,0.274088,-0.174178,-0.061668,0.170453,-0.004524,-0.024361,-0.943563,0.374786,-0.509146,-0.890205,-0.400344,0.36399,0.887929,-0.934429,0.071734,0.920466,-0.774672,0.378622,0.078576,-1.107069
0.82225,-1.237432,0.786314,-0.000639,0.001198,0.993566,-0.113247,-0.099609,-0.152462,-0.280851,0.178125,-0.034484,0.027804,-0.053101,-0.021427,-0.234964,0.272431,-0.173265,-0.060957,0.166294,-0.003745,-0.024611,-0.943452,0.373801,-0.51244,-0.891342,-0.399462,0.361701,0.889165,-0.938018,0.066362,0.920248,-0.77655,0.379508,0.079711,-1.111389
0.823624,-1.237308,0.786394,-0.001146,0.001017,0.993488,-0.113929,-0.099596,-0.151455,-0.281957,0.171583,-0.031743,0.025743,-0.055164,-0.021638,-0.236397,0.270666,-0.17129,-0.060465,0.1597,-0.002629,-0.023331,-0.944344,0.371789,-0.513515,-0.89312,-0.39718,0.359264,0.890654,-0.941575,0.06208,0.920846,-0.778563,0.380976,0.080871,-1.113663
0.825122,-1.237142,0.786465,-0.001801,0.000983,0.993438,-0.114357,-0.101127,-0.15115,-0.28277,0.166954,-0.028451,0.023208,-0.05749,-0.021972,-0.237259,0.268314,-0.170533,-0.059988,0.15216,-0.002457,-0.021817,-0.944501,0.368533,-0.5123,-0.89375,-0.393159,0.35711,0.891562,-0.944318,0.059111,0.919577,-0.780641,0.382342,0.082539,-1.114035
0.826525,-1.236899,0.786568,-0.002186,0.000809,0.993453,-0.114217,-0.102969,-0.150474,-0.282985,0.164544,-0.026201,0.021724,-0.060172,-0.021713,-0.237394,0.267511,-0.168749,-0.060323,0.145925,-0.002961,-0.019841,-0.944527,0.364239,-0.510846,-0.89313,-0.390643,0.356034,0.891838,-0.945738,0.057581,0.916642,-0.782292,0.38314,0.084268,-1.114236
0.827798,-1.236637,0.786601,-0.002254,0.000733,0.993541,-0.113446,-0.104388,-0.149766,-0.282139,0.163438,-0.025019,0.021039,-0.062216,-0.021213,-0.236403,0.266995,-0.167385,-0.060553,0.141999,-0.004004,-0.016765,-0.9439,0.362731,-0.511323,-0.892056,-0.389073,0.355267,0.891294,-0.945674,0.057193,0.91575,-0.783886,0.384955,0.085419,-1.1144
0.82889,-1.23639,0.786652,-0.002302,0.000544,0.993702,-0.112033,-0.105497,-0.148331,-0.280076,0.162485,-0.024288,0.020011,-0.064702,-0.020113,-0.234314,0.267204,-0.165064,-0.061603,0.14086,-0.004347,-0.014456,-0.941725,0.361923,-0.510649,-0.891604,-0.386262,0.35339,0.889899,-0.946263,0.056543,0.915759,-0.78473,0.386616,0.086754,-1.114746
0.829801,-1.236105,0.786604,-0.002348,0.000541,0.993904,-0.110224,-0.106401,-0.147095,-0.277365,0.161836,-0.024036,0.019766,-0.066078,-0.018912,-0.231475,0.265643,-0.164363,-0.061939,0.141148,-0.005111,-0.013155,-0.93918,0.36159,-0.509818,-0.892354,-0.382941,0.351669,0.887986,-0.945842,0.056489,0.91698,-0.78521,0.389361,0.08818,-1.115025
0.830432,-1.235935,0.786621,-0.00228,0.000473,0.994096,-0.108483,-0.10678,-0.145841,-0.274722,0.161558,-0.024368,0.019809,-0.066636,-0.017651,-0.228684,0.263873,-0.162703,-0.061178,0.141992,-0.005863,-0.012745,-0.936691,0.363491,-0.509321,-0.893123,-0.377571,0.348865,0.887092,-0.944388,0.056296,0.918509,-0.784808,0.390882,0.088952,-1.113281
0.830935,-1.235868,0.786642,-0.00214,0.00033,0.994252,-0.107045,-0.107071,-0.144734,-0.272523,0.161843,-0.025644,0.019942,-0.066691,-0.016398,-0.22639,0.261822,-0.160624,-0.060521,0.142289,-0.006638,-0.012916,-0.934737,0.365924,-0.509233,-0.893793,-0.37274,0.345954,0.88738,-0.94247,0.05683,0.920522,-0.784167,0.39304,0.089939,-1.109273
0.831312,-1.235846,0.786642,-0.002071,0.000292,0.994393,-0.10573,-0.107434,-0.144086,-0.270655,0.162326,-0.026617,0.020097,-0.066604,-0.01552,-0.224363,0.260001,-0.159911,-0.060085,0.142319,-0.007302,-0.013137,-0.933251,0.367026,-0.50915,-0.895419,-0.369644,0.343885,0.887694,-0.941881,0.057115,0.922085,-0.784044,0.394862,0.090709,-1.105953
0.83167,-1.235893,0.786644,-0.001956,0.000205,0.994521,-0.104521,-0.107646,-0.143328,-0.268509,0.162788,-0.027903,0.020431,-0.066718,-0.014664,-0.222232,0.258779,-0.159039,-0.059921,0.142197,-0.00734,-0.013008,-0.931899,0.367674,-0.508473,-0.897627,-0.365578,0.34161,0.888938,-0.942026,0.058313,0.922991,-0.784089,0.394381,0.090714,-1.103231
0.831973,-1.236028,0.786621,-0.001854,0.00006,0.99462,-0.103575,-0.107654,-0.142682,-0.267018,0.162887,-0.028967,0.020504,-0.066662,-0.013965,-0.220751,0.257683,-0.158368,-0.059891,0.141657,-0.006979,-0.013247,-0.931378,0.368755,-0.509123,-0.899057,-0.36308,0.34011,0.889108,-0.942862,0.057801,0.923313,-0.783708,0.393375,0.090823,-1.101579
0.832205,-1.236265,0.786636,-0.00172,-0.000091,0.994703,-0.102776,-0.107373,-0.142198,-0.2658,0.162778,-0.029797,0.020454,-0.066927,-0.013565,-0.219342,0.25763,-0.157967,-0.060017,0.140908,-0.006822,-0.013603,-0.931683,0.369049,-0.509209,-0.899188,-0.36216,0.339054,0.889878,-0.943281,0.056898,0.923273,-0.783576,0.393639,0.091277,-1.099214
0.832339,-1.236538,0.78664,-0.001483,-0.000248,0.99476,-0.102225,-0.106785,-0.141825,-0.264799,0.162618,-0.030513,0.020358,-0.067083,-0.013281,-0.218252,0.258241,-0.157862,-0.060611,0.139709,-0.006601,-0.013928,-0.931798,0.368801,-0.509458,-0.898724,-0.361408,0.338046,0.890135,-0.942794,0.056307,0.923007,-0.783658,0.393958,0.09177,-1.096312
0.832398,-1.23691,0.786598,-0.001124,-0.000443,0.994811,-0.101737,-0.105926,-0.141553,-0.264039,0.162815,-0.031491,0.020357,-0.066904,-0.013049,-0.217345,0.259164,-0.158086,-0.061139,0.13849,-0.006455,-0.014036,-0.931074,0.368056,-0.509963,-0.898304,-0.360729,0.336477,0.890287,-0.941851,0.056276,0.922935,-0.783743,0.394138,0.091854,-1.094211
0.832352,-1.237281,0.786561,-0.000684,-0.000605,0.994848,-0.101376,-0.104943,-0.141435,-0.263418,0.163395,-0.032676,0.020354,-0.066326,-0.012946,-0.21671,0.260147,-0.158632,-0.061579,0.137314,-0.006293,-0.014296,-0.930024,0.367407,-0.510189,-0.898058,-0.359992,0.335444,0.890463,-0.940508,0.057095,0.9229,-0.783821,0.394541,0.091822,-1.093638
0.832253,-1.237681,0.786488,-0.000274,-0.00062,0.99488,-0.101063,-0.104063,-0.141722,-0.262876,0.164157,-0.033666,0.020042,-0.06546,-0.013155,-0.215936,0.260712,-0.160432,-0.061731,0.136447,-0.006306,-0.014637,-0.928199,0.366059,-0.509225,-0.898045,-0.358911,0.335848,0.888393,-0.939172,0.057767,0.922464,-0.783349,0.393564,0.091516,-1.093209
0.832021,-1.238111,0.786452,0.000148,-0.000718,0.994903,-0.100835,-0.103079,-0.141976,-0.262504,0.165091,-0.034394,0.020189,-0.06471,-0.013376,-0.215544,0.261944,-0.16129,-0.062027,0.136033,-0.005791,-0.015161,-0.926631,0.365857,-0.509055,-0.898072,-0.358143,0.336332,0.886254,-0.938104,0.058249,0.921756,-0.782787,0.393446,0.091619,-1.092311
0.831753,-1.238537,0.786431,0.000533,-0.000783,0.994918,-0.100684,-0.102359,-0.142423,-0.262238,0.166397,-0.035119,0.020891,-0.064051,-0.013694,-0.215141,0.263305,-0.162085,-0.062303,0.136111,-0.005276,-0.015685,-0.925625,0.365924,-0.509403,-0.898381,-0.357902,0.336256,0.885522,-0.937668,0.058654,0.921862,-0.782097,0.393302,0.091534,-1.091726
0.831466,-1.238954,0.786397,0.000816,-0.000945,0.994925,-0.100611,-0.101846,-0.142703,-0.262157,0.167733,-0.036047,0.02121,-0.063526,-0.013823,-0.214981,0.264575,-0.16271,-0.062681,0.136338,-0.004499,-0.016423,-0.925763,0.367646,-0.510795,-0.898428,-0.358025,0.335572,0.886608,-0.936899,0.059289,0.922745,-0.78249,0.39501,0.091584,-1.091896
0.831115,-1.239397,0.786373,0.001042,-0.00107,0.994913,-0.100723,-0.101331,-0.143124,-0.262219,0.169027,-0.037144,0.02125,-0.062974,-0.014168,-0.2151,0.265849,-0.163498,-0.063099,0.136377,-0.004034,-0.017251,-0.925434,0.368097,-0.510781,-0.898272,-0.357874,0.335031,0.887348,-0.936692,0.059163,0.922811,-0.78227,0.394833,0.091587,-1.091645
0.830691,-1.239846,0.786326,0.001419,-0.001062,0.99488,-0.101043,-0.100465,-0.144006,-0.262507,0.170508,-0.038427,0.021959,-0.061928,-0.014872,-0.215372,0.267298,-0.165024,-0.063233,0.136308,-0.003676,-0.017627,-0.923896,0.365661,-0.508458,-0.898647,-0.356274,0.335669,0.884644,-0.936843,0.059779,0.922566,-0.781622,0.395131,0.091434,-1.092876
0.830228,-1.240332,0.786287,0.00172,-0.001164,0.994837,-0.101464,-0.099313,-0.144555,-0.263213,0.171105,-0.039492,0.02222,-0.060906,-0.015469,-0.215975,0.268658,-0.166134,-0.063206,0.135985,-0.002884,-0.018562,-0.923411,0.364748,-0.507178,-0.898851,-0.355058,0.335862,0.883602,-0.937082,0.06031,0.922737,-0.781032,0.397005,0.091851,-1.094071
0.829634,-1.240784,0.786292,0.002006,-0.001278,0.994784,-0.101979,-0.09796,-0.145061,-0.263968,0.171627,-0.040524,0.022754,-0.05975,-0.015987,-0.216818,0.270019,-0.167335,-0.063783,0.135546,-0.002202,-0.019522,-0.923182,0.364444,-0.506487,-0.898805,-0.354448,0.335657,0.883848,-0.93697,0.060646,0.922881,-0.780671,0.399105,0.092585,-1.093916
0.828993,-1.241218,0.786251,0.002182,-0.001431,0.994722,-0.102577,-0.096807,-0.145486,-0.264962,0.172156,-0.041932,0.022548,-0.058868,-0.016438,-0.217668,0.2716,-0.168703,-0.064419,0.134884,-0.001694,-0.020802,-0.923761,0.36578,-0.507449,-0.898587,-0.354899,0.335046,0.885592,-0.936623,0.060767,0.923269,-0.780475,0.400288,0.09299,-1.093418
0.828199,-1.241655,0.786176,0.002593,-0.001447,0.994654,-0.103218,-0.094922,-0.146194,-0.266051,0.172858,-0.043959,0.022501,-0.0574,-0.017198,-0.218684,0.273791,-0.171107,-0.065372,0.13498,-0.001643,-0.021442,-0.92206,0.364758,-0.506572,-0.898107,-0.35406,0.334391,0.8853,-0.936265,0.060988,0.923079,-0.779747,0.400081,0.093026,-1.093335
0.827299,-1.242105,0.786107,0.002923,-0.001498,0.994583,-0.103894,-0.09314,-0.146843,-0.267174,0.17367,-0.045988,0.02255,-0.055686,-0.017784,-0.21964,0.2754,-0.173452,-0.065788,0.135241,-0.00146,-0.022718,-0.919817,0.364676,-0.507622,-0.897482,-0.353005,0.333367,0.883014,-0.935927,0.060002,0.922201,-0.778992,0.399677,0.093257,-1.093188
0.826285,-1.242562,0.78601,0.003108,-0.001576,0.994494,-0.104733,-0.091579,-0.147507,-0.268466,0.174588,-0.048219,0.02202,-0.05418,-0.018366,-0.22079,0.27716,-0.175681,-0.066417,0.135862,-0.001607,-0.024882,-0.91765,0.366208,-0.508828,-0.895592,-0.352005,0.332507,0.881762,-0.934594,0.058116,0.921412,-0.778136,0.399389,0.093617,-1.091845
0.825005,-1.243019,0.78584,0.003329,-0.001816,0.994391,-0.105694,-0.089381,-0.147683,-0.270188,0.175298,-0.05217,0.021141,-0.052217,-0.018574,-0.222259,0.279008,-0.178529,-0.067161,0.136386,-0.001915,-0.028886,-0.914569,0.373807,-0.507486,-0.888789,-0.344901,0.330113,0.875988,-0.933398,0.052039,0.914088,-0.774504,0.395859,0.094592,-1.086811
0.823568,-1.243601,0.785654,0.003156,-0.001653,0.994431,-0.105332,-0.088965,-0.149051,-0.268696,0.178253,-0.056286,0.021036,-0.051513,-0.019418,-0.220614,0.281343,-0.181285,-0.066643,0.13801,-0.005465,-0.036404,-0.909371,0.398479,-0.498542,-0.867235,-0.316706,0.321291,0.847874,-0.934043,0.033971,0.891059,-0.763186,0.383825,0.097652,-1.06605
0.821413,-1.24384,0.785342,0.002913,-0.002023,0.994343,-0.106155,-0.086703,-0.1487,-0.271067,0.179316,-0.061486,0.019945,-0.048459,-0.018517,-0.22184,0.281247,-0.184967,-0.066097,0.140265,-0.009958,-0.046779,-0.898079,0.447111,-0.471701,-0.837682,-0.262882,0.310701,0.776036,-0.93626,-0.008903,0.838851,-0.748632,0.366442,0.108174,-1.018216
0.818913,-1.244119,0.785083,0.002252,-0.002569,0.994308,-0.106486,-0.084802,-0.148024,-0.273597,0.180026,-0.0655,0.018291,-0.045592,-0.016937,-0.222326,0.279892,-0.186677,-0.064816,0.142292,-0.015869,-0.056193,-0.872315,0.526496,-0.400141,-0.811746,-0.172088,0.293516,0.647314,-0.937294,-0.076189,0.754726,-0.735952,0.341145,0.126155,-0.944881
0.816104,-1.244557,0.785104,0.000884,-0.003735,0.994262,-0.106899,-0.085087,-0.146703,-0.276787,0.182226,-0.069288,0.015118,-0.043626,-0.014226,-0.222483,0.276672,-0.1823,-0.062245,0.145359,-0.024527,-0.062383,-0.813342,0.640456,-0.242691,-0.787765,-0.015627,0.234745,0.42557,-0.926496,-0.172544,0.623376,-0.736637,0.307022,0.177837,-0.795804
0.813132,-1.244982,0.785527,-0.000251,-0.005169,0.994126,-0.108105,-0.085311,-0.144928,-0.282073,0.184954,-0.067993,0.012384,-0.041347,-0.011397,-0.224615,0.273648,-0.173804,-0.060826,0.152275,-0.031692,-0.071369,-0.756391,0.751461,-0.089143,-0.759446,0.06841,0.222086,0.385844,-0.903235,-0.262499,0.505415,-0.737809,0.267634,0.202751,-0.730168
0.810655,-1.245114,0.786303,-0.001299,-0.006764,0.993986,-0.109292,-0.086625,-0.142641,-0.287282,0.187791,-0.06375,0.010025,-0.039889,-0.00825,-0.226569,0.270012,-0.159996,-0.058673,0.157404,-0.03577,-0.079254,-0.692891,0.857074,0.068429,-0.722999,0.124861,0.264643,0.432866,-0.883786,-0.332347,0.395503,-0.745706,0.22828,0.231827,-0.691914
0.808299,-1.245202,0.787332,-0.001967,-0.008022,0.99391,-0.109882,-0.085876,-0.139997,-0.292202,0.187985,-0.059146,0.005764,-0.037941,-0.005669,-0.226928,0.26654,-0.145643,-0.055353,0.165631,-0.038611,-0.084991,-0.625614,0.96573,0.220756,-0.67028,0.164162,0.357887,0.516714,-0.868302,-0.375053,0.314628,-0.755222,0.193594,0.249244,-0.68706
0.806612,-1.245375,0.788151,-0.003045,-0.008143,0.993963,-0.109369,-0.086041,-0.139614,-0.293346,0.186916,-0.05463,0.001452,-0.036654,-0.005243,-0.222811,0.261107,-0.136774,-0.04908,0.173766,-0.042657,-0.08635,-0.541204,1.060558,0.379441,-0.612933,0.19627,0.488044,0.563715,-0.861957,-0.384368,0.269453,-0.770979,0.172125,0.264152,-0.6902
0.805605,-1.245441,0.788527,-0.003522,-0.008279,0.993871,-0.110182,-0.085525,-0.139453,-0.29616,0.185794,-0.053529,-0.001447,-0.034624,-0.00487,-0.220795,0.256966,-0.133006,-0.04369,0.172253,-0.04523,-0.08678,-0.463368,1.079745,0.483123,-0.582671,0.181923,0.632639,0.531799,-0.869071,-0.383187,0.253357,-0.784527,0.141874,0.277201,-0.688953
0.805303,-1.245501,0.78831,-0.004127,-0.008347,0.993745,-0.111283,-0.086139,-0.139944,-0.298301,0.185387,-0.056617,-0.002471,-0.033248,-0.005037,-0.221932,0.253763,-0.137151,-0.042078,0.167733,-0.044217,-0.088251,-0.403488,1.071496,0.546957,-0.58812,0.195389,0.75935,0.438391,-0.883926,-0.403178,0.231705,-0.790927,0.087219,0.305595,-0.683947
0.805189,-1.245339,0.7875,-0.004659,-0.008678,0.993509,-0.11333,-0.086118,-0.139688,-0.302147,0.184219,-0.06358,-0.000875,-0.0318,-0.004247,-0.228165,0.251835,-0.146975,-0.047461,0.168738,-0.041875,-0.088977,-0.363348,1.067245,0.56418,-0.609331,0.224934,0.812426,0.374437,-0.895213,-0.422984,0.21729,-0.790669,0.043472,0.322657,-0.687704
0.805563,-1.245201,0.786434,-0.005193,-0.008387,0.993316,-0.115005,-0.087737,-0.141374,-0.303287,0.185656,-0.073551,0.001205,-0.031442,-0.004526,-0.232374,0.251359,-0.160002,-0.052422,0.172569,-0.040765,-0.086639,-0.341233,1.056201,0.557714,-0.645802,0.251472,0.819516,0.338766,-0.902637,-0.420249,0.228696,-0.790946,0.032731,0.330301,-0.700726
0.806157,-1.245026,0.785604,-0.005485,-0.007987,0.993059,-0.117215,-0.089284,-0.143109,-0.304607,0.187502,-0.083511,0.000116,-0.031595,-0.005559,-0.236486,0.252544,-0.170197,-0.053596,0.174633,-0.041242,-0.084689,-0.334354,1.022883,0.533665,-0.691007,0.254474,0.777887,0.361272,-0.910754,-0.399851,0.258211,-0.791667,0.047616,0.330742,-0.715926
0.80715,-1.245238,0.785338,-0.005556,-0.007037,0.992842,-0.119095,-0.091592,-0.147206,-0.304758,0.189581,-0.086325,0.000002,-0.03265,-0.009349,-0.238594,0.254541,-0.173666,-0.050436,0.173572,-0.038665,-0.083266,-0.335632,0.965678,0.477297,-0.740772,0.218482,0.678591,0.4709,-0.922786,-0.369758,0.30602,-0.791655,0.064366,0.318755,-0.727196
0.808037,-1.245543,0.785555,-0.005164,-0.006221,0.992445,-0.122423,-0.0907,-0.150844,-0.308197,0.186335,-0.081658,0.001308,-0.031142,-0.013471,-0.243417,0.254117,-0.173735,-0.047228,0.168164,-0.031068,-0.084256,-0.366381,0.873785,0.338652,-0.785509,0.143805,0.539571,0.577353,-0.932632,-0.314687,0.384549,-0.79137,0.09228,0.300922,-0.725097
0.808946,-1.245866,0.785951,-0.00463,-0.005317,0.992029,-0.125812,-0.088922,-0.154469,-0.312431,0.181599,-0.074803,0.00193,-0.029021,-0.0178,-0.248841,0.252898,-0.172862,-0.046004,0.170431,-0.025302,-0.086585,-0.431932,0.755899,0.136571,-0.811818,0.088698,0.408921,0.566346,-0.925036,-0.23848,0.486276,-0.789725,0.155427,0.280494,-0.717085
0.809808,-1.246304,0.786084,-0.004197,-0.004707,0.991635,-0.128918,-0.088003,-0.15679,-0.312896,0.17838,-0.070657,0.00149,-0.027938,-0.021523,-0.254005,0.253433,-0.173993,-0.04538,0.17978,-0.023819,-0.087465,-0.508129,0.607946,-0.079764,-0.824878,0.000006,0.345578,0.463822,-0.905367,-0.17281,0.576942,-0.783806,0.221102,0.255786,-0.700322
0.810689,-1.24674,0.785884,-0.003121,-0.004442,0.991292,-0.131571,-0.08668,-0.158061,-0.313449,0.177539,-0.069367,-0.000092,-0.027249,-0.024334,-0.258263,0.257455,-0.177388,-0.044624,0.185792,-0.024827,-0.087014,-0.56515,0.454436,-0.294393,-0.823803,-0.171266,0.348691,0.415335,-0.88985,-0.130062,0.639547,-0.776395,0.257729,0.223986,-0.69587
0.811422,-1.246952,0.785633,-0.001506,-0.004682,0.990863,-0.134779,-0.083699,-0.157759,-0.31611,0.176235,-0.068917,-0.001715,-0.024916,-0.025433,-0.263812,0.260805,-0.18012,-0.045417,0.177574,-0.02501,-0.084075,-0.595828,0.345896,-0.473047,-0.810997,-0.322472,0.320543,0.43661,-0.883555,-0.097293,0.691805,-0.773983,0.270047,0.19102,-0.701978
0.811972,-1.247175,0.785577,-0.000359,-0.004606,0.990628,-0.136506,-0.080501,-0.157493,-0.316629,0.172949,-0.066865,-0.003127,-0.023497,-0.026834,-0.266653,0.263347,-0.180966,-0.045264,0.173029,-0.025197,-0.08433,-0.632826,0.293789,-0.57138,-0.798867,-0.390752,0.293479,0.444741,-0.875021,-0.077199,0.738816,-0.774511,0.277102,0.161072,-0.716559
0.812431,-1.247313,0.785694,0.000327,-0.004485,0.990579,-0.13687,-0.078047,-0.157219,-0.316638,0.169471,-0.063975,-0.003194,-0.02329,-0.027809,-0.267387,0.265196,-0.180198,-0.045634,0.166567,-0.02406,-0.084976,-0.669375,0.271496,-0.626335,-0.801381,-0.401492,0.256914,0.446426,-0.869548,-0.063697,0.784786,-0.775595,0.275682,0.132454,-0.72938
0.81289,-1.247446,0.785855,0.000659,-0.004408,0.990732,-0.135755,-0.076978,-0.157023,-0.315988,0.167551,-0.061554,-0.002838,-0.024443,-0.028151,-0.265745,0.266878,-0.178978,-0.046253,0.15728,-0.021179,-0.086282,-0.702378,0.267913,-0.656317,-0.81159,-0.387527,0.22356,0.453872,-0.872958,-0.05944,0.813622,-0.779219,0.258309,0.106869,-0.734261
0.813491,-1.247566,0.785899,0.001052,-0.00444,0.99105,-0.133414,-0.076805,-0.157005,-0.314919,0.16787,-0.060792,-0.001521,-0.026003,-0.027537,-0.262012,0.268309,-0.178177,-0.047545,0.147666,-0.018718,-0.08648,-0.728428,0.267599,-0.672395,-0.821547,-0.369555,0.198302,0.476965,-0.88517,-0.061821,0.825765,-0.787888,0.215048,0.065879,-0.73565
0.8141,-1.247485,0.785818,0.001847,-0.004412,0.991521,-0.129855,-0.076377,-0.156821,-0.31344,0.1701,-0.062695,-0.000814,-0.026927,-0.026065,-0.256424,0.26947,-0.178363,-0.04837,0.140497,-0.01744,-0.085533,-0.746488,0.268298,-0.683368,-0.829784,-0.351734,0.187138,0.475156,-0.89891,-0.066451,0.826342,-0.798138,0.187243,0.046098,-0.736096
0.814752,-1.247338,0.785613,0.002952,-0.004232,0.992117,-0.125208,-0.075449,-0.15664,-0.310903,0.173263,-0.066471,0.000217,-0.027393,-0.024137,-0.249148,0.27041,-0.179119,-0.049453,0.137191,-0.017046,-0.08321,-0.757431,0.271069,-0.679907,-0.833687,-0.333241,0.184081,0.4726,-0.908338,-0.069835,0.830355,-0.800719,0.177512,0.043909,-0.742646
0.815213,-1.247083,0.785391,0.004091,-0.003864,0.992759,-0.119995,-0.073738,-0.155082,-0.302622,0.175823,-0.071141,0.00111,-0.027999,-0.022183,-0.240989,0.272022,-0.180439,-0.051398,0.136887,-0.016929,-0.080825,-0.755005,0.265565,-0.673929,-0.833959,-0.333822,0.190892,0.478206,-0.912487,-0.072916,0.832225,-0.796821,0.171979,0.04572,-0.754616
0.815484,-1.246923,0.785237,0.00507,-0.003682,0.993404,-0.1145,-0.071613,-0.152262,-0.294091,0.177222,-0.075893,0.000775,-0.028912,-0.019691,-0.232066,0.273733,-0.181484,-0.053871,0.139155,-0.016939,-0.079524,-0.746922,0.262109,-0.675936,-0.833137,-0.339062,0.191196,0.478346,-0.913715,-0.075851,0.829311,-0.794516,0.172847,0.053519,-0.761532
0.815702,-1.246742,0.785122,0.0057,-0.003624,0.993956,-0.109572,-0.070313,-0.149582,-0.286439,0.178536,-0.079963,0.000692,-0.029966,-0.017253,-0.22425,0.274598,-0.181658,-0.055205,0.139787,-0.017758,-0.078713,-0.742267,0.263046,-0.673504,-0.834311,-0.337138,0.190757,0.471216,-0.910089,-0.073029,0.830722,-0.794788,0.179951,0.060294,-0.759835
0.816004,-1.246422,0.785085,0.006214,-0.003797,0.994402,-0.105414,-0.06964,-0.146641,-0.279675,0.179944,-0.083434,0.000897,-0.031693,-0.014513,-0.217594,0.276073,-0.179965,-0.057095,0.138728,-0.018103,-0.078561,-0.739221,0.264925,-0.670987,-0.835963,-0.333786,0.190887,0.464865,-0.905324,-0.06968,0.831208,-0.795735,0.183914,0.063774,-0.758318
0.816414,-1.246149,0.785073,0.00676,-0.003931,0.994733,-0.102202,-0.069455,-0.144569,-0.274584,0.181774,-0.085911,0.001305,-0.03242,-0.012382,-0.212726,0.276353,-0.179393,-0.057872,0.135156,-0.018107,-0.07842,-0.736949,0.267427,-0.673238,-0.837154,-0.333778,0.190047,0.464174,-0.903672,-0.066997,0.834516,-0.795421,0.186018,0.063991,-0.756396
0.816905,-1.2458,0.785017,0.007247,-0.003952,0.994985,-0.099682,-0.06941,-0.142821,-0.270175,0.1834,-0.088492,0.001583,-0.032976,-0.010615,-0.208579,0.2763,-0.179835,-0.058948,0.131511,-0.018164,-0.077844,-0.73632,0.270106,-0.675985,-0.838247,-0.333933,0.188161,0.465492,-0.903251,-0.063413,0.837693,-0.794229,0.186692,0.062162,-0.753609
0.817043,-1.245261,0.784967,0.007796,-0.004338,0.995049,-0.098986,-0.067598,-0.140065,-0.270112,0.182634,-0.090789,0.000942,-0.031776,-0.008231,-0.208479,0.275199,-0.180236,-0.060792,0.127994,-0.017316,-0.078636,-0.736345,0.272684,-0.676534,-0.839586,-0.333153,0.18804,0.466731,-0.902549,-0.067383,0.831785,-0.792382,0.18486,0.061674,-0.752286
0.817438,-1.244958,0.784958,0.008205,-0.004337,0.995208,-0.097343,-0.067002,-0.138603,-0.267072,0.182684,-0.092097,0.000978,-0.031921,-0.006917,-0.205765,0.274927,-0.17994,-0.062417,0.128041,-0.017739,-0.077862,-0.735926,0.271996,-0.676151,-0.841214,-0.333114,0.18854,0.468563,-0.9016,-0.065889,0.831921,-0.79154,0.187078,0.062382,-0.749216
0.817881,-1.244789,0.784973,0.008263,-0.004203,0.99535,-0.095877,-0.066677,-0.137667,-0.264439,0.181449,-0.092331,0.000599,-0.032525,-0.006314,-0.203475,0.274211,-0.179972,-0.062578,0.128939,-0.017786,-0.077211,-0.731714,0.271471,-0.672089,-0.842221,-0.333186,0.189018,0.467172,-0.901202,-0.065932,0.832675,-0.789481,0.189937,0.063781,-0.74815
0.818263,-1.24465,0.784939,0.008206,-0.004003,0.995437,-0.094981,-0.066518,-0.137268,-0.262725,0.17999,-0.091981,0.000105,-0.032795,-0.006133,-0.20202,0.272974,-0.18041,-0.062372,0.131165,-0.017768,-0.076692,-0.725439,0.271263,-0.66135,-0.84405,-0.331652,0.190511,0.460333,-0.901798,-0.066753,0.833706,-0.786944,0.193804,0.066893,-0.752966
0.818595,-1.244492,0.784921,0.008057,-0.003789,0.995484,-0.094508,-0.066531,-0.137148,-0.261928,0.178416,-0.091449,-0.000189,-0.033042,-0.00619,-0.201322,0.271861,-0.180649,-0.062204,0.136697,-0.01803,-0.076406,-0.71949,0.275446,-0.634979,-0.844207,-0.324003,0.197257,0.440498,-0.901536,-0.0649,0.839946,-0.783955,0.200813,0.069003,-0.76032
0.819185,-1.24455,0.784964,0.007465,-0.003061,0.995641,-0.09292,-0.068884,-0.138784,-0.25803,0.178664,-0.08962,0.000568,-0.0356,-0.00767,-0.197894,0.271921,-0.179947,-0.061432,0.144152,-0.017391,-0.0764,-0.715875,0.302835,-0.556162,-0.83746,-0.290616,0.21518,0.387448,-0.904135,-0.065024,0.847029,-0.782593,0.209851,0.070857,-0.763491
0.819499,-1.24424,0.785021,0.0066,-0.002562,0.995684,-0.092541,-0.070525,-0.139404,-0.257371,0.176917,-0.08748,0.000731,-0.037325,-0.008348,-0.197217,0.270393,-0.179178,-0.061716,0.152758,-0.015956,-0.07842,-0.720137,0.386709,-0.377016,-0.83094,-0.183441,0.271658,0.307318,-0.90905,-0.071881,0.848094,-0.778969,0.218398,0.07613,-0.76243
0.819494,-1.243739,0.785031,0.005047,-0.002146,0.995682,-0.092667,-0.073201,-0.139695,-0.257437,0.174898,-0.086073,0.000129,-0.039824,-0.00873,-0.197346,0.26824,-0.178515,-0.062179,0.163415,-0.014777,-0.079869,-0.707985,0.527829,-0.141004,-0.830298,-0.017259,0.355257,0.293245,-0.913536,-0.086035,0.841706,-0.780598,0.222834,0.079764,-0.764979
0.819315,-1.243323,0.785033,0.003536,-0.002038,0.99559,-0.09372,-0.075779,-0.139766,-0.259063,0.17306,-0.084997,-0.000411,-0.041265,-0.008825,-0.199229,0.265316,-0.177933,-0.062248,0.176705,-0.015213,-0.07867,-0.659594,0.655911,0.0635,-0.816327,0.09669,0.429977,0.394955,-0.918861,-0.103486,0.826028,-0.786136,0.222382,0.081635,-0.764976
0.819027,-1.243076,0.78502,0.002004,-0.0021,0.995356,-0.096214,-0.078438,-0.140415,-0.262987,0.171299,-0.083534,-0.001008,-0.041455,-0.00933,-0.203452,0.261132,-0.177421,-0.060635,0.188548,-0.015736,-0.075742,-0.595074,0.742022,0.21983,-0.79398,0.134463,0.486073,0.5328,-0.923888,-0.117459,0.811849,-0.791557,0.219211,0.082547,-0.762083
0.818531,-1.242864,0.784987,0.000829,-0.002314,0.994999,-0.099852,-0.080053,-0.141247,-0.26894,0.169273,-0.081751,-0.001456,-0.040271,-0.009906,-0.209588,0.257123,-0.177447,-0.058746,0.196931,-0.015892,-0.073571,-0.533052,0.8096,0.335011,-0.772209,0.155839,0.528294,0.621103,-0.92483,-0.122237,0.806138,-0.794233,0.218498,0.083053,-0.76368
0.818228,-1.242856,0.784921,0.000318,-0.00247,0.994515,-0.104563,-0.080704,-0.143247,-0.276462,0.1673,-0.078951,-0.00175,-0.038204,-0.011585,-0.217318,0.254806,-0.178102,-0.055957,0.192465,-0.01279,-0.07204,-0.488668,0.833128,0.373263,-0.779744,0.155214,0.547208,0.632601,-0.928876,-0.111185,0.815907,-0.792139,0.218253,0.084219,-0.765082
0.817893,-1.242841,0.784851,0.000244,-0.002489,0.993867,-0.110549,-0.080263,-0.146131,-0.28615,0.165077,-0.075647,-0.001829,-0.035515,-0.014237,-0.227174,0.25433,-0.179512,-0.054198,0.186088,-0.007952,-0.072879,-0.468891,0.840726,0.357456,-0.810842,0.177364,0.539927,0.589295,-0.93112,-0.099705,0.828097,-0.786376,0.216859,0.085459,-0.768806
0.817409,-1.242926,0.784853,0.000108,-0.002637,0.993143,-0.116879,-0.079411,-0.148911,-0.296628,0.162176,-0.071933,-0.002206,-0.033135,-0.016923,-0.237689,0.254893,-0.180246,-0.052977,0.186219,-0.006459,-0.074587,-0.462799,0.846093,0.345164,-0.830431,0.21696,0.530334,0.526851,-0.931185,-0.09724,0.828745,-0.782235,0.216529,0.087885,-0.773166
0.816857,-1.243081,0.784808,-0.000238,-0.002793,0.99244,-0.122702,-0.079306,-0.151569,-0.305944,0.160189,-0.068974,-0.003028,-0.031614,-0.01948,-0.247326,0.256123,-0.181306,-0.052964,0.190474,-0.011101,-0.075869,-0.458967,0.834458,0.374594,-0.822859,0.225591,0.561526,0.501229,-0.930314,-0.098389,0.817805,-0.783332,0.217455,0.090183,-0.779953
0.816514,-1.243417,0.784842,-0.000428,-0.003072,0.991767,-0.128016,-0.079608,-0.153853,-0.313489,0.159336,-0.065835,-0.003855,-0.030988,-0.021817,-0.255531,0.258705,-0.181204,-0.053574,0.192834,-0.015098,-0.075563,-0.452495,0.812543,0.416703,-0.806003,0.194778,0.610498,0.5327,-0.928671,-0.098719,0.810514,-0.788079,0.219619,0.090956,-0.781518
0.816162,-1.243558,0.784835,-0.000432,-0.002999,0.991074,-0.133279,-0.080296,-0.155206,-0.315052,0.159624,-0.062709,-0.005565,-0.029999,-0.024757,-0.264086,0.261784,-0.183849,-0.05436,0.187011,-0.010267,-0.074395,-0.447298,0.807698,0.417219,-0.815887,0.14895,0.644546,0.577803,-0.932453,-0.09558,0.817978,-0.787444,0.221366,0.092221,-0.78204
0.815762,-1.243462,0.78488,-0.00001,-0.002397,0.990398,-0.138222,-0.08059,-0.15732,-0.317783,0.161299,-0.058512,-0.007639,-0.028279,-0.028533,-0.272558,0.265602,-0.186617,-0.054515,0.182233,-0.002373,-0.074456,-0.44809,0.822623,0.369306,-0.849837,0.151362,0.621657,0.575732,-0.936173,-0.092492,0.828654,-0.782962,0.217145,0.092679,-0.784305
0.815012,-1.243617,0.784982,0.000305,-0.001922,0.989837,-0.142192,-0.080314,-0.159403,-0.320248,0.163035,-0.054967,-0.007428,-0.026341,-0.031777,-0.278876,0.268885,-0.188222,-0.054539,0.185407,-0.001602,-0.075556,-0.452937,0.821531,0.33699,-0.864403,0.190718,0.581195,0.535867,-0.938812,-0.09159,0.826046,-0.780007,0.212887,0.094223,-0.787873
0.814384,-1.243896,0.784967,0.000408,-0.001382,0.989428,-0.145018,-0.080532,-0.161608,-0.321503,0.164796,-0.052447,-0.007448,-0.024828,-0.034724,-0.283527,0.270839,-0.189499,-0.055313,0.194341,-0.006537,-0.07665,-0.457493,0.797871,0.345147,-0.850912,0.18941,0.587747,0.546959,-0.936866,-0.090676,0.818001,-0.780348,0.214388,0.095171,-0.790666
0.813841,-1.244143,0.78487,0.000455,-0.001076,0.989164,-0.146811,-0.080478,-0.162713,-0.321883,0.166028,-0.051325,-0.007887,-0.024092,-0.036609,-0.286488,0.273062,-0.191175,-0.056111,0.202311,-0.008915,-0.077225,-0.456706,0.781399,0.369165,-0.830999,0.148568,0.620074,0.597171,-0.933463,-0.091377,0.814235,-0.781573,0.218063,0.095632,-0.792456
0.81328,-1.244122,0.784788,0.000661,-0.000599,0.988959,-0.14819,-0.080183,-0.163693,-0.321899,0.167458,-0.050324,-0.009074,-0.023622,-0.038306,-0.288402,0.27612,-0.193362,-0.056737,0.202284,-0.004604,-0.077155,-0.458229,0.790686,0.360866,-0.837798,0.115841,0.630967,0.629964,-0.932514,-0.091975,0.821894,-0.779781,0.220036,0.095882,-0.792374
0.81264,-1.243886,0.784759,0.001037,0.00006,0.988703,-0.149886,-0.079141,-0.164881,-0.322769,0.168227,-0.048847,-0.009359,-0.02246,-0.040357,-0.291475,0.279133,-0.195504,-0.056953,0.199682,0.000726,-0.077886,-0.470202,0.808045,0.318867,-0.863981,0.129683,0.603899,0.615708,-0.931675,-0.091899,0.830358,-0.776842,0.217188,0.095908,-0.790132
0.812007,-1.243984,0.784794,0.001099,0.000301,0.988442,-0.151595,-0.078201,-0.165687,-0.32384,0.168056,-0.048424,-0.008843,-0.020779,-0.041661,-0.294214,0.279363,-0.195617,-0.056864,0.200411,-0.000717,-0.07995,-0.481631,0.802241,0.295026,-0.869821,0.151036,0.581237,0.600174,-0.933065,-0.090792,0.826281,-0.776455,0.215012,0.096881,-0.790092
0.811507,-1.244117,0.784846,0.000935,0.000387,0.988266,-0.152742,-0.077629,-0.16587,-0.324345,0.167386,-0.048864,-0.009456,-0.019502,-0.042335,-0.2963,0.278525,-0.195665,-0.056788,0.206012,-0.005197,-0.081801,-0.481862,0.783498,0.312439,-0.84542,0.130433,0.599865,0.62951,-0.933574,-0.091372,0.815741,-0.778088,0.215866,0.09756,-0.790916
0.811151,-1.244246,0.784823,0.000723,0.000445,0.988225,-0.153006,-0.077398,-0.165779,-0.324119,0.166917,-0.048603,-0.010322,-0.018914,-0.042648,-0.296766,0.277921,-0.196274,-0.055916,0.208089,-0.006094,-0.082734,-0.477211,0.77693,0.334777,-0.824026,0.081398,0.630928,0.677729,-0.933866,-0.09288,0.812322,-0.779481,0.218512,0.098359,-0.788856
0.810799,-1.243976,0.784713,0.000601,0.000627,0.988212,-0.15309,-0.076928,-0.165379,-0.324076,0.166113,-0.049349,-0.011218,-0.018686,-0.042575,-0.297003,0.278021,-0.197857,-0.055813,0.202399,-0.001329,-0.083401,-0.48132,0.794274,0.318334,-0.838115,0.057535,0.632266,0.700375,-0.935061,-0.092274,0.821426,-0.777025,0.219728,0.099394,-0.786503
0.810358,-1.243645,0.784734,0.000492,0.000952,0.988172,-0.153344,-0.076284,-0.165512,-0.324938,0.165211,-0.047836,-0.011803,-0.017813,-0.042706,-0.29752,0.277287,-0.198589,-0.055231,0.196898,-0.00065,-0.084616,-0.495887,0.811255,0.279572,-0.864107,0.088329,0.600524,0.670803,-0.93334,-0.089369,0.827176,-0.776332,0.217174,0.099326,-0.783002
0.810016,-1.243517,0.784793,0.0002,0.001125,0.988134,-0.153591,-0.075999,-0.165742,-0.325603,0.164352,-0.047329,-0.011121,-0.01702,-0.042781,-0.298125,0.275629,-0.198286,-0.055185,0.199843,-0.005187,-0.085854,-0.502832,0.801897,0.273647,-0.860348,0.103613,0.592379,0.660287,-0.933803,-0.088193,0.821591,-0.777354,0.216486,0.099745,-0.780682
0.809829,-1.243595,0.784858,-0.000083,0.001243,0.988187,-0.153245,-0.07601,-0.165959,-0.325311,0.163838,-0.04742,-0.011391,-0.016702,-0.042819,-0.297486,0.274066,-0.197879,-0.055066,0.205595,-0.010379,-0.086361,-0.496529,0.778117,0.299411,-0.830106,0.055092,0.620698,0.705371,-0.934546,-0.087708,0.814931,-0.780085,0.218783,0.099241,-0.780063
0.809676,-1.243437,0.784878,-0.000123,0.001543,0.988291,-0.152576,-0.075856,-0.166133,-0.32461,0.163789,-0.047475,-0.012671,-0.016613,-0.042798,-0.296123,0.273735,-0.198401,-0.055042,0.207445,-0.010428,-0.086121,-0.487839,0.774746,0.321631,-0.810852,-0.009053,0.652071,0.759985,-0.934087,-0.087523,0.818717,-0.780462,0.220722,0.097385,-0.779825
0.809518,-1.243211,0.784871,0.000121,0.001756,0.988338,-0.152265,-0.075354,-0.166154,-0.324491,0.164302,-0.046721,-0.011953,-0.016317,-0.04271,-0.295512,0.274484,-0.199408,-0.05565,0.202282,-0.004122,-0.085889,-0.492341,0.798196,0.30214,-0.827229,-0.015173,0.653149,0.767395,-0.932748,-0.085486,0.833098,-0.778448,0.220393,0.095958,-0.779326
0.809377,-1.242989,0.78488,0.000533,0.001858,0.988302,-0.152498,-0.074815,-0.166291,-0.324966,0.165421,-0.046187,-0.011605,-0.015562,-0.042639,-0.295926,0.275301,-0.199846,-0.055945,0.195827,-0.000047,-0.086655,-0.511953,0.813846,0.256689,-0.852988,0.02378,0.633805,0.725097,-0.932197,-0.081184,0.843314,-0.776101,0.218422,0.095858,-0.780565
0.809191,-1.24284,0.784898,0.000679,0.00189,0.988284,-0.152613,-0.074504,-0.166242,-0.325351,0.165967,-0.046595,-0.011626,-0.015156,-0.042517,-0.296298,0.275623,-0.199376,-0.056387,0.197971,-0.003352,-0.087547,-0.524949,0.809136,0.246865,-0.848498,0.047228,0.633061,0.700752,-0.93215,-0.080253,0.837861,-0.776346,0.217865,0.096544,-0.780847
0.809057,-1.242869,0.784922,0.0006,0.00195,0.988371,-0.152045,-0.074562,-0.166272,-0.324906,0.16632,-0.047033,-0.011703,-0.015324,-0.04245,-0.295392,0.275504,-0.198552,-0.056697,0.203316,-0.009778,-0.087626,-0.52169,0.787571,0.274794,-0.820405,0.01989,0.654019,0.72271,-0.932033,-0.0818,0.826047,-0.779529,0.219576,0.097071,-0.778856
0.809025,-1.242858,0.784956,0.000637,0.001921,0.988501,-0.151199,-0.07458,-0.165946,-0.323948,0.1667,-0.047378,-0.011848,-0.015906,-0.042068,-0.293817,0.276128,-0.19829,-0.05717,0.201703,-0.010586,-0.086969,-0.51624,0.769031,0.293048,-0.812026,-0.039347,0.666996,0.771625,-0.932979,-0.081547,0.824626,-0.780519,0.223057,0.098265,-0.776033
0.809002,-1.242648,0.784912,0.000894,0.002103,0.988573,-0.150723,-0.074143,-0.16598,-0.323527,0.167072,-0.047666,-0.011658,-0.015969,-0.041896,-0.292899,0.277052,-0.199344,-0.057473,0.194264,-0.004994,-0.086966,-0.524759,0.764104,0.262594,-0.841408,-0.076332,0.645731,0.809447,-0.932595,-0.076276,0.837437,-0.776807,0.223623,0.097589,-0.774362
0.808953,-1.242595,0.784881,0.001531,0.002321,0.988583,-0.150655,-0.072743,-0.166499,-0.323749,0.167496,-0.047988,-0.010727,-0.014634,-0.042202,-0.29262,0.277626,-0.200381,-0.056812,0.187807,-0.001015,-0.08792,-0.556516,0.734778,0.174305,-0.877968,-0.078317,0.577779,0.809471,-0.929658,-0.063992,0.85496,-0.773144,0.221318,0.093782,-0.772213
0.809404,-1.242936,0.784887,0.002574,0.003007,0.988695,-0.149885,-0.071847,-0.168924,-0.320887,0.169603,-0.047535,-0.008993,-0.013442,-0.044215,-0.29034,0.279054,-0.200709,-0.054684,0.193082,-0.003862,-0.089728,-0.625449,0.632159,-0.014845,-0.891108,-0.117561,0.476982,0.787403,-0.923353,-0.051046,0.869223,-0.7672,0.215522,0.083978,-0.77251
0.809726,-1.24305,0.784904,0.003692,0.003354,0.988714,-0.149729,-0.070161,-0.169678,-0.31988,0.17071,-0.047603,-0.008797,-0.011613,-0.045019,-0.289976,0.279948,-0.20133,-0.054129,0.204644,-0.009332,-0.08919,-0.681174,0.483888,-0.243098,-0.883546,-0.216084,0.394884,0.734864,-0.91741,-0.044078,0.878178,-0.763523,0.212816,0.071882,-0.772875
0.809872,-1.243019,0.78504,0.004771,0.003064,0.988611,-0.150387,-0.068147,-0.168674,-0.321379,0.171078,-0.047872,-0.009139,-0.009421,-0.044203,-0.291379,0.280266,-0.201259,-0.054253,0.202524,-0.010418,-0.085435,-0.687077,0.365255,-0.424415,-0.878259,-0.317172,0.334597,0.667869,-0.916005,-0.031495,0.896188,-0.760921,0.214045,0.060225,-0.775266
0.809916,-1.242993,0.785141,0.005196,0.002976,0.988634,-0.150225,-0.067077,-0.168114,-0.321405,0.170749,-0.047535,-0.008837,-0.008789,-0.043712,-0.290982,0.280438,-0.200962,-0.055164,0.201634,-0.010434,-0.08398,-0.682513,0.297908,-0.549652,-0.870783,-0.37188,0.279609,0.602403,-0.912594,-0.022344,0.912631,-0.758172,0.214206,0.047302,-0.778163
0.810017,-1.242929,0.785155,0.005259,0.002958,0.988725,-0.149624,-0.066735,-0.167682,-0.320737,0.170065,-0.04733,-0.008697,-0.009074,-0.043402,-0.290225,0.280452,-0.20113,-0.055256,0.201574,-0.010055,-0.086493,-0.694835,0.27798,-0.613665,-0.873928,-0.371299,0.244617,0.555031,-0.909857,-0.020646,0.918818,-0.760466,0.212105,0.039782,-0.775331
0.810107,-1.242725,0.785127,0.005004,0.002987,0.988899,-0.148477,-0.066999,-0.167088,-0.319845,0.169243,-0.047345,-0.008991,-0.010237,-0.04286,-0.288412,0.28039,-0.200921,-0.055405,0.202429,-0.00995,-0.088707,-0.709165,0.28671,-0.622254,-0.877117,-0.336823,0.2107,0.514911,-0.913601,-0.022924,0.916051,-0.772672,0.197894,0.025859,-0.764268
0.81031,-1.242559,0.785103,0.004787,0.003108,0.989102,-0.147121,-0.067318,-0.166837,-0.318959,0.168549,-0.047332,-0.009264,-0.011291,-0.04244,-0.286289,0.279886,-0.20099,-0.055059,0.200973,-0.009795,-0.08841,-0.718127,0.294472,-0.612682,-0.876176,-0.305769,0.182631,0.48515,-0.913312,-0.020393,0.917573,-0.772301,0.190156,0.015864,-0.755651
0.810583,-1.242321,0.785068,0.004791,0.003305,0.989309,-0.145718,-0.067394,-0.166818,-0.318434,0.16828,-0.047388,-0.009472,-0.011922,-0.042004,-0.284078,0.279416,-0.20122,-0.055085,0.199498,-0.008369,-0.088038,-0.719371,0.298366,-0.606482,-0.868965,-0.293002,0.171903,0.466042,-0.911068,-0.01817,0.921984,-0.767684,0.186049,0.007194,-0.750647
0.810966,-1.242177,0.785088,0.004842,0.003428,0.989495,-0.144445,-0.067607,-0.166951,-0.318,0.168233,-0.04723,-0.008914,-0.012501,-0.041553,-0.28199,0.278757,-0.200804,-0.054801,0.199073,-0.006646,-0.086948,-0.714517,0.292222,-0.606604,-0.864188,-0.293184,0.163347,0.445328,-0.90802,-0.016653,0.925328,-0.76556,0.181916,-0.003283,-0.74144
0.811329,-1.241966,0.785164,0.004908,0.003533,0.989692,-0.143083,-0.067653,-0.166783,-0.317416,0.167986,-0.047315,-0.008443,-0.013032,-0.040997,-0.280029,0.277951,-0.200026,-0.054557,0.200691,-0.005454,-0.08696,-0.71335,0.2901,-0.601969,-0.862074,-0.290399,0.159468,0.433677,-0.905403,-0.015902,0.926403,-0.764373,0.181582,-0.006529,-0.736223
0.811707,-1.241691,0.785175,0.004937,0.003677,0.989852,-0.141967,-0.067712,-0.166552,-0.316607,0.167484,-0.047791,-0.008232,-0.013613,-0.040517,-0.278232,0.277173,-0.199612,-0.054458,0.201538,-0.004361,-0.086797,-0.71434,0.292556,-0.59681,-0.861902,-0.284898,0.158336,0.425429,-0.903521,-0.014924,0.92873,-0.76379,0.181801,-0.008902,-0.733557
0.812123,-1.241362,0.785145,0.005018,0.003739,0.989955,-0.141245,-0.067582,-0.166092,-0.316072,0.166687,-0.048633,-0.007676,-0.014233,-0.039953,-0.277003,0.276862,-0.19952,-0.054319,0.201113,-0.003186,-0.086211,-0.714617,0.294606,-0.595364,-0.8622,-0.281483,0.15792,0.420868,-0.902222,-0.013658,0.931437,-0.763841,0.182179,-0.011063,-0.731391
0.812523,-1.241064,0.785106,0.005083,0.003806,0.989997,-0.140942,-0.067607,-0.165807,-0.315953,0.165895,-0.04896,-0.008199,-0.014644,-0.039605,-0.276368,0.276451,-0.199349,-0.053865,0.2002,-0.002302,-0.085593,-0.714482,0.296075,-0.595458,-0.862557,-0.280007,0.157168,0.419343,-0.900907,-0.012421,0.932508,-0.763715,0.182501,-0.012725,-0.728716
0.812912,-1.240731,0.785168,0.005159,0.003924,0.989999,-0.140923,-0.067747,-0.165718,-0.315822,0.165182,-0.048365,-0.008207,-0.014983,-0.039512,-0.276392,0.276132,-0.198752,-0.054022,0.199179,-0.001854,-0.085013,-0.714469,0.297401,-0.59486,-0.862936,-0.278879,0.156682,0.418479,-0.899712,-0.011219,0.932629,-0.762859,0.182948,-0.014202,-0.724832
0.813283,-1.240383,0.785244,0.005158,0.003981,0.989946,-0.141295,-0.06806,-0.165468,-0.315957,0.164401,-0.047296,-0.008249,-0.015208,-0.039387,-0.277036,0.275513,-0.197969,-0.054016,0.197966,-0.001646,-0.084316,-0.714499,0.298348,-0.594611,-0.86315,-0.278148,0.156554,0.417927,-0.898496,-0.010676,0.933099,-0.761963,0.183576,-0.015818,-0.720671
0.813684,-1.24004,0.785287,0.005159,0.004069,0.989892,-0.141669,-0.068524,-0.165237,-0.316097,0.163798,-0.046002,-0.00832,-0.015368,-0.039387,-0.277812,0.274719,-0.197214,-0.053759,0.197595,-0.001711,-0.083668,-0.713991,0.298627,-0.594703,-0.863195,-0.278054,0.156241,0.417628,-0.897627,-0.011128,0.933647,-0.761388,0.1839,-0.017578,-0.717458
0.814072,-1.239668,0.785329,0.005089,0.004131,0.989845,-0.142,-0.069096,-0.16495,-0.316373,0.163206,-0.045042,-0.008616,-0.015635,-0.039292,-0.27845,0.273842,-0.196418,-0.053281,0.19827,-0.002244,-0.083159,-0.713233,0.294323,-0.590615,-0.864282,-0.27689,0.159327,0.412149,-0.896556,-0.011385,0.934887,-0.761227,0.183847,-0.020203,-0.713141
0.814456,-1.23945,0.785341,0.00509,0.00422,0.989822,-0.142159,-0.06956,-0.16498,-0.316453,0.162775,-0.044186,-0.008696,-0.015929,-0.039331,-0.278723,0.273161,-0.195894,-0.052976,0.200089,-0.001824,-0.082862,-0.713823,0.2988,-0.590861,-0.864008,-0.274383,0.158561,0.410474,-0.895926,-0.012671,0.936261,-0.761203,0.184216,-0.021171,-0.711846
0.814782,-1.239165,0.785409,0.005181,0.004244,0.989792,-0.142359,-0.069821,-0.164745,-0.316621,0.162498,-0.043455,-0.008946,-0.016186,-0.03922,-0.279225,0.273126,-0.194553,-0.052994,0.201837,-0.001617,-0.082065,-0.712917,0.29931,-0.592835,-0.863742,-0.274384,0.157477,0.411466,-0.896071,-0.012775,0.936919,-0.76136,0.184758,-0.021084,-0.711212
0.815118,-1.238888,0.785435,0.00525,0.00437,0.989756,-0.142609,-0.070257,-0.164815,-0.316736,0.162455,-0.042623,-0.009152,-0.01631,-0.039305,-0.27967,0.272816,-0.194154,-0.053002,0.204105,-0.001375,-0.081267,-0.712102,0.299347,-0.595282,-0.863014,-0.274036,0.155709,0.412922,-0.896329,-0.012313,0.936758,-0.76127,0.185424,-0.02004,-0.710937
0.815465,-1.238622,0.785452,0.005374,0.004455,0.989712,-0.142907,-0.070624,-0.164786,-0.316796,0.162454,-0.041945,-0.009274,-0.016516,-0.03938,-0.280121,0.272822,-0.193777,-0.053066,0.206013,-0.001047,-0.080603,-0.712452,0.299707,-0.594761,-0.863461,-0.272358,0.154518,0.414007,-0.897221,-0.010906,0.934819,-0.761094,0.185775,-0.018434,-0.710378
0.815796,-1.23841,0.785488,0.005548,0.004548,0.989675,-0.143149,-0.070901,-0.164849,-0.316699,0.162606,-0.041118,-0.009229,-0.016703,-0.039512,-0.280443,0.273099,-0.193433,-0.053357,0.207732,-0.000809,-0.079984,-0.713205,0.301357,-0.593558,-0.863508,-0.2703,0.153871,0.414833,-0.897998,-0.00896,0.932351,-0.760795,0.186219,-0.01665,-0.70945
0.816108,-1.238186,0.78546,0.005694,0.004707,0.989629,-0.143458,-0.071214,-0.165077,-0.316688,0.162762,-0.040508,-0.009155,-0.01687,-0.039756,-0.280801,0.27333,-0.194221,-0.053704,0.208685,-0.001291,-0.079399,-0.714296,0.300651,-0.591316,-0.863226,-0.269238,0.154553,0.415415,-0.898627,-0.006944,0.929841,-0.76008,0.186396,-0.015466,-0.708908
0.816454,-1.237946,0.785463,0.005939,0.00474,0.989562,-0.143906,-0.071429,-0.164947,-0.316605,0.162985,-0.040152,-0.009525,-0.017174,-0.039854,-0.28147,0.274176,-0.193932,-0.054106,0.208878,-0.001045,-0.078788,-0.714066,0.301955,-0.590736,-0.862894,-0.268704,0.154402,0.415794,-0.89959,-0.006365,0.928328,-0.759105,0.186817,-0.014259,-0.707943
0.816791,-1.237753,0.785462,0.006159,0.004717,0.989512,-0.14424,-0.071449,-0.164491,-0.316168,0.162859,-0.040487,-0.010152,-0.017534,-0.039853,-0.281916,0.274895,-0.193429,-0.053997,0.207956,-0.000922,-0.078434,-0.713566,0.301998,-0.589785,-0.86248,-0.269101,0.154824,0.415806,-0.900412,-0.006473,0.927328,-0.758333,0.18793,-0.013206,-0.706629
0.817203,-1.237578,0.785502,0.006449,0.00463,0.989531,-0.1441,-0.070843,-0.163297,-0.314948,0.161802,-0.041514,-0.011589,-0.01817,-0.039595,-0.281423,0.275868,-0.192292,-0.053405,0.20604,-0.000998,-0.078272,-0.710784,0.294605,-0.583187,-0.860997,-0.272122,0.159321,0.41182,-0.901189,-0.00837,0.922733,-0.756972,0.189879,-0.011101,-0.702591
